time_s,segment,joint1_pos,joint2_pos,joint3_pos,joint1_vel,joint2_vel,joint3_vel,joint1_acc,joint2_acc,joint3_acc
0,1,3.75357508226648,-2.35912515630462,0,-0,0,-0,-0.0450051770684963,0.00440227677582231,-0.0166293048740709
0.01,1,3.75357283200763,-2.35912493619078,-8.31465243703545e-07,-0.000450051770684963,4.40227677582231e-05,-0.000166293048740709,-0.0450051770684963,0.00440227677582231,-0.0166293048740709
0.02,1,3.75356608123107,-2.35912427584927,-3.32586097481418e-06,-0.000900103541369927,8.80455355164461e-05,-0.000332586097481418,-0.0450051770684963,0.00440227677582231,-0.0166293048740709
0.03,1,3.7535548299368,-2.35912317528007,-7.4831871933319e-06,-0.00135015531205489,0.000132068303274669,-0.000498879146222127,-0.0450051770684963,0.00440227677582231,-0.0166293048740709
0.04,1,3.75353907812483,-2.3591216344832,-1.33034438992567e-05,-0.00180020708273985,0.000176091071032892,-0.000665172194962836,-0.0450051770684963,0.00440227677582231,-0.0166293048740709
0.05,1,3.75351882579514,-2.35911965345865,-2.07866310925886e-05,-0.00225025885342482,0.000220113838791115,-0.000831465243703545,-0.0450051770684963,0.00440227677582231,-0.0166293048740709
0.06,1,3.75349407294776,-2.35911723220642,-2.99327487733276e-05,-0.00270031062410978,0.000264136606549338,-0.000997758292444254,-0.0450051770684963,0.00440227677582231,-0.0166293048740709
0.07,1,3.75346481958266,-2.35911437072652,-4.07417969414737e-05,-0.00315036239479474,0.000308159374307561,-0.00116405134118496,-0.0450051770684963,0.00440227677582231,-0.0166293048740709
0.08,1,3.75343106569986,-2.35911106901894,-5.32137755970269e-05,-0.00360041416547971,0.000352182142065784,-0.00133034438992567,-0.0450051770684963,0.00440227677582231,-0.0166293048740709
0.09,1,3.75339281129935,-2.35910732708368,-6.73486847399871e-05,-0.00405046593616467,0.000396204909824008,-0.00149663743866638,-0.0450051770684963,0.00440227677582231,-0.0166293048740709
0.1,1,3.75335005638114,-2.35910314492074,-8.31465243703545e-05,-0.00450051770684963,0.000440227677582231,-0.00166293048740709,-0.0450051770684963,0.00440227677582231,-0.0166293048740709
0.11,1,3.75330280094522,-2.35909852253013,-0.000100607294488129,-0.0049505694775346,0.000484250445340454,-0.0018292235361478,-0.0450051770684963,0.00440227677582231,-0.0166293048740709
0.12,1,3.75325104499159,-2.35909345991183,-0.00011973099509331,-0.00540062124821956,0.000528273213098677,-0.00199551658488851,-0.0450051770684963,0.00440227677582231,-0.0166293048740709
0.13,1,3.75319478852025,-2.35908795706586,-0.000140517626185899,-0.00585067301890452,0.0005722959808569,-0.00216180963362922,-0.0450051770684963,0.00440227677582231,-0.0166293048740709
0.14,1,3.75313403153121,-2.35908201399222,-0.000162967187765895,-0.00630072478958949,0.000616318748615123,-0.00232810268236993,-0.0450051770684963,0.00440227677582231,-0.0166293048740709
0.15,1,3.75306877402446,-2.35907563069089,-0.000187079679833298,-0.00675077656027445,0.000660341516373346,-0.00249439573111063,-0.0450051770684963,0.00440227677582231,-0.0166293048740709
0.16,1,3.752999016,-2.35906880716189,-0.000212855102388107,-0.00720082833095941,0.000704364284131569,-0.00266068877985134,-0.0450051770684963,0.00440227677582231,-0.0166293048740709
0.17,1,3.75292475745784,-2.35906154340521,-0.000240293455430324,-0.00765088010164438,0.000748387051889792,-0.00282698182859205,-0.0450051770684963,0.00440227677582231,-0.0166293048740709
0.18,1,3.75284599839797,-2.35905383942085,-0.000269394738959948,-0.00810093187232934,0.000792409819648015,-0.00299327487733276,-0.0450051770684963,0.00440227677582231,-0.0166293048740709
0.19,1,3.75276273882039,-2.35904569520882,-0.00030015895297698,-0.0085509836430143,0.000836432587406238,-0.00315956792607347,-0.0450051770684963,0.00440227677582231,-0.0166293048740709
0.2,1,3.75267497872511,-2.3590371107691,-0.000332586097481418,-0.00900103541369927,0.000880455355164461,-0.00332586097481418,-0.0450051770684963,0.00440227677582231,-0.0166293048740709
0.21,1,3.75258271811212,-2.35902808610171,-0.000366676172473263,-0.00945108718438423,0.000924478122922684,-0.00349215402355489,-0.0450051770684963,0.00440227677582231,-0.0166293048740709
0.22,1,3.75248595698142,-2.35901862120665,-0.000402429177952516,-0.00990113895506919,0.000968500890680907,-0.0036584470722956,-0.0450051770684963,0.00440227677582231,-0.0166293048740709
0.23,1,3.75238469533302,-2.3590087160839,-0.000439845113919175,-0.0103511907257542,0.00101252365843913,-0.00382474012103631,-0.0450051770684963,0.00440227677582231,-0.0166293048740709
0.24,1,3.75227893316691,-2.35899837073348,-0.000478923980373242,-0.0108012424964391,0.00105654642619735,-0.00399103316977701,-0.0450051770684963,0.00440227677582231,-0.0166293048740709
0.25,1,3.75216867048309,-2.35898758515538,-0.000519665777314715,-0.0112512942671241,0.00110056919395558,-0.00415732621851772,-0.0450051770684963,0.00440227677582231,-0.0166293048740709
0.26,1,3.75205390728156,-2.3589763593496,-0.000562070504743596,-0.011701346037809,0.0011445919617138,-0.00432361926725843,-0.0450051770684963,0.00440227677582231,-0.0166293048740709
0.27,1,3.75193464356233,-2.35896469331614,-0.000606138162659884,-0.012151397808494,0.00118861472947202,-0.00448991231599914,-0.0450051770684963,0.00440227677582231,-0.0166293048740709
0.28,1,3.7518108793254,-2.35895258705501,-0.000651868751063579,-0.012601449579179,0.00123263749723025,-0.00465620536473985,-0.0450051770684963,0.00440227677582231,-0.0166293048740709
0.29,1,3.75168261457075,-2.3589400405662,-0.000699262269954681,-0.0130515013498639,0.00127666026498847,-0.00482249841348056,-0.0450051770684963,0.00440227677582231,-0.0166293048740709
0.3,1,3.7515498492984,-2.35892705384971,-0.00074831871933319,-0.0135015531205489,0.00132068303274669,-0.00498879146222127,-0.0450051770684963,0.00440227677582231,-0.0166293048740709
0.31,1,3.75141258350834,-2.35891362690554,-0.000799038099199106,-0.0139516048912339,0.00136470580050491,-0.00515508451096198,-0.0450051770684963,0.00440227677582231,-0.0166293048740709
0.32,1,3.75127081720057,-2.3588997597337,-0.00085142040955243,-0.0144016566619188,0.00140872856826314,-0.00532137755970269,-0.0450051770684963,0.00440227677582231,-0.0166293048740709
0.33,1,3.7511245503751,-2.35888545233418,-0.00090546565039316,-0.0148517084326038,0.00145275133602136,-0.00548767060844339,-0.0450051770684963,0.00440227677582231,-0.0166293048740709
0.34,1,3.75097378303192,-2.35887070470698,-0.000961173821721298,-0.0153017602032888,0.00149677410377958,-0.0056539636571841,-0.0450051770684963,0.00440227677582231,-0.0166293048740709
0.35,1,3.75081851517103,-2.3588555168521,-0.00101854492353684,-0.0157518119739737,0.00154079687153781,-0.00582025670592481,-0.0450051770684963,0.00440227677582231,-0.0166293048740709
0.36,1,3.75065874679244,-2.35883988876955,-0.00107757895583979,-0.0162018637446587,0.00158481963929603,-0.00598654975466552,-0.0450051770684963,0.00440227677582231,-0.0166293048740709
0.37,1,3.75049447789614,-2.35882382045932,-0.00113827591863015,-0.0166519155153436,0.00162884240705425,-0.00615284280340623,-0.0450051770684963,0.00440227677582231,-0.0166293048740709
0.38,1,3.75032570848213,-2.35880731192141,-0.00120063581190792,-0.0171019672860286,0.00167286517481248,-0.00631913585214694,-0.0450051770684963,0.00440227677582231,-0.0166293048740709
0.39,1,3.75015243855042,-2.35879036315582,-0.00126465863567309,-0.0175520190567136,0.0017168879425707,-0.00648542890088765,-0.0450051770684963,0.00440227677582231,-0.0166293048740709
0.4,1,3.749974668101,-2.35877297416255,-0.00133034438992567,-0.0180020708273985,0.00176091071032892,-0.00665172194962836,-0.0450051770684963,0.00440227677582231,-0.0166293048740709
0.41,1,3.74979239713387,-2.35875514494161,-0.00139769307466566,-0.0184521225980835,0.00180493347808715,-0.00681801499836907,-0.0450051770684963,0.00440227677582231,-0.0166293048740709
0.42,1,3.74960562564904,-2.35873687549299,-0.00146670468989305,-0.0189021743687685,0.00184895624584537,-0.00698430804710978,-0.0450051770684963,0.00440227677582231,-0.0166293048740709
0.43,1,3.7494143536465,-2.3587181658167,-0.00153737923560785,-0.0193522261394534,0.00189297901360359,-0.00715060109585048,-0.0450051770684963,0.00440227677582231,-0.0166293048740709
0.44,1,3.74921858112625,-2.35869901591272,-0.00160971671181006,-0.0198022779101384,0.00193700178136181,-0.00731689414459119,-0.0450051770684963,0.00440227677582231,-0.0166293048740709
0.45,1,3.74901830808829,-2.35867942578107,-0.00168371711849968,-0.0202523296808234,0.00198102454912004,-0.0074831871933319,-0.0450051770684963,0.00440227677582231,-0.0166293048740709
0.46,1,3.74881353453263,-2.35865939542174,-0.0017593804556767,-0.0207023814515083,0.00202504731687826,-0.00764948024207261,-0.0450051770684963,0.00440227677582231,-0.0166293048740709
0.47,1,3.74860426045926,-2.35863892483473,-0.00183670672334113,-0.0211524332221933,0.00206907008463648,-0.00781577329081332,-0.0450051770684963,0.00440227677582231,-0.0166293048740709
0.48,1,3.74839048586819,-2.35861801402005,-0.00191569592149297,-0.0216024849928782,0.00211309285239471,-0.00798206633955403,-0.0450051770684963,0.00440227677582231,-0.0166293048740709
0.49,1,3.74817221075941,-2.35859666297768,-0.00199634805013221,-0.0220525367635632,0.00215711562015293,-0.00814835938829474,-0.0450051770684963,0.00440227677582231,-0.0166293048740709
0.5,1,3.74794943513292,-2.35857487170764,-0.00207866310925886,-0.0225025885342482,0.00220113838791115,-0.00831465243703545,-0.0450051770684963,0.00440227677582231,-0.0166293048740709
0.51,1,3.74772215898872,-2.35855264020992,-0.00216264109887292,-0.0229526403049331,0.00224516115566938,-0.00848094548577616,-0.0450051770684963,0.00440227677582231,-0.0166293048740709
0.52,1,3.74749038232682,-2.35852996848453,-0.00224828201897438,-0.0234026920756181,0.0022891839234276,-0.00864723853451686,-0.0450051770684963,0.00440227677582231,-0.0166293048740709
0.53,1,3.74725410514721,-2.35850685653146,-0.00233558586956326,-0.0238527438463031,0.00233320669118582,-0.00881353158325757,-0.0450051770684963,0.00440227677582231,-0.0166293048740709
0.54,1,3.74701332744989,-2.35848330435071,-0.00242455265063954,-0.024302795616988,0.00237722945894405,-0.00897982463199828,-0.0450051770684963,0.00440227677582231,-0.0166293048740709
0.55,1,3.74676804923487,-2.35845931194228,-0.00251518236220322,-0.024752847387673,0.00242125222670227,-0.00914611768073899,-0.0450051770684963,0.00440227677582231,-0.0166293048740709
0.56,1,3.74651827050214,-2.35843487930617,-0.00260747500425432,-0.0252028991583579,0.00246527499446049,-0.0093124107294797,-0.0450051770684963,0.00440227677582231,-0.0166293048740709
0.57,1,3.7462639912517,-2.35841000644239,-0.00270143057679282,-0.0256529509290429,0.00250929776221871,-0.00947870377822041,-0.0450051770684963,0.00440227677582231,-0.0166293048740709
0.58,1,3.74600521148356,-2.35838469335093,-0.00279704907981872,-0.0261030026997279,0.00255332052997694,-0.00964499682696112,-0.0450051770684963,0.00440227677582231,-0.0166293048740709
0.59,1,3.74574193119771,-2.35835894003179,-0.00289433051333204,-0.0265530544704128,0.00259734329773516,-0.00981128987570183,-0.0450051770684963,0.00440227677582231,-0.0166293048740709
0.6,1,3.74547415039415,-2.35833274648497,-0.00299327487733276,-0.0270031062410978,0.00264136606549338,-0.00997758292444254,-0.0450051770684963,0.00440227677582231,-0.0166293048740709
0.61,1,3.74520186907289,-2.35830611271048,-0.00309388217182089,-0.0274531580117828,0.00268538883325161,-0.0101438759731832,-0.0450051770684963,0.00440227677582231,-0.0166293048740709
0.62,1,3.74492508723392,-2.35827903870831,-0.00319615239679643,-0.0279032097824677,0.00272941160100983,-0.010310169021924,-0.0450051770684963,0.00440227677582231,-0.0166293048740709
0.63,1,3.74464380487724,-2.35825152447846,-0.00330008555225937,-0.0283532615531527,0.00277343436876805,-0.0104764620706647,-0.0450051770684963,0.00440227677582231,-0.0166293048740709
0.64,1,3.74435802200285,-2.35822357002093,-0.00340568163820972,-0.0288033133238377,0.00281745713652628,-0.0106427551194054,-0.0450051770684963,0.00440227677582231,-0.0166293048740709
0.65,1,3.74406773861076,-2.35819517533573,-0.00351294065464748,-0.0292533650945226,0.0028614799042845,-0.0108090481681461,-0.0450051770684963,0.00440227677582231,-0.0166293048740709
0.66,1,3.74377295470096,-2.35816634042285,-0.00362186260157264,-0.0297034168652076,0.00290550267204272,-0.0109753412168868,-0.0450051770684963,0.00440227677582231,-0.0166293048740709
0.67,1,3.74347367027346,-2.35813706528229,-0.00373244747898521,-0.0301534686358925,0.00294952543980094,-0.0111416342656275,-0.0450051770684963,0.00440227677582231,-0.0166293048740709
0.68,1,3.74316988532824,-2.35810734991405,-0.00384469528688519,-0.0306035204065775,0.00299354820755917,-0.0113079273143682,-0.0450051770684963,0.00440227677582231,-0.0166293048740709
0.69,1,3.74286159986532,-2.35807719431814,-0.00395860602527258,-0.0310535721772625,0.00303757097531739,-0.0114742203631089,-0.0450051770684963,0.00440227677582231,-0.0166293048740709
0.7,1,3.7425488138847,-2.35804659849454,-0.00407417969414737,-0.0315036239479474,0.00308159374307561,-0.0116405134118496,-0.0450051770684963,0.00440227677582231,-0.0166293048740709
0.71,1,3.74223152738637,-2.35801556244327,-0.00419141629350957,-0.0319536757186324,0.00312561651083384,-0.0118068064605903,-0.0450051770684963,0.00440227677582231,-0.0166293048740709
0.72,1,3.74190974037033,-2.35798408616433,-0.00431031582335918,-0.0324037274893174,0.00316963927859206,-0.011973099509331,-0.0450051770684963,0.00440227677582231,-0.0166293048740709
0.73,1,3.74158345283658,-2.3579521696577,-0.00443087828369619,-0.0328537792600023,0.00321366204635028,-0.0121393925580718,-0.0450051770684963,0.00440227677582231,-0.0166293048740709
0.74,1,3.74125266478513,-2.3579198129234,-0.00455310367452061,-0.0333038310306873,0.00325768481410851,-0.0123056856068125,-0.0450051770684963,0.00440227677582231,-0.0166293048740709
0.75,1,3.74091737621597,-2.35788701596142,-0.00467699199583244,-0.0337538828013723,0.00330170758186673,-0.0124719786555532,-0.0450051770684963,0.00440227677582231,-0.0166293048740709
0.76,1,3.7405775871291,-2.35785377877176,-0.00480254324763167,-0.0342039345720572,0.00334573034962495,-0.0126382717042939,-0.0450051770684963,0.00440227677582231,-0.0166293048740709
0.77,1,3.74023329752452,-2.35782010135443,-0.00492975742991832,-0.0346539863427422,0.00338975311738318,-0.0128045647530346,-0.0450051770684963,0.00440227677582231,-0.0166293048740709
0.78,1,3.73988450740224,-2.35778598370942,-0.00505863454269237,-0.0351040381134271,0.0034337758851414,-0.0129708578017753,-0.0450051770684963,0.00440227677582231,-0.0166293048740709
0.79,1,3.73953121676226,-2.35775142583673,-0.00518917458595382,-0.0355540898841121,0.00347779865289962,-0.013137150850516,-0.0450051770684963,0.00440227677582231,-0.0166293048740709
0.8,1,3.73917342560456,-2.35771642773636,-0.00532137755970269,-0.0360041416547971,0.00352182142065784,-0.0133034438992567,-0.0450051770684963,0.00440227677582231,-0.0166293048740709
0.81,1,3.73881113392916,-2.35768098940831,-0.00545524346393896,-0.036454193425482,0.00356584418841607,-0.0134697369479974,-0.0450051770684963,0.00440227677582231,-0.0166293048740709
0.82,1,3.73844434173605,-2.35764511085259,-0.00559077229866264,-0.036904245196167,0.00360986695617429,-0.0136360299967381,-0.0450051770684963,0.00440227677582231,-0.0166293048740709
0.83,1,3.73807304902524,-2.35760879206919,-0.00572796406387372,-0.037354296966852,0.00365388972393251,-0.0138023230454788,-0.0450051770684963,0.00440227677582231,-0.0166293048740709
0.84,1,3.73769725579671,-2.35757203305811,-0.00586681875957221,-0.0378043487375369,0.00369791249169074,-0.0139686160942196,-0.0450051770684963,0.00440227677582231,-0.0166293048740709
0.85,1,3.73731696205049,-2.35753483381935,-0.00600733638575811,-0.0382544005082219,0.00374193525944896,-0.0141349091429603,-0.0450051770684963,0.00440227677582231,-0.0166293048740709
0.86,1,3.73693216778655,-2.35749719435292,-0.00614951694243142,-0.0387044522789068,0.00378595802720718,-0.014301202191701,-0.0450051770684963,0.00440227677582231,-0.0166293048740709
0.87,1,3.73654287300491,-2.35745911465881,-0.00629336042959213,-0.0391545040495918,0.00382998079496541,-0.0144674952404417,-0.0450051770684963,0.00440227677582231,-0.0166293048740709
0.88,1,3.73614907770556,-2.35742059473702,-0.00643886684724025,-0.0396045558202768,0.00387400356272363,-0.0146337882891824,-0.0450051770684963,0.00440227677582231,-0.0166293048740709
0.89,1,3.7357507818885,-2.35738163458756,-0.00658603619537578,-0.0400546075909617,0.00391802633048185,-0.0148000813379231,-0.0450051770684963,0.00440227677582231,-0.0166293048740709
0.9,1,3.73534798555374,-2.35734223421041,-0.00673486847399871,-0.0405046593616467,0.00396204909824008,-0.0149663743866638,-0.0450051770684963,0.00440227677582231,-0.0166293048740709
0.91,1,3.73494068870127,-2.35730239360559,-0.00688536368310905,-0.0409547111323317,0.0040060718659983,-0.0151326674354045,-0.0450051770684963,0.00440227677582231,-0.0166293048740709
0.92,1,3.73452889133109,-2.35726211277309,-0.0070375218227068,-0.0414047629030166,0.00405009463375652,-0.0152989604841452,-0.0450051770684963,0.00440227677582231,-0.0166293048740709
0.93,1,3.73411259344321,-2.35722139171292,-0.00719134289279196,-0.0418548146737016,0.00409411740151474,-0.0154652535328859,-0.0450051770684963,0.00440227677582231,-0.0166293048740709
0.94,1,3.73369179503762,-2.35718023042506,-0.00734682689336452,-0.0423048664443866,0.00413814016927297,-0.0156315465816266,-0.0450051770684963,0.00440227677582231,-0.0166293048740709
0.95,1,3.73326649611432,-2.35713862890953,-0.00750397382442449,-0.0427549182150715,0.00418216293703119,-0.0157978396303673,-0.0450051770684963,0.00440227677582231,-0.0166293048740709
0.96,1,3.73283669667332,-2.35709658716632,-0.00766278368597187,-0.0432049699857565,0.00422618570478941,-0.0159641326791081,-0.0450051770684963,0.00440227677582231,-0.0166293048740709
0.97,1,3.73240239671461,-2.35705410519543,-0.00782325647800665,-0.0436550217564414,0.00427020847254764,-0.0161304257278488,-0.0450051770684963,0.00440227677582231,-0.0166293048740709
0.98,1,3.73196359623819,-2.35701118299687,-0.00798539220052884,-0.0441050735271264,0.00431423124030586,-0.0162967187765895,-0.0450051770684963,0.00440227677582231,-0.0166293048740709
0.99,1,3.73152029524406,-2.35696782057063,-0.00814919085353844,-0.0445551252978114,0.00435825400806408,-0.0164630118253302,-0.0450051770684963,0.00440227677582231,-0.0166293048740709
1,1,3.73107249373223,-2.35692401791671,-0.00831465243703545,-0.0450051770684963,0.00440227677582231,-0.0166293048740709,-0.0450051770684963,0.00440227677582231,-0.0166293048740709
1.01,1,3.73062019170269,-2.35687977503511,-0.00848177695101986,-0.0454552288391813,0.00444629954358053,-0.0167955979228116,-0.0450051770684963,0.00440227677582231,-0.0166293048740709
1.02,1,3.73016338915545,-2.35683509192584,-0.00865056439549168,-0.0459052806098663,0.00449032231133875,-0.0169618909715523,-0.0450051770684963,0.00440227677582231,-0.0166293048740709
1.03,1,3.7297020860905,-2.35678996858889,-0.0088210147704509,-0.0463553323805512,0.00453434507909698,-0.017128184020293,-0.0450051770684963,0.00440227677582231,-0.0166293048740709
1.04,1,3.72923628250784,-2.35674440502426,-0.00899312807589754,-0.0468053841512362,0.0045783678468552,-0.0172944770690337,-0.0450051770684963,0.00440227677582231,-0.0166293048740709
1.05,1,3.72876597840747,-2.35669840123195,-0.00916690431183158,-0.0472554359219212,0.00462239061461342,-0.0174607701177744,-0.0450051770684963,0.00440227677582231,-0.0166293048740709
1.06,1,3.7282911737894,-2.35665195721196,-0.00934234347825303,-0.0477054876926061,0.00466641338237164,-0.0176270631665151,-0.0450051770684963,0.00440227677582231,-0.0166293048740709
1.07,1,3.72781186865362,-2.3566050729643,-0.00951944557516188,-0.0481555394632911,0.00471043615012987,-0.0177933562152559,-0.0450051770684963,0.00440227677582231,-0.0166293048740709
1.08,1,3.72732806300013,-2.35655774848896,-0.00969821060255815,-0.048605591233976,0.00475445891788809,-0.0179596492639966,-0.0450051770684963,0.00440227677582231,-0.0166293048740709
1.09,1,3.72683975682894,-2.35650998378594,-0.00987863856044181,-0.049055643004661,0.00479848168564631,-0.0181259423127373,-0.0450051770684963,0.00440227677582231,-0.0166293048740709
1.1,1,3.72634695014004,-2.35646177885525,-0.0100607294488129,-0.049505694775346,0.00484250445340454,-0.018292235361478,-0.0450051770684963,0.00440227677582231,-0.0166293048740709
1.11,1,3.72584964293343,-2.35641313369688,-0.0102444832676714,-0.0499557465460309,0.00488652722116276,-0.0184585284102187,-0.0450051770684963,0.00440227677582231,-0.0166293048740709
1.12,1,3.72534783520912,-2.35636404831082,-0.0104299000170173,-0.0504057983167159,0.00493054998892098,-0.0186248214589594,-0.0450051770684963,0.00440227677582231,-0.0166293048740709
1.13,1,3.7248415269671,-2.3563145226971,-0.0106169796968506,-0.0508558500874009,0.00497457275667921,-0.0187911145077001,-0.0450051770684963,0.00440227677582231,-0.0166293048740709
1.14,1,3.72433071820737,-2.35626455685569,-0.0108057223071713,-0.0513059018580858,0.00501859552443743,-0.0189574075564408,-0.0450051770684963,0.00440227677582231,-0.0166293048740709
1.15,1,3.72381540892994,-2.35621415078661,-0.0109961278479794,-0.0517559536287708,0.00506261829219565,-0.0191237006051815,-0.0450051770684963,0.00440227677582231,-0.0166293048740709
1.16,1,3.7232955991348,-2.35616330448985,-0.0111881963192749,-0.0522060053994557,0.00510664105995387,-0.0192899936539222,-0.0450051770684963,0.00440227677582231,-0.0166293048740709
1.17,1,3.72277128882195,-2.35611201796541,-0.0113819277210578,-0.0526560571701407,0.0051506638277121,-0.0194562867026629,-0.0450051770684963,0.00440227677582231,-0.0166293048740709
1.18,1,3.72224247799139,-2.35606029121329,-0.0115773220533282,-0.0531061089408257,0.00519468659547032,-0.0196225797514037,-0.0450051770684963,0.00440227677582231,-0.0166293048740709
1.19,1,3.72170916664313,-2.3560081242335,-0.0117743793160859,-0.0535561607115106,0.00523870936322854,-0.0197888728001444,-0.0450051770684963,0.00440227677582231,-0.0166293048740709
1.2,1,3.72117135477716,-2.35595551702603,-0.011973099509331,-0.0540062124821956,0.00528273213098677,-0.0199551658488851,-0.0450051770684963,0.00440227677582231,-0.0166293048740709
1.21,1,3.72062904239349,-2.35590246959088,-0.0121734826330636,-0.0544562642528806,0.00532675489874499,-0.0201214588976258,-0.0450051770684963,0.00440227677582231,-0.0166293048740709
1.22,1,3.7200822294921,-2.35584898192805,-0.0123755286872836,-0.0549063160235655,0.00537077766650321,-0.0202877519463665,-0.0450051770684963,0.00440227677582231,-0.0166293048740709
1.23,1,3.71953091607302,-2.35579505403755,-0.0125792376719909,-0.0553563677942505,0.00541480043426144,-0.0204540449951072,-0.0450051770684963,0.00440227677582231,-0.0166293048740709
1.24,1,3.71897510213622,-2.35574068591937,-0.0127846095871857,-0.0558064195649355,0.00545882320201966,-0.0206203380438479,-0.0450051770684963,0.00440227677582231,-0.0166293048740709
1.25,1,3.71841478768172,-2.35568587757351,-0.0129916444328679,-0.0562564713356204,0.00550284596977788,-0.0207866310925886,-0.0450051770684963,0.00440227677582231,-0.0166293048740709
1.26,1,3.71784997270951,-2.35563062899997,-0.0132003422090375,-0.0567065231063054,0.00554686873753611,-0.0209529241413293,-0.0450051770684963,0.00440227677582231,-0.0166293048740709
1.27,1,3.71728065721959,-2.35557494019876,-0.0134107029156945,-0.0571565748769903,0.00559089150529433,-0.02111921719007,-0.0450051770684963,0.00440227677582231,-0.0166293048740709
1.28,1,3.71670684121197,-2.35551881116987,-0.0136227265528389,-0.0576066266476753,0.00563491427305255,-0.0212855102388107,-0.0450051770684963,0.00440227677582231,-0.0166293048740709
1.29,1,3.71612852468664,-2.3554622419133,-0.0138364131204707,-0.0580566784183603,0.00567893704081077,-0.0214518032875515,-0.0450051770684963,0.00440227677582231,-0.0166293048740709
1.3,1,3.7155457076436,-2.35540523242905,-0.0140517626185899,-0.0585067301890452,0.005722959808569,-0.0216180963362922,-0.0450051770684963,0.00440227677582231,-0.0166293048740709
1.31,1,3.71495839008286,-2.35534778271713,-0.0142687750471965,-0.0589567819597302,0.00576698257632722,-0.0217843893850329,-0.0450051770684963,0.00440227677582231,-0.0166293048740709
1.32,1,3.71436657200441,-2.35528989277752,-0.0144874504062906,-0.0594068337304152,0.00581100534408544,-0.0219506824337736,-0.0450051770684963,0.00440227677582231,-0.0166293048740709
1.33,1,3.71377025340825,-2.35523156261024,-0.014707788695872,-0.0598568855011001,0.00585502811184367,-0.0221169754825143,-0.0450051770684963,0.00440227677582231,-0.0166293048740709
1.34,1,3.71316943429438,-2.35517279221529,-0.0149297899159408,-0.0603069372717851,0.00589905087960189,-0.022283268531255,-0.0450051770684963,0.00440227677582231,-0.0166293048740709
1.35,1,3.71256411466281,-2.35511358159265,-0.0151534540664971,-0.0607569890424701,0.00594307364736011,-0.0224495615799957,-0.0450051770684963,0.00440227677582231,-0.0166293048740709
1.36,1,3.71195429451353,-2.35505393074234,-0.0153787811475408,-0.061207040813155,0.00598709641511834,-0.0226158546287364,-0.0450051770684963,0.00440227677582231,-0.0166293048740709
1.37,1,3.71133997384655,-2.35499383966435,-0.0156057711590718,-0.06165709258384,0.00603111918287656,-0.0227821476774771,-0.0450051770684963,0.00440227677582231,-0.0166293048740709
1.38,1,3.71072115266186,-2.35493330835868,-0.0158344241010903,-0.0621071443545249,0.00607514195063478,-0.0229484407262178,-0.0450051770684963,0.00440227677582231,-0.0166293048740709
1.39,1,3.71009783095946,-2.35487233682534,-0.0160647399735962,-0.0625571961252099,0.00611916471839301,-0.0231147337749585,-0.0450051770684963,0.00440227677582231,-0.0166293048740709
1.4,1,3.70947000873935,-2.35481092506431,-0.0162967187765895,-0.0630072478958949,0.00616318748615123,-0.0232810268236993,-0.0450051770684963,0.00440227677582231,-0.0166293048740709
1.41,1,3.70883768600154,-2.35474907307561,-0.0165303605100702,-0.0634572996665798,0.00620721025390945,-0.02344731987244,-0.0450051770684963,0.00440227677582231,-0.0166293048740709
1.42,1,3.70820086274602,-2.35468678085924,-0.0167656651740383,-0.0639073514372648,0.00625123302166767,-0.0236136129211807,-0.0450051770684963,0.00440227677582231,-0.0166293048740709
1.43,1,3.7075595389728,-2.35462404841518,-0.0170026327684938,-0.0643574032079497,0.0062952557894259,-0.0237799059699214,-0.0450051770684963,0.00440227677582231,-0.0166293048740709
1.44,1,3.70691371468186,-2.35456087574345,-0.0172412632934367,-0.0648074549786347,0.00633927855718412,-0.0239461990186621,-0.0450051770684963,0.00440227677582231,-0.0166293048740709
1.45,1,3.70626338987322,-2.35449726284404,-0.017481556748867,-0.0652575067493197,0.00638330132494234,-0.0241124920674028,-0.0450051770684963,0.00440227677582231,-0.0166293048740709
1.46,1,3.70560856454688,-2.35443320971695,-0.0177235131347848,-0.0657075585200046,0.00642732409270057,-0.0242787851161435,-0.0450051770684963,0.00440227677582231,-0.0166293048740709
1.47,1,3.70494923870282,-2.35436871636218,-0.0179671324511899,-0.0661576102906896,0.00647134686045879,-0.0244450781648842,-0.0450051770684963,0.00440227677582231,-0.0166293048740709
1.48,1,3.70428541234106,-2.35430378277974,-0.0182124146980824,-0.0666076620613746,0.00651536962821701,-0.0246113712136249,-0.0450051770684963,0.00440227677582231,-0.0166293048740709
1.49,1,3.7036170854616,-2.35423840896962,-0.0184593598754624,-0.0670577138320595,0.00655939239597524,-0.0247776642623656,-0.0450051770684963,0.00440227677582231,-0.0166293048740709
1.5,1,3.70294425806442,-2.35417259493182,-0.0187079679833298,-0.0675077656027445,0.00660341516373346,-0.0249439573111063,-0.0450051770684963,0.00440227677582231,-0.0166293048740709
1.51,1,3.70226693014954,-2.35410634066634,-0.0189582390216845,-0.0679578173734295,0.00664743793149168,-0.025110250359847,-0.0450051770684963,0.00440227677582231,-0.0166293048740709
1.52,1,3.70158510171695,-2.35403964617319,-0.0192101729905267,-0.0684078691441144,0.00669146069924991,-0.0252765434085878,-0.0450051770684963,0.00440227677582231,-0.0166293048740709
1.53,1,3.70089877276666,-2.35397251145236,-0.0194637698898563,-0.0688579209147994,0.00673548346700813,-0.0254428364573285,-0.0450051770684963,0.00440227677582231,-0.0166293048740709
1.54,1,3.70020794329866,-2.35390493650385,-0.0197190297196733,-0.0693079726854844,0.00677950623476635,-0.0256091295060692,-0.0450051770684963,0.00440227677582231,-0.0166293048740709
1.55,1,3.69951261331295,-2.35383692132766,-0.0199759524799777,-0.0697580244561693,0.00682352900252457,-0.0257754225548099,-0.0450051770684963,0.00440227677582231,-0.0166293048740709
1.56,1,3.69881278280953,-2.3537684659238,-0.0202345381707695,-0.0702080762268543,0.0068675517702828,-0.0259417156035506,-0.0450051770684963,0.00440227677582231,-0.0166293048740709
1.57,1,3.69810845178841,-2.35369957029226,-0.0204947867920487,-0.0706581279975392,0.00691157453804102,-0.0261080086522913,-0.0450051770684963,0.00440227677582231,-0.0166293048740709
1.58,1,3.69739962024958,-2.35363023443304,-0.0207566983438153,-0.0711081797682242,0.00695559730579924,-0.026274301701032,-0.0450051770684963,0.00440227677582231,-0.0166293048740709
1.59,1,3.69668628819305,-2.35356045834614,-0.0210202728260693,-0.0715582315389092,0.00699962007355747,-0.0264405947497727,-0.0450051770684963,0.00440227677582231,-0.0166293048740709
1.6,1,3.6959684556188,-2.35349024203157,-0.0212855102388107,-0.0720082833095941,0.00704364284131569,-0.0266068877985134,-0.0450051770684963,0.00440227677582231,-0.0166293048740709
1.61,1,3.69524612252686,-2.35341958548932,-0.0215524105820396,-0.0724583350802791,0.00708766560907391,-0.0267731808472541,-0.0450051770684963,0.00440227677582231,-0.0166293048740709
1.62,1,3.6945192889172,-2.35334848871939,-0.0218209738557558,-0.0729083868509641,0.00713168837683214,-0.0269394738959948,-0.0450051770684963,0.00440227677582231,-0.0166293048740709
1.63,1,3.69378795478984,-2.35327695172178,-0.0220912000599595,-0.073358438621649,0.00717571114459036,-0.0271057669447356,-0.0450051770684963,0.00440227677582231,-0.0166293048740709
1.64,1,3.69305212014477,-2.35320497449649,-0.0223630891946505,-0.073808490392334,0.00721973391234858,-0.0272720599934763,-0.0450051770684963,0.00440227677582231,-0.0166293048740709
1.65,1,3.69231178498199,-2.35313255704353,-0.022636641259829,-0.074258542163019,0.0072637566801068,-0.027438353042217,-0.0450051770684963,0.00440227677582231,-0.0166293048740709
1.66,1,3.69156694930151,-2.35305969936289,-0.0229118562554949,-0.0747085939337039,0.00730777944786503,-0.0276046460909577,-0.0450051770684963,0.00440227677582231,-0.0166293048740709
1.67,1,3.69081761310332,-2.35298640145457,-0.0231887341816482,-0.0751586457043889,0.00735180221562325,-0.0277709391396984,-0.0450051770684963,0.00440227677582231,-0.0166293048740709
1.68,1,3.69006377638742,-2.35291266331858,-0.0234672750382888,-0.0756086974750738,0.00739582498338147,-0.0279372321884391,-0.0450051770684963,0.00440227677582231,-0.0166293048740709
1.69,1,3.68930543915381,-2.35283848495491,-0.0237474788254169,-0.0760587492457588,0.0074398477511397,-0.0281035252371798,-0.0450051770684963,0.00440227677582231,-0.0166293048740709
1.7,1,3.6885426014025,-2.35276386636356,-0.0240293455430324,-0.0765088010164438,0.00748387051889792,-0.0282698182859205,-0.0450051770684963,0.00440227677582231,-0.0166293048740709
1.71,1,3.68777526313349,-2.35268880754453,-0.0243128751911353,-0.0769588527871287,0.00752789328665614,-0.0284361113346612,-0.0450051770684963,0.00440227677582231,-0.0166293048740709
1.72,1,3.68700342434676,-2.35261330849782,-0.0245980677697257,-0.0774089045578137,0.00757191605441437,-0.0286024043834019,-0.0450051770684963,0.00440227677582231,-0.0166293048740709
1.73,1,3.68622708504233,-2.35253736922344,-0.0248849232788034,-0.0778589563284987,0.00761593882217259,-0.0287686974321426,-0.0450051770684963,0.00440227677582231,-0.0166293048740709
1.74,1,3.68544624522019,-2.35246098972138,-0.0251734417183685,-0.0783090080991836,0.00765996158993081,-0.0289349904808834,-0.0450051770684963,0.00440227677582231,-0.0166293048740709
1.75,1,3.68466090488034,-2.35238416999164,-0.0254636230884211,-0.0787590598698686,0.00770398435768904,-0.0291012835296241,-0.0450051770684963,0.00440227677582231,-0.0166293048740709
1.76,1,3.68387106402279,-2.35230691003423,-0.025755467388961,-0.0792091116405536,0.00774800712544726,-0.0292675765783648,-0.0450051770684963,0.00440227677582231,-0.0166293048740709
1.77,1,3.68307672264753,-2.35222920984913,-0.0260489746199884,-0.0796591634112385,0.00779202989320548,-0.0294338696271055,-0.0450051770684963,0.00440227677582231,-0.0166293048740709
1.78,1,3.68227788075457,-2.35215106943636,-0.0263441447815031,-0.0801092151819235,0.00783605266096371,-0.0296001626758462,-0.0450051770684963,0.00440227677582231,-0.0166293048740709
1.79,1,3.6814745383439,-2.35207248879591,-0.0266409778735053,-0.0805592669526084,0.00788007542872193,-0.0297664557245869,-0.0450051770684963,0.00440227677582231,-0.0166293048740709
1.8,1,3.68066669541552,-2.35199346792779,-0.0269394738959948,-0.0810093187232934,0.00792409819648015,-0.0299327487733276,-0.0450051770684963,0.00440227677582231,-0.0166293048740709
1.81,1,3.67985435196943,-2.35191400683198,-0.0272396328489718,-0.0814593704939784,0.00796812096423837,-0.0300990418220683,-0.0450051770684963,0.00440227677582231,-0.0166293048740709
1.82,1,3.67903750800564,-2.3518341055085,-0.0275414547324362,-0.0819094222646633,0.0080121437319966,-0.030265334870809,-0.0450051770684963,0.00440227677582231,-0.0166293048740709
1.83,1,3.67821616352414,-2.35175376395734,-0.027844939546388,-0.0823594740353483,0.00805616649975482,-0.0304316279195497,-0.0450051770684963,0.00440227677582231,-0.0166293048740709
1.84,1,3.67739031852493,-2.35167298217851,-0.0281500872908272,-0.0828095258060333,0.00810018926751304,-0.0305979209682904,-0.0450051770684963,0.00440227677582231,-0.0166293048740709
1.85,1,3.67655997300802,-2.35159176017199,-0.0284568979657538,-0.0832595775767182,0.00814421203527127,-0.0307642140170312,-0.0450051770684963,0.00440227677582231,-0.0166293048740709
1.86,1,3.67572512697339,-2.3515100979378,-0.0287653715711678,-0.0837096293474032,0.00818823480302949,-0.0309305070657719,-0.0450051770684963,0.00440227677582231,-0.0166293048740709
1.87,1,3.67488578042107,-2.35142799547593,-0.0290755081070693,-0.0841596811180882,0.00823225757078771,-0.0310968001145126,-0.0450051770684963,0.00440227677582231,-0.0166293048740709
1.88,1,3.67404193335103,-2.35134545278639,-0.0293873075734581,-0.0846097328887731,0.00827628033854593,-0.0312630931632533,-0.0450051770684963,0.00440227677582231,-0.0166293048740709
1.89,1,3.67319358576329,-2.35126246986916,-0.0297007699703343,-0.0850597846594581,0.00832030310630416,-0.031429386211994,-0.0450051770684963,0.00440227677582231,-0.0166293048740709
1.9,1,3.67234073765784,-2.35117904672426,-0.030015895297698,-0.085509836430143,0.00836432587406238,-0.0315956792607347,-0.0450051770684963,0.00440227677582231,-0.0166293048740709
1.91,1,3.67148338903469,-2.35109518335168,-0.030332683555549,-0.085959888200828,0.0084083486418206,-0.0317619723094754,-0.0450051770684963,0.00440227677582231,-0.0166293048740709
1.92,1,3.67062153989383,-2.35101087975142,-0.0306511347438875,-0.086409939971513,0.00845237140957883,-0.0319282653582161,-0.0450051770684963,0.00440227677582231,-0.0166293048740709
1.93,1,3.66975519023526,-2.35092613592349,-0.0309712488627133,-0.0868599917421979,0.00849639417733705,-0.0320945584069568,-0.0450051770684963,0.00440227677582231,-0.0166293048740709
1.94,1,3.66888434005898,-2.35084095186788,-0.0312930259120266,-0.0873100435128829,0.00854041694509527,-0.0322608514556975,-0.0450051770684963,0.00440227677582231,-0.0166293048740709
1.95,1,3.668008989365,-2.35075532758459,-0.0316164658918273,-0.0877600952835678,0.0085844397128535,-0.0324271445044382,-0.0450051770684963,0.00440227677582231,-0.0166293048740709
1.96,1,3.66712913815331,-2.35066926307362,-0.0319415688021154,-0.0882101470542528,0.00862846248061172,-0.0325934375531789,-0.0450051770684963,0.00440227677582231,-0.0166293048740709
1.97,1,3.66624478642392,-2.35058275833498,-0.0322683346428909,-0.0886601988249378,0.00867248524836994,-0.0327597306019197,-0.0450051770684963,0.00440227677582231,-0.0166293048740709
1.98,1,3.66535593417681,-2.35049581336865,-0.0325967634141538,-0.0891102505956227,0.00871650801612817,-0.0329260236506604,-0.0450051770684963,0.00440227677582231,-0.0166293048740709
1.99,1,3.664462581412,-2.35040842817465,-0.0329268551159041,-0.0895603023663077,0.00876053078388639,-0.0330923166994011,-0.0450051770684963,0.00440227677582231,-0.0166293048740709
2,1,3.66356472812949,-2.35032060275298,-0.0332586097481418,-0.0900103541369927,0.00880455355164461,-0.0332586097481418,-0.0450051770684963,0.00440227677582231,-0.0166293048740709
2.01,1,3.66266237432926,-2.35023233710362,-0.0335920273108669,-0.0904604059076776,0.00884857631940284,-0.0334249027968825,-0.0450051770684963,0.00440227677582231,-0.0166293048740709
2.02,1,3.66175552001133,-2.35014363122659,-0.0339271078040794,-0.0909104576783626,0.00889259908716106,-0.0335911958456232,-0.0450051770684963,0.00440227677582231,-0.0166293048740709
2.03,1,3.6608441651757,-2.35005448512188,-0.0342638512277794,-0.0913605094490476,0.00893662185491928,-0.0337574888943639,-0.0450051770684963,0.00440227677582231,-0.0166293048740709
2.04,1,3.65992830982235,-2.34996489878949,-0.0346022575819667,-0.0918105612197325,0.0089806446226775,-0.0339237819431046,-0.0450051770684963,0.00440227677582231,-0.0166293048740709
2.05,1,3.6590079539513,-2.34987487222942,-0.0349423268666415,-0.0922606129904175,0.00902466739043573,-0.0340900749918453,-0.0450051770684963,0.00440227677582231,-0.0166293048740709
2.06,1,3.65808309756254,-2.34978440544168,-0.0352840590818036,-0.0927106647611025,0.00906869015819395,-0.034256368040586,-0.0450051770684963,0.00440227677582231,-0.0166293048740709
2.07,1,3.65715374065608,-2.34969349842626,-0.0356274542274532,-0.0931607165317874,0.00911271292595217,-0.0344226610893267,-0.0450051770684963,0.00440227677582231,-0.0166293048740709
2.08,1,3.65621988323191,-2.34960215118316,-0.0359725123035902,-0.0936107683024724,0.0091567356937104,-0.0345889541380675,-0.0450051770684963,0.00440227677582231,-0.0166293048740709
2.09,1,3.65528152529003,-2.34951036371239,-0.0363192333102145,-0.0940608200731573,0.00920075846146862,-0.0347552471868082,-0.0450051770684963,0.00440227677582231,-0.0166293048740709
2.1,1,3.65433866683045,-2.34941813601393,-0.0366676172473263,-0.0945108718438423,0.00924478122922684,-0.0349215402355489,-0.0450051770684963,0.00440227677582231,-0.0166293048740709
2.11,1,3.65339130785315,-2.3493254680878,-0.0370176641149255,-0.0949609236145273,0.00928880399698506,-0.0350878332842896,-0.0450051770684963,0.00440227677582231,-0.0166293048740709
2.12,1,3.65243944835815,-2.34923235993399,-0.0373693739130121,-0.0954109753852122,0.00933282676474329,-0.0352541263330303,-0.0450051770684963,0.00440227677582231,-0.0166293048740709
2.13,1,3.65148308834545,-2.34913881155251,-0.0377227466415861,-0.0958610271558972,0.00937684953250151,-0.035420419381771,-0.0450051770684963,0.00440227677582231,-0.0166293048740709
2.14,1,3.65052222781504,-2.34904482294334,-0.0380777823006475,-0.0963110789265822,0.00942087230025974,-0.0355867124305117,-0.0450051770684963,0.00440227677582231,-0.0166293048740709
2.15,1,3.64955686676692,-2.3489503941065,-0.0384344808901963,-0.0967611306972671,0.00946489506801796,-0.0357530054792524,-0.0450051770684963,0.00440227677582231,-0.0166293048740709
2.16,1,3.64858700520109,-2.34885552504198,-0.0387928424102326,-0.0972111824679521,0.00950891783577618,-0.0359192985279931,-0.0450051770684963,0.00440227677582231,-0.0166293048740709
2.17,1,3.64761264311756,-2.34876021574979,-0.0391528668607562,-0.097661234238637,0.0095529406035344,-0.0360855915767338,-0.0450051770684963,0.00440227677582231,-0.0166293048740709
2.18,1,3.64663378051632,-2.34866446622991,-0.0395145542417673,-0.098111286009322,0.00959696337129263,-0.0362518846254746,-0.0450051770684963,0.00440227677582231,-0.0166293048740709
2.19,1,3.64565041739737,-2.34856827648236,-0.0398779045532657,-0.098561337780007,0.00964098613905085,-0.0364181776742153,-0.0450051770684963,0.00440227677582231,-0.0166293048740709
2.2,1,3.64466255376072,-2.34847164650713,-0.0402429177952516,-0.0990113895506919,0.00968500890680907,-0.036584470722956,-0.0450051770684963,0.00440227677582231,-0.0166293048740709
2.21,1,3.64367018960636,-2.34837457630422,-0.0406095939677248,-0.0994614413213769,0.0097290316745673,-0.0367507637716967,-0.0450051770684963,0.00440227677582231,-0.0166293048740709
2.22,1,3.64267332493429,-2.34827706587364,-0.0409779330706855,-0.0999114930920619,0.00977305444232552,-0.0369170568204374,-0.0450051770684963,0.00440227677582231,-0.0166293048740709
2.23,1,3.64167195974452,-2.34817911521538,-0.0413479351041336,-0.100361544862747,0.00981707721008374,-0.0370833498691781,-0.0450051770684963,0.00440227677582231,-0.0166293048740709
2.24,1,3.64066609403704,-2.34808072432944,-0.0417196000680691,-0.100811596633432,0.00986109997784197,-0.0372496429179188,-0.0450051770684963,0.00440227677582231,-0.0166293048740709
2.25,1,3.63965572781185,-2.34798189321582,-0.0420929279624919,-0.101261648404117,0.00990512274560019,-0.0374159359666595,-0.0450051770684963,0.00440227677582231,-0.0166293048740709
2.26,1,3.63864086106895,-2.34788262187453,-0.0424679187874023,-0.101711700174802,0.00994914551335841,-0.0375822290154002,-0.0450051770684963,0.00440227677582231,-0.0166293048740709
2.27,1,3.63762149380835,-2.34778291030555,-0.0428445725427999,-0.102161751945487,0.00999316828111663,-0.0377485220641409,-0.0450051770684963,0.00440227677582231,-0.0166293048740709
2.28,1,3.63659762603004,-2.3476827585089,-0.0432228892286851,-0.102611803716172,0.0100371910488749,-0.0379148151128816,-0.0450051770684963,0.00440227677582231,-0.0166293048740709
2.29,1,3.63556925773403,-2.34758216648458,-0.0436028688450576,-0.103061855486857,0.0100812138166331,-0.0380811081616223,-0.0450051770684963,0.00440227677582231,-0.0166293048740709
2.3,1,3.63453638892031,-2.34748113423257,-0.0439845113919175,-0.103511907257542,0.0101252365843913,-0.0382474012103631,-0.0450051770684963,0.00440227677582231,-0.0166293048740709
2.31,1,3.63349901958888,-2.34737966175289,-0.0443678168692648,-0.103961959028227,0.0101692593521495,-0.0384136942591038,-0.0450051770684963,0.00440227677582231,-0.0166293048740709
2.32,1,3.63245714973974,-2.34727774904553,-0.0447527852770996,-0.104412010798911,0.0102132821199077,-0.0385799873078445,-0.0450051770684963,0.00440227677582231,-0.0166293048740709
2.33,1,3.6314107793729,-2.34717539611049,-0.0451394166154217,-0.104862062569596,0.010257304887666,-0.0387462803565852,-0.0450051770684963,0.00440227677582231,-0.0166293048740709
2.34,1,3.63035990848835,-2.34707260294777,-0.0455277108842313,-0.105312114340281,0.0103013276554242,-0.0389125734053259,-0.0450051770684963,0.00440227677582231,-0.0166293048740709
2.35,1,3.62930453708609,-2.34696936955738,-0.0459176680835283,-0.105762166110966,0.0103453504231824,-0.0390788664540666,-0.0450051770684963,0.00440227677582231,-0.0166293048740709
2.36,1,3.62824466516613,-2.34686569593931,-0.0463092882133126,-0.106212217881651,0.0103893731909406,-0.0392451595028073,-0.0450051770684963,0.00440227677582231,-0.0166293048740709
2.37,1,3.62718029272846,-2.34676158209356,-0.0467025712735844,-0.106662269652336,0.0104333959586989,-0.039411452551548,-0.0450051770684963,0.00440227677582231,-0.0166293048740709
2.38,1,3.62611141977308,-2.34665702802014,-0.0470975172643436,-0.107112321423021,0.0104774187264571,-0.0395777456002887,-0.0450051770684963,0.00440227677582231,-0.0166293048740709
2.39,1,3.6250380463,-2.34655203371903,-0.0474941261855902,-0.107562373193706,0.0105214414942153,-0.0397440386490294,-0.0450051770684963,0.00440227677582231,-0.0166293048740709
2.4,1,3.62396017230921,-2.34644659919025,-0.0478923980373242,-0.108012424964391,0.0105654642619735,-0.0399103316977701,-0.0450051770684963,0.00440227677582231,-0.0166293048740709
2.41,1,3.62287779780071,-2.34634072443379,-0.0482923328195456,-0.108462476735076,0.0106094870297318,-0.0400766247465109,-0.0450051770684963,0.00440227677582231,-0.0166293048740709
2.42,1,3.62179092277451,-2.34623440944966,-0.0486939305322544,-0.108912528505761,0.01065350979749,-0.0402429177952516,-0.0450051770684963,0.00440227677582231,-0.0166293048740709
2.43,1,3.6206995472306,-2.34612765423784,-0.0490971911754506,-0.109362580276446,0.0106975325652482,-0.0404092108439923,-0.0450051770684963,0.00440227677582231,-0.0166293048740709
2.44,1,3.61960367116898,-2.34602045879835,-0.0495021147491342,-0.109812632047131,0.0107415553330064,-0.040575503892733,-0.0450051770684963,0.00440227677582231,-0.0166293048740709
2.45,1,3.61850329458966,-2.34591282313118,-0.0499087012533053,-0.110262683817816,0.0107855781007647,-0.0407417969414737,-0.0450051770684963,0.00440227677582231,-0.0166293048740709
2.46,1,3.61739841749262,-2.34580474723634,-0.0503169506879637,-0.110712735588501,0.0108296008685229,-0.0409080899902144,-0.0450051770684963,0.00440227677582231,-0.0166293048740709
2.47,1,3.61628903987789,-2.34569623111381,-0.0507268630531096,-0.111162787359186,0.0108736236362811,-0.0410743830389551,-0.0450051770684963,0.00440227677582231,-0.0166293048740709
2.48,1,3.61517516174544,-2.34558727476361,-0.0511384383487428,-0.111612839129871,0.0109176464040393,-0.0412406760876958,-0.0450051770684963,0.00440227677582231,-0.0166293048740709
2.49,1,3.61405678309529,-2.34547787818573,-0.0515516765748635,-0.112062890900556,0.0109616691717975,-0.0414069691364365,-0.0450051770684963,0.00440227677582231,-0.0166293048740709
2.5,1,3.61293390392743,-2.34536804138018,-0.0519665777314715,-0.112512942671241,0.0110056919395558,-0.0415732621851772,-0.0450051770684963,0.00440227677582231,-0.0166293048740709
2.51,1,3.61180652424186,-2.34525776434694,-0.052383141818567,-0.112962994441926,0.011049714707314,-0.0417395552339179,-0.0450051770684963,0.00440227677582231,-0.0166293048740709
2.52,1,3.61067464403859,-2.34514704708603,-0.0528013688361499,-0.113413046212611,0.0110937374750722,-0.0419058482826586,-0.0450051770684963,0.00440227677582231,-0.0166293048740709
2.53,1,3.60953826331761,-2.34503588959744,-0.0532212587842202,-0.113863097983296,0.0111377602428304,-0.0420721413313994,-0.0450051770684963,0.00440227677582231,-0.0166293048740709
2.54,1,3.60839738207892,-2.34492429188117,-0.0536428116627779,-0.114313149753981,0.0111817830105887,-0.0422384343801401,-0.0450051770684963,0.00440227677582231,-0.0166293048740709
2.55,1,3.60725200032253,-2.34481225393723,-0.054066027471823,-0.114763201524666,0.0112258057783469,-0.0424047274288808,-0.0450051770684963,0.00440227677582231,-0.0166293048740709
2.56,1,3.60610211804843,-2.34469977576561,-0.0544909062113555,-0.115213253295351,0.0112698285461051,-0.0425710204776215,-0.0450051770684963,0.00440227677582231,-0.0166293048740709
2.57,1,3.60494773525662,-2.34458685736631,-0.0549174478813754,-0.115663305066036,0.0113138513138633,-0.0427373135263622,-0.0450051770684963,0.00440227677582231,-0.0166293048740709
2.58,1,3.60378885194711,-2.34447349873933,-0.0553456524818828,-0.116113356836721,0.0113578740816215,-0.0429036065751029,-0.0450051770684963,0.00440227677582231,-0.0166293048740709
2.59,1,3.60262546811989,-2.34435969988467,-0.0557755200128775,-0.116563408607405,0.0114018968493798,-0.0430698996238436,-0.0450051770684963,0.00440227677582231,-0.0166293048740709
2.6,1,3.60145758377496,-2.34424546080234,-0.0562070504743596,-0.11701346037809,0.011445919617138,-0.0432361926725843,-0.0450051770684963,0.00440227677582231,-0.0166293048740709
2.61,1,3.60028519891233,-2.34413078149233,-0.0566402438663292,-0.117463512148775,0.0114899423848962,-0.043402485721325,-0.0450051770684963,0.00440227677582231,-0.0166293048740709
2.62,1,3.59910831353199,-2.34401566195464,-0.0570751001887861,-0.11791356391946,0.0115339651526544,-0.0435687787700657,-0.0450051770684963,0.00440227677582231,-0.0166293048740709
2.63,1,3.59792692763394,-2.34390010218928,-0.0575116194417305,-0.118363615690145,0.0115779879204127,-0.0437350718188064,-0.0450051770684963,0.00440227677582231,-0.0166293048740709
2.64,1,3.59674104121818,-2.34378410219623,-0.0579498016251623,-0.11881366746083,0.0116220106881709,-0.0439013648675472,-0.0450051770684963,0.00440227677582231,-0.0166293048740709
2.65,1,3.59555065428472,-2.34366766197551,-0.0583896467390814,-0.119263719231515,0.0116660334559291,-0.0440676579162879,-0.0450051770684963,0.00440227677582231,-0.0166293048740709
2.66,1,3.59435576683355,-2.34355078152712,-0.058831154783488,-0.1197137710022,0.0117100562236873,-0.0442339509650286,-0.0450051770684963,0.00440227677582231,-0.0166293048740709
2.67,1,3.59315637886468,-2.34343346085104,-0.059274325758382,-0.120163822772885,0.0117540789914456,-0.0444002440137693,-0.0450051770684963,0.00440227677582231,-0.0166293048740709
2.68,1,3.5919524903781,-2.34331569994729,-0.0597191596637634,-0.12061387454357,0.0117981017592038,-0.04456653706251,-0.0450051770684963,0.00440227677582231,-0.0166293048740709
2.69,1,3.59074410137381,-2.34319749881586,-0.0601656564996322,-0.121063926314255,0.011842124526962,-0.0447328301112507,-0.0450051770684963,0.00440227677582231,-0.0166293048740709
2.7,1,3.58953121185181,-2.34307885745675,-0.0606138162659884,-0.12151397808494,0.0118861472947202,-0.0448991231599914,-0.0450051770684963,0.00440227677582231,-0.0166293048740709
2.71,1,3.58831382181211,-2.34295977586996,-0.061063638962832,-0.121964029855625,0.0119301700624784,-0.0450654162087321,-0.0450051770684963,0.00440227677582231,-0.0166293048740709
2.72,1,3.5870919312547,-2.3428402540555,-0.0615151245901631,-0.12241408162631,0.0119741928302367,-0.0452317092574728,-0.0450051770684963,0.00440227677582231,-0.0166293048740709
2.73,1,3.58586554017958,-2.34272029201336,-0.0619682731479815,-0.122864133396995,0.0120182155979949,-0.0453980023062135,-0.0450051770684963,0.00440227677582231,-0.0166293048740709
2.74,1,3.58463464858676,-2.34259988974354,-0.0624230846362873,-0.12331418516768,0.0120622383657531,-0.0455642953549543,-0.0450051770684963,0.00440227677582231,-0.0166293048740709
2.75,1,3.58339925647623,-2.34247904724604,-0.0628795590550806,-0.123764236938365,0.0121062611335113,-0.045730588403695,-0.0450051770684963,0.00440227677582231,-0.0166293048740709
2.76,1,3.58215936384799,-2.34235776452087,-0.0633376964043612,-0.12421428870905,0.0121502839012696,-0.0458968814524357,-0.0450051770684963,0.00440227677582231,-0.0166293048740709
2.77,1,3.58091497070205,-2.34223604156802,-0.0637974966841293,-0.124664340479735,0.0121943066690278,-0.0460631745011764,-0.0450051770684963,0.00440227677582231,-0.0166293048740709
2.78,1,3.5796660770384,-2.34211387838749,-0.0642589598943848,-0.12511439225042,0.012238329436786,-0.0462294675499171,-0.0450051770684963,0.00440227677582231,-0.0166293048740709
2.79,1,3.57841268285704,-2.34199127497928,-0.0647220860351276,-0.125564444021105,0.0122823522045442,-0.0463957605986578,-0.0450051770684963,0.00440227677582231,-0.0166293048740709
2.8,1,3.57715478815797,-2.3418682313434,-0.0651868751063579,-0.12601449579179,0.0123263749723025,-0.0465620536473985,-0.0450051770684963,0.00440227677582231,-0.0166293048740709
2.81,1,3.5758923929412,-2.34174474747984,-0.0656533271080756,-0.126464547562475,0.0123703977400607,-0.0467283466961392,-0.0450051770684963,0.00440227677582231,-0.0166293048740709
2.82,1,3.57462549720672,-2.3416208233886,-0.0661214420402807,-0.12691459933316,0.0124144205078189,-0.0468946397448799,-0.0450051770684963,0.00440227677582231,-0.0166293048740709
2.83,1,3.57335410095454,-2.34149645906968,-0.0665912199029732,-0.127364651103845,0.0124584432755771,-0.0470609327936206,-0.0450051770684963,0.00440227677582231,-0.0166293048740709
2.84,1,3.57207820418465,-2.34137165452308,-0.0670626606961531,-0.12781470287453,0.0125024660433353,-0.0472272258423613,-0.0450051770684963,0.00440227677582231,-0.0166293048740709
2.85,1,3.57079780689705,-2.34124640974881,-0.0675357644198204,-0.128264754645215,0.0125464888110936,-0.047393518891102,-0.0450051770684963,0.00440227677582231,-0.0166293048740709
2.86,1,3.56951290909174,-2.34112072474686,-0.0680105310739751,-0.128714806415899,0.0125905115788518,-0.0475598119398428,-0.0450051770684963,0.00440227677582231,-0.0166293048740709
2.87,1,3.56822351076873,-2.34099459951724,-0.0684869606586173,-0.129164858186584,0.01263453434661,-0.0477261049885835,-0.0450051770684963,0.00440227677582231,-0.0166293048740709
2.88,1,3.56692961192801,-2.34086803405993,-0.0689650531737468,-0.129614909957269,0.0126785571143682,-0.0478923980373242,-0.0450051770684963,0.00440227677582231,-0.0166293048740709
2.89,1,3.56563121256959,-2.34074102837495,-0.0694448086193638,-0.130064961727954,0.0127225798821265,-0.0480586910860649,-0.0450051770684963,0.00440227677582231,-0.0166293048740709
2.9,1,3.56432831269345,-2.34061358246229,-0.0699262269954681,-0.130515013498639,0.0127666026498847,-0.0482249841348056,-0.0450051770684963,0.00440227677582231,-0.0166293048740709
2.91,1,3.56302091229961,-2.34048569632195,-0.0704093083020599,-0.130965065269324,0.0128106254176429,-0.0483912771835463,-0.0450051770684963,0.00440227677582231,-0.0166293048740709
2.92,1,3.56170901138807,-2.34035736995394,-0.070894052539139,-0.131415117040009,0.0128546481854011,-0.048557570232287,-0.0450051770684963,0.00440227677582231,-0.0166293048740709
2.93,1,3.56039260995881,-2.34022860335824,-0.0713804597067056,-0.131865168810694,0.0128986709531594,-0.0487238632810277,-0.0450051770684963,0.00440227677582231,-0.0166293048740709
2.94,1,3.55907170801185,-2.34009939653487,-0.0718685298047596,-0.132315220581379,0.0129426937209176,-0.0488901563297684,-0.0450051770684963,0.00440227677582231,-0.0166293048740709
2.95,1,3.55774630554719,-2.33996974948382,-0.072358262833301,-0.132765272352064,0.0129867164886758,-0.0490564493785091,-0.0450051770684963,0.00440227677582231,-0.0166293048740709
2.96,1,3.55641640256481,-2.3398396622051,-0.0728496587923298,-0.133215324122749,0.013030739256434,-0.0492227424272498,-0.0450051770684963,0.00440227677582231,-0.0166293048740709
2.97,1,3.55508199906473,-2.33970913469869,-0.073342717681846,-0.133665375893434,0.0130747620241922,-0.0493890354759906,-0.0450051770684963,0.00440227677582231,-0.0166293048740709
2.98,1,3.55374309504694,-2.33957816696461,-0.0738374395018496,-0.134115427664119,0.0131187847919505,-0.0495553285247313,-0.0450051770684963,0.00440227677582231,-0.0166293048740709
2.99,1,3.55239969051145,-2.33944675900286,-0.0743338242523406,-0.134565479434804,0.0131628075597087,-0.049721621573472,-0.0450051770684963,0.00440227677582231,-0.0166293048740709
3,1,3.55105178545825,-2.33931491081342,-0.074831871933319,-0.135015531205489,0.0132068303274669,-0.0498879146222127,-0.0450051770684963,0.00440227677582231,-0.0166293048740709
3.01,1,3.54969937988734,-2.33918262239631,-0.0753315825447849,-0.135465582976174,0.0132508530952251,-0.0500542076709534,-0.0450051770684963,0.00440227677582231,-0.0166293048740709
3.02,1,3.54834247379872,-2.33904989375152,-0.0758329560867381,-0.135915634746859,0.0132948758629834,-0.0502205007196941,-0.0450051770684963,0.00440227677582231,-0.0166293048740709
3.03,1,3.5469810671924,-2.33891672487905,-0.0763359925591787,-0.136365686517544,0.0133388986307416,-0.0503867937684348,-0.0450051770684963,0.00440227677582231,-0.0166293048740709
3.04,1,3.54561516006837,-2.3387831157789,-0.0768406919621068,-0.136815738288229,0.0133829213984998,-0.0505530868171755,-0.0450051770684963,0.00440227677582231,-0.0166293048740709
3.05,1,3.54424475242664,-2.33864906645108,-0.0773470542955223,-0.137265790058914,0.013426944166258,-0.0507193798659162,-0.0450051770684963,0.00440227677582231,-0.0166293048740709
3.06,1,3.54286984426719,-2.33851457689558,-0.0778550795594251,-0.137715841829599,0.0134709669340163,-0.0508856729146569,-0.0450051770684963,0.00440227677582231,-0.0166293048740709
3.07,1,3.54149043559004,-2.3383796471124,-0.0783647677538154,-0.138165893600284,0.0135149897017745,-0.0510519659633976,-0.0450051770684963,0.00440227677582231,-0.0166293048740709
3.08,1,3.54010652639519,-2.33824427710154,-0.0788761188786931,-0.138615945370969,0.0135590124695327,-0.0512182590121384,-0.0450051770684963,0.00440227677582231,-0.0166293048740709
3.09,1,3.53871811668263,-2.33810846686301,-0.0793891329340582,-0.139065997141654,0.0136030352372909,-0.0513845520608791,-0.0450051770684963,0.00440227677582231,-0.0166293048740709
3.1,1,3.53732520645235,-2.33797221639679,-0.0799038099199107,-0.139516048912339,0.0136470580050491,-0.0515508451096198,-0.0450051770684963,0.00440227677582231,-0.0166293048740709
3.11,1,3.53592779570438,-2.3378355257029,-0.0804201498362505,-0.139966100683024,0.0136910807728074,-0.0517171381583605,-0.0450051770684963,0.00440227677582231,-0.0166293048740709
3.12,1,3.53452588443869,-2.33769839478134,-0.0809381526830779,-0.140416152453709,0.0137351035405656,-0.0518834312071012,-0.0450051770684963,0.00440227677582231,-0.0166293048740709
3.13,1,3.5331194726553,-2.33756082363209,-0.0814578184603926,-0.140866204224394,0.0137791263083238,-0.0520497242558419,-0.0450051770684963,0.00440227677582231,-0.0166293048740709
3.14,1,3.53170856035421,-2.33742281225517,-0.0819791471681947,-0.141316255995078,0.013823149076082,-0.0522160173045826,-0.0450051770684963,0.00440227677582231,-0.0166293048740709
3.15,1,3.5302931475354,-2.33728436065057,-0.0825021388064842,-0.141766307765763,0.0138671718438403,-0.0523823103533233,-0.0450051770684963,0.00440227677582231,-0.0166293048740709
3.16,1,3.52887323419889,-2.33714546881829,-0.0830267933752612,-0.142216359536448,0.0139111946115985,-0.052548603402064,-0.0450051770684963,0.00440227677582231,-0.0166293048740709
3.17,1,3.52744882034467,-2.33700613675834,-0.0835531108745255,-0.142666411307133,0.0139552173793567,-0.0527148964508047,-0.0450051770684963,0.00440227677582231,-0.0166293048740709
3.18,1,3.52601990597275,-2.33686636447071,-0.0840810913042773,-0.143116463077818,0.0139992401471149,-0.0528811894995454,-0.0450051770684963,0.00440227677582231,-0.0166293048740709
3.19,1,3.52458649108312,-2.3367261519554,-0.0846107346645164,-0.143566514848503,0.0140432629148732,-0.0530474825482861,-0.0450051770684963,0.00440227677582231,-0.0166293048740709
3.2,1,3.52314857567578,-2.33658549921241,-0.085142040955243,-0.144016566619188,0.0140872856826314,-0.0532137755970269,-0.0450051770684963,0.00440227677582231,-0.0166293048740709
3.21,1,3.52170615975073,-2.33644440624175,-0.0856750101764569,-0.144466618389873,0.0141313084503896,-0.0533800686457676,-0.0450051770684963,0.00440227677582231,-0.0166293048740709
3.22,1,3.52025924330798,-2.3363028730434,-0.0862096423281583,-0.144916670160558,0.0141753312181478,-0.0535463616945083,-0.0450051770684963,0.00440227677582231,-0.0166293048740709
3.23,1,3.51880782634752,-2.33616089961738,-0.0867459374103471,-0.145366721931243,0.014219353985906,-0.053712654743249,-0.0450051770684963,0.00440227677582231,-0.0166293048740709
3.24,1,3.51735190886936,-2.33601848596368,-0.0872838954230233,-0.145816773701928,0.0142633767536643,-0.0538789477919897,-0.0450051770684963,0.00440227677582231,-0.0166293048740709
3.25,1,3.51589149087348,-2.33587563208231,-0.0878235163661869,-0.146266825472613,0.0143073995214225,-0.0540452408407304,-0.0450051770684963,0.00440227677582231,-0.0166293048740709
3.26,1,3.5144265723599,-2.33573233797326,-0.0883648002398379,-0.146716877243298,0.0143514222891807,-0.0542115338894711,-0.0450051770684963,0.00440227677582231,-0.0166293048740709
3.27,1,3.51295715332862,-2.33558860363653,-0.0889077470439763,-0.147166929013983,0.0143954450569389,-0.0543778269382118,-0.0450051770684963,0.00440227677582231,-0.0166293048740709
3.28,1,3.51148323377962,-2.33544442907212,-0.0894523567786022,-0.147616980784668,0.0144394678246972,-0.0545441199869525,-0.0450051770684963,0.00440227677582231,-0.0166293048740709
3.29,1,3.51000481371292,-2.33529981428003,-0.0899986294437154,-0.148067032555353,0.0144834905924554,-0.0547104130356932,-0.0450051770684963,0.00440227677582231,-0.0166293048740709
3.3,1,3.50852189312852,-2.33515475926027,-0.090546565039316,-0.148517084326038,0.0145275133602136,-0.054876706084434,-0.0450051770684963,0.00440227677582231,-0.0166293048740709
3.31,1,3.5070344720264,-2.33500926401283,-0.0910961635654041,-0.148967136096723,0.0145715361279718,-0.0550429991331747,-0.0450051770684963,0.00440227677582231,-0.0166293048740709
3.32,1,3.50554255040658,-2.33486332853771,-0.0916474250219795,-0.149417187867408,0.0146155588957301,-0.0552092921819154,-0.0450051770684963,0.00440227677582231,-0.0166293048740709
3.33,1,3.50404612826906,-2.33471695283491,-0.0922003494090424,-0.149867239638093,0.0146595816634883,-0.0553755852306561,-0.0450051770684963,0.00440227677582231,-0.0166293048740709
3.34,1,3.50254520561382,-2.33457013690444,-0.0927549367265926,-0.150317291408778,0.0147036044312465,-0.0555418782793968,-0.0450051770684963,0.00440227677582231,-0.0166293048740709
3.35,1,3.50103978244088,-2.33442288074629,-0.0933111869746303,-0.150767343179463,0.0147476271990047,-0.0557081713281375,-0.0450051770684963,0.00440227677582231,-0.0166293048740709
3.36,1,3.49952985875023,-2.33427518436046,-0.0938691001531554,-0.151217394950148,0.0147916499667629,-0.0558744643768782,-0.0450051770684963,0.00440227677582231,-0.0166293048740709
3.37,1,3.49801543454188,-2.33412704774695,-0.0944286762621679,-0.151667446720833,0.0148356727345212,-0.0560407574256189,-0.0450051770684963,0.00440227677582231,-0.0166293048740709
3.38,1,3.49649650981582,-2.33397847090577,-0.0949899153016677,-0.152117498491518,0.0148796955022794,-0.0562070504743596,-0.0450051770684963,0.00440227677582231,-0.0166293048740709
3.39,1,3.49497308457205,-2.33382945383691,-0.0955528172716551,-0.152567550262203,0.0149237182700376,-0.0563733435231003,-0.0450051770684963,0.00440227677582231,-0.0166293048740709
3.4,1,3.49344515881057,-2.33367999654037,-0.0961173821721298,-0.153017602032888,0.0149677410377958,-0.056539636571841,-0.0450051770684963,0.00440227677582231,-0.0166293048740709
3.41,1,3.49191273253139,-2.33353009901615,-0.0966836100030919,-0.153467653803572,0.0150117638055541,-0.0567059296205817,-0.0450051770684963,0.00440227677582231,-0.0166293048740709
3.42,1,3.4903758057345,-2.33337976126426,-0.0972515007645414,-0.153917705574257,0.0150557865733123,-0.0568722226693225,-0.0450051770684963,0.00440227677582231,-0.0166293048740709
3.43,1,3.4888343784199,-2.33322898328468,-0.0978210544564783,-0.154367757344942,0.0150998093410705,-0.0570385157180632,-0.0450051770684963,0.00440227677582231,-0.0166293048740709
3.44,1,3.4872884505876,-2.33307776507744,-0.0983922710789027,-0.154817809115627,0.0151438321088287,-0.0572048087668039,-0.0450051770684963,0.00440227677582231,-0.0166293048740709
3.45,1,3.48573802223759,-2.33292610664251,-0.0989651506318144,-0.155267860886312,0.015187854876587,-0.0573711018155446,-0.0450051770684963,0.00440227677582231,-0.0166293048740709
3.46,1,3.48418309336987,-2.3327740079799,-0.0995396931152136,-0.155717912656997,0.0152318776443452,-0.0575373948642853,-0.0450051770684963,0.00440227677582231,-0.0166293048740709
3.47,1,3.48262366398445,-2.33262146908962,-0.1001158985291,-0.156167964427682,0.0152759004121034,-0.057703687913026,-0.0450051770684963,0.00440227677582231,-0.0166293048740709
3.48,1,3.48105973408132,-2.33246848997166,-0.100693766873474,-0.156618016198367,0.0153199231798616,-0.0578699809617667,-0.0450051770684963,0.00440227677582231,-0.0166293048740709
3.49,1,3.47949130366048,-2.33231507062602,-0.101273298148335,-0.157068067969052,0.0153639459476198,-0.0580362740105074,-0.0450051770684963,0.00440227677582231,-0.0166293048740709
3.5,1,3.47791837272194,-2.33216121105271,-0.101854492353684,-0.157518119739737,0.0154079687153781,-0.0582025670592481,-0.0450051770684963,0.00440227677582231,-0.0166293048740709
3.51,1,3.47634094126569,-2.33200691125172,-0.10243734948952,-0.157968171510422,0.0154519914831363,-0.0583688601079888,-0.0450051770684963,0.00440227677582231,-0.0166293048740709
3.52,1,3.47475900929173,-2.33185217122305,-0.103021869555844,-0.158418223281107,0.0154960142508945,-0.0585351531567295,-0.0450051770684963,0.00440227677582231,-0.0166293048740709
3.53,1,3.47317257680007,-2.3316969909667,-0.103608052552655,-0.158868275051792,0.0155400370186527,-0.0587014462054703,-0.0450051770684963,0.00440227677582231,-0.0166293048740709
3.54,1,3.4715816437907,-2.33154137048267,-0.104195898479953,-0.159318326822477,0.015584059786411,-0.058867739254211,-0.0450051770684963,0.00440227677582231,-0.0166293048740709
3.55,1,3.46998621026362,-2.33138530977097,-0.104785407337739,-0.159768378593162,0.0156280825541692,-0.0590340323029517,-0.0450051770684963,0.00440227677582231,-0.0166293048740709
3.56,1,3.46838627621883,-2.33122880883159,-0.105376579126012,-0.160218430363847,0.0156721053219274,-0.0592003253516924,-0.0450051770684963,0.00440227677582231,-0.0166293048740709
3.57,1,3.46678184165634,-2.33107186766453,-0.105969413844773,-0.160668482134532,0.0157161280896856,-0.0593666184004331,-0.0450051770684963,0.00440227677582231,-0.0166293048740709
3.58,1,3.46517290657614,-2.3309144862698,-0.106563911494021,-0.161118533905217,0.0157601508574439,-0.0595329114491738,-0.0450051770684963,0.00440227677582231,-0.0166293048740709
3.59,1,3.46355947097824,-2.33075666464738,-0.107160072073757,-0.161568585675902,0.0158041736252021,-0.0596992044979145,-0.0450051770684963,0.00440227677582231,-0.0166293048740709
3.6,1,3.46194153486262,-2.33059840279729,-0.107757895583979,-0.162018637446587,0.0158481963929603,-0.0598654975466552,-0.0450051770684963,0.00440227677582231,-0.0166293048740709
3.61,1,3.4603190982293,-2.33043970071952,-0.10835738202469,-0.162468689217272,0.0158922191607185,-0.0600317905953959,-0.0450051770684963,0.00440227677582231,-0.0166293048740709
3.62,1,3.45869216107828,-2.33028055841408,-0.108958531395887,-0.162918740987957,0.0159362419284767,-0.0601980836441366,-0.0450051770684963,0.00440227677582231,-0.0166293048740709
3.63,1,3.45706072340955,-2.33012097588095,-0.109561343697572,-0.163368792758642,0.015980264696235,-0.0603643766928773,-0.0450051770684963,0.00440227677582231,-0.0166293048740709
3.64,1,3.45542478522311,-2.32996095312015,-0.110165818929745,-0.163818844529327,0.0160242874639932,-0.0605306697416181,-0.0450051770684963,0.00440227677582231,-0.0166293048740709
3.65,1,3.45378434651896,-2.32980049013167,-0.110771957092405,-0.164268896300012,0.0160683102317514,-0.0606969627903588,-0.0450051770684963,0.00440227677582231,-0.0166293048740709
3.66,1,3.45213940729711,-2.32963958691552,-0.111379758185552,-0.164718948070697,0.0161123329995096,-0.0608632558390995,-0.0450051770684963,0.00440227677582231,-0.0166293048740709
3.67,1,3.45048996755754,-2.32947824347168,-0.111989222209187,-0.165168999841382,0.0161563557672679,-0.0610295488878402,-0.0450051770684963,0.00440227677582231,-0.0166293048740709
3.68,1,3.44883602730028,-2.32931645980017,-0.112600349163309,-0.165619051612067,0.0162003785350261,-0.0611958419365809,-0.0450051770684963,0.00440227677582231,-0.0166293048740709
3.69,1,3.4471775865253,-2.32915423590098,-0.113213139047918,-0.166069103382751,0.0162444013027843,-0.0613621349853216,-0.0450051770684963,0.00440227677582231,-0.0166293048740709
3.7,1,3.44551464523262,-2.32899157177412,-0.113827591863015,-0.166519155153436,0.0162884240705425,-0.0615284280340623,-0.0450051770684963,0.00440227677582231,-0.0166293048740709
3.71,1,3.44384720342223,-2.32882846741957,-0.1144437076086,-0.166969206924121,0.0163324468383008,-0.061694721082803,-0.0450051770684963,0.00440227677582231,-0.0166293048740709
3.72,1,3.44217526109414,-2.32866492283735,-0.115061486284671,-0.167419258694806,0.016376469606059,-0.0618610141315437,-0.0450051770684963,0.00440227677582231,-0.0166293048740709
3.73,1,3.44049881824834,-2.32850093802745,-0.11568092789123,-0.167869310465491,0.0164204923738172,-0.0620273071802844,-0.0450051770684963,0.00440227677582231,-0.0166293048740709
3.74,1,3.43881787488483,-2.32833651298987,-0.116302032428277,-0.168319362236176,0.0164645151415754,-0.0621936002290251,-0.0450051770684963,0.00440227677582231,-0.0166293048740709
3.75,1,3.43713243100362,-2.32817164772462,-0.116924799895811,-0.168769414006861,0.0165085379093336,-0.0623598932777659,-0.0450051770684963,0.00440227677582231,-0.0166293048740709
3.76,1,3.43544248660469,-2.32800634223169,-0.117549230293832,-0.169219465777546,0.0165525606770919,-0.0625261863265066,-0.0450051770684963,0.00440227677582231,-0.0166293048740709
3.77,1,3.43374804168806,-2.32784059651108,-0.118175323622341,-0.169669517548231,0.0165965834448501,-0.0626924793752473,-0.0450051770684963,0.00440227677582231,-0.0166293048740709
3.78,1,3.43204909625373,-2.32767441056279,-0.118803079881337,-0.170119569318916,0.0166406062126083,-0.062858772423988,-0.0450051770684963,0.00440227677582231,-0.0166293048740709
3.79,1,3.43034565030169,-2.32750778438683,-0.119432499070821,-0.170569621089601,0.0166846289803665,-0.0630250654727287,-0.0450051770684963,0.00440227677582231,-0.0166293048740709
3.8,1,3.42863770383194,-2.32734071798318,-0.120063581190792,-0.171019672860286,0.0167286517481248,-0.0631913585214694,-0.0450051770684963,0.00440227677582231,-0.0166293048740709
3.81,1,3.42692525684448,-2.32717321135186,-0.12069632624125,-0.171469724630971,0.016772674515883,-0.0633576515702101,-0.0450051770684963,0.00440227677582231,-0.0166293048740709
3.82,1,3.42520830933932,-2.32700526449287,-0.121330734222196,-0.171919776401656,0.0168166972836412,-0.0635239446189508,-0.0450051770684963,0.00440227677582231,-0.0166293048740709
3.83,1,3.42348686131645,-2.32683687740619,-0.121966805133629,-0.172369828172341,0.0168607200513994,-0.0636902376676915,-0.0450051770684963,0.00440227677582231,-0.0166293048740709
3.84,1,3.42176091277587,-2.32666805009184,-0.12260453897555,-0.172819879943026,0.0169047428191577,-0.0638565307164322,-0.0450051770684963,0.00440227677582231,-0.0166293048740709
3.85,1,3.42003046371759,-2.32649878254981,-0.123243935747958,-0.173269931713711,0.0169487655869159,-0.0640228237651729,-0.0450051770684963,0.00440227677582231,-0.0166293048740709
3.86,1,3.4182955141416,-2.3263290747801,-0.123884995450853,-0.173719983484396,0.0169927883546741,-0.0641891168139136,-0.0450051770684963,0.00440227677582231,-0.0166293048740709
3.87,1,3.4165560640479,-2.32615892678271,-0.124527718084236,-0.174170035255081,0.0170368111224323,-0.0643554098626544,-0.0450051770684963,0.00440227677582231,-0.0166293048740709
3.88,1,3.41481211343649,-2.32598833855765,-0.125172103648106,-0.174620087025766,0.0170808338901905,-0.0645217029113951,-0.0450051770684963,0.00440227677582231,-0.0166293048740709
3.89,1,3.41306366230738,-2.32581731010491,-0.125818152142464,-0.175070138796451,0.0171248566579488,-0.0646879959601358,-0.0450051770684963,0.00440227677582231,-0.0166293048740709
3.9,1,3.41131071066057,-2.32564584142449,-0.126465863567309,-0.175520190567136,0.017168879425707,-0.0648542890088765,-0.0450051770684963,0.00440227677582231,-0.0166293048740709
3.91,1,3.40955325849604,-2.3254739325164,-0.127115237922642,-0.175970242337821,0.0172129021934652,-0.0650205820576172,-0.0450051770684963,0.00440227677582231,-0.0166293048740709
3.92,1,3.40779130581381,-2.32530158338062,-0.127766275208461,-0.176420294108506,0.0172569249612234,-0.0651868751063579,-0.0450051770684963,0.00440227677582231,-0.0166293048740709
3.93,1,3.40602485261387,-2.32512879401717,-0.128418975424769,-0.176870345879191,0.0173009477289817,-0.0653531681550986,-0.0450051770684963,0.00440227677582231,-0.0166293048740709
3.94,1,3.40425389889623,-2.32495556442604,-0.129073338571563,-0.177320397649876,0.0173449704967399,-0.0655194612038393,-0.0450051770684963,0.00440227677582231,-0.0166293048740709
3.95,1,3.40247844466087,-2.32478189460724,-0.129729364648846,-0.177770449420561,0.0173889932644981,-0.06568575425258,-0.0450051770684963,0.00440227677582231,-0.0166293048740709
3.96,1,3.40069848990781,-2.32460778456075,-0.130387053656615,-0.178220501191245,0.0174330160322563,-0.0658520473013207,-0.0450051770684963,0.00440227677582231,-0.0166293048740709
3.97,1,3.39891403463705,-2.32443323428659,-0.131046405594872,-0.17867055296193,0.0174770388000146,-0.0660183403500614,-0.0450051770684963,0.00440227677582231,-0.0166293048740709
3.98,1,3.39712507884858,-2.32425824378475,-0.131707420463616,-0.179120604732615,0.0175210615677728,-0.0661846333988022,-0.0450051770684963,0.00440227677582231,-0.0166293048740709
3.99,1,3.3953316225424,-2.32408281305524,-0.132370098262848,-0.1795706565033,0.017565084335531,-0.0663509264475429,-0.0450051770684963,0.00440227677582231,-0.0166293048740709
4,1,3.39353366571851,-2.32390694209804,-0.133034438992567,-0.180020708273985,0.0176091071032892,-0.0665172194962836,-0.0450051770684963,0.00440227677582231,-0.0166293048740709
4.01,1,3.39173120837692,-2.32373063091317,-0.133700442652774,-0.18047076004467,0.0176531298710474,-0.0666835125450243,-0.0450051770684963,0.00440227677582231,-0.0166293048740709
4.02,1,3.38992425051762,-2.32355387950062,-0.134368109243468,-0.180920811815355,0.0176971526388057,-0.066849805593765,-0.0450051770684963,0.00440227677582231,-0.0166293048740709
4.03,1,3.38811279214061,-2.32337668786039,-0.135037438764649,-0.18137086358604,0.0177411754065639,-0.0670160986425057,-0.0450051770684963,0.00440227677582231,-0.0166293048740709
4.04,1,3.3862968332459,-2.32319905599249,-0.135708431216318,-0.181820915356725,0.0177851981743221,-0.0671823916912464,-0.0450051770684963,0.00440227677582231,-0.0166293048740709
4.05,1,3.38447637383347,-2.32302098389691,-0.136381086598474,-0.18227096712741,0.0178292209420803,-0.0673486847399871,-0.0450051770684963,0.00440227677582231,-0.0166293048740709
4.06,1,3.38265141390335,-2.32284247157365,-0.137055404911118,-0.182721018898095,0.0178732437098386,-0.0675149777887278,-0.0450051770684963,0.00440227677582231,-0.0166293048740709
4.07,1,3.38082195345551,-2.32266351902271,-0.137731386154248,-0.18317107066878,0.0179172664775968,-0.0676812708374685,-0.0450051770684963,0.00440227677582231,-0.0166293048740709
4.08,1,3.37898799248997,-2.3224841262441,-0.138409030327867,-0.183621122439465,0.017961289245355,-0.0678475638862092,-0.0450051770684963,0.00440227677582231,-0.0166293048740709
4.09,1,3.37714953100672,-2.3223042932378,-0.139088337431973,-0.18407117421015,0.0180053120131132,-0.0680138569349499,-0.0450051770684963,0.00440227677582231,-0.0166293048740709
4.1,1,3.37530656900577,-2.32212402000383,-0.139769307466566,-0.184521225980835,0.0180493347808715,-0.0681801499836907,-0.0450051770684963,0.00440227677582231,-0.0166293048740709
4.11,1,3.37345910648711,-2.32194330654219,-0.140451940431646,-0.18497127775152,0.0180933575486297,-0.0683464430324314,-0.0450051770684963,0.00440227677582231,-0.0166293048740709
4.12,1,3.37160714345074,-2.32176215285286,-0.141136236327214,-0.185421329522205,0.0181373803163879,-0.0685127360811721,-0.0450051770684963,0.00440227677582231,-0.0166293048740709
4.13,1,3.36975067989666,-2.32158055893586,-0.14182219515327,-0.18587138129289,0.0181814030841461,-0.0686790291299128,-0.0450051770684963,0.00440227677582231,-0.0166293048740709
4.14,1,3.36788971582488,-2.32139852479118,-0.142509816909813,-0.186321433063575,0.0182254258519043,-0.0688453221786535,-0.0450051770684963,0.00440227677582231,-0.0166293048740709
4.15,1,3.36602425123539,-2.32121605041882,-0.143199101596843,-0.18677148483426,0.0182694486196626,-0.0690116152273942,-0.0450051770684963,0.00440227677582231,-0.0166293048740709
4.16,1,3.3641542861282,-2.32103313581879,-0.143890049214361,-0.187221536604945,0.0183134713874208,-0.0691779082761349,-0.0450051770684963,0.00440227677582231,-0.0166293048740709
4.17,1,3.36227982050329,-2.32084978099107,-0.144582659762366,-0.18767158837563,0.018357494155179,-0.0693442013248756,-0.0450051770684963,0.00440227677582231,-0.0166293048740709
4.18,1,3.36040085436068,-2.32066598593568,-0.145276933240858,-0.188121640146315,0.0184015169229372,-0.0695104943736163,-0.0450051770684963,0.00440227677582231,-0.0166293048740709
4.19,1,3.35851738770037,-2.32048175065261,-0.145972869649838,-0.188571691917,0.0184455396906955,-0.069676787422357,-0.0450051770684963,0.00440227677582231,-0.0166293048740709
4.2,1,3.35662942052234,-2.32029707514187,-0.146670468989305,-0.189021743687685,0.0184895624584537,-0.0698430804710978,-0.0450051770684963,0.00440227677582231,-0.0166293048740709
4.21,1,3.35473695282661,-2.32011195940344,-0.14736973125926,-0.18947179545837,0.0185335852262119,-0.0700093735198385,-0.0450051770684963,0.00440227677582231,-0.0166293048740709
4.22,1,3.35283998461317,-2.31992640343734,-0.148070656459702,-0.189921847229055,0.0185776079939701,-0.0701756665685792,-0.0450051770684963,0.00440227677582231,-0.0166293048740709
4.23,1,3.35093851588203,-2.31974040724357,-0.148773244590632,-0.19037189899974,0.0186216307617284,-0.0703419596173199,-0.0450051770684963,0.00440227677582231,-0.0166293048740709
4.24,1,3.34903254663318,-2.31955397082211,-0.149477495652048,-0.190821950770424,0.0186656535294866,-0.0705082526660606,-0.0450051770684963,0.00440227677582231,-0.0166293048740709
4.25,1,3.34712207686662,-2.31936709417298,-0.150183409643953,-0.191272002541109,0.0187096762972448,-0.0706745457148013,-0.0450051770684963,0.00440227677582231,-0.0166293048740709
4.26,1,3.34520710658236,-2.31917977729616,-0.150890986566344,-0.191722054311794,0.018753699065003,-0.070840838763542,-0.0450051770684963,0.00440227677582231,-0.0166293048740709
4.27,1,3.34328763578039,-2.31899202019168,-0.151600226419224,-0.192172106082479,0.0187977218327612,-0.0710071318122827,-0.0450051770684963,0.00440227677582231,-0.0166293048740709
4.28,1,3.34136366446071,-2.31880382285951,-0.15231112920259,-0.192622157853164,0.0188417446005195,-0.0711734248610234,-0.0450051770684963,0.00440227677582231,-0.0166293048740709
4.29,1,3.33943519262332,-2.31861518529966,-0.153023694916444,-0.193072209623849,0.0188857673682777,-0.0713397179097641,-0.0450051770684963,0.00440227677582231,-0.0166293048740709
4.3,1,3.33750222026823,-2.31842610751214,-0.153737923560785,-0.193522261394534,0.0189297901360359,-0.0715060109585048,-0.0450051770684963,0.00440227677582231,-0.0166293048740709
4.31,1,3.33556474739543,-2.31823658949694,-0.154453815135614,-0.193972313165219,0.0189738129037941,-0.0716723040072456,-0.0450051770684963,0.00440227677582231,-0.0166293048740709
4.32,1,3.33362277400493,-2.31804663125407,-0.15517136964093,-0.194422364935904,0.0190178356715524,-0.0718385970559863,-0.0450051770684963,0.00440227677582231,-0.0166293048740709
4.33,1,3.33167630009671,-2.31785623278351,-0.155890587076734,-0.194872416706589,0.0190618584393106,-0.072004890104727,-0.0450051770684963,0.00440227677582231,-0.0166293048740709
4.34,1,3.3297253256708,-2.31766539408528,-0.156611467443025,-0.195322468477274,0.0191058812070688,-0.0721711831534677,-0.0450051770684963,0.00440227677582231,-0.0166293048740709
4.35,1,3.32776985072717,-2.31747411515937,-0.157334010739803,-0.195772520247959,0.019149903974827,-0.0723374762022084,-0.0450051770684963,0.00440227677582231,-0.0166293048740709
4.36,1,3.32580987526584,-2.31728239600578,-0.158058216967069,-0.196222572018644,0.0191939267425853,-0.0725037692509491,-0.0450051770684963,0.00440227677582231,-0.0166293048740709
4.37,1,3.3238453992868,-2.31709023662452,-0.158784086124822,-0.196672623789329,0.0192379495103435,-0.0726700622996898,-0.0450051770684963,0.00440227677582231,-0.0166293048740709
4.38,1,3.32187642279005,-2.31689763701558,-0.159511618213063,-0.197122675560014,0.0192819722781017,-0.0728363553484305,-0.0450051770684963,0.00440227677582231,-0.0166293048740709
4.39,1,3.3199029457756,-2.31670459717896,-0.160240813231791,-0.197572727330699,0.0193259950458599,-0.0730026483971712,-0.0450051770684963,0.00440227677582231,-0.0166293048740709
4.4,1,3.31792496824344,-2.31651111711466,-0.160971671181006,-0.198022779101384,0.0193700178136181,-0.0731689414459119,-0.0450051770684963,0.00440227677582231,-0.0166293048740709
4.41,1,3.31594249019357,-2.31631719682269,-0.161704192060709,-0.198472830872069,0.0194140405813764,-0.0733352344946526,-0.0450051770684963,0.00440227677582231,-0.0166293048740709
4.42,1,3.31395551162599,-2.31612283630303,-0.162438375870899,-0.198922882642754,0.0194580633491346,-0.0735015275433933,-0.0450051770684963,0.00440227677582231,-0.0166293048740709
4.43,1,3.31196403254071,-2.3159280355557,-0.163174222611577,-0.199372934413439,0.0195020861168928,-0.073667820592134,-0.0450051770684963,0.00440227677582231,-0.0166293048740709
4.44,1,3.30996805293773,-2.3157327945807,-0.163911732282742,-0.199822986184124,0.019546108884651,-0.0738341136408748,-0.0450051770684963,0.00440227677582231,-0.0166293048740709
4.45,1,3.30796757281703,-2.31553711337801,-0.164650904884394,-0.200273037954809,0.0195901316524093,-0.0740004066896155,-0.0450051770684963,0.00440227677582231,-0.0166293048740709
4.46,1,3.30596259217863,-2.31534099194765,-0.165391740416534,-0.200723089725494,0.0196341544201675,-0.0741666997383562,-0.0450051770684963,0.00440227677582231,-0.0166293048740709
4.47,1,3.30395311102252,-2.31514443028961,-0.166134238879162,-0.201173141496179,0.0196781771879257,-0.0743329927870969,-0.0450051770684963,0.00440227677582231,-0.0166293048740709
4.48,1,3.30193912934871,-2.31494742840389,-0.166878400272276,-0.201623193266864,0.0197221999556839,-0.0744992858358376,-0.0450051770684963,0.00440227677582231,-0.0166293048740709
4.49,1,3.29992064715718,-2.31474998629049,-0.167624224595878,-0.202073245037549,0.0197662227234422,-0.0746655788845783,-0.0450051770684963,0.00440227677582231,-0.0166293048740709
4.5,1,3.29789766444795,-2.31455210394942,-0.168371711849968,-0.202523296808233,0.0198102454912004,-0.074831871933319,-0.0450051770684963,0.00440227677582231,-0.0166293048740709
4.51,1,3.29587018122102,-2.31435378138067,-0.169120862034545,-0.202973348578918,0.0198542682589586,-0.0749981649820597,-0.0450051770684963,0.00440227677582231,-0.0166293048740709
4.52,1,3.29383819747638,-2.31415501858424,-0.169871675149609,-0.203423400349603,0.0198982910267168,-0.0751644580308004,-0.0450051770684963,0.00440227677582231,-0.0166293048740709
4.53,1,3.29180171321403,-2.31395581556013,-0.170624151195161,-0.203873452120288,0.019942313794475,-0.0753307510795412,-0.0450051770684963,0.00440227677582231,-0.0166293048740709
4.54,1,3.28976072843397,-2.31375617230835,-0.1713782901712,-0.204323503890973,0.0199863365622333,-0.0754970441282819,-0.0450051770684963,0.00440227677582231,-0.0166293048740709
4.55,1,3.28771524313621,-2.31355608882889,-0.172134092077726,-0.204773555661658,0.0200303593299915,-0.0756633371770226,-0.0450051770684963,0.00440227677582231,-0.0166293048740709
4.56,1,3.28566525732074,-2.31335556512175,-0.17289155691474,-0.205223607432343,0.0200743820977497,-0.0758296302257633,-0.0450051770684963,0.00440227677582231,-0.0166293048740709
4.57,1,3.28361077098756,-2.31315460118693,-0.173650684682242,-0.205673659203028,0.0201184048655079,-0.075995923274504,-0.0450051770684963,0.00440227677582231,-0.0166293048740709
4.58,1,3.28155178413668,-2.31295319702444,-0.17441147538023,-0.206123710973713,0.0201624276332662,-0.0761622163232447,-0.0450051770684963,0.00440227677582231,-0.0166293048740709
4.59,1,3.27948829676809,-2.31275135263427,-0.175173929008706,-0.206573762744398,0.0202064504010244,-0.0763285093719854,-0.0450051770684963,0.00440227677582231,-0.0166293048740709
4.6,1,3.27742030888179,-2.31254906801642,-0.17593804556767,-0.207023814515083,0.0202504731687826,-0.0764948024207261,-0.0450051770684963,0.00440227677582231,-0.0166293048740709
4.61,1,3.27534782047778,-2.31234634317089,-0.176703825057121,-0.207473866285768,0.0202944959365408,-0.0766610954694668,-0.0450051770684963,0.00440227677582231,-0.0166293048740709
4.62,1,3.27327083155607,-2.31214317809769,-0.177471267477059,-0.207923918056453,0.0203385187042991,-0.0768273885182075,-0.0450051770684963,0.00440227677582231,-0.0166293048740709
4.63,1,3.27118934211666,-2.31193957279681,-0.178240372827485,-0.208373969827138,0.0203825414720573,-0.0769936815669482,-0.0450051770684963,0.00440227677582231,-0.0166293048740709
4.64,1,3.26910335215953,-2.31173552726825,-0.179011141108398,-0.208824021597823,0.0204265642398155,-0.0771599746156889,-0.0450051770684963,0.00440227677582231,-0.0166293048740709
4.65,1,3.2670128616847,-2.31153104151201,-0.179783572319799,-0.209274073368508,0.0204705870075737,-0.0773262676644297,-0.0450051770684963,0.00440227677582231,-0.0166293048740709
4.66,1,3.26491787069216,-2.3113261155281,-0.180557666461687,-0.209724125139193,0.0205146097753319,-0.0774925607131704,-0.0450051770684963,0.00440227677582231,-0.0166293048740709
4.67,1,3.26281837918191,-2.31112074931651,-0.181333423534062,-0.210174176909878,0.0205586325430902,-0.0776588537619111,-0.0450051770684963,0.00440227677582231,-0.0166293048740709
4.68,1,3.26071438715396,-2.31091494287724,-0.182110843536925,-0.210624228680563,0.0206026553108484,-0.0778251468106518,-0.0450051770684963,0.00440227677582231,-0.0166293048740709
4.69,1,3.2586058946083,-2.31070869621029,-0.182889926470275,-0.211074280451248,0.0206466780786066,-0.0779914398593925,-0.0450051770684963,0.00440227677582231,-0.0166293048740709
4.7,1,3.25649290154494,-2.31050200931566,-0.183670672334113,-0.211524332221933,0.0206907008463648,-0.0781577329081332,-0.0450051770684963,0.00440227677582231,-0.0166293048740709
4.71,1,3.25437540796386,-2.31029488219336,-0.184453081128438,-0.211974383992618,0.0207347236141231,-0.0783240259568739,-0.0450051770684963,0.00440227677582231,-0.0166293048740709
4.72,1,3.25225341386509,-2.31008731484338,-0.18523715285325,-0.212424435763303,0.0207787463818813,-0.0784903190056146,-0.0450051770684963,0.00440227677582231,-0.0166293048740709
4.73,1,3.2501269192486,-2.30987930726572,-0.18602288750855,-0.212874487533988,0.0208227691496395,-0.0786566120543553,-0.0450051770684963,0.00440227677582231,-0.0166293048740709
4.74,1,3.24799592411441,-2.30967085946039,-0.186810285094338,-0.213324539304673,0.0208667919173977,-0.078822905103096,-0.0450051770684963,0.00440227677582231,-0.0166293048740709
4.75,1,3.24586042846251,-2.30946197142738,-0.187599345610612,-0.213774591075358,0.020910814685156,-0.0789891981518367,-0.0450051770684963,0.00440227677582231,-0.0166293048740709
4.76,1,3.2437204322929,-2.30925264316668,-0.188390069057374,-0.214224642846043,0.0209548374529142,-0.0791554912005775,-0.0450051770684963,0.00440227677582231,-0.0166293048740709
4.77,1,3.24157593560558,-2.30904287467832,-0.189182455434624,-0.214674694616728,0.0209988602206724,-0.0793217842493182,-0.0450051770684963,0.00440227677582231,-0.0166293048740709
4.78,1,3.23942693840056,-2.30883266596227,-0.189976504742361,-0.215124746387412,0.0210428829884306,-0.0794880772980589,-0.0450051770684963,0.00440227677582231,-0.0166293048740709
4.79,1,3.23727344067784,-2.30862201701855,-0.190772216980585,-0.215574798158097,0.0210869057561888,-0.0796543703467996,-0.0450051770684963,0.00440227677582231,-0.0166293048740709
4.8,1,3.2351154424374,-2.30841092784715,-0.191569592149297,-0.216024849928782,0.0211309285239471,-0.0798206633955403,-0.0450051770684963,0.00440227677582231,-0.0166293048740709
4.81,1,3.23295294367926,-2.30819939844807,-0.192368630248496,-0.216474901699467,0.0211749512917053,-0.079986956444281,-0.0450051770684963,0.00440227677582231,-0.0166293048740709
4.82,1,3.23078594440341,-2.30798742882131,-0.193169331278182,-0.216924953470152,0.0212189740594635,-0.0801532494930217,-0.0450051770684963,0.00440227677582231,-0.0166293048740709
4.83,1,3.22861444460986,-2.30777501896688,-0.193971695238356,-0.217375005240837,0.0212629968272217,-0.0803195425417624,-0.0450051770684963,0.00440227677582231,-0.0166293048740709
4.84,1,3.2264384442986,-2.30756216888477,-0.194775722129018,-0.217825057011522,0.02130701959498,-0.0804858355905031,-0.0450051770684963,0.00440227677582231,-0.0166293048740709
4.85,1,3.22425794346963,-2.30734887857498,-0.195581411950166,-0.218275108782207,0.0213510423627382,-0.0806521286392438,-0.0450051770684963,0.00440227677582231,-0.0166293048740709
4.86,1,3.22207294212295,-2.30713514803751,-0.196388764701802,-0.218725160552892,0.0213950651304964,-0.0808184216879845,-0.0450051770684963,0.00440227677582231,-0.0166293048740709
4.87,1,3.21988344025857,-2.30692097727237,-0.197197780383926,-0.219175212323577,0.0214390878982546,-0.0809847147367252,-0.0450051770684963,0.00440227677582231,-0.0166293048740709
4.88,1,3.21768943787648,-2.30670636627955,-0.198008458996537,-0.219625264094262,0.0214831106660129,-0.081151007785466,-0.0450051770684963,0.00440227677582231,-0.0166293048740709
4.89,1,3.21549093497668,-2.30649131505905,-0.198820800539635,-0.220075315864947,0.0215271334337711,-0.0813173008342067,-0.0450051770684963,0.00440227677582231,-0.0166293048740709
4.9,1,3.21328793155918,-2.30627582361087,-0.199634805013221,-0.220525367635632,0.0215711562015293,-0.0814835938829474,-0.0450051770684963,0.00440227677582231,-0.0166293048740709
4.91,1,3.21108042762397,-2.30605989193502,-0.200450472417294,-0.220975419406317,0.0216151789692875,-0.0816498869316881,-0.0450051770684963,0.00440227677582231,-0.0166293048740709
4.92,1,3.20886842317106,-2.30584352003149,-0.201267802751855,-0.221425471177002,0.0216592017370457,-0.0818161799804288,-0.0450051770684963,0.00440227677582231,-0.0166293048740709
4.93,1,3.20665191820043,-2.30562670790028,-0.202086796016903,-0.221875522947687,0.021703224504804,-0.0819824730291695,-0.0450051770684963,0.00440227677582231,-0.0166293048740709
4.94,1,3.2044309127121,-2.30540945554139,-0.202907452212438,-0.222325574718372,0.0217472472725622,-0.0821487660779102,-0.0450051770684963,0.00440227677582231,-0.0166293048740709
4.95,1,3.20220540670606,-2.30519176295483,-0.203729771338461,-0.222775626489057,0.0217912700403204,-0.0823150591266509,-0.0450051770684963,0.00440227677582231,-0.0166293048740709
4.96,1,3.19997540018232,-2.30497363014059,-0.204553753394971,-0.223225678259742,0.0218352928080786,-0.0824813521753916,-0.0450051770684963,0.00440227677582231,-0.0166293048740709
4.97,1,3.19774089314087,-2.30475505709867,-0.205379398381969,-0.223675730030427,0.0218793155758369,-0.0826476452241323,-0.0450051770684963,0.00440227677582231,-0.0166293048740709
4.98,1,3.19550188558171,-2.30453604382907,-0.206206706299454,-0.224125781801112,0.0219233383435951,-0.0828139382728731,-0.0450051770684963,0.00440227677582231,-0.0166293048740709
4.99,1,3.19325837750485,-2.30431659033179,-0.207035677147426,-0.224575833571797,0.0219673611113533,-0.0829802313216138,-0.0450051770684963,0.00440227677582231,-0.0166293048740709
5,1,3.19101036891028,-2.30409669660684,-0.207866310925886,-0.225025885342482,0.0220113838791115,-0.0831465243703545,-0.0450051770684963,0.00440227677582231,-0.0166293048740709
5.01,1,3.188757859798,-2.30387636265421,-0.208698607634833,-0.225475937113167,0.0220554066468698,-0.0833128174190952,-0.0450051770684963,0.00440227677582231,-0.0166293048740709
5.02,1,3.18650085016801,-2.3036555884739,-0.209532567274268,-0.225925988883852,0.022099429414628,-0.0834791104678359,-0.0450051770684963,0.00440227677582231,-0.0166293048740709
5.03,1,3.18423934002032,-2.30343437406592,-0.21036818984419,-0.226376040654537,0.0221434521823862,-0.0836454035165766,-0.0450051770684963,0.00440227677582231,-0.0166293048740709
5.04,1,3.18197332935492,-2.30321271943026,-0.2112054753446,-0.226826092425222,0.0221874749501444,-0.0838116965653173,-0.0450051770684963,0.00440227677582231,-0.0166293048740709
5.05,1,3.17970281817182,-2.30299062456692,-0.212044423775496,-0.227276144195906,0.0222314977179026,-0.083977989614058,-0.0450051770684963,0.00440227677582231,-0.0166293048740709
5.06,1,3.177427806471,-2.3027680894759,-0.212885035136881,-0.227726195966591,0.0222755204856609,-0.0841442826627987,-0.0450051770684963,0.00440227677582231,-0.0166293048740709
5.07,1,3.17514829425248,-2.3025451141572,-0.213727309428752,-0.228176247737276,0.0223195432534191,-0.0843105757115394,-0.0450051770684963,0.00440227677582231,-0.0166293048740709
5.08,1,3.17286428151626,-2.30232169861083,-0.214571246651112,-0.228626299507961,0.0223635660211773,-0.0844768687602801,-0.0450051770684963,0.00440227677582231,-0.0166293048740709
5.09,1,3.17057576826233,-2.30209784283678,-0.215416846803958,-0.229076351278646,0.0224075887889355,-0.0846431618090208,-0.0450051770684963,0.00440227677582231,-0.0166293048740709
5.1,1,3.16828275449069,-2.30187354683505,-0.216264109887292,-0.229526403049331,0.0224516115566938,-0.0848094548577616,-0.0450051770684963,0.00440227677582231,-0.0166293048740709
5.11,1,3.16598524020134,-2.30164881060565,-0.217113035901113,-0.229976454820016,0.022495634324452,-0.0849757479065023,-0.0450051770684963,0.00440227677582231,-0.0166293048740709
5.12,1,3.16368322539428,-2.30142363414856,-0.217963624845422,-0.230426506590701,0.0225396570922102,-0.085142040955243,-0.0450051770684963,0.00440227677582231,-0.0166293048740709
5.13,1,3.16137671006952,-2.3011980174638,-0.218815876720218,-0.230876558361386,0.0225836798599684,-0.0853083340039837,-0.0450051770684963,0.00440227677582231,-0.0166293048740709
5.14,1,3.15906569422706,-2.30097196055136,-0.219669791525502,-0.231326610132071,0.0226277026277267,-0.0854746270527244,-0.0450051770684963,0.00440227677582231,-0.0166293048740709
5.15,1,3.15675017786688,-2.30074546341125,-0.220525369261273,-0.231776661902756,0.0226717253954849,-0.0856409201014651,-0.0450051770684963,0.00440227677582231,-0.0166293048740709
5.16,1,3.154430160989,-2.30051852604345,-0.221382609927531,-0.232226713673441,0.0227157481632431,-0.0858072131502058,-0.0450051770684963,0.00440227677582231,-0.0166293048740709
5.17,1,3.15210564359341,-2.30029114844798,-0.222241513524277,-0.232676765444126,0.0227597709310013,-0.0859735061989465,-0.0450051770684963,0.00440227677582231,-0.0166293048740709
5.18,1,3.14977662568012,-2.30006333062483,-0.22310208005151,-0.233126817214811,0.0228037936987595,-0.0861397992476872,-0.0450051770684963,0.00440227677582231,-0.0166293048740709
5.19,1,3.14744310724912,-2.29983507257401,-0.223964309509231,-0.233576868985496,0.0228478164665178,-0.0863060922964279,-0.0450051770684963,0.00440227677582231,-0.0166293048740709
5.2,1,3.14510508830041,-2.2996063742955,-0.224828201897438,-0.234026920756181,0.022891839234276,-0.0864723853451686,-0.0450051770684963,0.00440227677582231,-0.0166293048740709
5.21,1,3.14276256883399,-2.29937723578932,-0.225693757216134,-0.234476972526866,0.0229358620020342,-0.0866386783939093,-0.0450051770684963,0.00440227677582231,-0.0166293048740709
5.22,1,3.14041554884987,-2.29914765705546,-0.226560975465317,-0.234927024297551,0.0229798847697924,-0.0868049714426501,-0.0450051770684963,0.00440227677582231,-0.0166293048740709
5.23,1,3.13806402834804,-2.29891763809393,-0.227429856644987,-0.235377076068236,0.0230239075375507,-0.0869712644913908,-0.0450051770684963,0.00440227677582231,-0.0166293048740709
5.24,1,3.13570800732851,-2.29868717890471,-0.228300400755144,-0.235827127838921,0.0230679303053089,-0.0871375575401315,-0.0450051770684963,0.00440227677582231,-0.0166293048740709
5.25,1,3.13334748579126,-2.29845627948782,-0.229172607795789,-0.236277179609606,0.0231119530730671,-0.0873038505888722,-0.0450051770684963,0.00440227677582231,-0.0166293048740709
5.26,1,3.13098246373632,-2.29822493984325,-0.230046477766922,-0.236727231380291,0.0231559758408253,-0.0874701436376129,-0.0450051770684963,0.00440227677582231,-0.0166293048740709
5.27,1,3.12861294116366,-2.297993159971,-0.230922010668542,-0.237177283150976,0.0231999986085836,-0.0876364366863536,-0.0450051770684963,0.00440227677582231,-0.0166293048740709
5.28,1,3.1262389180733,-2.29776093987108,-0.231799206500649,-0.237627334921661,0.0232440213763418,-0.0878027297350943,-0.0450051770684963,0.00440227677582231,-0.0166293048740709
5.29,1,3.12386039446523,-2.29752827954348,-0.232678065263244,-0.238077386692346,0.0232880441441,-0.087969022783835,-0.0450051770684963,0.00440227677582231,-0.0166293048740709
5.3,1,3.12147737033945,-2.2972951789882,-0.233558586956326,-0.238527438463031,0.0233320669118582,-0.0881353158325757,-0.0450051770684963,0.00440227677582231,-0.0166293048740709
5.31,1,3.11908984569597,-2.29706163820524,-0.234440771579895,-0.238977490233716,0.0233760896796164,-0.0883016088813165,-0.0450051770684963,0.00440227677582231,-0.0166293048740709
5.32,1,3.11669782053477,-2.2968276571946,-0.235324619133952,-0.239427542004401,0.0234201124473747,-0.0884679019300572,-0.0450051770684963,0.00440227677582231,-0.0166293048740709
5.33,1,3.11430129485588,-2.29659323595629,-0.236210129618496,-0.239877593775085,0.0234641352151329,-0.0886341949787979,-0.0450051770684963,0.00440227677582231,-0.0166293048740709
5.34,1,3.11190026865927,-2.2963583744903,-0.237097303033528,-0.24032764554577,0.0235081579828911,-0.0888004880275386,-0.0450051770684963,0.00440227677582231,-0.0166293048740709
5.35,1,3.10949474194496,-2.29612307279663,-0.237986139379047,-0.240777697316455,0.0235521807506493,-0.0889667810762793,-0.0450051770684963,0.00440227677582231,-0.0166293048740709
5.36,1,3.10708471471294,-2.29588733087529,-0.238876638655054,-0.24122774908714,0.0235962035184076,-0.08913307412502,-0.0450051770684963,0.00440227677582231,-0.0166293048740709
5.37,1,3.10467018696322,-2.29565114872627,-0.239768800861547,-0.241677800857825,0.0236402262861658,-0.0892993671737607,-0.0450051770684963,0.00440227677582231,-0.0166293048740709
5.38,1,3.10225115869579,-2.29541452634956,-0.240662625998529,-0.24212785262851,0.023684249053924,-0.0894656602225014,-0.0450051770684963,0.00440227677582231,-0.0166293048740709
5.39,1,3.09982762991065,-2.29517746374519,-0.241558114065997,-0.242577904399195,0.0237282718216822,-0.0896319532712421,-0.0450051770684963,0.00440227677582231,-0.0166293048740709
5.4,1,3.0973996006078,-2.29493996091313,-0.242455265063954,-0.24302795616988,0.0237722945894405,-0.0897982463199828,-0.0450051770684963,0.00440227677582231,-0.0166293048740709
5.41,1,3.09496707078725,-2.2947020178534,-0.243354078992397,-0.243478007940565,0.0238163173571987,-0.0899645393687235,-0.0450051770684963,0.00440227677582231,-0.0166293048740709
5.42,1,3.09253004044899,-2.29446363456599,-0.244254555851328,-0.24392805971125,0.0238603401249569,-0.0901308324174642,-0.0450051770684963,0.00440227677582231,-0.0166293048740709
5.43,1,3.09008850959303,-2.2942248110509,-0.245156695640746,-0.244378111481935,0.0239043628927151,-0.0902971254662049,-0.0450051770684963,0.00440227677582231,-0.0166293048740709
5.44,1,3.08764247821935,-2.29398554730813,-0.246060498360652,-0.24482816325262,0.0239483856604733,-0.0904634185149457,-0.0450051770684963,0.00440227677582231,-0.0166293048740709
5.45,1,3.08519194632797,-2.29374584333769,-0.246965964011045,-0.245278215023305,0.0239924084282316,-0.0906297115636864,-0.0450051770684963,0.00440227677582231,-0.0166293048740709
5.46,1,3.08273691391889,-2.29350569913957,-0.247873092591926,-0.24572826679399,0.0240364311959898,-0.0907960046124271,-0.0450051770684963,0.00440227677582231,-0.0166293048740709
5.47,1,3.08027738099209,-2.29326511471377,-0.248781884103294,-0.246178318564675,0.024080453963748,-0.0909622976611678,-0.0450051770684963,0.00440227677582231,-0.0166293048740709
5.48,1,3.07781334754759,-2.29302409006029,-0.249692338545149,-0.24662837033536,0.0241244767315062,-0.0911285907099085,-0.0450051770684963,0.00440227677582231,-0.0166293048740709
5.49,1,3.07534481358539,-2.29278262517914,-0.250604455917492,-0.247078422106045,0.0241684994992645,-0.0912948837586492,-0.0450051770684963,0.00440227677582231,-0.0166293048740709
5.5,1,3.07287177910547,-2.29254072007031,-0.251518236220322,-0.24752847387673,0.0242125222670227,-0.0914611768073899,-0.0450051770684963,0.00440227677582231,-0.0166293048740709
5.51,1,3.07039424410785,-2.2922983747338,-0.25243367945364,-0.247978525647415,0.0242565450347809,-0.0916274698561306,-0.0450051770684963,0.00440227677582231,-0.0166293048740709
5.52,1,3.06791220859252,-2.29205558916961,-0.253350785617445,-0.2484285774181,0.0243005678025391,-0.0917937629048713,-0.0450051770684963,0.00440227677582231,-0.0166293048740709
5.53,1,3.06542567255949,-2.29181236337775,-0.254269554711737,-0.248878629188785,0.0243445905702974,-0.091960055953612,-0.0450051770684963,0.00440227677582231,-0.0166293048740709
5.54,1,3.06293463600875,-2.29156869735821,-0.255189986736517,-0.24932868095947,0.0243886133380556,-0.0921263490023528,-0.0450051770684963,0.00440227677582231,-0.0166293048740709
5.55,1,3.0604390989403,-2.29132459111099,-0.256112081691784,-0.249778732730155,0.0244326361058138,-0.0922926420510935,-0.0450051770684963,0.00440227677582231,-0.0166293048740709
5.56,1,3.05793906135415,-2.29108004463609,-0.257035839577539,-0.25022878450084,0.024476658873572,-0.0924589350998342,-0.0450051770684963,0.00440227677582231,-0.0166293048740709
5.57,1,3.05543452325028,-2.29083505793352,-0.257961260393781,-0.250678836271525,0.0245206816413302,-0.0926252281485749,-0.0450051770684963,0.00440227677582231,-0.0166293048740709
5.58,1,3.05292548462872,-2.29058963100326,-0.25888834414051,-0.25112888804221,0.0245647044090885,-0.0927915211973156,-0.0450051770684963,0.00440227677582231,-0.0166293048740709
5.59,1,3.05041194548944,-2.29034376384533,-0.259817090817727,-0.251578939812894,0.0246087271768467,-0.0929578142460563,-0.0450051770684963,0.00440227677582231,-0.0166293048740709
5.6,1,3.04789390583246,-2.29009745645973,-0.260747500425432,-0.252028991583579,0.0246527499446049,-0.093124107294797,-0.0450051770684963,0.00440227677582231,-0.0166293048740709
5.61,1,3.04537136565777,-2.28985070884644,-0.261679572963623,-0.252479043354264,0.0246967727123631,-0.0932904003435377,-0.0450051770684963,0.00440227677582231,-0.0166293048740709
5.62,1,3.04284432496537,-2.28960352100548,-0.262613308432302,-0.252929095124949,0.0247407954801214,-0.0934566933922784,-0.0450051770684963,0.00440227677582231,-0.0166293048740709
5.63,1,3.04031278375527,-2.28935589293684,-0.263548706831469,-0.253379146895634,0.0247848182478796,-0.0936229864410191,-0.0450051770684963,0.00440227677582231,-0.0166293048740709
5.64,1,3.03777674202746,-2.28910782464052,-0.264485768161123,-0.253829198666319,0.0248288410156378,-0.0937892794897598,-0.0450051770684963,0.00440227677582231,-0.0166293048740709
5.65,1,3.03523619978194,-2.28885931611653,-0.265424492421264,-0.254279250437004,0.024872863783396,-0.0939555725385006,-0.0450051770684963,0.00440227677582231,-0.0166293048740709
5.66,1,3.03269115701872,-2.28861036736485,-0.266364879611893,-0.254729302207689,0.0249168865511542,-0.0941218655872413,-0.0450051770684963,0.00440227677582231,-0.0166293048740709
5.67,1,3.03014161373779,-2.2883609783855,-0.267306929733009,-0.255179353978374,0.0249609093189125,-0.094288158635982,-0.0450051770684963,0.00440227677582231,-0.0166293048740709
5.68,1,3.02758756993915,-2.28811114917848,-0.268250642784612,-0.255629405749059,0.0250049320866707,-0.0944544516847227,-0.0450051770684963,0.00440227677582231,-0.0166293048740709
5.69,1,3.02502902562281,-2.28786087974377,-0.269196018766703,-0.256079457519744,0.0250489548544289,-0.0946207447334634,-0.0450051770684963,0.00440227677582231,-0.0166293048740709
5.7,1,3.02246598078876,-2.28761017008139,-0.270143057679282,-0.256529509290429,0.0250929776221871,-0.0947870377822041,-0.0450051770684963,0.00440227677582231,-0.0166293048740709
5.71,1,3.019898435437,-2.28735902019133,-0.271091759522347,-0.256979561061114,0.0251370003899454,-0.0949533308309448,-0.0450051770684963,0.00440227677582231,-0.0166293048740709
5.72,1,3.01732638956753,-2.28710743007359,-0.272042124295901,-0.257429612831799,0.0251810231577036,-0.0951196238796855,-0.0450051770684963,0.00440227677582231,-0.0166293048740709
5.73,1,3.01474984318036,-2.28685539972817,-0.272994151999941,-0.257879664602484,0.0252250459254618,-0.0952859169284262,-0.0450051770684963,0.00440227677582231,-0.0166293048740709
5.74,1,3.01216879627549,-2.28660292915508,-0.273947842634469,-0.258329716373169,0.02526906869322,-0.0954522099771669,-0.0450051770684963,0.00440227677582231,-0.0166293048740709
5.75,1,3.0095832488529,-2.28635001835431,-0.274903196199484,-0.258779768143854,0.0253130914609783,-0.0956185030259076,-0.0450051770684963,0.00440227677582231,-0.0166293048740709
5.76,1,3.00699320091261,-2.28609666732586,-0.275860212694987,-0.259229819914539,0.0253571142287365,-0.0957847960746483,-0.0450051770684963,0.00440227677582231,-0.0166293048740709
5.77,1,3.00439865245461,-2.28584287606973,-0.276818892120977,-0.259679871685224,0.0254011369964947,-0.0959510891233891,-0.0450051770684963,0.00440227677582231,-0.0166293048740709
5.78,1,3.0017996034789,-2.28558864458593,-0.277779234477455,-0.260129923455909,0.0254451597642529,-0.0961173821721298,-0.0450051770684963,0.00440227677582231,-0.0166293048740709
5.79,1,2.99919605398549,-2.28533397287445,-0.27874123976442,-0.260579975226594,0.0254891825320111,-0.0962836752208705,-0.0450051770684963,0.00440227677582231,-0.0166293048740709
5.8,1,2.99658800397437,-2.28507886093529,-0.279704907981872,-0.261030026997279,0.0255332052997694,-0.0964499682696112,-0.0450051770684963,0.00440227677582231,-0.0166293048740709
5.81,1,2.99397545344555,-2.28482330876845,-0.280670239129812,-0.261480078767964,0.0255772280675276,-0.0966162613183519,-0.0450051770684963,0.00440227677582231,-0.0166293048740709
5.82,1,2.99135840239901,-2.28456731637394,-0.28163723320824,-0.261930130538649,0.0256212508352858,-0.0967825543670926,-0.0450051770684963,0.00440227677582231,-0.0166293048740709
5.83,1,2.98873685083477,-2.28431088375175,-0.282605890217154,-0.262380182309334,0.025665273603044,-0.0969488474158333,-0.0450051770684963,0.00440227677582231,-0.0166293048740709
5.84,1,2.98611079875283,-2.28405401090188,-0.283576210156556,-0.262830234080019,0.0257092963708023,-0.097115140464574,-0.0450051770684963,0.00440227677582231,-0.0166293048740709
5.85,1,2.98348024615317,-2.28379669782433,-0.284548193026446,-0.263280285850704,0.0257533191385605,-0.0972814335133147,-0.0450051770684963,0.00440227677582231,-0.0166293048740709
5.86,1,2.98084519303581,-2.28353894451911,-0.285521838826822,-0.263730337621389,0.0257973419063187,-0.0974477265620554,-0.0450051770684963,0.00440227677582231,-0.0166293048740709
5.87,1,2.97820563940074,-2.2832807509862,-0.286497147557687,-0.264180389392074,0.0258413646740769,-0.0976140196107961,-0.0450051770684963,0.00440227677582231,-0.0166293048740709
5.88,1,2.97556158524797,-2.28302211722563,-0.287474119219038,-0.264630441162758,0.0258853874418352,-0.0977803126595368,-0.0450051770684963,0.00440227677582231,-0.0166293048740709
5.89,1,2.97291303057749,-2.28276304323737,-0.288452753810877,-0.265080492933443,0.0259294102095934,-0.0979466057082776,-0.0450051770684963,0.00440227677582231,-0.0166293048740709
5.9,1,2.9702599753893,-2.28250352902143,-0.289433051333204,-0.265530544704128,0.0259734329773516,-0.0981128987570183,-0.0450051770684963,0.00440227677582231,-0.0166293048740709
5.91,1,2.96760241968341,-2.28224357457782,-0.290415011786018,-0.265980596474813,0.0260174557451098,-0.098279191805759,-0.0450051770684963,0.00440227677582231,-0.0166293048740709
5.92,1,2.9649403634598,-2.28198317990653,-0.291398635169319,-0.266430648245498,0.026061478512868,-0.0984454848544997,-0.0450051770684963,0.00440227677582231,-0.0166293048740709
5.93,1,2.9622738067185,-2.28172234500756,-0.292383921483108,-0.266880700016183,0.0261055012806263,-0.0986117779032404,-0.0450051770684963,0.00440227677582231,-0.0166293048740709
5.94,1,2.95960274945948,-2.28146106988092,-0.293370870727384,-0.267330751786868,0.0261495240483845,-0.0987780709519811,-0.0450051770684963,0.00440227677582231,-0.0166293048740709
5.95,1,2.95692719168276,-2.2811993545266,-0.294359482902147,-0.267780803557553,0.0261935468161427,-0.0989443640007218,-0.0450051770684963,0.00440227677582231,-0.0166293048740709
5.96,1,2.95424713338833,-2.2809371989446,-0.295349758007398,-0.268230855328238,0.0262375695839009,-0.0991106570494625,-0.0450051770684963,0.00440227677582231,-0.0166293048740709
5.97,1,2.95156257457619,-2.28067460313492,-0.296341696043137,-0.268680907098923,0.0262815923516592,-0.0992769500982032,-0.0450051770684963,0.00440227677582231,-0.0166293048740709
5.98,1,2.94887351524635,-2.28041156709756,-0.297335297009362,-0.269130958869608,0.0263256151194174,-0.0994432431469439,-0.0450051770684963,0.00440227677582231,-0.0166293048740709
5.99,1,2.9461799553988,-2.28014809083253,-0.298330560906076,-0.269581010640293,0.0263696378871756,-0.0996095361956846,-0.0450051770684963,0.00440227677582231,-0.0166293048740709
6,1,2.94348189503355,-2.27988417433982,-0.299327487733276,-0.270031062410978,0.0264136606549338,-0.0997758292444254,-0.0450051770684963,0.00440227677582231,-0.0166293048740709
6.01,1,2.94077933415058,-2.27961981761943,-0.300326077490964,-0.270481114181663,0.0264576834226921,-0.0999421222931661,-0.0450051770684963,0.00440227677582231,-0.0166293048740709
6.02,1,2.93807227274991,-2.27935502067137,-0.301326330179139,-0.270931165952348,0.0265017061904503,-0.100108415341907,-0.0450051770684963,0.00440227677582231,-0.0166293048740709
6.03,1,2.93536071083154,-2.27908978349562,-0.302328245797802,-0.271381217723033,0.0265457289582085,-0.100274708390647,-0.0450051770684963,0.00440227677582231,-0.0166293048740709
6.04,1,2.93264464839545,-2.2788241060922,-0.303331824346952,-0.271831269493718,0.0265897517259667,-0.100441001439388,-0.0450051770684963,0.00440227677582231,-0.0166293048740709
6.05,1,2.92992408544166,-2.2785579884611,-0.30433706582659,-0.272281321264403,0.0266337744937249,-0.100607294488129,-0.0450051770684963,0.00440227677582231,-0.0166293048740709
6.06,1,2.92719902197016,-2.27829143060233,-0.305343970236715,-0.272731373035088,0.0266777972614832,-0.10077358753687,-0.0450051770684963,0.00440227677582231,-0.0166293048740709
6.07,1,2.92446945798096,-2.27802443251587,-0.306352537577327,-0.273181424805773,0.0267218200292414,-0.10093988058561,-0.0450051770684963,0.00440227677582231,-0.0166293048740709
6.08,1,2.92173539347405,-2.27775699420174,-0.307362767848427,-0.273631476576458,0.0267658427969996,-0.101106173634351,-0.0450051770684963,0.00440227677582231,-0.0166293048740709
6.09,1,2.91899682844943,-2.27748911565993,-0.308374661050014,-0.274081528347143,0.0268098655647578,-0.101272466683092,-0.0450051770684963,0.00440227677582231,-0.0166293048740709
6.1,1,2.91625376290711,-2.27722079689045,-0.309388217182089,-0.274531580117828,0.0268538883325161,-0.101438759731832,-0.0450051770684963,0.00440227677582231,-0.0166293048740709
6.11,1,2.91350619684707,-2.27695203789328,-0.310403436244651,-0.274981631888513,0.0268979111002743,-0.101605052780573,-0.0450051770684963,0.00440227677582231,-0.0166293048740709
6.12,1,2.91075413026934,-2.27668283866844,-0.3114203182377,-0.275431683659198,0.0269419338680325,-0.101771345829314,-0.0450051770684963,0.00440227677582231,-0.0166293048740709
6.13,1,2.90799756317389,-2.27641319921592,-0.312438863161237,-0.275881735429883,0.0269859566357907,-0.101937638878055,-0.0450051770684963,0.00440227677582231,-0.0166293048740709
6.14,1,2.90523649556074,-2.27614311953573,-0.313459071015262,-0.276331787200568,0.027029979403549,-0.102103931926795,-0.0450051770684963,0.00440227677582231,-0.0166293048740709
6.15,1,2.90247092742988,-2.27587259962785,-0.314480941799773,-0.276781838971252,0.0270740021713072,-0.102270224975536,-0.0450051770684963,0.00440227677582231,-0.0166293048740709
6.16,1,2.89970085878131,-2.2756016394923,-0.315504475514772,-0.277231890741937,0.0271180249390654,-0.102436518024277,-0.0450051770684963,0.00440227677582231,-0.0166293048740709
6.17,1,2.89692628961504,-2.27533023912907,-0.316529672160259,-0.277681942512622,0.0271620477068236,-0.102602811073017,-0.0450051770684963,0.00440227677582231,-0.0166293048740709
6.18,1,2.89414721993106,-2.27505839853816,-0.317556531736233,-0.278131994283307,0.0272060704745818,-0.102769104121758,-0.0450051770684963,0.00440227677582231,-0.0166293048740709
6.19,1,2.89136364972937,-2.27478611771958,-0.318585054242694,-0.278582046053992,0.0272500932423401,-0.102935397170499,-0.0450051770684963,0.00440227677582231,-0.0166293048740709
6.2,1,2.88857557900998,-2.27451339667332,-0.319615239679643,-0.279032097824677,0.0272941160100983,-0.10310169021924,-0.0450051770684963,0.00440227677582231,-0.0166293048740709
6.21,1,2.88578300777288,-2.27424023539938,-0.320647088047079,-0.279482149595362,0.0273381387778565,-0.10326798326798,-0.0450051770684963,0.00440227677582231,-0.0166293048740709
6.22,1,2.88298593601807,-2.27396663389776,-0.321680599345002,-0.279932201366047,0.0273821615456147,-0.103434276316721,-0.0450051770684963,0.00440227677582231,-0.0166293048740709
6.23,1,2.88018436374556,-2.27369259216846,-0.322715773573413,-0.280382253136732,0.027426184313373,-0.103600569365462,-0.0450051770684963,0.00440227677582231,-0.0166293048740709
6.24,1,2.87737829095534,-2.27341811021149,-0.323752610732311,-0.280832304907417,0.0274702070811312,-0.103766862414202,-0.0450051770684963,0.00440227677582231,-0.0166293048740709
6.25,1,2.87456771764741,-2.27314318802684,-0.324791110821697,-0.281282356678102,0.0275142298488894,-0.103933155462943,-0.0450051770684963,0.00440227677582231,-0.0166293048740709
6.26,1,2.87175264382178,-2.27286782561451,-0.32583127384157,-0.281732408448787,0.0275582526166476,-0.104099448511684,-0.0450051770684963,0.00440227677582231,-0.0166293048740709
6.27,1,2.86893306947844,-2.27259202297451,-0.326873099791931,-0.282182460219472,0.0276022753844059,-0.104265741560425,-0.0450051770684963,0.00440227677582231,-0.0166293048740709
6.28,1,2.86610899461739,-2.27231578010683,-0.327916588672779,-0.282632511990157,0.0276462981521641,-0.104432034609165,-0.0450051770684963,0.00440227677582231,-0.0166293048740709
6.29,1,2.86328041923863,-2.27203909701147,-0.328961740484114,-0.283082563760842,0.0276903209199223,-0.104598327657906,-0.0450051770684963,0.00440227677582231,-0.0166293048740709
6.3,1,2.86044734334217,-2.27176197368843,-0.330008555225937,-0.283532615531527,0.0277343436876805,-0.104764620706647,-0.0450051770684963,0.00440227677582231,-0.0166293048740709
6.31,1,2.857609766928,-2.27148441013771,-0.331057032898247,-0.283982667302212,0.0277783664554388,-0.104930913755387,-0.0450051770684963,0.00440227677582231,-0.0166293048740709
6.32,1,2.85476768999613,-2.27120640635932,-0.332107173501045,-0.284432719072897,0.027822389223197,-0.105097206804128,-0.0450051770684963,0.00440227677582231,-0.0166293048740709
6.33,1,2.85192111254654,-2.27092796235325,-0.33315897703433,-0.284882770843582,0.0278664119909552,-0.105263499852869,-0.0450051770684963,0.00440227677582231,-0.0166293048740709
6.34,1,2.84907003457925,-2.2706490781195,-0.334212443498102,-0.285332822614267,0.0279104347587134,-0.105429792901609,-0.0450051770684963,0.00440227677582231,-0.0166293048740709
6.35,1,2.84621445609426,-2.27036975365807,-0.335267572892362,-0.285782874384952,0.0279544575264716,-0.10559608595035,-0.0450051770684963,0.00440227677582231,-0.0166293048740709
6.36,1,2.84335437709156,-2.27008998896897,-0.336324365217109,-0.286232926155637,0.0279984802942299,-0.105762378999091,-0.0450051770684963,0.00440227677582231,-0.0166293048740709
6.37,1,2.84048979757115,-2.26980978405219,-0.337382820472344,-0.286682977926322,0.0280425030619881,-0.105928672047832,-0.0450051770684963,0.00440227677582231,-0.0166293048740709
6.38,1,2.83762071753303,-2.26952913890773,-0.338442938658066,-0.287133029697007,0.0280865258297463,-0.106094965096572,-0.0450051770684963,0.00440227677582231,-0.0166293048740709
6.39,1,2.83474713697721,-2.26924805353559,-0.339504719774275,-0.287583081467692,0.0281305485975045,-0.106261258145313,-0.0450051770684963,0.00440227677582231,-0.0166293048740709
6.4,1,2.83186905590367,-2.26896652793578,-0.340568163820972,-0.288033133238377,0.0281745713652628,-0.106427551194054,-0.0450051770684963,0.00440227677582231,-0.0166293048740709
6.41,1,2.82898647431244,-2.26868456210829,-0.341633270798156,-0.288483185009062,0.028218594133021,-0.106593844242794,-0.0450051770684963,0.00440227677582231,-0.0166293048740709
6.42,1,2.82609939220349,-2.26840215605312,-0.342700040705828,-0.288933236779746,0.0282626169007792,-0.106760137291535,-0.0450051770684963,0.00440227677582231,-0.0166293048740709
6.43,1,2.82320780957684,-2.26811930977027,-0.343768473543987,-0.289383288550431,0.0283066396685374,-0.106926430340276,-0.0450051770684963,0.00440227677582231,-0.0166293048740709
6.44,1,2.82031172643249,-2.26783602325975,-0.344838569312633,-0.289833340321116,0.0283506624362957,-0.107092723389017,-0.0450051770684963,0.00440227677582231,-0.0166293048740709
6.45,1,2.81741114277042,-2.26755229652155,-0.345910328011767,-0.290283392091801,0.0283946852040539,-0.107259016437757,-0.0450051770684963,0.00440227677582231,-0.0166293048740709
6.46,1,2.81450605859065,-2.26726812955567,-0.346983749641388,-0.290733443862486,0.0284387079718121,-0.107425309486498,-0.0450051770684963,0.00440227677582231,-0.0166293048740709
6.47,1,2.81159647389317,-2.26698352236211,-0.348058834201497,-0.291183495633171,0.0284827307395703,-0.107591602535239,-0.0450051770684963,0.00440227677582231,-0.0166293048740709
6.48,1,2.80868238867799,-2.26669847494088,-0.349135581692093,-0.291633547403856,0.0285267535073285,-0.107757895583979,-0.0450051770684963,0.00440227677582231,-0.0166293048740709
6.49,1,2.80576380294509,-2.26641298729196,-0.350213992113177,-0.292083599174541,0.0285707762750868,-0.10792418863272,-0.0450051770684963,0.00440227677582231,-0.0166293048740709
6.5,1,2.80284071669449,-2.26612705941537,-0.351294065464748,-0.292533650945226,0.028614799042845,-0.108090481681461,-0.0450051770684963,0.00440227677582231,-0.0166293048740709
6.51,1,2.79991312992619,-2.26584069131111,-0.352375801746806,-0.292983702715911,0.0286588218106032,-0.108256774730202,-0.0450051770684963,0.00440227677582231,-0.0166293048740709
6.52,1,2.79698104264018,-2.26555388297916,-0.353459200959352,-0.293433754486596,0.0287028445783614,-0.108423067778942,-0.0450051770684963,0.00440227677582231,-0.0166293048740709
6.53,1,2.79404445483646,-2.26526663441954,-0.354544263102385,-0.293883806257281,0.0287468673461197,-0.108589360827683,-0.0450051770684963,0.00440227677582231,-0.0166293048740709
6.54,1,2.79110336651503,-2.26497894563224,-0.355630988175905,-0.294333858027966,0.0287908901138779,-0.108755653876424,-0.0450051770684963,0.00440227677582231,-0.0166293048740709
6.55,1,2.7881577776759,-2.26469081661726,-0.356719376179913,-0.294783909798651,0.0288349128816361,-0.108921946925164,-0.0450051770684963,0.00440227677582231,-0.0166293048740709
6.56,1,2.78520768831906,-2.26440224737461,-0.357809427114409,-0.295233961569336,0.0288789356493943,-0.109088239973905,-0.0450051770684963,0.00440227677582231,-0.0166293048740709
6.57,1,2.78225309844451,-2.26411323790427,-0.358901140979391,-0.295684013340021,0.0289229584171526,-0.109254533022646,-0.0450051770684963,0.00440227677582231,-0.0166293048740709
6.58,1,2.77929400805226,-2.26382378820626,-0.359994517774861,-0.296134065110706,0.0289669811849108,-0.109420826071386,-0.0450051770684963,0.00440227677582231,-0.0166293048740709
6.59,1,2.7763304171423,-2.26353389828058,-0.361089557500819,-0.296584116881391,0.029011003952669,-0.109587119120127,-0.0450051770684963,0.00440227677582231,-0.0166293048740709
6.6,1,2.77336232571463,-2.26324356812721,-0.362186260157264,-0.297034168652076,0.0290550267204272,-0.109753412168868,-0.0450051770684963,0.00440227677582231,-0.0166293048740709
6.61,1,2.77038973376926,-2.26295279774617,-0.363284625744196,-0.297484220422761,0.0290990494881854,-0.109919705217609,-0.0450051770684963,0.00440227677582231,-0.0166293048740709
6.62,1,2.76741264130617,-2.26266158713745,-0.364384654261616,-0.297934272193446,0.0291430722559437,-0.110085998266349,-0.0450051770684963,0.00440227677582231,-0.0166293048740709
6.63,1,2.76443104832539,-2.26236993630105,-0.365486345709523,-0.298384323964131,0.0291870950237019,-0.11025229131509,-0.0450051770684963,0.00440227677582231,-0.0166293048740709
6.64,1,2.76144495482689,-2.26207784523697,-0.366589700087918,-0.298834375734816,0.0292311177914601,-0.110418584363831,-0.0450051770684963,0.00440227677582231,-0.0166293048740709
6.65,1,2.75845436081069,-2.26178531394522,-0.3676947173968,-0.299284427505501,0.0292751405592183,-0.110584877412571,-0.0450051770684963,0.00440227677582231,-0.0166293048740709
6.66,1,2.75545926627678,-2.26149234242579,-0.368801397636169,-0.299734479276186,0.0293191633269766,-0.110751170461312,-0.0450051770684963,0.00440227677582231,-0.0166293048740709
6.67,1,2.75245967122517,-2.26119893067868,-0.369909740806026,-0.300184531046871,0.0293631860947348,-0.110917463510053,-0.0450051770684963,0.00440227677582231,-0.0166293048740709
6.68,1,2.74945557565584,-2.26090507870389,-0.371019746906371,-0.300634582817556,0.029407208862493,-0.111083756558794,-0.0450051770684963,0.00440227677582231,-0.0166293048740709
6.69,1,2.74644697956882,-2.26061078650143,-0.372131415937202,-0.30108463458824,0.0294512316302512,-0.111250049607534,-0.0450051770684963,0.00440227677582231,-0.0166293048740709
6.7,1,2.74343388296408,-2.26031605407129,-0.373244747898521,-0.301534686358925,0.0294952543980095,-0.111416342656275,-0.0450051770684963,0.00440227677582231,-0.0166293048740709
6.71,1,2.74041628584164,-2.26002088141347,-0.374359742790328,-0.30198473812961,0.0295392771657677,-0.111582635705016,-0.0450051770684963,0.00440227677582231,-0.0166293048740709
6.72,1,2.73739418820149,-2.25972526852797,-0.375476400612621,-0.302434789900295,0.0295832999335259,-0.111748928753756,-0.0450051770684963,0.00440227677582231,-0.0166293048740709
6.73,1,2.73436759004363,-2.2594292154148,-0.376594721365403,-0.30288484167098,0.0296273227012841,-0.111915221802497,-0.0450051770684963,0.00440227677582231,-0.0166293048740709
6.74,1,2.73133649136807,-2.25913272207395,-0.377714705048671,-0.303334893441665,0.0296713454690423,-0.112081514851238,-0.0450051770684963,0.00440227677582231,-0.0166293048740709
6.75,1,2.7283008921748,-2.25883578850542,-0.378836351662428,-0.30378494521235,0.0297153682368006,-0.112247807899979,-0.0450051770684963,0.00440227677582231,-0.0166293048740709
6.76,1,2.72526079246382,-2.25853841470921,-0.379959661206671,-0.304234996983035,0.0297593910045588,-0.112414100948719,-0.0450051770684963,0.00440227677582231,-0.0166293048740709
6.77,1,2.72221619223514,-2.25824060068533,-0.381084633681402,-0.30468504875372,0.029803413772317,-0.11258039399746,-0.0450051770684963,0.00440227677582231,-0.0166293048740709
6.78,1,2.71916709148875,-2.25794234643377,-0.38221126908662,-0.305135100524405,0.0298474365400752,-0.112746687046201,-0.0450051770684963,0.00440227677582231,-0.0166293048740709
6.79,1,2.71611349022465,-2.25764365195453,-0.383339567422326,-0.30558515229509,0.0298914593078335,-0.112912980094941,-0.0450051770684963,0.00440227677582231,-0.0166293048740709
6.8,1,2.71305538844284,-2.25734451724761,-0.384469528688519,-0.306035204065775,0.0299354820755917,-0.113079273143682,-0.0450051770684963,0.00440227677582231,-0.0166293048740709
6.81,1,2.70999278614333,-2.25704494231301,-0.3856011528852,-0.30648525583646,0.0299795048433499,-0.113245566192423,-0.0450051770684963,0.00440227677582231,-0.0166293048740709
6.82,1,2.70692568332612,-2.25674492715074,-0.386734440012368,-0.306935307607145,0.0300235276111081,-0.113411859241163,-0.0450051770684963,0.00440227677582231,-0.0166293048740709
6.83,1,2.70385407999119,-2.25644447176079,-0.387869390070023,-0.30738535937783,0.0300675503788663,-0.113578152289904,-0.0450051770684963,0.00440227677582231,-0.0166293048740709
6.84,1,2.70077797613856,-2.25614357614316,-0.389006003058166,-0.307835411148515,0.0301115731466246,-0.113744445338645,-0.0450051770684963,0.00440227677582231,-0.0166293048740709
6.85,1,2.69769737176822,-2.25584224029786,-0.390144278976796,-0.3082854629192,0.0301555959143828,-0.113910738387386,-0.0450051770684963,0.00440227677582231,-0.0166293048740709
6.86,1,2.69461226688018,-2.25554046422488,-0.391284217825913,-0.308735514689885,0.030199618682141,-0.114077031436126,-0.0450051770684963,0.00440227677582231,-0.0166293048740709
6.87,1,2.69152266147442,-2.25523824792422,-0.392425819605518,-0.30918556646057,0.0302436414498992,-0.114243324484867,-0.0450051770684963,0.00440227677582231,-0.0166293048740709
6.88,1,2.68842855555096,-2.25493559139588,-0.393569084315611,-0.309635618231255,0.0302876642176575,-0.114409617533608,-0.0450051770684963,0.00440227677582231,-0.0166293048740709
6.89,1,2.6853299491098,-2.25463249463986,-0.39471401195619,-0.31008567000194,0.0303316869854157,-0.114575910582348,-0.0450051770684963,0.00440227677582231,-0.0166293048740709
6.9,1,2.68222684215092,-2.25432895765617,-0.395860602527258,-0.310535721772625,0.0303757097531739,-0.114742203631089,-0.0450051770684963,0.00440227677582231,-0.0166293048740709
6.91,1,2.67911923467434,-2.2540249804448,-0.397008856028812,-0.31098577354331,0.0304197325209321,-0.11490849667983,-0.0450051770684963,0.00440227677582231,-0.0166293048740709
6.92,1,2.67600712668006,-2.25372056300575,-0.398158772460854,-0.311435825313995,0.0304637552886904,-0.115074789728571,-0.0450051770684963,0.00440227677582231,-0.0166293048740709
6.93,1,2.67289051816807,-2.25341570533903,-0.399310351823384,-0.31188587708468,0.0305077780564486,-0.115241082777311,-0.0450051770684963,0.00440227677582231,-0.0166293048740709
6.94,1,2.66976940913836,-2.25311040744462,-0.4004635941164,-0.312335928855365,0.0305518008242068,-0.115407375826052,-0.0450051770684963,0.00440227677582231,-0.0166293048740709
6.95,1,2.66664379959096,-2.25280466932254,-0.401618499339905,-0.31278598062605,0.030595823591965,-0.115573668874793,-0.0450051770684963,0.00440227677582231,-0.0166293048740709
6.96,1,2.66351368952584,-2.25249849097278,-0.402775067493896,-0.313236032396734,0.0306398463597232,-0.115739961923533,-0.0450051770684963,0.00440227677582231,-0.0166293048740709
6.97,1,2.66037907894302,-2.25219187239535,-0.403933298578375,-0.313686084167419,0.0306838691274815,-0.115906254972274,-0.0450051770684963,0.00440227677582231,-0.0166293048740709
6.98,1,2.6572399678425,-2.25188481359023,-0.405093192593342,-0.314136135938104,0.0307278918952397,-0.116072548021015,-0.0450051770684963,0.00440227677582231,-0.0166293048740709
6.99,1,2.65409635622426,-2.25157731455744,-0.406254749538796,-0.314586187708789,0.0307719146629979,-0.116238841069756,-0.0450051770684963,0.00440227677582231,-0.0166293048740709
7,1,2.65094824408832,-2.25126937529697,-0.407417969414737,-0.315036239479474,0.0308159374307561,-0.116405134118496,-0.0450051770684963,0.00440227677582231,-0.0166293048740709
7.01,1,2.64779563143467,-2.25096099580883,-0.408582852221166,-0.315486291250159,0.0308599601985144,-0.116571427167237,-0.0450051770684963,0.00440227677582231,-0.0166293048740709
7.02,1,2.64463851826332,-2.250652176093,-0.409749397958082,-0.315936343020844,0.0309039829662726,-0.116737720215978,-0.0450051770684963,0.00440227677582231,-0.0166293048740709
7.03,1,2.64147690457425,-2.2503429161495,-0.410917606625485,-0.316386394791529,0.0309480057340308,-0.116904013264718,-0.0450051770684963,0.00440227677582231,-0.0166293048740709
7.04,1,2.63831079036749,-2.25003321597832,-0.412087478223376,-0.316836446562214,0.030992028501789,-0.117070306313459,-0.0450051770684963,0.00440227677582231,-0.0166293048740709
7.05,1,2.63514017564301,-2.24972307557947,-0.413259012751754,-0.317286498332899,0.0310360512695473,-0.1172365993622,-0.0450051770684963,0.00440227677582231,-0.0166293048740709
7.06,1,2.63196506040083,-2.24941249495293,-0.41443221021062,-0.317736550103584,0.0310800740373055,-0.117402892410941,-0.0450051770684963,0.00440227677582231,-0.0166293048740709
7.07,1,2.62878544464094,-2.24910147409872,-0.415607070599973,-0.318186601874269,0.0311240968050637,-0.117569185459681,-0.0450051770684963,0.00440227677582231,-0.0166293048740709
7.08,1,2.62560132836334,-2.24879001301683,-0.416783593919814,-0.318636653644954,0.0311681195728219,-0.117735478508422,-0.0450051770684963,0.00440227677582231,-0.0166293048740709
7.09,1,2.62241271156804,-2.24847811170726,-0.417961780170142,-0.319086705415639,0.0312121423405801,-0.117901771557163,-0.0450051770684963,0.00440227677582231,-0.0166293048740709
7.1,1,2.61921959425503,-2.24816577017002,-0.419141629350957,-0.319536757186324,0.0312561651083384,-0.118068064605903,-0.0450051770684963,0.00440227677582231,-0.0166293048740709
7.11,1,2.61602197642431,-2.2478529884051,-0.42032314146226,-0.319986808957009,0.0313001878760966,-0.118234357654644,-0.0450051770684963,0.00440227677582231,-0.0166293048740709
7.12,1,2.61281985807589,-2.2475397664125,-0.42150631650405,-0.320436860727694,0.0313442106438548,-0.118400650703385,-0.0450051770684963,0.00440227677582231,-0.0166293048740709
7.13,1,2.60961323920976,-2.24722610419222,-0.422691154476327,-0.320886912498379,0.031388233411613,-0.118566943752125,-0.0450051770684963,0.00440227677582231,-0.0166293048740709
7.14,1,2.60640211982592,-2.24691200174427,-0.423877655379092,-0.321336964269064,0.0314322561793713,-0.118733236800866,-0.0450051770684963,0.00440227677582231,-0.0166293048740709
7.15,1,2.60318649992438,-2.24659745906863,-0.425065819212345,-0.321787016039749,0.0314762789471295,-0.118899529849607,-0.0450051770684963,0.00440227677582231,-0.0166293048740709
7.16,1,2.59996637950513,-2.24628247616532,-0.426255645976084,-0.322237067810434,0.0315203017148877,-0.119065822898348,-0.0450051770684963,0.00440227677582231,-0.0166293048740709
7.17,1,2.59674175856817,-2.24596705303433,-0.427447135670312,-0.322687119581119,0.0315643244826459,-0.119232115947088,-0.0450051770684963,0.00440227677582231,-0.0166293048740709
7.18,1,2.5935126371135,-2.24565118967567,-0.428640288295026,-0.323137171351804,0.0316083472504042,-0.119398408995829,-0.0450051770684963,0.00440227677582231,-0.0166293048740709
7.19,1,2.59027901514113,-2.24533488608933,-0.429835103850228,-0.323587223122489,0.0316523700181624,-0.11956470204457,-0.0450051770684963,0.00440227677582231,-0.0166293048740709
7.2,1,2.58704089265105,-2.24501814227531,-0.431031582335918,-0.324037274893174,0.0316963927859206,-0.11973099509331,-0.0450051770684963,0.00440227677582231,-0.0166293048740709
7.21,1,2.58379826964327,-2.24470095823361,-0.432229723752094,-0.324487326663859,0.0317404155536788,-0.119897288142051,-0.0450051770684963,0.00440227677582231,-0.0166293048740709
7.22,1,2.58055114611778,-2.24438333396423,-0.433429528098759,-0.324937378434544,0.031784438321437,-0.120063581190792,-0.0450051770684963,0.00440227677582231,-0.0166293048740709
7.23,1,2.57729952207458,-2.24406526946718,-0.43463099537591,-0.325387430205229,0.0318284610891953,-0.120229874239533,-0.0450051770684963,0.00440227677582231,-0.0166293048740709
7.24,1,2.57404339751367,-2.24374676474245,-0.435834125583549,-0.325837481975913,0.0318724838569535,-0.120396167288273,-0.0450051770684963,0.00440227677582231,-0.0166293048740709
7.25,1,2.57078277243506,-2.24342781979004,-0.437038918721676,-0.326287533746598,0.0319165066247117,-0.120562460337014,-0.0450051770684963,0.00440227677582231,-0.0166293048740709
7.26,1,2.56751764683874,-2.24310843460995,-0.43824537479029,-0.326737585517283,0.0319605293924699,-0.120728753385755,-0.0450051770684963,0.00440227677582231,-0.0166293048740709
7.27,1,2.56424802072471,-2.24278860920219,-0.439453493789391,-0.327187637287968,0.0320045521602282,-0.120895046434495,-0.0450051770684963,0.00440227677582231,-0.0166293048740709
7.28,1,2.56097389409298,-2.24246834356675,-0.440663275718979,-0.327637689058653,0.0320485749279864,-0.121061339483236,-0.0450051770684963,0.00440227677582231,-0.0166293048740709
7.29,1,2.55769526694354,-2.24214763770363,-0.441874720579055,-0.328087740829338,0.0320925976957446,-0.121227632531977,-0.0450051770684963,0.00440227677582231,-0.0166293048740709
7.3,1,2.55441213927639,-2.24182649161283,-0.443087828369619,-0.328537792600023,0.0321366204635028,-0.121393925580718,-0.0450051770684963,0.00440227677582231,-0.0166293048740709
7.31,1,2.55112451109154,-2.24150490529436,-0.44430259909067,-0.328987844370708,0.0321806432312611,-0.121560218629458,-0.0450051770684963,0.00440227677582231,-0.0166293048740709
7.32,1,2.54783238238898,-2.24118287874821,-0.445519032742208,-0.329437896141393,0.0322246659990193,-0.121726511678199,-0.0450051770684963,0.00440227677582231,-0.0166293048740709
7.33,1,2.54453575316871,-2.24086041197438,-0.446737129324234,-0.329887947912078,0.0322686887667775,-0.12189280472694,-0.0450051770684963,0.00440227677582231,-0.0166293048740709
7.34,1,2.54123462343074,-2.24053750497287,-0.447956888836747,-0.330337999682763,0.0323127115345357,-0.12205909777568,-0.0450051770684963,0.00440227677582231,-0.0166293048740709
7.35,1,2.53792899317506,-2.24021415774369,-0.449178311279747,-0.330788051453448,0.032356734302294,-0.122225390824421,-0.0450051770684963,0.00440227677582231,-0.0166293048740709
7.36,1,2.53461886240167,-2.23989037028683,-0.450401396653235,-0.331238103224133,0.0324007570700522,-0.122391683873162,-0.0450051770684963,0.00440227677582231,-0.0166293048740709
7.37,1,2.53130423111058,-2.23956614260229,-0.451626144957211,-0.331688154994818,0.0324447798378104,-0.122557976921902,-0.0450051770684963,0.00440227677582231,-0.0166293048740709
7.38,1,2.52798509930177,-2.23924147469007,-0.452852556191673,-0.332138206765503,0.0324888026055686,-0.122724269970643,-0.0450051770684963,0.00440227677582231,-0.0166293048740709
7.39,1,2.52466146697527,-2.23891636655018,-0.454080630356624,-0.332588258536188,0.0325328253733268,-0.122890563019384,-0.0450051770684963,0.00440227677582231,-0.0166293048740709
7.4,1,2.52133333413105,-2.23859081818261,-0.455310367452061,-0.333038310306873,0.0325768481410851,-0.123056856068125,-0.0450051770684963,0.00440227677582231,-0.0166293048740709
7.41,1,2.51800070076913,-2.23826482958736,-0.456541767477986,-0.333488362077558,0.0326208709088433,-0.123223149116865,-0.0450051770684963,0.00440227677582231,-0.0166293048740709
7.42,1,2.5146635668895,-2.23793840076443,-0.457774830434398,-0.333938413848243,0.0326648936766015,-0.123389442165606,-0.0450051770684963,0.00440227677582231,-0.0166293048740709
7.43,1,2.51132193249216,-2.23761153171382,-0.459009556321298,-0.334388465618928,0.0327089164443597,-0.123555735214347,-0.0450051770684963,0.00440227677582231,-0.0166293048740709
7.44,1,2.50797579757712,-2.23728422243554,-0.460245945138685,-0.334838517389613,0.032752939212118,-0.123722028263087,-0.0450051770684963,0.00440227677582231,-0.0166293048740709
7.45,1,2.50462516214437,-2.23695647292958,-0.46148399688656,-0.335288569160298,0.0327969619798762,-0.123888321311828,-0.0450051770684963,0.00440227677582231,-0.0166293048740709
7.46,1,2.50127002619391,-2.23662828319594,-0.462723711564922,-0.335738620930983,0.0328409847476344,-0.124054614360569,-0.0450051770684963,0.00440227677582231,-0.0166293048740709
7.47,1,2.49791038972575,-2.23629965323463,-0.463965089173771,-0.336188672701668,0.0328850075153926,-0.12422090740931,-0.0450051770684963,0.00440227677582231,-0.0166293048740709
7.48,1,2.49454625273988,-2.23597058304564,-0.465208129713108,-0.336638724472353,0.0329290302831508,-0.12438720045805,-0.0450051770684963,0.00440227677582231,-0.0166293048740709
7.49,1,2.4911776152363,-2.23564107262897,-0.466452833182932,-0.337088776243038,0.0329730530509091,-0.124553493506791,-0.0450051770684963,0.00440227677582231,-0.0166293048740709
7.5,1,2.48780447721502,-2.23531112198462,-0.467699199583244,-0.337538828013722,0.0330170758186673,-0.124719786555532,-0.0450051770684963,0.00440227677582231,-0.0166293048740709
7.51,1,2.48442683867603,-2.23498073111259,-0.468947228914043,-0.337988879784407,0.0330610985864255,-0.124886079604272,-0.0450051770684963,0.00440227677582231,-0.0166293048740709
7.52,1,2.48104469961933,-2.23464990001289,-0.470196921175329,-0.338438931555092,0.0331051213541837,-0.125052372653013,-0.0450051770684963,0.00440227677582231,-0.0166293048740709
7.53,1,2.47765806004493,-2.23431862868551,-0.471448276367103,-0.338888983325777,0.033149144121942,-0.125218665701754,-0.0450051770684963,0.00440227677582231,-0.0166293048740709
7.54,1,2.47426691995282,-2.23398691713045,-0.472701294489364,-0.339339035096462,0.0331931668897002,-0.125384958750495,-0.0450051770684963,0.00440227677582231,-0.0166293048740709
7.55,1,2.470871279343,-2.23365476534772,-0.473955975542113,-0.339789086867147,0.0332371896574584,-0.125551251799235,-0.0450051770684963,0.00440227677582231,-0.0166293048740709
7.56,1,2.46747113821547,-2.2333221733373,-0.475212319525349,-0.340239138637832,0.0332812124252166,-0.125717544847976,-0.0450051770684963,0.00440227677582231,-0.0166293048740709
7.57,1,2.46406649657024,-2.23298914109921,-0.476470326439073,-0.340689190408517,0.0333252351929749,-0.125883837896717,-0.0450051770684963,0.00440227677582231,-0.0166293048740709
7.58,1,2.4606573544073,-2.23265566863344,-0.477729996283283,-0.341139242179202,0.0333692579607331,-0.126050130945457,-0.0450051770684963,0.00440227677582231,-0.0166293048740709
7.59,1,2.45724371172666,-2.23232175594,-0.478991329057982,-0.341589293949887,0.0334132807284913,-0.126216423994198,-0.0450051770684963,0.00440227677582231,-0.0166293048740709
7.6,1,2.45382556852831,-2.23198740301887,-0.480254324763167,-0.342039345720572,0.0334573034962495,-0.126382717042939,-0.0450051770684963,0.00440227677582231,-0.0166293048740709
7.61,1,2.45040292481225,-2.23165260987007,-0.481518983398841,-0.342489397491257,0.0335013262640078,-0.12654901009168,-0.0450051770684963,0.00440227677582231,-0.0166293048740709
7.62,1,2.44697578057848,-2.23131737649359,-0.482785304965001,-0.342939449261942,0.033545349031766,-0.12671530314042,-0.0450051770684963,0.00440227677582231,-0.0166293048740709
7.63,1,2.44354413582701,-2.23098170288944,-0.484053289461649,-0.343389501032627,0.0335893717995242,-0.126881596189161,-0.0450051770684963,0.00440227677582231,-0.0166293048740709
7.64,1,2.44010799055783,-2.2306455890576,-0.485322936888784,-0.343839552803312,0.0336333945672824,-0.127047889237902,-0.0450051770684963,0.00440227677582231,-0.0166293048740709
7.65,1,2.43666734477094,-2.23030903499809,-0.486594247246407,-0.344289604573997,0.0336774173350406,-0.127214182286642,-0.0450051770684963,0.00440227677582231,-0.0166293048740709
7.66,1,2.43322219846635,-2.2299720407109,-0.487867220534517,-0.344739656344682,0.0337214401027989,-0.127380475335383,-0.0450051770684963,0.00440227677582231,-0.0166293048740709
7.67,1,2.42977255164405,-2.22963460619603,-0.489141856753115,-0.345189708115367,0.0337654628705571,-0.127546768384124,-0.0450051770684963,0.00440227677582231,-0.0166293048740709
7.68,1,2.42631840430404,-2.22929673145349,-0.4904181559022,-0.345639759886052,0.0338094856383153,-0.127713061432864,-0.0450051770684963,0.00440227677582231,-0.0166293048740709
7.69,1,2.42285975644633,-2.22895841648327,-0.491696117981772,-0.346089811656737,0.0338535084060735,-0.127879354481605,-0.0450051770684963,0.00440227677582231,-0.0166293048740709
7.7,1,2.41939660807091,-2.22861966128537,-0.492975742991832,-0.346539863427422,0.0338975311738318,-0.128045647530346,-0.0450051770684963,0.00440227677582231,-0.0166293048740709
7.71,1,2.41592895917778,-2.22828046585979,-0.494257030932379,-0.346989915198107,0.03394155394159,-0.128211940579087,-0.0450051770684963,0.00440227677582231,-0.0166293048740709
7.72,1,2.41245680976694,-2.22794083020654,-0.495539981803413,-0.347439966968792,0.0339855767093482,-0.128378233627827,-0.0450051770684963,0.00440227677582231,-0.0166293048740709
7.73,1,2.4089801598384,-2.2276007543256,-0.496824595604935,-0.347890018739477,0.0340295994771064,-0.128544526676568,-0.0450051770684963,0.00440227677582231,-0.0166293048740709
7.74,1,2.40549900939215,-2.22726023821699,-0.498110872336945,-0.348340070510162,0.0340736222448646,-0.128710819725309,-0.0450051770684963,0.00440227677582231,-0.0166293048740709
7.75,1,2.4020133584282,-2.22691928188071,-0.499398811999442,-0.348790122280847,0.0341176450126229,-0.128877112774049,-0.0450051770684963,0.00440227677582231,-0.0166293048740709
7.76,1,2.3985244886563,-2.2265780106899,-0.500687941003744,-0.348759825948468,0.0341146815126633,-0.128865918351974,0.0450051770684963,-0.00440227677582231,0.0166293048740709
7.77,1,2.39503914065567,-2.22623708398861,-0.50197576872202,-0.348309774177783,0.0340706587449051,-0.128699625303233,0.0450051770684963,-0.00440227677582231,0.0166293048740709
7.78,1,2.39155829317275,-2.225896597515,-0.503261933509809,-0.347859722407098,0.0340266359771469,-0.128533332254493,0.0450051770684963,-0.00440227677582231,0.0166293048740709
7.79,1,2.38808194620753,-2.22555655126907,-0.50454643536711,-0.347409670636413,0.0339826132093887,-0.128367039205752,0.0450051770684963,-0.00440227677582231,0.0166293048740709
7.8,1,2.38461009976002,-2.22521694525081,-0.505829274293923,-0.346959618865729,0.0339385904416305,-0.128200746157011,0.0450051770684963,-0.00440227677582231,0.0166293048740709
7.81,1,2.38114275383022,-2.22487777946024,-0.50711045029025,-0.346509567095044,0.0338945676738722,-0.12803445310827,0.0450051770684963,-0.00440227677582231,0.0166293048740709
7.82,1,2.37767990841812,-2.22453905389734,-0.508389963356089,-0.346059515324359,0.033850544906114,-0.12786816005953,0.0450051770684963,-0.00440227677582231,0.0166293048740709
7.83,1,2.37422156352373,-2.22420076856211,-0.509667813491441,-0.345609463553674,0.0338065221383558,-0.127701867010789,0.0450051770684963,-0.00440227677582231,0.0166293048740709
7.84,1,2.37076771914705,-2.22386292345457,-0.510944000696305,-0.345159411782989,0.0337624993705976,-0.127535573962048,0.0450051770684963,-0.00440227677582231,0.0166293048740709
7.85,1,2.36731837528807,-2.2235255185747,-0.512218524970681,-0.344709360012304,0.0337184766028393,-0.127369280913308,0.0450051770684963,-0.00440227677582231,0.0166293048740709
7.86,1,2.3638735319468,-2.22318855392251,-0.513491386314571,-0.344259308241619,0.0336744538350811,-0.127202987864567,0.0450051770684963,-0.00440227677582231,0.0166293048740709
7.87,1,2.36043318912324,-2.222852029498,-0.514762584727973,-0.343809256470934,0.0336304310673229,-0.127036694815826,0.0450051770684963,-0.00440227677582231,0.0166293048740709
7.88,1,2.35699734681738,-2.22251594530117,-0.516032120210887,-0.343359204700249,0.0335864082995647,-0.126870401767085,0.0450051770684963,-0.00440227677582231,0.0166293048740709
7.89,1,2.35356600502923,-2.22218030133201,-0.517299992763314,-0.342909152929564,0.0335423855318064,-0.126704108718345,0.0450051770684963,-0.00440227677582231,0.0166293048740709
7.9,1,2.35013916375879,-2.22184509759053,-0.518566202385254,-0.342459101158879,0.0334983627640482,-0.126537815669604,0.0450051770684963,-0.00440227677582231,0.0166293048740709
7.91,1,2.34671682300606,-2.22151033407673,-0.519830749076707,-0.342009049388194,0.03345433999629,-0.126371522620863,0.0450051770684963,-0.00440227677582231,0.0166293048740709
7.92,1,2.34329898277103,-2.2211760107906,-0.521093632837672,-0.341558997617509,0.0334103172285318,-0.126205229572123,0.0450051770684963,-0.00440227677582231,0.0166293048740709
7.93,1,2.33988564305371,-2.22084212773216,-0.522354853668149,-0.341108945846824,0.0333662944607735,-0.126038936523382,0.0450051770684963,-0.00440227677582231,0.0166293048740709
7.94,1,2.33647680385409,-2.22050868490139,-0.523614411568139,-0.340658894076139,0.0333222716930153,-0.125872643474641,0.0450051770684963,-0.00440227677582231,0.0166293048740709
7.95,1,2.33307246517218,-2.2201756822983,-0.524872306537642,-0.340208842305454,0.0332782489252571,-0.125706350425901,0.0450051770684963,-0.00440227677582231,0.0166293048740709
7.96,1,2.32967262700798,-2.21984311992288,-0.526128538576657,-0.339758790534769,0.0332342261574989,-0.12554005737716,0.0450051770684963,-0.00440227677582231,0.0166293048740709
7.97,1,2.32627728936149,-2.21951099777515,-0.527383107685185,-0.339308738764084,0.0331902033897407,-0.125373764328419,0.0450051770684963,-0.00440227677582231,0.0166293048740709
7.98,1,2.3228864522327,-2.21917931585509,-0.528636013863226,-0.338858686993399,0.0331461806219824,-0.125207471279678,0.0450051770684963,-0.00440227677582231,0.0166293048740709
7.99,1,2.31950011562162,-2.21884807416271,-0.529887257110779,-0.338408635222714,0.0331021578542242,-0.125041178230938,0.0450051770684963,-0.00440227677582231,0.0166293048740709
8,1,2.31611827952825,-2.218517272698,-0.531136837427844,-0.337958583452029,0.033058135086466,-0.124874885182197,0.0450051770684963,-0.00440227677582231,0.0166293048740709
8.01,1,2.31274094395258,-2.21818691146098,-0.532384754814422,-0.337508531681344,0.0330141123187078,-0.124708592133456,0.0450051770684963,-0.00440227677582231,0.0166293048740709
8.02,1,2.30936810889462,-2.21785699045163,-0.533631009270513,-0.337058479910659,0.0329700895509495,-0.124542299084716,0.0450051770684963,-0.00440227677582231,0.0166293048740709
8.03,1,2.30599977435436,-2.21752750966996,-0.534875600796117,-0.336608428139974,0.0329260667831913,-0.124376006035975,0.0450051770684963,-0.00440227677582231,0.0166293048740709
8.04,1,2.30263594033182,-2.21719846911597,-0.536118529391233,-0.336158376369289,0.0328820440154331,-0.124209712987234,0.0450051770684963,-0.00440227677582231,0.0166293048740709
8.05,1,2.29927660682698,-2.21686986878965,-0.537359795055862,-0.335708324598604,0.0328380212476749,-0.124043419938493,0.0450051770684963,-0.00440227677582231,0.0166293048740709
8.06,1,2.29592177383985,-2.21654170869101,-0.538599397790003,-0.33525827282792,0.0327939984799167,-0.123877126889753,0.0450051770684963,-0.00440227677582231,0.0166293048740709
8.07,1,2.29257144137042,-2.21621398882005,-0.539837337593657,-0.334808221057235,0.0327499757121584,-0.123710833841012,0.0450051770684963,-0.00440227677582231,0.0166293048740709
8.08,1,2.2892256094187,-2.21588670917677,-0.541073614466823,-0.33435816928655,0.0327059529444002,-0.123544540792271,0.0450051770684963,-0.00440227677582231,0.0166293048740709
8.09,1,2.28588427798469,-2.21555986976116,-0.542308228409502,-0.333908117515865,0.032661930176642,-0.123378247743531,0.0450051770684963,-0.00440227677582231,0.0166293048740709
8.1,1,2.28254744706839,-2.21523347057324,-0.543541179421694,-0.33345806574518,0.0326179074088838,-0.12321195469479,0.0450051770684963,-0.00440227677582231,0.0166293048740709
8.11,1,2.27921511666979,-2.21490751161299,-0.544772467503398,-0.333008013974495,0.0325738846411255,-0.123045661646049,0.0450051770684963,-0.00440227677582231,0.0166293048740709
8.12,1,2.27588728678889,-2.21458199288041,-0.546002092654615,-0.33255796220381,0.0325298618733673,-0.122879368597308,0.0450051770684963,-0.00440227677582231,0.0166293048740709
8.13,1,2.27256395742571,-2.21425691437552,-0.547230054875344,-0.332107910433125,0.0324858391056091,-0.122713075548568,0.0450051770684963,-0.00440227677582231,0.0166293048740709
8.14,1,2.26924512858023,-2.2139322760983,-0.548456354165586,-0.33165785866244,0.0324418163378509,-0.122546782499827,0.0450051770684963,-0.00440227677582231,0.0166293048740709
8.15,1,2.26593080025246,-2.21360807804876,-0.54968099052534,-0.331207806891755,0.0323977935700926,-0.122380489451086,0.0450051770684963,-0.00440227677582231,0.0166293048740709
8.16,1,2.2626209724424,-2.2132843202269,-0.550903963954608,-0.33075775512107,0.0323537708023344,-0.122214196402346,0.0450051770684963,-0.00440227677582231,0.0166293048740709
8.17,1,2.25931564515004,-2.21296100263271,-0.552125274453387,-0.330307703350385,0.0323097480345762,-0.122047903353605,0.0450051770684963,-0.00440227677582231,0.0166293048740709
8.18,1,2.25601481837539,-2.21263812526621,-0.55334492202168,-0.3298576515797,0.032265725266818,-0.121881610304864,0.0450051770684963,-0.00440227677582231,0.0166293048740709
8.19,1,2.25271849211845,-2.21231568812738,-0.554562906659485,-0.329407599809015,0.0322217024990597,-0.121715317256124,0.0450051770684963,-0.00440227677582231,0.0166293048740709
8.2,1,2.24942666637921,-2.21199369121623,-0.555779228366802,-0.32895754803833,0.0321776797313015,-0.121549024207383,0.0450051770684963,-0.00440227677582231,0.0166293048740709
8.21,1,2.24613934115768,-2.21167213453275,-0.556993887143633,-0.328507496267645,0.0321336569635433,-0.121382731158642,0.0450051770684963,-0.00440227677582231,0.0166293048740709
8.22,1,2.24285651645386,-2.21135101807696,-0.558206882989975,-0.32805744449696,0.0320896341957851,-0.121216438109901,0.0450051770684963,-0.00440227677582231,0.0166293048740709
8.23,1,2.23957819226774,-2.21103034184884,-0.559418215905831,-0.327607392726275,0.0320456114280269,-0.121050145061161,0.0450051770684963,-0.00440227677582231,0.0166293048740709
8.24,1,2.23630436859933,-2.2107101058484,-0.560627885891198,-0.32715734095559,0.0320015886602686,-0.12088385201242,0.0450051770684963,-0.00440227677582231,0.0166293048740709
8.25,1,2.23303504544863,-2.21039031007563,-0.561835892946079,-0.326707289184905,0.0319575658925104,-0.120717558963679,0.0450051770684963,-0.00440227677582231,0.0166293048740709
8.26,1,2.22977022281563,-2.21007095453055,-0.563042237070472,-0.32625723741422,0.0319135431247522,-0.120551265914939,0.0450051770684963,-0.00440227677582231,0.0166293048740709
8.27,1,2.22650990070034,-2.20975203921314,-0.564246918264378,-0.325807185643535,0.031869520356994,-0.120384972866198,0.0450051770684963,-0.00440227677582231,0.0166293048740709
8.28,1,2.22325407910276,-2.20943356412341,-0.565449936527796,-0.32535713387285,0.0318254975892357,-0.120218679817457,0.0450051770684963,-0.00440227677582231,0.0166293048740709
8.29,1,2.22000275802289,-2.20911552926135,-0.566651291860727,-0.324907082102165,0.0317814748214775,-0.120052386768716,0.0450051770684963,-0.00440227677582231,0.0166293048740709
8.3,1,2.21675593746072,-2.20879793462698,-0.56785098426317,-0.32445703033148,0.0317374520537193,-0.119886093719976,0.0450051770684963,-0.00440227677582231,0.0166293048740709
8.31,1,2.21351361741626,-2.20848078022028,-0.569049013735126,-0.324006978560795,0.0316934292859611,-0.119719800671235,0.0450051770684963,-0.00440227677582231,0.0166293048740709
8.32,1,2.2102757978895,-2.20816406604126,-0.570245380276595,-0.32355692679011,0.0316494065182028,-0.119553507622494,0.0450051770684963,-0.00440227677582231,0.0166293048740709
8.33,1,2.20704247888045,-2.20784779208991,-0.571440083887576,-0.323106875019425,0.0316053837504446,-0.119387214573754,0.0450051770684963,-0.00440227677582231,0.0166293048740709
8.34,1,2.20381366038911,-2.20753195836625,-0.57263312456807,-0.322656823248741,0.0315613609826864,-0.119220921525013,0.0450051770684963,-0.00440227677582231,0.0166293048740709
8.35,1,2.20058934241548,-2.20721656487026,-0.573824502318076,-0.322206771478056,0.0315173382149282,-0.119054628476272,0.0450051770684963,-0.00440227677582231,0.0166293048740709
8.36,1,2.19736952495955,-2.20690161160195,-0.575014217137595,-0.321756719707371,0.03147331544717,-0.118888335427531,0.0450051770684963,-0.00440227677582231,0.0166293048740709
8.37,1,2.19415420802133,-2.20658709856132,-0.576202269026627,-0.321306667936686,0.0314292926794117,-0.118722042378791,0.0450051770684963,-0.00440227677582231,0.0166293048740709
8.38,1,2.19094339160082,-2.20627302574836,-0.577388657985171,-0.320856616166001,0.0313852699116535,-0.11855574933005,0.0450051770684963,-0.00440227677582231,0.0166293048740709
8.39,1,2.18773707569801,-2.20595939316308,-0.578573384013228,-0.320406564395316,0.0313412471438953,-0.118389456281309,0.0450051770684963,-0.00440227677582231,0.0166293048740709
8.4,1,2.18453526031291,-2.20564620080548,-0.579756447110797,-0.319956512624631,0.0312972243761371,-0.118223163232569,0.0450051770684963,-0.00440227677582231,0.0166293048740709
8.41,1,2.18133794544552,-2.20533344867556,-0.580937847277879,-0.319506460853946,0.0312532016083788,-0.118056870183828,0.0450051770684963,-0.00440227677582231,0.0166293048740709
8.42,1,2.17814513109583,-2.20502113677332,-0.582117584514474,-0.319056409083261,0.0312091788406206,-0.117890577135087,0.0450051770684963,-0.00440227677582231,0.0166293048740709
8.43,1,2.17495681726386,-2.20470926509875,-0.583295658820581,-0.318606357312576,0.0311651560728624,-0.117724284086347,0.0450051770684963,-0.00440227677582231,0.0166293048740709
8.44,1,2.17177300394958,-2.20439783365186,-0.584472070196201,-0.318156305541891,0.0311211333051042,-0.117557991037606,0.0450051770684963,-0.00440227677582231,0.0166293048740709
8.45,1,2.16859369115302,-2.20408684243265,-0.585646818641333,-0.317706253771206,0.031077110537346,-0.117391697988865,0.0450051770684963,-0.00440227677582231,0.0166293048740709
8.46,1,2.16541887887416,-2.20377629144111,-0.586819904155978,-0.317256202000521,0.0310330877695877,-0.117225404940124,0.0450051770684963,-0.00440227677582231,0.0166293048740709
8.47,1,2.16224856711301,-2.20346618067725,-0.587991326740136,-0.316806150229836,0.0309890650018295,-0.117059111891384,0.0450051770684963,-0.00440227677582231,0.0166293048740709
8.48,1,2.15908275586956,-2.20315651014107,-0.589161086393806,-0.316356098459151,0.0309450422340713,-0.116892818842643,0.0450051770684963,-0.00440227677582231,0.0166293048740709
8.49,1,2.15592144514382,-2.20284727983257,-0.590329183116989,-0.315906046688466,0.0309010194663131,-0.116726525793902,0.0450051770684963,-0.00440227677582231,0.0166293048740709
8.5,1,2.15276463493579,-2.20253848975175,-0.591495616909684,-0.315455994917781,0.0308569966985548,-0.116560232745162,0.0450051770684963,-0.00440227677582231,0.0166293048740709
8.51,1,2.14961232524547,-2.2022301398986,-0.592660387771892,-0.315005943147096,0.0308129739307966,-0.116393939696421,0.0450051770684963,-0.00440227677582231,0.0166293048740709
8.52,1,2.14646451607285,-2.20192223027313,-0.593823495703612,-0.314555891376411,0.0307689511630384,-0.11622764664768,0.0450051770684963,-0.00440227677582231,0.0166293048740709
8.53,1,2.14332120741794,-2.20161476087534,-0.594984940704846,-0.314105839605726,0.0307249283952802,-0.116061353598939,0.0450051770684963,-0.00440227677582231,0.0166293048740709
8.54,1,2.14018239928074,-2.20130773170523,-0.596144722775591,-0.313655787835041,0.0306809056275219,-0.115895060550199,0.0450051770684963,-0.00440227677582231,0.0166293048740709
8.55,1,2.13704809166124,-2.20100114276279,-0.597302841915849,-0.313205736064356,0.0306368828597637,-0.115728767501458,0.0450051770684963,-0.00440227677582231,0.0166293048740709
8.56,1,2.13391828455945,-2.20069499404803,-0.59845929812562,-0.312755684293671,0.0305928600920055,-0.115562474452717,0.0450051770684963,-0.00440227677582231,0.0166293048740709
8.57,1,2.13079297797537,-2.20038928556095,-0.599614091404904,-0.312305632522986,0.0305488373242473,-0.115396181403977,0.0450051770684963,-0.00440227677582231,0.0166293048740709
8.58,1,2.12767217190899,-2.20008401730155,-0.6007672217537,-0.311855580752301,0.0305048145564891,-0.115229888355236,0.0450051770684963,-0.00440227677582231,0.0166293048740709
8.59,1,2.12455586636032,-2.19977918926982,-0.601918689172009,-0.311405528981616,0.0304607917887308,-0.115063595306495,0.0450051770684963,-0.00440227677582231,0.0166293048740709
8.6,1,2.12144406132936,-2.19947480146577,-0.60306849365983,-0.310955477210931,0.0304167690209726,-0.114897302257754,0.0450051770684963,-0.00440227677582231,0.0166293048740709
8.61,1,2.1183367568161,-2.1991708538894,-0.604216635217164,-0.310505425440247,0.0303727462532144,-0.114731009209014,0.0450051770684963,-0.00440227677582231,0.0166293048740709
8.62,1,2.11523395282055,-2.19886734654071,-0.60536311384401,-0.310055373669561,0.0303287234854562,-0.114564716160273,0.0450051770684963,-0.00440227677582231,0.0166293048740709
8.63,1,2.11213564934271,-2.19856427941969,-0.606507929540369,-0.309605321898877,0.0302847007176979,-0.114398423111532,0.0450051770684963,-0.00440227677582231,0.0166293048740709
8.64,1,2.10904184638257,-2.19826165252635,-0.607651082306241,-0.309155270128192,0.0302406779499397,-0.114232130062792,0.0450051770684963,-0.00440227677582231,0.0166293048740709
8.65,1,2.10595254394015,-2.19795946586069,-0.608792572141625,-0.308705218357507,0.0301966551821815,-0.114065837014051,0.0450051770684963,-0.00440227677582231,0.0166293048740709
8.66,1,2.10286774201542,-2.19765771942271,-0.609932399046522,-0.308255166586822,0.0301526324144233,-0.11389954396531,0.0450051770684963,-0.00440227677582231,0.0166293048740709
8.67,1,2.09978744060841,-2.1973564132124,-0.611070563020931,-0.307805114816137,0.030108609646665,-0.11373325091657,0.0450051770684963,-0.00440227677582231,0.0166293048740709
8.68,1,2.0967116397191,-2.19705554722978,-0.612207064064853,-0.307355063045452,0.0300645868789068,-0.113566957867829,0.0450051770684963,-0.00440227677582231,0.0166293048740709
8.69,1,2.0936403393475,-2.19675512147483,-0.613341902178288,-0.306905011274767,0.0300205641111486,-0.113400664819088,0.0450051770684963,-0.00440227677582231,0.0166293048740709
8.7,1,2.09057353949361,-2.19645513594755,-0.614475077361235,-0.306454959504082,0.0299765413433904,-0.113234371770347,0.0450051770684963,-0.00440227677582231,0.0166293048740709
8.71,1,2.08751124015742,-2.19615559064796,-0.615606589613695,-0.306004907733397,0.0299325185756321,-0.113068078721607,0.0450051770684963,-0.00440227677582231,0.0166293048740709
8.72,1,2.08445344133894,-2.19585648557604,-0.616736438935667,-0.305554855962712,0.0298884958078739,-0.112901785672866,0.0450051770684963,-0.00440227677582231,0.0166293048740709
8.73,1,2.08140014303816,-2.1955578207318,-0.617864625327152,-0.305104804192027,0.0298444730401157,-0.112735492624125,0.0450051770684963,-0.00440227677582231,0.0166293048740709
8.74,1,2.0783513452551,-2.19525959611524,-0.618991148788149,-0.304654752421342,0.0298004502723575,-0.112569199575385,0.0450051770684963,-0.00440227677582231,0.0166293048740709
8.75,1,2.07530704798974,-2.19496181172635,-0.62011600931866,-0.304204700650657,0.0297564275045993,-0.112402906526644,0.0450051770684963,-0.00440227677582231,0.0166293048740709
8.76,1,2.07226725124208,-2.19466446756515,-0.621239206918682,-0.303754648879972,0.029712404736841,-0.112236613477903,0.0450051770684963,-0.00440227677582231,0.0166293048740709
8.77,1,2.06923195501214,-2.19436756363162,-0.622360741588218,-0.303304597109287,0.0296683819690828,-0.112070320429162,0.0450051770684963,-0.00440227677582231,0.0166293048740709
8.78,1,2.0662011592999,-2.19407109992577,-0.623480613327266,-0.302854545338602,0.0296243592013246,-0.111904027380422,0.0450051770684963,-0.00440227677582231,0.0166293048740709
8.79,1,2.06317486410537,-2.19377507644759,-0.624598822135826,-0.302404493567917,0.0295803364335664,-0.111737734331681,0.0450051770684963,-0.00440227677582231,0.0166293048740709
8.8,1,2.06015306942854,-2.19347949319709,-0.625715368013899,-0.301954441797232,0.0295363136658081,-0.11157144128294,0.0450051770684963,-0.00440227677582231,0.0166293048740709
8.81,1,2.05713577526942,-2.19318435017427,-0.626830250961485,-0.301504390026547,0.0294922908980499,-0.1114051482342,0.0450051770684963,-0.00440227677582231,0.0166293048740709
8.82,1,2.05412298162801,-2.19288964737913,-0.627943470978583,-0.301054338255862,0.0294482681302917,-0.111238855185459,0.0450051770684963,-0.00440227677582231,0.0166293048740709
8.83,1,2.0511146885043,-2.19259538481167,-0.629055028065194,-0.300604286485177,0.0294042453625335,-0.111072562136718,0.0450051770684963,-0.00440227677582231,0.0166293048740709
8.84,1,2.04811089589831,-2.19230156247188,-0.630164922221318,-0.300154234714492,0.0293602225947753,-0.110906269087977,0.0450051770684963,-0.00440227677582231,0.0166293048740709
8.85,1,2.04511160381001,-2.19200818035977,-0.631273153446954,-0.299704182943807,0.029316199827017,-0.110739976039237,0.0450051770684963,-0.00440227677582231,0.0166293048740709
8.86,1,2.04211681223943,-2.19171523847534,-0.632379721742102,-0.299254131173122,0.0292721770592588,-0.110573682990496,0.0450051770684963,-0.00440227677582231,0.0166293048740709
8.87,1,2.03912652118655,-2.19142273681859,-0.633484627106764,-0.298804079402437,0.0292281542915006,-0.110407389941755,0.0450051770684963,-0.00440227677582231,0.0166293048740709
8.88,1,2.03614073065138,-2.19113067538951,-0.634587869540937,-0.298354027631753,0.0291841315237424,-0.110241096893015,0.0450051770684963,-0.00440227677582231,0.0166293048740709
8.89,1,2.03315944063392,-2.19083905418811,-0.635689449044624,-0.297903975861068,0.0291401087559841,-0.110074803844274,0.0450051770684963,-0.00440227677582231,0.0166293048740709
8.9,1,2.03018265113416,-2.19054787321439,-0.636789365617823,-0.297453924090383,0.0290960859882259,-0.109908510795533,0.0450051770684963,-0.00440227677582231,0.0166293048740709
8.91,1,2.02721036215211,-2.19025713246835,-0.637887619260534,-0.297003872319698,0.0290520632204677,-0.109742217746792,0.0450051770684963,-0.00440227677582231,0.0166293048740709
8.92,1,2.02424257368777,-2.18996683194998,-0.638984209972759,-0.296553820549013,0.0290080404527095,-0.109575924698052,0.0450051770684963,-0.00440227677582231,0.0166293048740709
8.93,1,2.02127928574113,-2.18967697165929,-0.640079137754496,-0.296103768778328,0.0289640176849512,-0.109409631649311,0.0450051770684963,-0.00440227677582231,0.0166293048740709
8.94,1,2.0183204983122,-2.18938755159628,-0.641172402605745,-0.295653717007643,0.028919994917193,-0.10924333860057,0.0450051770684963,-0.00440227677582231,0.0166293048740709
8.95,1,2.01536621140098,-2.18909857176095,-0.642264004526507,-0.295203665236958,0.0288759721494348,-0.10907704555183,0.0450051770684963,-0.00440227677582231,0.0166293048740709
8.96,1,2.01241642500746,-2.1888100321533,-0.643353943516782,-0.294753613466273,0.0288319493816766,-0.108910752503089,0.0450051770684963,-0.00440227677582231,0.0166293048740709
8.97,1,2.00947113913165,-2.18852193277332,-0.644442219576569,-0.294303561695588,0.0287879266139184,-0.108744459454348,0.0450051770684963,-0.00440227677582231,0.0166293048740709
8.98,1,2.00653035377355,-2.18823427362102,-0.645528832705869,-0.293853509924903,0.0287439038461601,-0.108578166405608,0.0450051770684963,-0.00440227677582231,0.0166293048740709
8.99,1,2.00359406893315,-2.18794705469639,-0.646613782904681,-0.293403458154218,0.0286998810784019,-0.108411873356867,0.0450051770684963,-0.00440227677582231,0.0166293048740709
9,1,2.00066228461046,-2.18766027599945,-0.647697070173006,-0.292953406383533,0.0286558583106437,-0.108245580308126,0.0450051770684963,-0.00440227677582231,0.0166293048740709
9.01,1,1.99773500080548,-2.18737393753018,-0.648778694510843,-0.292503354612848,0.0286118355428855,-0.108079287259385,0.0450051770684963,-0.00440227677582231,0.0166293048740709
9.02,1,1.99481221751821,-2.18708803928859,-0.649858655918194,-0.292053302842163,0.0285678127751272,-0.107912994210645,0.0450051770684963,-0.00440227677582231,0.0166293048740709
9.03,1,1.99189393474864,-2.18680258127468,-0.650936954395056,-0.291603251071478,0.028523790007369,-0.107746701161904,0.0450051770684963,-0.00440227677582231,0.0166293048740709
9.04,1,1.98898015249678,-2.18651756348844,-0.652013589941432,-0.291153199300793,0.0284797672396108,-0.107580408113163,0.0450051770684963,-0.00440227677582231,0.0166293048740709
9.05,1,1.98607087076262,-2.18623298592989,-0.65308856255732,-0.290703147530108,0.0284357444718526,-0.107414115064423,0.0450051770684963,-0.00440227677582231,0.0166293048740709
9.06,1,1.98316608954618,-2.18594884859901,-0.65416187224272,-0.290253095759423,0.0283917217040944,-0.107247822015682,0.0450051770684963,-0.00440227677582231,0.0166293048740709
9.07,1,1.98026580884743,-2.1856651514958,-0.655233518997633,-0.289803043988738,0.0283476989363361,-0.107081528966941,0.0450051770684963,-0.00440227677582231,0.0166293048740709
9.08,1,1.9773700286664,-2.18538189462028,-0.656303502822059,-0.289352992218053,0.0283036761685779,-0.1069152359182,0.0450051770684963,-0.00440227677582231,0.0166293048740709
9.09,1,1.97447874900307,-2.18509907797243,-0.657371823715997,-0.288902940447368,0.0282596534008197,-0.10674894286946,0.0450051770684963,-0.00440227677582231,0.0166293048740709
9.1,1,1.97159196985745,-2.18481670155226,-0.658438481679448,-0.288452888676683,0.0282156306330615,-0.106582649820719,0.0450051770684963,-0.00440227677582231,0.0166293048740709
9.11,1,1.96870969122954,-2.18453476535977,-0.659503476712411,-0.288002836905998,0.0281716078653032,-0.106416356771978,0.0450051770684963,-0.00440227677582231,0.0166293048740709
9.12,1,1.96583191311933,-2.18425326939496,-0.660566808814888,-0.287552785135313,0.028127585097545,-0.106250063723238,0.0450051770684963,-0.00440227677582231,0.0166293048740709
9.13,1,1.96295863552683,-2.18397221365782,-0.661628477986876,-0.287102733364628,0.0280835623297868,-0.106083770674497,0.0450051770684963,-0.00440227677582231,0.0166293048740709
9.14,1,1.96008985845204,-2.18369159814836,-0.662688484228378,-0.286652681593943,0.0280395395620286,-0.105917477625756,0.0450051770684963,-0.00440227677582231,0.0166293048740709
9.15,1,1.95722558189496,-2.18341142286658,-0.663746827539391,-0.286202629823259,0.0279955167942703,-0.105751184577016,0.0450051770684963,-0.00440227677582231,0.0166293048740709
9.16,1,1.95436580585558,-2.18313168781248,-0.664803507919918,-0.285752578052574,0.0279514940265121,-0.105584891528275,0.0450051770684963,-0.00440227677582231,0.0166293048740709
9.17,1,1.9515105303339,-2.18285239298605,-0.665858525369957,-0.285302526281889,0.0279074712587539,-0.105418598479534,0.0450051770684963,-0.00440227677582231,0.0166293048740709
9.18,1,1.94865975532994,-2.1825735383873,-0.666911879889509,-0.284852474511204,0.0278634484909957,-0.105252305430793,0.0450051770684963,-0.00440227677582231,0.0166293048740709
9.19,1,1.94581348084368,-2.18229512401623,-0.667963571478573,-0.284402422740519,0.0278194257232374,-0.105086012382053,0.0450051770684963,-0.00440227677582231,0.0166293048740709
9.2,1,1.94297170687513,-2.18201714987284,-0.66901360013715,-0.283952370969834,0.0277754029554792,-0.104919719333312,0.0450051770684963,-0.00440227677582231,0.0166293048740709
9.21,1,1.94013443342428,-2.18173961595712,-0.670061965865239,-0.283502319199149,0.027731380187721,-0.104753426284571,0.0450051770684963,-0.00440227677582231,0.0166293048740709
9.22,1,1.93730166049114,-2.18146252226908,-0.671108668662841,-0.283052267428464,0.0276873574199628,-0.104587133235831,0.0450051770684963,-0.00440227677582231,0.0166293048740709
9.23,1,1.93447338807571,-2.18118586880872,-0.672153708529956,-0.282602215657779,0.0276433346522045,-0.10442084018709,0.0450051770684963,-0.00440227677582231,0.0166293048740709
9.24,1,1.93164961617799,-2.18090965557604,-0.673197085466583,-0.282152163887094,0.0275993118844463,-0.104254547138349,0.0450051770684963,-0.00440227677582231,0.0166293048740709
9.25,1,1.92883034479797,-2.18063388257103,-0.674238799472723,-0.281702112116409,0.0275552891166881,-0.104088254089608,0.0450051770684963,-0.00440227677582231,0.0166293048740709
9.26,1,1.92601557393566,-2.1803585497937,-0.675278850548375,-0.281252060345724,0.0275112663489299,-0.103921961040868,0.0450051770684963,-0.00440227677582231,0.0166293048740709
9.27,1,1.92320530359106,-2.18008365724405,-0.67631723869354,-0.280802008575039,0.0274672435811717,-0.103755667992127,0.0450051770684963,-0.00440227677582231,0.0166293048740709
9.28,1,1.92039953376416,-2.17980920492208,-0.677353963908218,-0.280351956804354,0.0274232208134134,-0.103589374943386,0.0450051770684963,-0.00440227677582231,0.0166293048740709
9.29,1,1.91759826445497,-2.17953519282779,-0.678389026192408,-0.279901905033669,0.0273791980456552,-0.103423081894646,0.0450051770684963,-0.00440227677582231,0.0166293048740709
9.3,1,1.91480149566349,-2.17926162096117,-0.679422425546111,-0.279451853262984,0.027335175277897,-0.103256788845905,0.0450051770684963,-0.00440227677582231,0.0166293048740709
9.31,1,1.91200922738971,-2.17898848932223,-0.680454161969326,-0.279001801492299,0.0272911525101388,-0.103090495797164,0.0450051770684963,-0.00440227677582231,0.0166293048740709
9.32,1,1.90922145963364,-2.17871579791096,-0.681484235462054,-0.278551749721614,0.0272471297423805,-0.102924202748423,0.0450051770684963,-0.00440227677582231,0.0166293048740709
9.33,1,1.90643819239528,-2.17844354672738,-0.682512646024294,-0.278101697950929,0.0272031069746223,-0.102757909699683,0.0450051770684963,-0.00440227677582231,0.0166293048740709
9.34,1,1.90365942567462,-2.17817173577147,-0.683539393656047,-0.277651646180244,0.0271590842068641,-0.102591616650942,0.0450051770684963,-0.00440227677582231,0.0166293048740709
9.35,1,1.90088515947167,-2.17790036504324,-0.684564478357313,-0.277201594409559,0.0271150614391059,-0.102425323602201,0.0450051770684963,-0.00440227677582231,0.0166293048740709
9.36,1,1.89811539378643,-2.17762943454269,-0.685587900128091,-0.276751542638874,0.0270710386713477,-0.102259030553461,0.0450051770684963,-0.00440227677582231,0.0166293048740709
9.37,1,1.8953501286189,-2.17735894426982,-0.686609658968382,-0.276301490868189,0.0270270159035894,-0.10209273750472,0.0450051770684963,-0.00440227677582231,0.0166293048740709
9.38,1,1.89258936396907,-2.17708889422462,-0.687629754878186,-0.275851439097504,0.0269829931358312,-0.101926444455979,0.0450051770684963,-0.00440227677582231,0.0166293048740709
9.39,1,1.88983309983695,-2.1768192844071,-0.688648187857502,-0.275401387326819,0.026938970368073,-0.101760151407238,0.0450051770684963,-0.00440227677582231,0.0166293048740709
9.4,1,1.88708133622253,-2.17655011481726,-0.689664957906331,-0.274951335556134,0.0268949476003148,-0.101593858358498,0.0450051770684963,-0.00440227677582231,0.0166293048740709
9.41,1,1.88433407312582,-2.17628138545509,-0.690680065024672,-0.274501283785449,0.0268509248325565,-0.101427565309757,0.0450051770684963,-0.00440227677582231,0.0166293048740709
9.42,1,1.88159131054682,-2.17601309632061,-0.691693509212526,-0.274051232014765,0.0268069020647983,-0.101261272261016,0.0450051770684963,-0.00440227677582231,0.0166293048740709
9.43,1,1.87885304848553,-2.1757452474138,-0.692705290469892,-0.27360118024408,0.0267628792970401,-0.101094979212276,0.0450051770684963,-0.00440227677582231,0.0166293048740709
9.44,1,1.87611928694194,-2.17547783873467,-0.693715408796771,-0.273151128473395,0.0267188565292819,-0.100928686163535,0.0450051770684963,-0.00440227677582231,0.0166293048740709
9.45,1,1.87339002591606,-2.17521087028321,-0.694723864193163,-0.27270107670271,0.0266748337615236,-0.100762393114794,0.0450051770684963,-0.00440227677582231,0.0166293048740709
9.46,1,1.87066526540789,-2.17494434205943,-0.695730656659067,-0.272251024932025,0.0266308109937654,-0.100596100066053,0.0450051770684963,-0.00440227677582231,0.0166293048740709
9.47,1,1.86794500541742,-2.17467825406334,-0.696735786194484,-0.27180097316134,0.0265867882260072,-0.100429807017313,0.0450051770684963,-0.00440227677582231,0.0166293048740709
9.48,1,1.86522924594466,-2.17441260629491,-0.697739252799414,-0.271350921390655,0.026542765458249,-0.100263513968572,0.0450051770684963,-0.00440227677582231,0.0166293048740709
9.49,1,1.86251798698961,-2.17414739875417,-0.698741056473855,-0.27090086961997,0.0264987426904908,-0.100097220919831,0.0450051770684963,-0.00440227677582231,0.0166293048740709
9.5,1,1.85981122855226,-2.1738826314411,-0.69974119721781,-0.270450817849285,0.0264547199227325,-0.0999309278710907,0.0450051770684963,-0.00440227677582231,0.0166293048740709
9.51,1,1.85710897063262,-2.17361830435572,-0.700739675031277,-0.2700007660786,0.0264106971549743,-0.09976463482235,0.0450051770684963,-0.00440227677582231,0.0166293048740709
9.52,1,1.85441121323069,-2.17335441749801,-0.701736489914257,-0.269550714307915,0.0263666743872161,-0.0995983417736093,0.0450051770684963,-0.00440227677582231,0.0166293048740709
9.53,1,1.85171795634646,-2.17309097086797,-0.70273164186675,-0.26910066253723,0.0263226516194579,-0.0994320487248685,0.0450051770684963,-0.00440227677582231,0.0166293048740709
9.54,1,1.84902919997994,-2.17282796446562,-0.703725130888754,-0.268650610766545,0.0262786288516996,-0.0992657556761278,0.0450051770684963,-0.00440227677582231,0.0166293048740709
9.55,1,1.84634494413113,-2.17256539829094,-0.704716956980272,-0.26820055899586,0.0262346060839414,-0.0990994626273871,0.0450051770684963,-0.00440227677582231,0.0166293048740709
9.56,1,1.84366518880003,-2.17230327234394,-0.705707120141302,-0.267750507225175,0.0261905833161832,-0.0989331695786464,0.0450051770684963,-0.00440227677582231,0.0166293048740709
9.57,1,1.84098993398663,-2.17204158662461,-0.706695620371845,-0.26730045545449,0.026146560548425,-0.0987668765299057,0.0450051770684963,-0.00440227677582231,0.0166293048740709
9.58,1,1.83831917969094,-2.17178034113297,-0.7076824576719,-0.266850403683805,0.0261025377806667,-0.098600583481165,0.0450051770684963,-0.00440227677582231,0.0166293048740709
9.59,1,1.83565292591295,-2.171519535869,-0.708667632041468,-0.26640035191312,0.0260585150129085,-0.0984342904324243,0.0450051770684963,-0.00440227677582231,0.0166293048740709
9.6,1,1.83299117265267,-2.17125917083271,-0.709651143480549,-0.265950300142435,0.0260144922451503,-0.0982679973836836,0.0450051770684963,-0.00440227677582231,0.0166293048740709
9.61,1,1.8303339199101,-2.1709992460241,-0.710632991989142,-0.26550024837175,0.0259704694773921,-0.0981017043349429,0.0450051770684963,-0.00440227677582231,0.0166293048740709
9.62,1,1.82768116768524,-2.17073976144316,-0.711613177567248,-0.265050196601065,0.0259264467096338,-0.0979354112862021,0.0450051770684963,-0.00440227677582231,0.0166293048740709
9.63,1,1.82503291597808,-2.17048071708991,-0.712591700214866,-0.26460014483038,0.0258824239418756,-0.0977691182374615,0.0450051770684963,-0.00440227677582231,0.0166293048740709
9.64,1,1.82238916478863,-2.17022211296433,-0.713568559931997,-0.264150093059695,0.0258384011741174,-0.0976028251887207,0.0450051770684963,-0.00440227677582231,0.0166293048740709
9.65,1,1.81974991411689,-2.16996394906642,-0.71454375671864,-0.26370004128901,0.0257943784063592,-0.09743653213998,0.0450051770684963,-0.00440227677582231,0.0166293048740709
9.66,1,1.81711516396285,-2.1697062253962,-0.715517290574796,-0.263249989518325,0.025750355638601,-0.0972702390912393,0.0450051770684963,-0.00440227677582231,0.0166293048740709
9.67,1,1.81448491432652,-2.16944894195365,-0.716489161500465,-0.26279993774764,0.0257063328708427,-0.0971039460424986,0.0450051770684963,-0.00440227677582231,0.0166293048740709
9.68,1,1.8118591652079,-2.16919209873878,-0.717459369495646,-0.262349885976955,0.0256623101030845,-0.0969376529937579,0.0450051770684963,-0.00440227677582231,0.0166293048740709
9.69,1,1.80923791660698,-2.16893569575159,-0.71842791456034,-0.26189983420627,0.0256182873353263,-0.0967713599450172,0.0450051770684963,-0.00440227677582231,0.0166293048740709
9.7,1,1.80662116852377,-2.16867973299207,-0.719394796694547,-0.261449782435586,0.0255742645675681,-0.0966050668962765,0.0450051770684963,-0.00440227677582231,0.0166293048740709
9.71,1,1.80400892095827,-2.16842421046024,-0.720360015898266,-0.260999730664901,0.0255302417998098,-0.0964387738475358,0.0450051770684963,-0.00440227677582231,0.0166293048740709
9.72,1,1.80140117391047,-2.16816912815608,-0.721323572171497,-0.260549678894216,0.0254862190320516,-0.0962724807987951,0.0450051770684963,-0.00440227677582231,0.0166293048740709
9.73,1,1.79879792738039,-2.1679144860796,-0.722285465514242,-0.260099627123531,0.0254421962642934,-0.0961061877500543,0.0450051770684963,-0.00440227677582231,0.0166293048740709
9.74,1,1.796199181368,-2.16766028423079,-0.723245695926499,-0.259649575352846,0.0253981734965352,-0.0959398947013136,0.0450051770684963,-0.00440227677582231,0.0166293048740709
9.75,1,1.79360493587333,-2.16740652260967,-0.724204263408268,-0.259199523582161,0.025354150728777,-0.0957736016525729,0.0450051770684963,-0.00440227677582231,0.0166293048740709
9.76,1,1.79101519089636,-2.16715320121622,-0.72516116795955,-0.258749471811476,0.0253101279610187,-0.0956073086038322,0.0450051770684963,-0.00440227677582231,0.0166293048740709
9.77,1,1.7884299464371,-2.16690032005045,-0.726116409580345,-0.258299420040791,0.0252661051932605,-0.0954410155550915,0.0450051770684963,-0.00440227677582231,0.0166293048740709
9.78,1,1.78584920249554,-2.16664787911235,-0.727069988270652,-0.257849368270106,0.0252220824255023,-0.0952747225063508,0.0450051770684963,-0.00440227677582231,0.0166293048740709
9.79,1,1.7832729590717,-2.16639587840194,-0.728021904030472,-0.257399316499421,0.0251780596577441,-0.0951084294576101,0.0450051770684963,-0.00440227677582231,0.0166293048740709
9.8,1,1.78070121616556,-2.1661443179192,-0.728972156859804,-0.256949264728736,0.0251340368899858,-0.0949421364088694,0.0450051770684963,-0.00440227677582231,0.0166293048740709
9.81,1,1.77813397377712,-2.16589319766414,-0.729920746758649,-0.256499212958051,0.0250900141222276,-0.0947758433601287,0.0450051770684963,-0.00440227677582231,0.0166293048740709
9.82,1,1.7755712319064,-2.16564251763675,-0.730867673727007,-0.256049161187366,0.0250459913544694,-0.094609550311388,0.0450051770684963,-0.00440227677582231,0.0166293048740709
9.83,1,1.77301299055338,-2.16539227783705,-0.731812937764877,-0.255599109416681,0.0250019685867112,-0.0944432572626473,0.0450051770684963,-0.00440227677582231,0.0166293048740709
9.84,1,1.77045924971806,-2.16514247826502,-0.73275653887226,-0.255149057645996,0.0249579458189529,-0.0942769642139066,0.0450051770684963,-0.00440227677582231,0.0166293048740709
9.85,1,1.76791000940046,-2.16489311892067,-0.733698477049155,-0.254699005875311,0.0249139230511947,-0.0941106711651659,0.0450051770684963,-0.00440227677582231,0.0166293048740709
9.86,1,1.76536526960056,-2.16464419980399,-0.734638752295563,-0.254248954104626,0.0248699002834365,-0.0939443781164252,0.0450051770684963,-0.00440227677582231,0.0166293048740709
9.87,1,1.76282503031836,-2.164395720915,-0.735577364611484,-0.253798902333941,0.0248258775156783,-0.0937780850676844,0.0450051770684963,-0.00440227677582231,0.0166293048740709
9.88,1,1.76028929155388,-2.16414768225368,-0.736514313996917,-0.253348850563256,0.0247818547479201,-0.0936117920189437,0.0450051770684963,-0.00440227677582231,0.0166293048740709
9.89,1,1.7577580533071,-2.16390008382004,-0.737449600451862,-0.252898798792571,0.0247378319801618,-0.093445498970203,0.0450051770684963,-0.00440227677582231,0.0166293048740709
9.9,1,1.75523131557803,-2.16365292561408,-0.738383223976321,-0.252448747021886,0.0246938092124036,-0.0932792059214623,0.0450051770684963,-0.00440227677582231,0.0166293048740709
9.91,1,1.75270907836666,-2.16340620763579,-0.739315184570292,-0.251998695251201,0.0246497864446454,-0.0931129128727216,0.0450051770684963,-0.00440227677582231,0.0166293048740709
9.92,1,1.750191341673,-2.16315992988518,-0.740245482233775,-0.251548643480516,0.0246057636768872,-0.0929466198239809,0.0450051770684963,-0.00440227677582231,0.0166293048740709
9.93,1,1.74767810549705,-2.16291409236225,-0.741174116966771,-0.251098591709831,0.0245617409091289,-0.0927803267752402,0.0450051770684963,-0.00440227677582231,0.0166293048740709
9.94,1,1.7451693698388,-2.162668695067,-0.74210108876928,-0.250648539939146,0.0245177181413707,-0.0926140337264995,0.0450051770684963,-0.00440227677582231,0.0166293048740709
9.95,1,1.74266513469827,-2.16242373799943,-0.743026397641301,-0.250198488168461,0.0244736953736125,-0.0924477406777588,0.0450051770684963,-0.00440227677582231,0.0166293048740709
9.96,1,1.74016540007544,-2.16217922115953,-0.743950043582835,-0.249748436397776,0.0244296726058543,-0.092281447629018,0.0450051770684963,-0.00440227677582231,0.0166293048740709
9.97,1,1.73767016597031,-2.16193514454731,-0.744872026593881,-0.249298384627092,0.024385649838096,-0.0921151545802774,0.0450051770684963,-0.00440227677582231,0.0166293048740709
9.98,1,1.73517943238289,-2.16169150816277,-0.745792346674441,-0.248848332856407,0.0243416270703378,-0.0919488615315366,0.0450051770684963,-0.00440227677582231,0.0166293048740709
9.99,1,1.73269319931318,-2.1614483120059,-0.746711003824512,-0.248398281085722,0.0242976043025796,-0.0917825684827959,0.0450051770684963,-0.00440227677582231,0.0166293048740709
10,1,1.73021146676118,-2.16120555607672,-0.747627998044097,-0.247948229315037,0.0242535815348214,-0.0916162754340552,0.0450051770684963,-0.00440227677582231,0.0166293048740709
10.01,1,1.72773423472688,-2.16096324037521,-0.748543329333193,-0.247498177544352,0.0242095587670632,-0.0914499823853145,0.0450051770684963,-0.00440227677582231,0.0166293048740709
10.02,1,1.72526150321029,-2.16072136490138,-0.749456997691803,-0.247048125773667,0.0241655359993049,-0.0912836893365738,0.0450051770684963,-0.00440227677582231,0.0166293048740709
10.03,1,1.72279327221141,-2.16047992965522,-0.750369003119925,-0.246598074002982,0.0241215132315467,-0.0911173962878331,0.0450051770684963,-0.00440227677582231,0.0166293048740709
10.04,1,1.72032954173023,-2.16023893463674,-0.751279345617559,-0.246148022232297,0.0240774904637885,-0.0909511032390924,0.0450051770684963,-0.00440227677582231,0.0166293048740709
10.05,1,1.71787031176676,-2.15999837984594,-0.752188025184707,-0.245697970461612,0.0240334676960303,-0.0907848101903517,0.0450051770684963,-0.00440227677582231,0.0166293048740709
10.06,1,1.715415582321,-2.15975826528282,-0.753095041821366,-0.245247918690927,0.023989444928272,-0.090618517141611,0.0450051770684963,-0.00440227677582231,0.0166293048740709
10.07,1,1.71296535339294,-2.15951859094738,-0.754000395527539,-0.244797866920242,0.0239454221605138,-0.0904522240928703,0.0450051770684963,-0.00440227677582231,0.0166293048740709
10.08,1,1.7105196249826,-2.15927935683961,-0.754904086303224,-0.244347815149557,0.0239013993927556,-0.0902859310441295,0.0450051770684963,-0.00440227677582231,0.0166293048740709
10.09,1,1.70807839708995,-2.15904056295952,-0.755806114148421,-0.243897763378872,0.0238573766249974,-0.0901196379953888,0.0450051770684963,-0.00440227677582231,0.0166293048740709
10.1,1,1.70564166971502,-2.15880220930711,-0.756706479063132,-0.243447711608187,0.0238133538572391,-0.0899533449466481,0.0450051770684963,-0.00440227677582231,0.0166293048740709
10.11,1,1.70320944285779,-2.15856429588238,-0.757605181047354,-0.242997659837502,0.0237693310894809,-0.0897870518979074,0.0450051770684963,-0.00440227677582231,0.0166293048740709
10.12,1,1.70078171651827,-2.15832682268532,-0.75850222010109,-0.242547608066817,0.0237253083217227,-0.0896207588491667,0.0450051770684963,-0.00440227677582231,0.0166293048740709
10.13,1,1.69835849069645,-2.15808978971595,-0.759397596224338,-0.242097556296132,0.0236812855539645,-0.089454465800426,0.0450051770684963,-0.00440227677582231,0.0166293048740709
10.14,1,1.69593976539235,-2.15785319697424,-0.760291309417098,-0.241647504525447,0.0236372627862063,-0.0892881727516853,0.0450051770684963,-0.00440227677582231,0.0166293048740709
10.15,1,1.69352554060594,-2.15761704446022,-0.761183359679371,-0.241197452754762,0.023593240018448,-0.0891218797029446,0.0450051770684963,-0.00440227677582231,0.0166293048740709
10.16,1,1.69111581633725,-2.15738133217388,-0.762073747011157,-0.240747400984077,0.0235492172506898,-0.0889555866542039,0.0450051770684963,-0.00440227677582231,0.0166293048740709
10.17,1,1.68871059258626,-2.15714606011521,-0.762962471412456,-0.240297349213392,0.0235051944829316,-0.0887892936054632,0.0450051770684963,-0.00440227677582231,0.0166293048740709
10.18,1,1.68630986935298,-2.15691122828422,-0.763849532883267,-0.239847297442707,0.0234611717151734,-0.0886230005567225,0.0450051770684963,-0.00440227677582231,0.0166293048740709
10.19,1,1.68391364663741,-2.1566768366809,-0.76473493142359,-0.239397245672022,0.0234171489474151,-0.0884567075079817,0.0450051770684963,-0.00440227677582231,0.0166293048740709
10.2,1,1.68152192443954,-2.15644288530527,-0.765618667033426,-0.238947193901337,0.0233731261796569,-0.088290414459241,0.0450051770684963,-0.00440227677582231,0.0166293048740709
10.21,1,1.67913470275938,-2.15620937415731,-0.766500739712775,-0.238497142130652,0.0233291034118987,-0.0881241214105003,0.0450051770684963,-0.00440227677582231,0.0166293048740709
10.22,1,1.67675198159693,-2.15597630323703,-0.767381149461636,-0.238047090359967,0.0232850806441405,-0.0879578283617596,0.0450051770684963,-0.00440227677582231,0.0166293048740709
10.23,1,1.67437376095218,-2.15574367254443,-0.76825989628001,-0.237597038589282,0.0232410578763822,-0.0877915353130189,0.0450051770684963,-0.00440227677582231,0.0166293048740709
10.24,1,1.67200004082514,-2.1555114820795,-0.769136980167897,-0.237146986818597,0.023197035108624,-0.0876252422642782,0.0450051770684963,-0.00440227677582231,0.0166293048740709
10.25,1,1.66963082121581,-2.15527973184226,-0.770012401125296,-0.236696935047913,0.0231530123408658,-0.0874589492155375,0.0450051770684963,-0.00440227677582231,0.0166293048740709
10.26,1,1.66726610212419,-2.15504842183269,-0.770886159152207,-0.236246883277228,0.0231089895731076,-0.0872926561667968,0.0450051770684963,-0.00440227677582231,0.0166293048740709
10.27,1,1.66490588355027,-2.15481755205079,-0.771758254248632,-0.235796831506543,0.0230649668053494,-0.0871263631180561,0.0450051770684963,-0.00440227677582231,0.0166293048740709
10.28,1,1.66255016549405,-2.15458712249658,-0.772628686414568,-0.235346779735858,0.0230209440375911,-0.0869600700693153,0.0450051770684963,-0.00440227677582231,0.0166293048740709
10.29,1,1.66019894795555,-2.15435713317004,-0.773497455650018,-0.234896727965173,0.0229769212698329,-0.0867937770205747,0.0450051770684963,-0.00440227677582231,0.0166293048740709
10.3,1,1.65785223093475,-2.15412758407118,-0.77436456195498,-0.234446676194488,0.0229328985020747,-0.0866274839718339,0.0450051770684963,-0.00440227677582231,0.0166293048740709
10.31,1,1.65551001443166,-2.1538984752,-0.775230005329454,-0.233996624423803,0.0228888757343165,-0.0864611909230933,0.0450051770684963,-0.00440227677582231,0.0166293048740709
10.32,1,1.65317229844627,-2.1536698065565,-0.776093785773442,-0.233546572653118,0.0228448529665582,-0.0862948978743525,0.0450051770684963,-0.00440227677582231,0.0166293048740709
10.33,1,1.6508390829786,-2.15344157814067,-0.776955903286942,-0.233096520882433,0.0228008301988,-0.0861286048256118,0.0450051770684963,-0.00440227677582231,0.0166293048740709
10.34,1,1.64851036802863,-2.15321378995252,-0.777816357869954,-0.232646469111748,0.0227568074310418,-0.0859623117768711,0.0450051770684963,-0.00440227677582231,0.0166293048740709
10.35,1,1.64618615359636,-2.15298644199205,-0.778675149522479,-0.232196417341063,0.0227127846632836,-0.0857960187281304,0.0450051770684963,-0.00440227677582231,0.0166293048740709
10.36,1,1.6438664396818,-2.15275953425925,-0.779532278244517,-0.231746365570378,0.0226687618955253,-0.0856297256793897,0.0450051770684963,-0.00440227677582231,0.0166293048740709
10.37,1,1.64155122628495,-2.15253306675414,-0.780387744036067,-0.231296313799693,0.0226247391277671,-0.085463432630649,0.0450051770684963,-0.00440227677582231,0.0166293048740709
10.38,1,1.63924051340581,-2.1523070394767,-0.78124154689713,-0.230846262029008,0.0225807163600089,-0.0852971395819083,0.0450051770684963,-0.00440227677582231,0.0166293048740709
10.39,1,1.63693430104437,-2.15208145242694,-0.782093686827705,-0.230396210258323,0.0225366935922507,-0.0851308465331676,0.0450051770684963,-0.00440227677582231,0.0166293048740709
10.4,1,1.63463258920064,-2.15185630560485,-0.782944163827793,-0.229946158487638,0.0224926708244925,-0.0849645534844269,0.0450051770684963,-0.00440227677582231,0.0166293048740709
10.41,1,1.63233537787462,-2.15163159901045,-0.783792977897394,-0.229496106716953,0.0224486480567342,-0.0847982604356862,0.0450051770684963,-0.00440227677582231,0.0166293048740709
10.42,1,1.63004266706631,-2.15140733264372,-0.784640129036507,-0.229046054946268,0.022404625288976,-0.0846319673869454,0.0450051770684963,-0.00440227677582231,0.0166293048740709
10.43,1,1.6277544567757,-2.15118350650467,-0.785485617245132,-0.228596003175583,0.0223606025212178,-0.0844656743382047,0.0450051770684963,-0.00440227677582231,0.0166293048740709
10.44,1,1.62547074700279,-2.15096012059329,-0.786329442523271,-0.228145951404898,0.0223165797534596,-0.084299381289464,0.0450051770684963,-0.00440227677582231,0.0166293048740709
10.45,1,1.6231915377476,-2.1507371749096,-0.787171604870922,-0.227695899634213,0.0222725569857013,-0.0841330882407233,0.0450051770684963,-0.00440227677582231,0.0166293048740709
10.46,1,1.62091682901011,-2.15051466945358,-0.788012104288085,-0.227245847863528,0.0222285342179431,-0.0839667951919826,0.0450051770684963,-0.00440227677582231,0.0166293048740709
10.47,1,1.61864662079033,-2.15029260422524,-0.788850940774761,-0.226795796092843,0.0221845114501849,-0.0838005021432419,0.0450051770684963,-0.00440227677582231,0.0166293048740709
10.48,1,1.61638091308825,-2.15007097922458,-0.78968811433095,-0.226345744322158,0.0221404886824267,-0.0836342090945012,0.0450051770684963,-0.00440227677582231,0.0166293048740709
10.49,1,1.61411970590388,-2.14984979445159,-0.790523624956651,-0.225895692551473,0.0220964659146684,-0.0834679160457605,0.0450051770684963,-0.00440227677582231,0.0166293048740709
10.5,1,1.61186299923722,-2.14962904990628,-0.791357472651865,-0.225445640780788,0.0220524431469102,-0.0833016229970198,0.0450051770684963,-0.00440227677582231,0.0166293048740709
10.51,1,1.60961079308827,-2.14940874558865,-0.792189657416592,-0.224995589010103,0.022008420379152,-0.0831353299482791,0.0450051770684963,-0.00440227677582231,0.0166293048740709
10.52,1,1.60736308745702,-2.1491888814987,-0.793020179250831,-0.224545537239419,0.0219643976113938,-0.0829690368995384,0.0450051770684963,-0.00440227677582231,0.0166293048740709
10.53,1,1.60511988234348,-2.14896945763643,-0.793849038154583,-0.224095485468734,0.0219203748436355,-0.0828027438507976,0.0450051770684963,-0.00440227677582231,0.0166293048740709
10.54,1,1.60288117774765,-2.14875047400183,-0.794676234127847,-0.223645433698049,0.0218763520758773,-0.0826364508020569,0.0450051770684963,-0.00440227677582231,0.0166293048740709
10.55,1,1.60064697366952,-2.14853193059491,-0.795501767170624,-0.223195381927364,0.0218323293081191,-0.0824701577533162,0.0450051770684963,-0.00440227677582231,0.0166293048740709
10.56,1,1.5984172701091,-2.14831382741567,-0.796325637282913,-0.222745330156679,0.0217883065403609,-0.0823038647045755,0.0450051770684963,-0.00440227677582231,0.0166293048740709
10.57,1,1.59619206706639,-2.1480961644641,-0.797147844464715,-0.222295278385994,0.0217442837726027,-0.0821375716558348,0.0450051770684963,-0.00440227677582231,0.0166293048740709
10.58,1,1.59397136454138,-2.14787894174021,-0.79796838871603,-0.221845226615309,0.0217002610048444,-0.0819712786070941,0.0450051770684963,-0.00440227677582231,0.0166293048740709
10.59,1,1.59175516253408,-2.147662159244,-0.798787270036857,-0.221395174844624,0.0216562382370862,-0.0818049855583534,0.0450051770684963,-0.00440227677582231,0.0166293048740709
10.6,1,1.58954346104449,-2.14744581697547,-0.799604488427197,-0.220945123073939,0.021612215469328,-0.0816386925096127,0.0450051770684963,-0.00440227677582231,0.0166293048740709
10.61,1,1.5873362600726,-2.14722991493462,-0.800420043887049,-0.220495071303254,0.0215681927015698,-0.081472399460872,0.0450051770684963,-0.00440227677582231,0.0166293048740709
10.62,1,1.58513355961842,-2.14701445312144,-0.801233936416414,-0.220045019532569,0.0215241699338115,-0.0813061064121312,0.0450051770684963,-0.00440227677582231,0.0166293048740709
10.63,1,1.58293535968195,-2.14679943153594,-0.802046166015292,-0.219594967761884,0.0214801471660533,-0.0811398133633906,0.0450051770684963,-0.00440227677582231,0.0166293048740709
10.64,1,1.58074166026318,-2.14658485017812,-0.802856732683682,-0.219144915991199,0.0214361243982951,-0.0809735203146498,0.0450051770684963,-0.00440227677582231,0.0166293048740709
10.65,1,1.57855246136213,-2.14637070904797,-0.803665636421585,-0.218694864220514,0.0213921016305369,-0.0808072272659092,0.0450051770684963,-0.00440227677582231,0.0166293048740709
10.66,1,1.57636776297877,-2.14615700814551,-0.804472877229,-0.218244812449829,0.0213480788627787,-0.0806409342171684,0.0450051770684963,-0.00440227677582231,0.0166293048740709
10.67,1,1.57418756511313,-2.14594374747072,-0.805278455105928,-0.217794760679144,0.0213040560950204,-0.0804746411684277,0.0450051770684963,-0.00440227677582231,0.0166293048740709
10.68,1,1.57201186776519,-2.14573092702361,-0.806082370052369,-0.217344708908459,0.0212600333272622,-0.080308348119687,0.0450051770684963,-0.00440227677582231,0.0166293048740709
10.69,1,1.56984067093496,-2.14551854680417,-0.806884622068322,-0.216894657137774,0.021216010559504,-0.0801420550709463,0.0450051770684963,-0.00440227677582231,0.0166293048740709
10.7,1,1.56767397462244,-2.14530660681242,-0.807685211153788,-0.216444605367089,0.0211719877917458,-0.0799757620222056,0.0450051770684963,-0.00440227677582231,0.0166293048740709
10.71,1,1.56551177882762,-2.14509510704834,-0.808484137308766,-0.215994553596404,0.0211279650239875,-0.0798094689734649,0.0450051770684963,-0.00440227677582231,0.0166293048740709
10.72,1,1.56335408355051,-2.14488404751194,-0.809281400533257,-0.215544501825719,0.0210839422562293,-0.0796431759247242,0.0450051770684963,-0.00440227677582231,0.0166293048740709
10.73,1,1.5612008887911,-2.14467342820321,-0.810077000827261,-0.215094450055034,0.0210399194884711,-0.0794768828759835,0.0450051770684963,-0.00440227677582231,0.0166293048740709
10.74,1,1.55905219454941,-2.14446324912217,-0.810870938190777,-0.214644398284349,0.0209958967207129,-0.0793105898272427,0.0450051770684963,-0.00440227677582231,0.0166293048740709
10.75,1,1.55690800082542,-2.1442535102688,-0.811663212623805,-0.214194346513664,0.0209518739529546,-0.079144296778502,0.0450051770684963,-0.00440227677582231,0.0166293048740709
10.76,1,1.55476830761913,-2.14404421164311,-0.812453824126347,-0.213744294742979,0.0209078511851964,-0.0789780037297613,0.0450051770684963,-0.00440227677582231,0.0166293048740709
10.77,1,1.55263311493056,-2.1438353532451,-0.813242772698401,-0.213294242972294,0.0208638284174382,-0.0788117106810206,0.0450051770684963,-0.00440227677582231,0.0166293048740709
10.78,1,1.55050242275969,-2.14362693507476,-0.814030058339967,-0.212844191201609,0.02081980564968,-0.0786454176322799,0.0450051770684963,-0.00440227677582231,0.0166293048740709
10.79,1,1.54837623110652,-2.1434189571321,-0.814815681051046,-0.212394139430925,0.0207757828819218,-0.0784791245835392,0.0450051770684963,-0.00440227677582231,0.0166293048740709
10.8,1,1.54625453997107,-2.14321141941712,-0.815599640831638,-0.21194408766024,0.0207317601141635,-0.0783128315347985,0.0450051770684963,-0.00440227677582231,0.0166293048740709
10.81,1,1.54413734935332,-2.14300432192982,-0.816381937681742,-0.211494035889555,0.0206877373464053,-0.0781465384860578,0.0450051770684963,-0.00440227677582231,0.0166293048740709
10.82,1,1.54202465925328,-2.14279766467019,-0.817162571601359,-0.21104398411887,0.0206437145786471,-0.0779802454373171,0.0450051770684963,-0.00440227677582231,0.0166293048740709
10.83,1,1.53991646967094,-2.14259144763825,-0.817941542590489,-0.210593932348185,0.0205996918108889,-0.0778139523885764,0.0450051770684963,-0.00440227677582231,0.0166293048740709
10.84,1,1.53781278060631,-2.14238567083398,-0.818718850649131,-0.2101438805775,0.0205556690431306,-0.0776476593398357,0.0450051770684963,-0.00440227677582231,0.0166293048740709
10.85,1,1.53571359205939,-2.14218033425738,-0.819494495777285,-0.209693828806815,0.0205116462753724,-0.077481366291095,0.0450051770684963,-0.00440227677582231,0.0166293048740709
10.86,1,1.53361890403018,-2.14197543790847,-0.820268477974953,-0.20924377703613,0.0204676235076142,-0.0773150732423543,0.0450051770684963,-0.00440227677582231,0.0166293048740709
10.87,1,1.53152871651867,-2.14177098178723,-0.821040797242133,-0.208793725265445,0.020423600739856,-0.0771487801936135,0.0450051770684963,-0.00440227677582231,0.0166293048740709
10.88,1,1.52944302952487,-2.14156696589367,-0.821811453578825,-0.20834367349476,0.0203795779720978,-0.0769824871448729,0.0450051770684963,-0.00440227677582231,0.0166293048740709
10.89,1,1.52736184304877,-2.14136339022779,-0.82258044698503,-0.207893621724075,0.0203355552043395,-0.0768161940961321,0.0450051770684963,-0.00440227677582231,0.0166293048740709
10.9,1,1.52528515709039,-2.14116025478959,-0.823347777460747,-0.20744356995339,0.0202915324365813,-0.0766499010473914,0.0450051770684963,-0.00440227677582231,0.0166293048740709
10.91,1,1.52321297164971,-2.14095755957906,-0.824113445005978,-0.206993518182705,0.0202475096688231,-0.0764836079986507,0.0450051770684963,-0.00440227677582231,0.0166293048740709
10.92,1,1.52114528672673,-2.14075530459621,-0.824877449620721,-0.20654346641202,0.0202034869010649,-0.07631731494991,0.0450051770684963,-0.00440227677582231,0.0166293048740709
10.93,1,1.51908210232147,-2.14055348984104,-0.825639791304976,-0.206093414641335,0.0201594641333066,-0.0761510219011693,0.0450051770684963,-0.00440227677582231,0.0166293048740709
10.94,1,1.51702341843391,-2.14035211531354,-0.826400470058744,-0.20564336287065,0.0201154413655484,-0.0759847288524286,0.0450051770684963,-0.00440227677582231,0.0166293048740709
10.95,1,1.51496923506405,-2.14015118101373,-0.827159485882024,-0.205193311099965,0.0200714185977902,-0.0758184358036879,0.0450051770684963,-0.00440227677582231,0.0166293048740709
10.96,1,1.51291955221191,-2.13995068694159,-0.827916838774818,-0.20474325932928,0.020027395830032,-0.0756521427549471,0.0450051770684963,-0.00440227677582231,0.0166293048740709
10.97,1,1.51087436987747,-2.13975063309713,-0.828672528737123,-0.204293207558595,0.0199833730622737,-0.0754858497062065,0.0450051770684963,-0.00440227677582231,0.0166293048740709
10.98,1,1.50883368806074,-2.13955101948034,-0.829426555768942,-0.20384315578791,0.0199393502945155,-0.0753195566574657,0.0450051770684963,-0.00440227677582231,0.0166293048740709
10.99,1,1.50679750676171,-2.13935184609123,-0.830178919870273,-0.203393104017225,0.0198953275267573,-0.075153263608725,0.0450051770684963,-0.00440227677582231,0.0166293048740709
11,1,1.50476582598039,-2.13915311292981,-0.830929621041116,-0.20294305224654,0.0198513047589991,-0.0749869705599843,0.0450051770684963,-0.00440227677582231,0.0166293048740709
11.01,1,1.50273864571678,-2.13895481999605,-0.831678659281472,-0.202493000475855,0.0198072819912408,-0.0748206775112436,0.0450051770684963,-0.00440227677582231,0.0166293048740709
11.02,1,1.50071596597087,-2.13875696728998,-0.832426034591341,-0.20204294870517,0.0197632592234826,-0.0746543844625029,0.0450051770684963,-0.00440227677582231,0.0166293048740709
11.03,1,1.49869778674268,-2.13855955481158,-0.833171746970723,-0.201592896934485,0.0197192364557244,-0.0744880914137622,0.0450051770684963,-0.00440227677582231,0.0166293048740709
11.04,1,1.49668410803218,-2.13836258256087,-0.833915796419616,-0.2011428451638,0.0196752136879662,-0.0743217983650215,0.0450051770684963,-0.00440227677582231,0.0166293048740709
11.05,1,1.4946749298394,-2.13816605053783,-0.834658182938023,-0.200692793393115,0.019631190920208,-0.0741555053162808,0.0450051770684963,-0.00440227677582231,0.0166293048740709
11.06,1,1.49267025216432,-2.13796995874246,-0.835398906525942,-0.200242741622431,0.0195871681524497,-0.0739892122675401,0.0450051770684963,-0.00440227677582231,0.0166293048740709
11.07,1,1.49067007500695,-2.13777430717478,-0.836137967183374,-0.199792689851746,0.0195431453846915,-0.0738229192187994,0.0450051770684963,-0.00440227677582231,0.0166293048740709
11.08,1,1.48867439836729,-2.13757909583477,-0.836875364910318,-0.199342638081061,0.0194991226169333,-0.0736566261700587,0.0450051770684963,-0.00440227677582231,0.0166293048740709
11.09,1,1.48668322224533,-2.13738432472244,-0.837611099706775,-0.198892586310376,0.0194550998491751,-0.0734903331213179,0.0450051770684963,-0.00440227677582231,0.0166293048740709
11.1,1,1.48469654664108,-2.13718999383779,-0.838345171572744,-0.198442534539691,0.0194110770814168,-0.0733240400725772,0.0450051770684963,-0.00440227677582231,0.0166293048740709
11.11,1,1.48271437155454,-2.13699610318081,-0.839077580508226,-0.197992482769006,0.0193670543136586,-0.0731577470238365,0.0450051770684963,-0.00440227677582231,0.0166293048740709
11.12,1,1.4807366969857,-2.13680265275151,-0.839808326513221,-0.197542430998321,0.0193230315459004,-0.0729914539750958,0.0450051770684963,-0.00440227677582231,0.0166293048740709
11.13,1,1.47876352293457,-2.13660964254989,-0.840537409587728,-0.197092379227636,0.0192790087781422,-0.0728251609263551,0.0450051770684963,-0.00440227677582231,0.0166293048740709
11.14,1,1.47679484940115,-2.13641707257595,-0.841264829731748,-0.196642327456951,0.0192349860103839,-0.0726588678776144,0.0450051770684963,-0.00440227677582231,0.0166293048740709
11.15,1,1.47483067638543,-2.13622494282968,-0.841990586945281,-0.196192275686266,0.0191909632426257,-0.0724925748288737,0.0450051770684963,-0.00440227677582231,0.0166293048740709
11.16,1,1.47287100388742,-2.1360332533111,-0.842714681228326,-0.195742223915581,0.0191469404748675,-0.072326281780133,0.0450051770684963,-0.00440227677582231,0.0166293048740709
11.17,1,1.47091583190712,-2.13584200402019,-0.843437112580883,-0.195292172144896,0.0191029177071093,-0.0721599887313923,0.0450051770684963,-0.00440227677582231,0.0166293048740709
11.18,1,1.46896516044452,-2.13565119495695,-0.844157881002954,-0.194842120374211,0.0190588949393511,-0.0719936956826516,0.0450051770684963,-0.00440227677582231,0.0166293048740709
11.19,1,1.46701898949963,-2.1354608261214,-0.844876986494536,-0.194392068603526,0.0190148721715928,-0.0718274026339109,0.0450051770684963,-0.00440227677582231,0.0166293048740709
11.2,1,1.46507731907245,-2.13527089751352,-0.845594429055632,-0.193942016832841,0.0189708494038346,-0.0716611095851701,0.0450051770684963,-0.00440227677582231,0.0166293048740709
11.21,1,1.46314014916298,-2.13508140913332,-0.84631020868624,-0.193491965062156,0.0189268266360764,-0.0714948165364294,0.0450051770684963,-0.00440227677582231,0.0166293048740709
11.22,1,1.46120747977121,-2.1348923609808,-0.84702432538636,-0.193041913291471,0.0188828038683182,-0.0713285234876887,0.0450051770684963,-0.00440227677582231,0.0166293048740709
11.23,1,1.45927931089715,-2.13470375305596,-0.847736779155994,-0.192591861520786,0.0188387811005599,-0.071162230438948,0.0450051770684963,-0.00440227677582231,0.0166293048740709
11.24,1,1.45735564254079,-2.13451558535879,-0.848447569995139,-0.192141809750101,0.0187947583328017,-0.0709959373902073,0.0450051770684963,-0.00440227677582231,0.0166293048740709
11.25,1,1.45543647470215,-2.1343278578893,-0.849156697903798,-0.191691757979416,0.0187507355650435,-0.0708296443414666,0.0450051770684963,-0.00440227677582231,0.0166293048740709
11.26,1,1.45352180738121,-2.13414057064749,-0.849864162881969,-0.191241706208731,0.0187067127972853,-0.0706633512927259,0.0450051770684963,-0.00440227677582231,0.0166293048740709
11.27,1,1.45161164057797,-2.13395372363336,-0.850569964929652,-0.190791654438046,0.0186626900295271,-0.0704970582439852,0.0450051770684963,-0.00440227677582231,0.0166293048740709
11.28,1,1.44970597429244,-2.1337673168469,-0.851274104046848,-0.190341602667361,0.0186186672617688,-0.0703307651952444,0.0450051770684963,-0.00440227677582231,0.0166293048740709
11.29,1,1.44780480852462,-2.13358135028812,-0.851976580233557,-0.189891550896676,0.0185746444940106,-0.0701644721465038,0.0450051770684963,-0.00440227677582231,0.0166293048740709
11.3,1,1.44590814327451,-2.13339582395702,-0.852677393489778,-0.189441499125991,0.0185306217262524,-0.069998179097763,0.0450051770684963,-0.00440227677582231,0.0166293048740709
11.31,1,1.4440159785421,-2.13321073785359,-0.853376543815512,-0.188991447355306,0.0184865989584942,-0.0698318860490224,0.0450051770684963,-0.00440227677582231,0.0166293048740709
11.32,1,1.4421283143274,-2.13302609197785,-0.854074031210759,-0.188541395584621,0.0184425761907359,-0.0696655930002816,0.0450051770684963,-0.00440227677582231,0.0166293048740709
11.33,1,1.44024515063041,-2.13284188632978,-0.854769855675518,-0.188091343813936,0.0183985534229777,-0.0694992999515409,0.0450051770684963,-0.00440227677582231,0.0166293048740709
11.34,1,1.43836648745113,-2.13265812090939,-0.85546401720979,-0.187641292043252,0.0183545306552195,-0.0693330069028002,0.0450051770684963,-0.00440227677582231,0.0166293048740709
11.35,1,1.43649232478955,-2.13247479571668,-0.856156515813574,-0.187191240272567,0.0183105078874613,-0.0691667138540595,0.0450051770684963,-0.00440227677582231,0.0166293048740709
11.36,1,1.43462266264568,-2.13229191075164,-0.856847351486871,-0.186741188501882,0.018266485119703,-0.0690004208053188,0.0450051770684963,-0.00440227677582231,0.0166293048740709
11.37,1,1.43275750101951,-2.13210946601428,-0.85753652422968,-0.186291136731197,0.0182224623519448,-0.0688341277565781,0.0450051770684963,-0.00440227677582231,0.0166293048740709
11.38,1,1.43089683991105,-2.1319274615046,-0.858224034042002,-0.185841084960512,0.0181784395841866,-0.0686678347078374,0.0450051770684963,-0.00440227677582231,0.0166293048740709
11.39,1,1.4290406793203,-2.1317458972226,-0.858909880923837,-0.185391033189827,0.0181344168164284,-0.0685015416590967,0.0450051770684963,-0.00440227677582231,0.0166293048740709
11.4,1,1.42718901924725,-2.13156477316827,-0.859594064875184,-0.184940981419142,0.0180903940486701,-0.068335248610356,0.0450051770684963,-0.00440227677582231,0.0166293048740709
11.41,1,1.42534185969192,-2.13138408934162,-0.860276585896044,-0.184490929648457,0.0180463712809119,-0.0681689555616153,0.0450051770684963,-0.00440227677582231,0.0166293048740709
11.42,1,1.42349920065429,-2.13120384574265,-0.860957443986417,-0.184040877877772,0.0180023485131537,-0.0680026625128746,0.0450051770684963,-0.00440227677582231,0.0166293048740709
11.43,1,1.42166104213436,-2.13102404237136,-0.861636639146302,-0.183590826107087,0.0179583257453955,-0.0678363694641338,0.0450051770684963,-0.00440227677582231,0.0166293048740709
11.44,1,1.41982738413214,-2.13084467922775,-0.862314171375699,-0.183140774336402,0.0179143029776373,-0.0676700764153931,0.0450051770684963,-0.00440227677582231,0.0166293048740709
11.45,1,1.41799822664763,-2.13066575631181,-0.862990040674609,-0.182690722565717,0.017870280209879,-0.0675037833666524,0.0450051770684963,-0.00440227677582231,0.0166293048740709
11.46,1,1.41617356968083,-2.13048727362355,-0.863664247043032,-0.182240670795032,0.0178262574421208,-0.0673374903179117,0.0450051770684963,-0.00440227677582231,0.0166293048740709
11.47,1,1.41435341323173,-2.13030923116297,-0.864336790480968,-0.181790619024347,0.0177822346743626,-0.067171197269171,0.0450051770684963,-0.00440227677582231,0.0166293048740709
11.48,1,1.41253775730034,-2.13013162893006,-0.865007670988416,-0.181340567253662,0.0177382119066044,-0.0670049042204303,0.0450051770684963,-0.00440227677582231,0.0166293048740709
11.49,1,1.41072660188666,-2.12995446692483,-0.865676888565376,-0.180890515482977,0.0176941891388461,-0.0668386111716896,0.0450051770684963,-0.00440227677582231,0.0166293048740709
11.5,1,1.40891994699068,-2.12977774514728,-0.86634444321185,-0.180440463712292,0.0176501663710879,-0.0666723181229489,0.0450051770684963,-0.00440227677582231,0.0166293048740709
11.51,1,1.40711779261241,-2.12960146359741,-0.867010334927835,-0.179990411941607,0.0176061436033297,-0.0665060250742082,0.0450051770684963,-0.00440227677582231,0.0166293048740709
11.52,1,1.40532013875185,-2.12942562227522,-0.867674563713334,-0.179540360170922,0.0175621208355715,-0.0663397320254675,0.0450051770684963,-0.00440227677582231,0.0166293048740709
11.53,1,1.40352698540899,-2.1292502211807,-0.868337129568345,-0.179090308400237,0.0175180980678133,-0.0661734389767268,0.0450051770684963,-0.00440227677582231,0.0166293048740709
11.54,1,1.40173833258385,-2.12907526031386,-0.868998032492868,-0.178640256629552,0.017474075300055,-0.0660071459279861,0.0450051770684963,-0.00440227677582231,0.0166293048740709
11.55,1,1.3999541802764,-2.1289007396747,-0.869657272486904,-0.178190204858867,0.0174300525322968,-0.0658408528792453,0.0450051770684963,-0.00440227677582231,0.0166293048740709
11.56,1,1.39817452848667,-2.12872665926322,-0.870314849550453,-0.177740153088182,0.0173860297645386,-0.0656745598305046,0.0450051770684963,-0.00440227677582231,0.0166293048740709
11.57,1,1.39639937721464,-2.12855301907941,-0.870970763683515,-0.177290101317497,0.0173420069967804,-0.0655082667817639,0.0450051770684963,-0.00440227677582231,0.0166293048740709
11.58,1,1.39462872646032,-2.12837981912328,-0.871625014886088,-0.176840049546812,0.0172979842290221,-0.0653419737330232,0.0450051770684963,-0.00440227677582231,0.0166293048740709
11.59,1,1.3928625762237,-2.12820705939483,-0.872277603158175,-0.176389997776127,0.0172539614612639,-0.0651756806842825,0.0450051770684963,-0.00440227677582231,0.0166293048740709
11.6,1,1.3911009265048,-2.12803473989405,-0.872928528499774,-0.175939946005442,0.0172099386935057,-0.0650093876355418,0.0450051770684963,-0.00440227677582231,0.0166293048740709
11.61,1,1.3893437773036,-2.12786286062096,-0.873577790910886,-0.175489894234758,0.0171659159257475,-0.0648430945868011,0.0450051770684963,-0.00440227677582231,0.0166293048740709
11.62,1,1.3875911286201,-2.12769142157554,-0.87422539039151,-0.175039842464073,0.0171218931579892,-0.0646768015380604,0.0450051770684963,-0.00440227677582231,0.0166293048740709
11.63,1,1.38584298045431,-2.1275204227578,-0.874871326941647,-0.174589790693388,0.017077870390231,-0.0645105084893197,0.0450051770684963,-0.00440227677582231,0.0166293048740709
11.64,1,1.38409933280623,-2.12734986416773,-0.875515600561297,-0.174139738922703,0.0170338476224728,-0.0643442154405789,0.0450051770684963,-0.00440227677582231,0.0166293048740709
11.65,1,1.38236018567586,-2.12717974580535,-0.876158211250459,-0.173689687152018,0.0169898248547146,-0.0641779223918382,0.0450051770684963,-0.00440227677582231,0.0166293048740709
11.66,1,1.38062553906319,-2.12701006767064,-0.876799159009133,-0.173239635381333,0.0169458020869563,-0.0640116293430975,0.0450051770684963,-0.00440227677582231,0.0166293048740709
11.67,1,1.37889539296823,-2.12684082976361,-0.877438443837321,-0.172789583610648,0.0169017793191981,-0.0638453362943568,0.0450051770684963,-0.00440227677582231,0.0166293048740709
11.68,1,1.37716974739098,-2.12667203208426,-0.87807606573502,-0.172339531839963,0.0168577565514399,-0.0636790432456161,0.0450051770684963,-0.00440227677582231,0.0166293048740709
11.69,1,1.37544860233143,-2.12650367463258,-0.878712024702233,-0.171889480069278,0.0168137337836817,-0.0635127501968754,0.0450051770684963,-0.00440227677582231,0.0166293048740709
11.7,1,1.37373195778959,-2.12633575740858,-0.879346320738958,-0.171439428298593,0.0167697110159235,-0.0633464571481347,0.0450051770684963,-0.00440227677582231,0.0166293048740709
11.71,1,1.37201981376546,-2.12616828041226,-0.879978953845196,-0.170989376527908,0.0167256882481652,-0.063180164099394,0.0450051770684963,-0.00440227677582231,0.0166293048740709
11.72,1,1.37031217025904,-2.12600124364362,-0.880609924020946,-0.170539324757223,0.016681665480407,-0.0630138710506533,0.0450051770684963,-0.00440227677582231,0.0166293048740709
11.73,1,1.36860902727032,-2.12583464710265,-0.881239231266209,-0.170089272986538,0.0166376427126488,-0.0628475780019126,0.0450051770684963,-0.00440227677582231,0.0166293048740709
11.74,1,1.36691038479931,-2.12566849078937,-0.881866875580984,-0.169639221215853,0.0165936199448906,-0.0626812849531719,0.0450051770684963,-0.00440227677582231,0.0166293048740709
11.75,1,1.365216242846,-2.12550277470376,-0.882492856965272,-0.169189169445168,0.0165495971771323,-0.0625149919044311,0.0450051770684963,-0.00440227677582231,0.0166293048740709
11.76,1,1.3635266014104,-2.12533749884582,-0.883117175419073,-0.168739117674483,0.0165055744093741,-0.0623486988556905,0.0450051770684963,-0.00440227677582231,0.0166293048740709
11.77,1,1.36184146049251,-2.12517266321557,-0.883739830942386,-0.168289065903798,0.0164615516416159,-0.0621824058069497,0.0450051770684963,-0.00440227677582231,0.0166293048740709
11.78,1,1.36016082009233,-2.12500826781299,-0.884360823535212,-0.167839014133113,0.0164175288738577,-0.062016112758209,0.0450051770684963,-0.00440227677582231,0.0166293048740709
11.79,1,1.35848468020985,-2.12484431263809,-0.88498015319755,-0.167388962362428,0.0163735061060995,-0.0618498197094683,0.0450051770684963,-0.00440227677582231,0.0166293048740709
11.8,1,1.35681304084508,-2.12468079769087,-0.885597819929401,-0.166938910591743,0.0163294833383412,-0.0616835266607276,0.0450051770684963,-0.00440227677582231,0.0166293048740709
11.81,1,1.35514590199801,-2.12451772297133,-0.886213823730765,-0.166488858821058,0.016285460570583,-0.0615172336119869,0.0450051770684963,-0.00440227677582231,0.0166293048740709
11.82,1,1.35348326366866,-2.12435508847946,-0.886828164601641,-0.166038807050373,0.0162414378028248,-0.0613509405632462,0.0450051770684963,-0.00440227677582231,0.0166293048740709
11.83,1,1.35182512585701,-2.12419289421527,-0.88744084254203,-0.165588755279688,0.0161974150350666,-0.0611846475145055,0.0450051770684963,-0.00440227677582231,0.0166293048740709
11.84,1,1.35017148856306,-2.12403114017876,-0.888051857551931,-0.165138703509003,0.0161533922673083,-0.0610183544657648,0.0450051770684963,-0.00440227677582231,0.0166293048740709
11.85,1,1.34852235178683,-2.12386982636992,-0.888661209631345,-0.164688651738318,0.0161093694995501,-0.0608520614170241,0.0450051770684963,-0.00440227677582231,0.0166293048740709
11.86,1,1.3468777155283,-2.12370895278877,-0.889268898780271,-0.164238599967633,0.0160653467317919,-0.0606857683682834,0.0450051770684963,-0.00440227677582231,0.0166293048740709
11.87,1,1.34523757978747,-2.12354851943529,-0.889874924998711,-0.163788548196948,0.0160213239640337,-0.0605194753195426,0.0450051770684963,-0.00440227677582231,0.0166293048740709
11.88,1,1.34360194456436,-2.12338852630949,-0.890479288286662,-0.163338496426264,0.0159773011962754,-0.060353182270802,0.0450051770684963,-0.00440227677582231,0.0166293048740709
11.89,1,1.34197080985895,-2.12322897341136,-0.891081988644127,-0.162888444655579,0.0159332784285172,-0.0601868892220612,0.0450051770684963,-0.00440227677582231,0.0166293048740709
11.9,1,1.34034417567125,-2.12306986074092,-0.891683026071104,-0.162438392884894,0.015889255660759,-0.0600205961733205,0.0450051770684963,-0.00440227677582231,0.0166293048740709
11.91,1,1.33872204200125,-2.12291118829815,-0.892282400567593,-0.161988341114209,0.0158452328930008,-0.0598543031245798,0.0450051770684963,-0.00440227677582231,0.0166293048740709
11.92,1,1.33710440884896,-2.12275295608305,-0.892880112133595,-0.161538289343524,0.0158012101252425,-0.0596880100758391,0.0450051770684963,-0.00440227677582231,0.0166293048740709
11.93,1,1.33549127621438,-2.12259516409564,-0.89347616076911,-0.161088237572839,0.0157571873574843,-0.0595217170270984,0.0450051770684963,-0.00440227677582231,0.0166293048740709
11.94,1,1.3338826440975,-2.12243781233591,-0.894070546474137,-0.160638185802154,0.0157131645897261,-0.0593554239783577,0.0450051770684963,-0.00440227677582231,0.0166293048740709
11.95,1,1.33227851249834,-2.12228090080385,-0.894663269248677,-0.160188134031469,0.0156691418219679,-0.059189130929617,0.0450051770684963,-0.00440227677582231,0.0166293048740709
11.96,1,1.33067888141688,-2.12212442949947,-0.895254329092729,-0.159738082260784,0.0156251190542097,-0.0590228378808762,0.0450051770684963,-0.00440227677582231,0.0166293048740709
11.97,1,1.32908375085312,-2.12196839842276,-0.895843726006294,-0.159288030490099,0.0155810962864514,-0.0588565448321356,0.0450051770684963,-0.00440227677582231,0.0166293048740709
11.98,1,1.32749312080707,-2.12181280757374,-0.896431459989372,-0.158837978719414,0.0155370735186932,-0.0586902517833948,0.0450051770684963,-0.00440227677582231,0.0166293048740709
11.99,1,1.32590699127873,-2.12165765695239,-0.897017531041962,-0.158387926948729,0.015493050750935,-0.0585239587346541,0.0450051770684963,-0.00440227677582231,0.0166293048740709
12,1,1.3243253622681,-2.12150294655872,-0.897601939164065,-0.157937875178044,0.0154490279831768,-0.0583576656859134,0.0450051770684963,-0.00440227677582231,0.0166293048740709
12.01,1,1.32274823377517,-2.12134867639273,-0.898184684355681,-0.157487823407359,0.0154050052154185,-0.0581913726371727,0.0450051770684963,-0.00440227677582231,0.0166293048740709
12.02,1,1.32117560579995,-2.12119484645441,-0.898765766616809,-0.157037771636674,0.0153609824476603,-0.058025079588432,0.0450051770684963,-0.00440227677582231,0.0166293048740709
12.03,1,1.31960747834244,-2.12104145674377,-0.899345185947449,-0.156587719865989,0.0153169596799021,-0.0578587865396913,0.0450051770684963,-0.00440227677582231,0.0166293048740709
12.04,1,1.31804385140263,-2.12088850726081,-0.899922942347602,-0.156137668095304,0.0152729369121439,-0.0576924934909506,0.0450051770684963,-0.00440227677582231,0.0166293048740709
12.05,1,1.31648472498053,-2.12073599800553,-0.900499035817268,-0.155687616324619,0.0152289141443856,-0.0575262004422099,0.0450051770684963,-0.00440227677582231,0.0166293048740709
12.06,1,1.31493009907614,-2.12058392897792,-0.901073466356447,-0.155237564553934,0.0151848913766274,-0.0573599073934692,0.0450051770684963,-0.00440227677582231,0.0166293048740709
12.07,1,1.31337997368945,-2.120432300178,-0.901646233965138,-0.154787512783249,0.0151408686088692,-0.0571936143447285,0.0450051770684963,-0.00440227677582231,0.0166293048740709
12.08,1,1.31183434882047,-2.12028111160575,-0.902217338643341,-0.154337461012564,0.015096845841111,-0.0570273212959878,0.0450051770684963,-0.00440227677582231,0.0166293048740709
12.09,1,1.3102932244692,-2.12013036326117,-0.902786780391057,-0.153887409241879,0.0150528230733528,-0.0568610282472471,0.0450051770684963,-0.00440227677582231,0.0166293048740709
12.1,1,1.30875660063564,-2.11998005514428,-0.903354559208286,-0.153437357471194,0.0150088003055945,-0.0566947351985063,0.0450051770684963,-0.00440227677582231,0.0166293048740709
12.11,1,1.30722447731978,-2.11983018725506,-0.903920675095027,-0.152987305700509,0.0149647775378363,-0.0565284421497656,0.0450051770684963,-0.00440227677582231,0.0166293048740709
12.12,1,1.30569685452163,-2.11968075959352,-0.904485128051282,-0.152537253929824,0.0149207547700781,-0.0563621491010249,0.0450051770684963,-0.00440227677582231,0.0166293048740709
12.13,1,1.30417373224118,-2.11953177215966,-0.905047918077048,-0.152087202159139,0.0148767320023199,-0.0561958560522842,0.0450051770684963,-0.00440227677582231,0.0166293048740709
12.14,1,1.30265511047844,-2.11938322495348,-0.905609045172327,-0.151637150388454,0.0148327092345616,-0.0560295630035435,0.0450051770684963,-0.00440227677582231,0.0166293048740709
12.15,1,1.30114098923341,-2.11923511797497,-0.906168509337119,-0.151187098617769,0.0147886864668034,-0.0558632699548028,0.0450051770684963,-0.00440227677582231,0.0166293048740709
12.16,1,1.29963136850609,-2.11908745122414,-0.906726310571423,-0.150737046847085,0.0147446636990452,-0.0556969769060621,0.0450051770684963,-0.00440227677582231,0.0166293048740709
12.17,1,1.29812624829647,-2.11894022470099,-0.90728244887524,-0.1502869950764,0.014700640931287,-0.0555306838573214,0.0450051770684963,-0.00440227677582231,0.0166293048740709
12.18,1,1.29662562860456,-2.11879343840551,-0.90783692424857,-0.149836943305715,0.0146566181635288,-0.0553643908085807,0.0450051770684963,-0.00440227677582231,0.0166293048740709
12.19,1,1.29512950943036,-2.11864709233772,-0.908389736691412,-0.14938689153503,0.0146125953957705,-0.05519809775984,0.0450051770684963,-0.00440227677582231,0.0166293048740709
12.2,1,1.29363789077386,-2.1185011864976,-0.908940886203766,-0.148936839764345,0.0145685726280123,-0.0550318047110993,0.0450051770684963,-0.00440227677582231,0.0166293048740709
12.21,1,1.29215077263507,-2.11835572088516,-0.909490372785634,-0.14848678799366,0.0145245498602541,-0.0548655116623585,0.0450051770684963,-0.00440227677582231,0.0166293048740709
12.22,1,1.29066815501399,-2.11821069550039,-0.910038196437014,-0.148036736222975,0.0144805270924959,-0.0546992186136179,0.0450051770684963,-0.00440227677582231,0.0166293048740709
12.23,1,1.28919003791061,-2.11806611034331,-0.910584357157906,-0.14758668445229,0.0144365043247376,-0.0545329255648771,0.0450051770684963,-0.00440227677582231,0.0166293048740709
12.24,1,1.28771642132494,-2.1179219654139,-0.911128854948311,-0.147136632681605,0.0143924815569794,-0.0543666325161364,0.0450051770684963,-0.00440227677582231,0.0166293048740709
12.25,1,1.28624730525698,-2.11777826071217,-0.911671689808229,-0.14668658091092,0.0143484587892212,-0.0542003394673957,0.0450051770684963,-0.00440227677582231,0.0166293048740709
12.26,1,1.28478268970672,-2.11763499623811,-0.912212861737659,-0.146236529140235,0.014304436021463,-0.054034046418655,0.0450051770684963,-0.00440227677582231,0.0166293048740709
12.27,1,1.28332257467417,-2.11749217199174,-0.912752370736602,-0.14578647736955,0.0142604132537047,-0.0538677533699143,0.0450051770684963,-0.00440227677582231,0.0166293048740709
12.28,1,1.28186696015933,-2.11734978797304,-0.913290216805057,-0.145336425598865,0.0142163904859465,-0.0537014603211736,0.0450051770684963,-0.00440227677582231,0.0166293048740709
12.29,1,1.2804158461622,-2.11720784418202,-0.913826399943025,-0.14488637382818,0.0141723677181883,-0.0535351672724329,0.0450051770684963,-0.00440227677582231,0.0166293048740709
12.3,1,1.27896923268277,-2.11706634061868,-0.914360920150506,-0.144436322057495,0.0141283449504301,-0.0533688742236922,0.0450051770684963,-0.00440227677582231,0.0166293048740709
12.31,1,1.27752711972105,-2.11692527728301,-0.914893777427499,-0.14398627028681,0.0140843221826718,-0.0532025811749514,0.0450051770684963,-0.00440227677582231,0.0166293048740709
12.32,1,1.27608950727703,-2.11678465417502,-0.915424971774005,-0.143536218516125,0.0140402994149136,-0.0530362881262107,0.0450051770684963,-0.00440227677582231,0.0166293048740709
12.33,1,1.27465639535072,-2.11664447129471,-0.915954503190023,-0.14308616674544,0.0139962766471554,-0.05286999507747,0.0450051770684963,-0.00440227677582231,0.0166293048740709
12.34,1,1.27322778394212,-2.11650472864208,-0.916482371675554,-0.142636114974755,0.0139522538793972,-0.0527037020287293,0.0450051770684963,-0.00440227677582231,0.0166293048740709
12.35,1,1.27180367305123,-2.11636542621713,-0.917008577230598,-0.14218606320407,0.013908231111639,-0.0525374089799886,0.0450051770684963,-0.00440227677582231,0.0166293048740709
12.36,1,1.27038406267804,-2.11622656401985,-0.917533119855154,-0.141736011433385,0.0138642083438807,-0.0523711159312479,0.0450051770684963,-0.00440227677582231,0.0166293048740709
12.37,1,1.26896895282256,-2.11608814205025,-0.918055999549223,-0.1412859596627,0.0138201855761225,-0.0522048228825072,0.0450051770684963,-0.00440227677582231,0.0166293048740709
12.38,1,1.26755834348479,-2.11595016030833,-0.918577216312804,-0.140835907892015,0.0137761628083643,-0.0520385298337665,0.0450051770684963,-0.00440227677582231,0.0166293048740709
12.39,1,1.26615223466472,-2.11581261879408,-0.919096770145898,-0.14038585612133,0.0137321400406061,-0.0518722367850258,0.0450051770684963,-0.00440227677582231,0.0166293048740709
12.4,1,1.26475062636236,-2.11567551750751,-0.919614661048505,-0.139935804350645,0.0136881172728478,-0.0517059437362851,0.0450051770684963,-0.00440227677582231,0.0166293048740709
12.41,1,1.26335351857771,-2.11553885644862,-0.920130889020624,-0.13948575257996,0.0136440945050896,-0.0515396506875444,0.0450051770684963,-0.00440227677582231,0.0166293048740709
12.42,1,1.26196091131076,-2.11540263561741,-0.920645454062256,-0.139035700809275,0.0136000717373314,-0.0513733576388037,0.0450051770684963,-0.00440227677582231,0.0166293048740709
12.43,1,1.26057280456152,-2.11526685501388,-0.9211583561734,-0.138585649038591,0.0135560489695732,-0.051207064590063,0.0450051770684963,-0.00440227677582231,0.0166293048740709
12.44,1,1.25918919832999,-2.11513151463802,-0.921669595354057,-0.138135597267906,0.013512026201815,-0.0510407715413222,0.0450051770684963,-0.00440227677582231,0.0166293048740709
12.45,1,1.25781009261616,-2.11499661448984,-0.922179171604226,-0.137685545497221,0.0134680034340567,-0.0508744784925815,0.0450051770684963,-0.00440227677582231,0.0166293048740709
12.46,1,1.25643548742005,-2.11486215456934,-0.922687084923909,-0.137235493726536,0.0134239806662985,-0.0507081854438408,0.0450051770684963,-0.00440227677582231,0.0166293048740709
12.47,1,1.25506538274163,-2.11472813487651,-0.923193335313103,-0.136785441955851,0.0133799578985403,-0.0505418923951001,0.0450051770684963,-0.00440227677582231,0.0166293048740709
12.48,1,1.25369977858093,-2.11459455541137,-0.923697922771811,-0.136335390185166,0.0133359351307821,-0.0503755993463594,0.0450051770684963,-0.00440227677582231,0.0166293048740709
12.49,1,1.25233867493793,-2.1144614161739,-0.92420084730003,-0.135885338414481,0.0132919123630238,-0.0502093062976187,0.0450051770684963,-0.00440227677582231,0.0166293048740709
12.5,1,1.25098207181264,-2.11432871716411,-0.924702108897763,-0.135435286643796,0.0132478895952656,-0.050043013248878,0.0450051770684963,-0.00440227677582231,0.0166293048740709
12.51,1,1.24962996920505,-2.11419645838199,-0.925201707565008,-0.134985234873111,0.0132038668275074,-0.0498767202001373,0.0450051770684963,-0.00440227677582231,0.0166293048740709
12.52,1,1.24828236711518,-2.11406463982756,-0.925699643301766,-0.134535183102426,0.0131598440597492,-0.0497104271513966,0.0450051770684963,-0.00440227677582231,0.0166293048740709
12.53,1,1.24693926554301,-2.1139332615008,-0.926195916108036,-0.134085131331741,0.0131158212919909,-0.0495441341026559,0.0450051770684963,-0.00440227677582231,0.0166293048740709
12.54,1,1.24560066448854,-2.11380232340172,-0.926690525983819,-0.133635079561056,0.0130717985242327,-0.0493778410539152,0.0450051770684963,-0.00440227677582231,0.0166293048740709
12.55,1,1.24426656395178,-2.11367182553031,-0.927183472929114,-0.133185027790371,0.0130277757564745,-0.0492115480051744,0.0450051770684963,-0.00440227677582231,0.0166293048740709
12.56,1,1.24293696393273,-2.11354176788659,-0.927674756943922,-0.132734976019686,0.0129837529887163,-0.0490452549564337,0.0450051770684963,-0.00440227677582231,0.0166293048740709
12.57,1,1.24161186443139,-2.11341215047054,-0.928164378028243,-0.132284924249001,0.012939730220958,-0.048878961907693,0.0450051770684963,-0.00440227677582231,0.0166293048740709
12.58,1,1.24029126544775,-2.11328297328217,-0.928652336182076,-0.131834872478316,0.0128957074531998,-0.0487126688589523,0.0450051770684963,-0.00440227677582231,0.0166293048740709
12.59,1,1.23897516698182,-2.11315423632148,-0.929138631405422,-0.131384820707631,0.0128516846854416,-0.0485463758102116,0.0450051770684963,-0.00440227677582231,0.0166293048740709
12.6,1,1.2376635690336,-2.11302593958846,-0.92962326369828,-0.130934768936946,0.0128076619176834,-0.0483800827614709,0.0450051770684963,-0.00440227677582231,0.0166293048740709
12.61,1,1.23635647160309,-2.11289808308312,-0.930106233060651,-0.130484717166261,0.0127636391499252,-0.0482137897127302,0.0450051770684963,-0.00440227677582231,0.0166293048740709
12.62,1,1.23505387469028,-2.11277066680546,-0.930587539492535,-0.130034665395576,0.0127196163821669,-0.0480474966639895,0.0450051770684963,-0.00440227677582231,0.0166293048740709
12.63,1,1.23375577829517,-2.11264369075548,-0.931067182993931,-0.129584613624891,0.0126755936144087,-0.0478812036152488,0.0450051770684963,-0.00440227677582231,0.0166293048740709
12.64,1,1.23246218241778,-2.11251715493317,-0.93154516356484,-0.129134561854206,0.0126315708466505,-0.047714910566508,0.0450051770684963,-0.00440227677582231,0.0166293048740709
12.65,1,1.23117308705809,-2.11239105933855,-0.932021481205261,-0.128684510083521,0.0125875480788923,-0.0475486175177673,0.0450051770684963,-0.00440227677582231,0.0166293048740709
12.66,1,1.22988849221611,-2.1122654039716,-0.932496135915195,-0.128234458312836,0.012543525311134,-0.0473823244690266,0.0450051770684963,-0.00440227677582231,0.0166293048740709
12.67,1,1.22860839789183,-2.11214018883232,-0.932969127694642,-0.127784406542151,0.0124995025433758,-0.0472160314202859,0.0450051770684963,-0.00440227677582231,0.0166293048740709
12.68,1,1.22733280408527,-2.11201541392073,-0.933440456543601,-0.127334354771466,0.0124554797756176,-0.0470497383715452,0.0450051770684963,-0.00440227677582231,0.0166293048740709
12.69,1,1.2260617107964,-2.11189107923681,-0.933910122462073,-0.126884303000781,0.0124114570078594,-0.0468834453228045,0.0450051770684963,-0.00440227677582231,0.0166293048740709
12.7,1,1.22479511802525,-2.11176718478057,-0.934378125450057,-0.126434251230097,0.0123674342401012,-0.0467171522740638,0.0450051770684963,-0.00440227677582231,0.0166293048740709
12.71,1,1.2235330257718,-2.11164373055201,-0.934844465507554,-0.125984199459411,0.0123234114723429,-0.0465508592253231,0.0450051770684963,-0.00440227677582231,0.0166293048740709
12.72,1,1.22227543403606,-2.11152071655112,-0.935309142634564,-0.125534147688727,0.0122793887045847,-0.0463845661765824,0.0450051770684963,-0.00440227677582231,0.0166293048740709
12.73,1,1.22102234281803,-2.11139814277792,-0.935772156831086,-0.125084095918042,0.0122353659368265,-0.0462182731278417,0.0450051770684963,-0.00440227677582231,0.0166293048740709
12.74,1,1.2197737521177,-2.11127600923239,-0.93623350809712,-0.124634044147357,0.0121913431690683,-0.046051980079101,0.0450051770684963,-0.00440227677582231,0.0166293048740709
12.75,1,1.21852966193508,-2.11115431591454,-0.936693196432668,-0.124183992376672,0.01214732040131,-0.0458856870303603,0.0450051770684963,-0.00440227677582231,0.0166293048740709
12.76,1,1.21729007227017,-2.11103306282436,-0.937151221837728,-0.123733940605987,0.0121032976335518,-0.0457193939816196,0.0450051770684963,-0.00440227677582231,0.0166293048740709
12.77,1,1.21605498312296,-2.11091224996186,-0.9376075843123,-0.123283888835302,0.0120592748657936,-0.0455531009328788,0.0450051770684963,-0.00440227677582231,0.0166293048740709
12.78,1,1.21482439449346,-2.11079187732705,-0.938062283856385,-0.122833837064617,0.0120152520980354,-0.0453868078841381,0.0450051770684963,-0.00440227677582231,0.0166293048740709
12.79,1,1.21359830638167,-2.1106719449199,-0.938515320469983,-0.122383785293932,0.0119712293302771,-0.0452205148353974,0.0450051770684963,-0.00440227677582231,0.0166293048740709
12.8,1,1.21237671878758,-2.11055245274044,-0.938966694153093,-0.121933733523247,0.0119272065625189,-0.0450542217866567,0.0450051770684963,-0.00440227677582231,0.0166293048740709
12.81,1,1.2111596317112,-2.11043340078865,-0.939416404905716,-0.121483681752562,0.0118831837947607,-0.044887928737916,0.0450051770684963,-0.00440227677582231,0.0166293048740709
12.82,1,1.20994704515253,-2.11031478906454,-0.939864452727852,-0.121033629981877,0.0118391610270025,-0.0447216356891753,0.0450051770684963,-0.00440227677582231,0.0166293048740709
12.83,1,1.20873895911157,-2.11019661756811,-0.9403108376195,-0.120583578211192,0.0117951382592442,-0.0445553426404346,0.0450051770684963,-0.00440227677582231,0.0166293048740709
12.84,1,1.20753537358831,-2.11007888629936,-0.94075555958066,-0.120133526440507,0.011751115491486,-0.0443890495916939,0.0450051770684963,-0.00440227677582231,0.0166293048740709
12.85,1,1.20633628858276,-2.10996159525828,-0.941198618611333,-0.119683474669822,0.0117070927237278,-0.0442227565429532,0.0450051770684963,-0.00440227677582231,0.0166293048740709
12.86,1,1.20514170409491,-2.10984474444489,-0.941640014711519,-0.119233422899137,0.0116630699559696,-0.0440564634942125,0.0450051770684963,-0.00440227677582231,0.0166293048740709
12.87,1,1.20395162012477,-2.10972833385916,-0.942079747881218,-0.118783371128452,0.0116190471882114,-0.0438901704454717,0.0450051770684963,-0.00440227677582231,0.0166293048740709
12.88,1,1.20276603667234,-2.10961236350112,-0.942517818120429,-0.118333319357767,0.0115750244204531,-0.0437238773967311,0.0450051770684963,-0.00440227677582231,0.0166293048740709
12.89,1,1.20158495373762,-2.10949683337076,-0.942954225429152,-0.117883267587082,0.0115310016526949,-0.0435575843479903,0.0450051770684963,-0.00440227677582231,0.0166293048740709
12.9,1,1.2004083713206,-2.10938174346807,-0.943388969807389,-0.117433215816397,0.0114869788849367,-0.0433912912992496,0.0450051770684963,-0.00440227677582231,0.0166293048740709
12.91,1,1.19923628942129,-2.10926709379306,-0.943822051255137,-0.116983164045712,0.0114429561171785,-0.0432249982505089,0.0450051770684963,-0.00440227677582231,0.0166293048740709
12.92,1,1.19806870803969,-2.10915288434572,-0.944253469772399,-0.116533112275027,0.0113989333494202,-0.0430587052017682,0.0450051770684963,-0.00440227677582231,0.0166293048740709
12.93,1,1.19690562717579,-2.10903911512607,-0.944683225359173,-0.116083060504342,0.011354910581662,-0.0428924121530275,0.0450051770684963,-0.00440227677582231,0.0166293048740709
12.94,1,1.1957470468296,-2.10892578613409,-0.945111318015459,-0.115633008733657,0.0113108878139038,-0.0427261191042868,0.0450051770684963,-0.00440227677582231,0.0166293048740709
12.95,1,1.19459296700112,-2.10881289736979,-0.945537747741258,-0.115182956962972,0.0112668650461456,-0.0425598260555461,0.0450051770684963,-0.00440227677582231,0.0166293048740709
12.96,1,1.19344338769034,-2.10870044883317,-0.94596251453657,-0.114732905192287,0.0112228422783873,-0.0423935330068054,0.0450051770684963,-0.00440227677582231,0.0166293048740709
12.97,1,1.19229830889727,-2.10858844052422,-0.946385618401394,-0.114282853421603,0.0111788195106291,-0.0422272399580647,0.0450051770684963,-0.00440227677582231,0.0166293048740709
12.98,1,1.19115773062191,-2.10847687244295,-0.946807059335732,-0.113832801650918,0.0111347967428709,-0.0420609469093239,0.0450051770684963,-0.00440227677582231,0.0166293048740709
12.99,1,1.19002165286425,-2.10836574458936,-0.947226837339581,-0.113382749880233,0.0110907739751127,-0.0418946538605832,0.0450051770684963,-0.00440227677582231,0.0166293048740709
13,1,1.1888900756243,-2.10825505696345,-0.947644952412943,-0.112932698109548,0.0110467512073545,-0.0417283608118425,0.0450051770684963,-0.00440227677582231,0.0166293048740709
13.01,1,1.18776299890206,-2.10814480956522,-0.948061404555818,-0.112482646338863,0.0110027284395962,-0.0415620677631018,0.0450051770684963,-0.00440227677582231,0.0166293048740709
13.02,1,1.18664042269753,-2.10803500239466,-0.948476193768205,-0.112032594568178,0.010958705671838,-0.0413957747143611,0.0450051770684963,-0.00440227677582231,0.0166293048740709
13.03,1,1.1855223470107,-2.10792563545178,-0.948889320050105,-0.111582542797493,0.0109146829040798,-0.0412294816656204,0.0450051770684963,-0.00440227677582231,0.0166293048740709
13.04,1,1.18440877184158,-2.10781670873658,-0.949300783401518,-0.111132491026808,0.0108706601363216,-0.0410631886168797,0.0450051770684963,-0.00440227677582231,0.0166293048740709
13.05,1,1.18329969719016,-2.10770822224905,-0.949710583822443,-0.110682439256123,0.0108266373685633,-0.040896895568139,0.0450051770684963,-0.00440227677582231,0.0166293048740709
13.06,1,1.18219512305645,-2.10760017598921,-0.95011872131288,-0.110232387485438,0.0107826146008051,-0.0407306025193983,0.0450051770684963,-0.00440227677582231,0.0166293048740709
13.07,1,1.18109504944045,-2.10749256995704,-0.950525195872831,-0.109782335714753,0.0107385918330469,-0.0405643094706576,0.0450051770684963,-0.00440227677582231,0.0166293048740709
13.08,1,1.17999947634216,-2.10738540415255,-0.950930007502294,-0.109332283944068,0.0106945690652887,-0.0403980164219169,0.0450051770684963,-0.00440227677582231,0.0166293048740709
13.09,1,1.17890840376157,-2.10727867857573,-0.951333156201269,-0.108882232173383,0.0106505462975305,-0.0402317233731762,0.0450051770684963,-0.00440227677582231,0.0166293048740709
13.1,1,1.17782183169869,-2.1071723932266,-0.951734641969757,-0.108432180402698,0.0106065235297722,-0.0400654303244354,0.0450051770684963,-0.00440227677582231,0.0166293048740709
13.11,1,1.17673976015352,-2.10706654810514,-0.952134464807758,-0.107982128632013,0.010562500762014,-0.0398991372756947,0.0450051770684963,-0.00440227677582231,0.0166293048740709
13.12,1,1.17566218912605,-2.10696114321136,-0.952532624715271,-0.107532076861328,0.0105184779942558,-0.039732844226954,0.0450051770684963,-0.00440227677582231,0.0166293048740709
13.13,1,1.17458911861629,-2.10685617854525,-0.952929121692297,-0.107082025090643,0.0104744552264976,-0.0395665511782133,0.0450051770684963,-0.00440227677582231,0.0166293048740709
13.14,1,1.17352054862424,-2.10675165410683,-0.953323955738835,-0.106631973319958,0.0104304324587393,-0.0394002581294726,0.0450051770684963,-0.00440227677582231,0.0166293048740709
13.15,1,1.17245647914989,-2.10664756989608,-0.953717126854886,-0.106181921549273,0.0103864096909811,-0.0392339650807319,0.0450051770684963,-0.00440227677582231,0.0166293048740709
13.16,1,1.17139691019325,-2.10654392591301,-0.95410863504045,-0.105731869778588,0.0103423869232229,-0.0390676720319912,0.0450051770684963,-0.00440227677582231,0.0166293048740709
13.17,1,1.17034184175432,-2.10644072215761,-0.954498480295526,-0.105281818007903,0.0102983641554647,-0.0389013789832505,0.0450051770684963,-0.00440227677582231,0.0166293048740709
13.18,1,1.16929127383309,-2.1063379586299,-0.954886662620115,-0.104831766237218,0.0102543413877064,-0.0387350859345098,0.0450051770684963,-0.00440227677582231,0.0166293048740709
13.19,1,1.16824520642958,-2.10623563532986,-0.955273182014216,-0.104381714466533,0.0102103186199482,-0.0385687928857691,0.0450051770684963,-0.00440227677582231,0.0166293048740709
13.2,1,1.16720363954376,-2.1061337522575,-0.95565803847783,-0.103931662695848,0.01016629585219,-0.0384024998370284,0.0450051770684963,-0.00440227677582231,0.0166293048740709
13.21,1,1.16616657317566,-2.10603230941281,-0.956041232010957,-0.103481610925163,0.0101222730844318,-0.0382362067882876,0.0450051770684963,-0.00440227677582231,0.0166293048740709
13.22,1,1.16513400732526,-2.10593130679581,-0.956422762613596,-0.103031559154478,0.0100782503166736,-0.038069913739547,0.0450051770684963,-0.00440227677582231,0.0166293048740709
13.23,1,1.16410594199257,-2.10583074440648,-0.956802630285748,-0.102581507383793,0.0100342275489153,-0.0379036206908062,0.0450051770684963,-0.00440227677582231,0.0166293048740709
13.24,1,1.16308237717758,-2.10573062224483,-0.957180835027412,-0.102131455613108,0.0099902047811571,-0.0377373276420655,0.0450051770684963,-0.00440227677582231,0.0166293048740709
13.25,1,1.16206331288031,-2.10563094031086,-0.957557376838589,-0.101681403842424,0.00994618201339888,-0.0375710345933248,0.0450051770684963,-0.00440227677582231,0.0166293048740709
13.26,1,1.16104874910074,-2.10553169860456,-0.957932255719279,-0.101231352071739,0.00990215924564066,-0.0374047415445841,0.0450051770684963,-0.00440227677582231,0.0166293048740709
13.27,1,1.16003868583887,-2.10543289712595,-0.958305471669481,-0.100781300301054,0.00985813647788244,-0.0372384484958434,0.0450051770684963,-0.00440227677582231,0.0166293048740709
13.28,1,1.15903312309471,-2.10533453587501,-0.958677024689195,-0.100331248530369,0.00981411371012422,-0.0370721554471027,0.0450051770684963,-0.00440227677582231,0.0166293048740709
13.29,1,1.15803206086826,-2.10523661485174,-0.959046914778423,-0.0998811967596837,0.00977009094236599,-0.036905862398362,0.0450051770684963,-0.00440227677582231,0.0166293048740709
13.3,1,1.15703549915952,-2.10513913405616,-0.959415141937163,-0.0994311449889987,0.00972606817460776,-0.0367395693496213,0.0450051770684963,-0.00440227677582231,0.0166293048740709
13.31,1,1.15604343796848,-2.10504209348825,-0.959781706165415,-0.0989810932183137,0.00968204540684954,-0.0365732763008806,0.0450051770684963,-0.00440227677582231,0.0166293048740709
13.32,1,1.15505587729515,-2.10494549314802,-0.96014660746318,-0.0985310414476288,0.00963802263909132,-0.0364069832521398,0.0450051770684963,-0.00440227677582231,0.0166293048740709
13.33,1,1.15407281713953,-2.10484933303547,-0.960509845830458,-0.0980809896769438,0.0095939998713331,-0.0362406902033991,0.0450051770684963,-0.00440227677582231,0.0166293048740709
13.34,1,1.15309425750162,-2.10475361315059,-0.960871421267248,-0.0976309379062589,0.00954997710357488,-0.0360743971546584,0.0450051770684963,-0.00440227677582231,0.0166293048740709
13.35,1,1.15212019838141,-2.1046583334934,-0.961231333773551,-0.0971808861355739,0.00950595433581665,-0.0359081041059177,0.0450051770684963,-0.00440227677582231,0.0166293048740709
13.36,1,1.1511506397789,-2.10456349406388,-0.961589583349367,-0.096730834364889,0.00946193156805843,-0.035741811057177,0.0450051770684963,-0.00440227677582231,0.0166293048740709
13.37,1,1.15018558169411,-2.10446909486204,-0.961946169994695,-0.0962807825942039,0.0094179088003002,-0.0355755180084363,0.0450051770684963,-0.00440227677582231,0.0166293048740709
13.38,1,1.14922502412702,-2.10437513588787,-0.962301093709535,-0.095830730823519,0.00937388603254199,-0.0354092249596956,0.0450051770684963,-0.00440227677582231,0.0166293048740709
13.39,1,1.14826896707764,-2.10428161714139,-0.962654354493889,-0.095380679052834,0.00932986326478376,-0.0352429319109549,0.0450051770684963,-0.00440227677582231,0.0166293048740709
13.4,1,1.14731741054596,-2.10418853862258,-0.963005952347755,-0.0949306272821491,0.00928584049702553,-0.0350766388622142,0.0450051770684963,-0.00440227677582231,0.0166293048740709
13.41,1,1.146370354532,-2.10409590033145,-0.963355887271133,-0.0944805755114641,0.00924181772926731,-0.0349103458134735,0.0450051770684963,-0.00440227677582231,0.0166293048740709
13.42,1,1.14542779903573,-2.10400370226799,-0.963704159264024,-0.0940305237407792,0.00919779496150909,-0.0347440527647328,0.0450051770684963,-0.00440227677582231,0.0166293048740709
13.43,1,1.14448974405718,-2.10391194443221,-0.964050768326428,-0.0935804719700942,0.00915377219375087,-0.0345777597159921,0.0450051770684963,-0.00440227677582231,0.0166293048740709
13.44,1,1.14355618959633,-2.10382062682412,-0.964395714458344,-0.0931304201994092,0.00910974942599265,-0.0344114666672514,0.0450051770684963,-0.00440227677582231,0.0166293048740709
13.45,1,1.14262713565319,-2.1037297494437,-0.964738997659773,-0.0926803684287243,0.00906572665823442,-0.0342451736185106,0.0450051770684963,-0.00440227677582231,0.0166293048740709
13.46,1,1.14170258222776,-2.10363931229095,-0.965080617930714,-0.0922303166580393,0.00902170389047619,-0.0340788805697699,0.0450051770684963,-0.00440227677582231,0.0166293048740709
13.47,1,1.14078252932003,-2.10354931536589,-0.965420575271168,-0.0917802648873544,0.00897768112271798,-0.0339125875210292,0.0450051770684963,-0.00440227677582231,0.0166293048740709
13.48,1,1.13986697693001,-2.1034597586685,-0.965758869681135,-0.0913302131166693,0.00893365835495975,-0.0337462944722885,0.0450051770684963,-0.00440227677582231,0.0166293048740709
13.49,1,1.1389559250577,-2.10337064219879,-0.966095501160614,-0.0908801613459844,0.00888963558720153,-0.0335800014235478,0.0450051770684963,-0.00440227677582231,0.0166293048740709
13.5,1,1.13804937370309,-2.10328196595675,-0.966430469709606,-0.0904301095752994,0.00884561281944331,-0.0334137083748071,0.0450051770684963,-0.00440227677582231,0.0166293048740709
13.51,1,1.13714732286619,-2.1031937299424,-0.96676377532811,-0.0899800578046145,0.00880159005168508,-0.0332474153260664,0.0450051770684963,-0.00440227677582231,0.0166293048740709
13.52,1,1.136249772547,-2.10310593415572,-0.967095418016127,-0.0895300060339295,0.00875756728392686,-0.0330811222773257,0.0450051770684963,-0.00440227677582231,0.0166293048740709
13.53,1,1.13535672274551,-2.10301857859672,-0.967425397773656,-0.0890799542632446,0.00871354451616864,-0.032914829228585,0.0450051770684963,-0.00440227677582231,0.0166293048740709
13.54,1,1.13446817346173,-2.1029316632654,-0.967753714600699,-0.0886299024925596,0.00866952174841042,-0.0327485361798443,0.0450051770684963,-0.00440227677582231,0.0166293048740709
13.55,1,1.13358412469566,-2.10284518816175,-0.968080368497253,-0.0881798507218746,0.00862549898065219,-0.0325822431311035,0.0450051770684963,-0.00440227677582231,0.0166293048740709
13.56,1,1.1327045764473,-2.10275915328578,-0.968405359463321,-0.0877297989511896,0.00858147621289397,-0.0324159500823628,0.0450051770684963,-0.00440227677582231,0.0166293048740709
13.57,1,1.13182952871664,-2.10267355863749,-0.968728687498901,-0.0872797471805047,0.00853745344513574,-0.0322496570336221,0.0450051770684963,-0.00440227677582231,0.0166293048740709
13.58,1,1.13095898150369,-2.10258840421688,-0.969050352603993,-0.0868296954098197,0.00849343067737752,-0.0320833639848814,0.0450051770684963,-0.00440227677582231,0.0166293048740709
13.59,1,1.13009293480844,-2.10250369002395,-0.969370354778598,-0.0863796436391348,0.0084494079096193,-0.0319170709361407,0.0450051770684963,-0.00440227677582231,0.0166293048740709
13.6,1,1.1292313886309,-2.10241941605869,-0.969688694022716,-0.0859295918684498,0.00840538514186108,-0.0317507778874,0.0450051770684963,-0.00440227677582231,0.0166293048740709
13.61,1,1.12837434297107,-2.10233558232111,-0.970005370336346,-0.0854795400977649,0.00836136237410285,-0.0315844848386593,0.0450051770684963,-0.00440227677582231,0.0166293048740709
13.62,1,1.12752179782895,-2.10225218881121,-0.970320383719489,-0.0850294883270799,0.00831733960634463,-0.0314181917899186,0.0450051770684963,-0.00440227677582231,0.0166293048740709
13.63,1,1.12667375320453,-2.10216923552898,-0.970633734172145,-0.084579436556395,0.00827331683858641,-0.0312518987411779,0.0450051770684963,-0.00440227677582231,0.0166293048740709
13.64,1,1.12583020909782,-2.10208672247443,-0.970945421694313,-0.0841293847857099,0.00822929407082818,-0.0310856056924372,0.0450051770684963,-0.00440227677582231,0.0166293048740709
13.65,1,1.12499116550882,-2.10200464964756,-0.971255446285993,-0.083679333015025,0.00818527130306996,-0.0309193126436965,0.0450051770684963,-0.00440227677582231,0.0166293048740709
13.66,1,1.12415662243752,-2.10192301704837,-0.971563807947187,-0.08322928124434,0.00814124853531174,-0.0307530195949557,0.0450051770684963,-0.00440227677582231,0.0166293048740709
13.67,1,1.12332657988393,-2.10184182467686,-0.971870506677892,-0.0827792294736551,0.00809722576755351,-0.030586726546215,0.0450051770684963,-0.00440227677582231,0.0166293048740709
13.68,1,1.12250103784805,-2.10176107253302,-0.972175542478111,-0.0823291777029701,0.00805320299979529,-0.0304204334974743,0.0450051770684963,-0.00440227677582231,0.0166293048740709
13.69,1,1.12167999632987,-2.10168076061686,-0.972478915347842,-0.0818791259322852,0.00800918023203707,-0.0302541404487336,0.0450051770684963,-0.00440227677582231,0.0166293048740709
13.7,1,1.1208634553294,-2.10160088892838,-0.972780625287086,-0.0814290741616002,0.00796515746427885,-0.0300878473999929,0.0450051770684963,-0.00440227677582231,0.0166293048740709
13.71,1,1.12005141484664,-2.10152145746758,-0.973080672295842,-0.0809790223909152,0.00792113469652062,-0.0299215543512522,0.0450051770684963,-0.00440227677582231,0.0166293048740709
13.72,1,1.11924387488158,-2.10144246623445,-0.973379056374111,-0.0805289706202302,0.0078771119287624,-0.0297552613025115,0.0450051770684963,-0.00440227677582231,0.0166293048740709
13.73,1,1.11844083543423,-2.101363915229,-0.973675777521892,-0.0800789188495453,0.00783308916100417,-0.0295889682537708,0.0450051770684963,-0.00440227677582231,0.0166293048740709
13.74,1,1.11764229650459,-2.10128580445123,-0.973970835739186,-0.0796288670788603,0.00778906639324595,-0.0294226752050301,0.0450051770684963,-0.00440227677582231,0.0166293048740709
13.75,1,1.11684825809266,-2.10120813390114,-0.974264231025993,-0.0791788153081754,0.00774504362548773,-0.0292563821562894,0.0450051770684963,-0.00440227677582231,0.0166293048740709
13.76,1,1.11605872019843,-2.10113090357872,-0.974555963382312,-0.0787287635374904,0.00770102085772951,-0.0290900891075487,0.0450051770684963,-0.00440227677582231,0.0166293048740709
13.77,1,1.11527368282191,-2.10105411348398,-0.974846032808144,-0.0782787117668055,0.00765699808997128,-0.028923796058808,0.0450051770684963,-0.00440227677582231,0.0166293048740709
13.78,1,1.11449314596309,-2.10097776361692,-0.975134439303488,-0.0778286599961205,0.00761297532221306,-0.0287575030100672,0.0450051770684963,-0.00440227677582231,0.0166293048740709
13.79,1,1.11371710962198,-2.10090185397754,-0.975421182868345,-0.0773786082254355,0.00756895255445484,-0.0285912099613265,0.0450051770684963,-0.00440227677582231,0.0166293048740709
13.8,1,1.11294557379858,-2.10082638456583,-0.975706263502714,-0.0769285564547505,0.00752492978669661,-0.0284249169125858,0.0450051770684963,-0.00440227677582231,0.0166293048740709
13.81,1,1.11217853849289,-2.1007513553818,-0.975989681206597,-0.0764785046840656,0.00748090701893839,-0.0282586238638451,0.0450051770684963,-0.00440227677582231,0.0166293048740709
13.82,1,1.1114160037049,-2.10067676642545,-0.976271435979991,-0.0760284529133806,0.00743688425118017,-0.0280923308151044,0.0450051770684963,-0.00440227677582231,0.0166293048740709
13.83,1,1.11065796943462,-2.10060261769678,-0.976551527822899,-0.0755784011426957,0.00739286148342194,-0.0279260377663637,0.0450051770684963,-0.00440227677582231,0.0166293048740709
13.84,1,1.10990443568205,-2.10052890919579,-0.976829956735319,-0.0751283493720107,0.00734883871566372,-0.027759744717623,0.0450051770684963,-0.00440227677582231,0.0166293048740709
13.85,1,1.10915540244718,-2.10045564092247,-0.977106722717251,-0.0746782976013257,0.0073048159479055,-0.0275934516688823,0.0450051770684963,-0.00440227677582231,0.0166293048740709
13.86,1,1.10841086973002,-2.10038281287683,-0.977381825768696,-0.0742282458306408,0.00726079318014728,-0.0274271586201416,0.0450051770684963,-0.00440227677582231,0.0166293048740709
13.87,1,1.10767083753057,-2.10031042505886,-0.977655265889654,-0.0737781940599558,0.00721677041238906,-0.0272608655714009,0.0450051770684963,-0.00440227677582231,0.0166293048740709
13.88,1,1.10693530584882,-2.10023847746858,-0.977927043080124,-0.0733281422892709,0.00717274764463083,-0.0270945725226602,0.0450051770684963,-0.00440227677582231,0.0166293048740709
13.89,1,1.10620427468478,-2.10016697010597,-0.978197157340107,-0.0728780905185858,0.0071287248768726,-0.0269282794739194,0.0450051770684963,-0.00440227677582231,0.0166293048740709
13.9,1,1.10547774403845,-2.10009590297104,-0.978465608669603,-0.0724280387479009,0.00708470210911438,-0.0267619864251787,0.0450051770684963,-0.00440227677582231,0.0166293048740709
13.91,1,1.10475571390983,-2.10002527606379,-0.978732397068611,-0.0719779869772159,0.00704067934135616,-0.026595693376438,0.0450051770684963,-0.00440227677582231,0.0166293048740709
13.92,1,1.10403818429891,-2.09995508938421,-0.978997522537131,-0.071527935206531,0.00699665657359794,-0.0264294003276973,0.0450051770684963,-0.00440227677582231,0.0166293048740709
13.93,1,1.10332515520569,-2.09988534293232,-0.979260985075165,-0.071077883435846,0.00695263380583971,-0.0262631072789566,0.0450051770684963,-0.00440227677582231,0.0166293048740709
13.94,1,1.10261662663019,-2.0998160367081,-0.979522784682711,-0.0706278316651611,0.00690861103808149,-0.0260968142302159,0.0450051770684963,-0.00440227677582231,0.0166293048740709
13.95,1,1.10191259857239,-2.09974717071156,-0.979782921359769,-0.0701777798944761,0.00686458827032327,-0.0259305211814752,0.0450051770684963,-0.00440227677582231,0.0166293048740709
13.96,1,1.1012130710323,-2.09967874494269,-0.98004139510634,-0.0697277281237911,0.00682056550256504,-0.0257642281327345,0.0450051770684963,-0.00440227677582231,0.0166293048740709
13.97,1,1.10051804400992,-2.0996107594015,-0.980298205922424,-0.0692776763531061,0.00677654273480682,-0.0255979350839938,0.0450051770684963,-0.00440227677582231,0.0166293048740709
13.98,1,1.09982751750524,-2.099543214088,-0.98055335380802,-0.0688276245824212,0.0067325199670486,-0.0254316420352531,0.0450051770684963,-0.00440227677582231,0.0166293048740709
13.99,1,1.09914149151827,-2.09947610900216,-0.980806838763129,-0.0683775728117362,0.00668849719929037,-0.0252653489865123,0.0450051770684963,-0.00440227677582231,0.0166293048740709
14,1,1.098459966049,-2.09940944414401,-0.98105866078775,-0.0679275210410513,0.00664447443153215,-0.0250990559377716,0.0450051770684963,-0.00440227677582231,0.0166293048740709
14.01,1,1.09778294109745,-2.09934321951353,-0.981308819881884,-0.0674774692703663,0.00660045166377393,-0.0249327628890309,0.0450051770684963,-0.00440227677582231,0.0166293048740709
14.02,1,1.0971104166636,-2.09927743511073,-0.981557316045531,-0.0670274174996814,0.00655642889601571,-0.0247664698402902,0.0450051770684963,-0.00440227677582231,0.0166293048740709
14.03,1,1.09644239274745,-2.09921209093561,-0.98180414927869,-0.0665773657289964,0.00651240612825749,-0.0246001767915495,0.0450051770684963,-0.00440227677582231,0.0166293048740709
14.04,1,1.09577886934902,-2.09914718698817,-0.982049319581362,-0.0661273139583115,0.00646838336049926,-0.0244338837428088,0.0450051770684963,-0.00440227677582231,0.0166293048740709
14.05,1,1.09511984646829,-2.0990827232684,-0.982292826953546,-0.0656772621876264,0.00642436059274103,-0.0242675906940681,0.0450051770684963,-0.00440227677582231,0.0166293048740709
14.06,1,1.09446532410526,-2.09901869977631,-0.982534671395243,-0.0652272104169415,0.00638033782498281,-0.0241012976453274,0.0450051770684963,-0.00440227677582231,0.0166293048740709
14.07,1,1.09381530225995,-2.0989551165119,-0.982774852906453,-0.0647771586462565,0.00633631505722459,-0.0239350045965867,0.0450051770684963,-0.00440227677582231,0.0166293048740709
14.08,1,1.09316978093234,-2.09889197347517,-0.983013371487175,-0.0643271068755716,0.00629229228946637,-0.023768711547846,0.0450051770684963,-0.00440227677582231,0.0166293048740709
14.09,1,1.09252876012244,-2.09882927066611,-0.98325022713741,-0.0638770551048866,0.00624826952170815,-0.0236024184991053,0.0450051770684963,-0.00440227677582231,0.0166293048740709
14.1,1,1.09189223983024,-2.09876700808474,-0.983485419857157,-0.0634270033342017,0.00620424675394992,-0.0234361254503646,0.0450051770684963,-0.00440227677582231,0.0166293048740709
14.11,1,1.09126022005575,-2.09870518573103,-0.983718949646417,-0.0629769515635167,0.0061602239861917,-0.0232698324016239,0.0450051770684963,-0.00440227677582231,0.0166293048740709
14.12,1,1.09063270079897,-2.09864380360501,-0.98395081650519,-0.0625268997928318,0.00611620121843348,-0.0231035393528831,0.0450051770684963,-0.00440227677582231,0.0166293048740709
14.13,1,1.0900096820599,-2.09858286170667,-0.984181020433475,-0.0620768480221468,0.00607217845067526,-0.0229372463041424,0.0450051770684963,-0.00440227677582231,0.0166293048740709
14.14,1,1.08939116383853,-2.098522360036,-0.984409561431272,-0.0616267962514618,0.00602815568291703,-0.0227709532554017,0.0450051770684963,-0.00440227677582231,0.0166293048740709
14.15,1,1.08877714613487,-2.09846229859301,-0.984636439498583,-0.0611767444807768,0.00598413291515881,-0.022604660206661,0.0450051770684963,-0.00440227677582231,0.0166293048740709
14.16,1,1.08816762894891,-2.09840267737769,-0.984861654635406,-0.0607266927100919,0.00594011014740058,-0.0224383671579203,0.0450051770684963,-0.00440227677582231,0.0166293048740709
14.17,1,1.08756261228066,-2.09834349639006,-0.985085206841741,-0.0602766409394069,0.00589608737964236,-0.0222720741091796,0.0450051770684963,-0.00440227677582231,0.0166293048740709
14.18,1,1.08696209613012,-2.0982847556301,-0.985307096117589,-0.0598265891687219,0.00585206461188414,-0.0221057810604389,0.0450051770684963,-0.00440227677582231,0.0166293048740709
14.19,1,1.08636608049729,-2.09822645509782,-0.98552732246295,-0.059376537398037,0.00580804184412592,-0.0219394880116982,0.0450051770684963,-0.00440227677582231,0.0166293048740709
14.2,1,1.08577456538216,-2.09816859479322,-0.985745885877823,-0.058926485627352,0.00576401907636769,-0.0217731949629575,0.0450051770684963,-0.00440227677582231,0.0166293048740709
14.21,1,1.08518755078474,-2.09811117471629,-0.985962786362209,-0.058476433856667,0.00571999630860947,-0.0216069019142167,0.0450051770684963,-0.00440227677582231,0.0166293048740709
14.22,1,1.08460503670503,-2.09805419486705,-0.986178023916108,-0.0580263820859821,0.00567597354085124,-0.021440608865476,0.0450051770684963,-0.00440227677582231,0.0166293048740709
14.23,1,1.08402702314302,-2.09799765524548,-0.986391598539519,-0.0575763303152971,0.00563195077309302,-0.0212743158167353,0.0450051770684963,-0.00440227677582231,0.0166293048740709
14.24,1,1.08345351009872,-2.09794155585159,-0.986603510232442,-0.0571262785446121,0.0055879280053348,-0.0211080227679946,0.0450051770684963,-0.00440227677582231,0.0166293048740709
14.25,1,1.08288449757213,-2.09788589668537,-0.986813758994878,-0.0566762267739272,0.00554390523757658,-0.0209417297192539,0.0450051770684963,-0.00440227677582231,0.0166293048740709
14.26,1,1.08231998556325,-2.09783067774683,-0.987022344826827,-0.0562261750032422,0.00549988246981835,-0.0207754366705132,0.0450051770684963,-0.00440227677582231,0.0166293048740709
14.27,1,1.08175997407207,-2.09777589903597,-0.987229267728289,-0.0557761232325573,0.00545585970206013,-0.0206091436217725,0.0450051770684963,-0.00440227677582231,0.0166293048740709
14.28,1,1.08120446309859,-2.09772156055279,-0.987434527699263,-0.0553260714618723,0.00541183693430191,-0.0204428505730318,0.0450051770684963,-0.00440227677582231,0.0166293048740709
14.29,1,1.08065345264283,-2.09766766229729,-0.987638124739749,-0.0548760196911874,0.00536781416654369,-0.0202765575242911,0.0450051770684963,-0.00440227677582231,0.0166293048740709
14.3,1,1.08010694270477,-2.09761420426946,-0.987840058849749,-0.0544259679205023,0.00532379139878546,-0.0201102644755504,0.0450051770684963,-0.00440227677582231,0.0166293048740709
14.31,1,1.07956493328442,-2.09756118646931,-0.98804033002926,-0.0539759161498174,0.00527976863102724,-0.0199439714268097,0.0450051770684963,-0.00440227677582231,0.0166293048740709
14.32,1,1.07902742438177,-2.09750860889684,-0.988238938278285,-0.0535258643791324,0.00523574586326901,-0.019777678378069,0.0450051770684963,-0.00440227677582231,0.0166293048740709
14.33,1,1.07849441599684,-2.09745647155205,-0.988435883596822,-0.0530758126084475,0.00519172309551079,-0.0196113853293282,0.0450051770684963,-0.00440227677582231,0.0166293048740709
14.34,1,1.07796590812961,-2.09740477443493,-0.988631165984871,-0.0526257608377625,0.00514770032775257,-0.0194450922805875,0.0450051770684963,-0.00440227677582231,0.0166293048740709
14.35,1,1.07744190078008,-2.09735351754549,-0.988824785442433,-0.0521757090670776,0.00510367755999435,-0.0192787992318468,0.0450051770684963,-0.00440227677582231,0.0166293048740709
14.36,1,1.07692239394826,-2.09730270088373,-0.989016741969508,-0.0517256572963926,0.00505965479223613,-0.0191125061831061,0.0450051770684963,-0.00440227677582231,0.0166293048740709
14.37,1,1.07640738763415,-2.09725232444965,-0.989207035566096,-0.0512756055257077,0.0050156320244779,-0.0189462131343654,0.0450051770684963,-0.00440227677582231,0.0166293048740709
14.38,1,1.07589688183775,-2.09720238824324,-0.989395666232196,-0.0508255537550227,0.00497160925671968,-0.0187799200856247,0.0450051770684963,-0.00440227677582231,0.0166293048740709
14.39,1,1.07539087655905,-2.09715289226451,-0.989582633967808,-0.0503755019843377,0.00492758648896145,-0.018613627036884,0.0450051770684963,-0.00440227677582231,0.0166293048740709
14.4,1,1.07488937179806,-2.09710383651346,-0.989767938772933,-0.0499254502136527,0.00488356372120323,-0.0184473339881433,0.0450051770684963,-0.00440227677582231,0.0166293048740709
14.41,1,1.07439236755478,-2.09705522099009,-0.989951580647571,-0.0494753984429678,0.00483954095344501,-0.0182810409394026,0.0450051770684963,-0.00440227677582231,0.0166293048740709
14.42,1,1.0738998638292,-2.09700704569439,-0.990133559591721,-0.0490253466722828,0.00479551818568678,-0.0181147478906619,0.0450051770684963,-0.00440227677582231,0.0166293048740709
14.43,1,1.07341186062133,-2.09695931062638,-0.990313875605384,-0.0485752949015979,0.00475149541792856,-0.0179484548419212,0.0450051770684963,-0.00440227677582231,0.0166293048740709
14.44,1,1.07292835793117,-2.09691201578603,-0.99049252868856,-0.0481252431309129,0.00470747265017034,-0.0177821617931805,0.0450051770684963,-0.00440227677582231,0.0166293048740709
14.45,1,1.07244935575872,-2.09686516117337,-0.990669518841248,-0.047675191360228,0.00466344988241212,-0.0176158687444398,0.0450051770684963,-0.00440227677582231,0.0166293048740709
14.46,1,1.07197485410397,-2.09681874678839,-0.990844846063448,-0.0472251395895429,0.00461942711465389,-0.017449575695699,0.0450051770684963,-0.00440227677582231,0.0166293048740709
14.47,1,1.07150485296692,-2.09677277263108,-0.991018510355162,-0.046775087818858,0.00457540434689567,-0.0172832826469583,0.0450051770684963,-0.00440227677582231,0.0166293048740709
14.48,1,1.07103935234759,-2.09672723870145,-0.991190511716388,-0.046325036048173,0.00453138157913744,-0.0171169895982176,0.0450051770684963,-0.00440227677582231,0.0166293048740709
14.49,1,1.07057835224596,-2.0966821449995,-0.991360850147126,-0.0458749842774881,0.00448735881137922,-0.0169506965494769,0.0450051770684963,-0.00440227677582231,0.0166293048740709
14.5,1,1.07012185266204,-2.09663749152522,-0.991529525647377,-0.0454249325068031,0.004443336043621,-0.0167844035007362,0.0450051770684963,-0.00440227677582231,0.0166293048740709
14.51,1,1.06966985359583,-2.09659327827862,-0.991696538217141,-0.0449748807361182,0.00439931327586278,-0.0166181104519955,0.0450051770684963,-0.00440227677582231,0.0166293048740709
14.52,1,1.06922235504732,-2.0965495052597,-0.991861887856417,-0.0445248289654332,0.00435529050810456,-0.0164518174032548,0.0450051770684963,-0.00440227677582231,0.0166293048740709
14.53,1,1.06877935701652,-2.09650617246846,-0.992025574565206,-0.0440747771947482,0.00431126774034633,-0.0162855243545141,0.0450051770684963,-0.00440227677582231,0.0166293048740709
14.54,1,1.06834085950342,-2.0964632799049,-0.992187598343507,-0.0436247254240633,0.00426724497258811,-0.0161192313057734,0.0450051770684963,-0.00440227677582231,0.0166293048740709
14.55,1,1.06790686250804,-2.09642082756901,-0.992347959191321,-0.0431746736533783,0.00422322220482988,-0.0159529382570326,0.0450051770684963,-0.00440227677582231,0.0166293048740709
14.56,1,1.06747736603035,-2.0963788154608,-0.992506657108648,-0.0427246218826933,0.00417919943707166,-0.0157866452082919,0.0450051770684963,-0.00440227677582231,0.0166293048740709
14.57,1,1.06705237007038,-2.09633724358027,-0.992663692095487,-0.0422745701120084,0.00413517666931344,-0.0156203521595512,0.0450051770684963,-0.00440227677582231,0.0166293048740709
14.58,1,1.06663187462811,-2.09629611192741,-0.992819064151839,-0.0418245183413234,0.00409115390155522,-0.0154540591108105,0.0450051770684963,-0.00440227677582231,0.0166293048740709
14.59,1,1.06621587970356,-2.09625542050224,-0.992972773277704,-0.0413744665706384,0.00404713113379699,-0.0152877660620698,0.0450051770684963,-0.00440227677582231,0.0166293048740709
14.6,1,1.0658043852967,-2.09621516930474,-0.993124819473081,-0.0409244147999535,0.00400310836603877,-0.0151214730133291,0.0450051770684963,-0.00440227677582231,0.0166293048740709
14.61,1,1.06539739140756,-2.09617535833492,-0.99327520273797,-0.0404743630292685,0.00395908559828055,-0.0149551799645884,0.0450051770684963,-0.00440227677582231,0.0166293048740709
14.62,1,1.06499489803612,-2.09613598759277,-0.993423923072372,-0.0400243112585836,0.00391506283052233,-0.0147888869158477,0.0450051770684963,-0.00440227677582231,0.0166293048740709
14.63,1,1.06459690518238,-2.09609705707831,-0.993570980476287,-0.0395742594878985,0.0038710400627641,-0.014622593867107,0.0450051770684963,-0.00440227677582231,0.0166293048740709
14.64,1,1.06420341284636,-2.09605856679152,-0.993716374949714,-0.0391242077172136,0.00382701729500587,-0.0144563008183663,0.0450051770684963,-0.00440227677582231,0.0166293048740709
14.65,1,1.06381442102804,-2.09602051673241,-0.993860106492654,-0.0386741559465286,0.00378299452724765,-0.0142900077696256,0.0450051770684963,-0.00440227677582231,0.0166293048740709
14.66,1,1.06342992972743,-2.09598290690097,-0.994002175105107,-0.0382241041758437,0.00373897175948943,-0.0141237147208849,0.0450051770684963,-0.00440227677582231,0.0166293048740709
14.67,1,1.06304993894452,-2.09594573729722,-0.994142580787072,-0.0377740524051587,0.00369494899173121,-0.0139574216721441,0.0450051770684963,-0.00440227677582231,0.0166293048740709
14.68,1,1.06267444867932,-2.09590900792114,-0.99428132353855,-0.0373240006344738,0.00365092622397299,-0.0137911286234034,0.0450051770684963,-0.00440227677582231,0.0166293048740709
14.69,1,1.06230345893183,-2.09587271877274,-0.99441840335954,-0.0368739488637888,0.00360690345621476,-0.0136248355746627,0.0450051770684963,-0.00440227677582231,0.0166293048740709
14.7,1,1.06193696970205,-2.09583686985201,-0.994553820250043,-0.0364238970931039,0.00356288068845654,-0.013458542525922,0.0450051770684963,-0.00440227677582231,0.0166293048740709
14.71,1,1.06157498098997,-2.09580146115897,-0.994687574210059,-0.0359738453224188,0.00351885792069831,-0.0132922494771813,0.0450051770684963,-0.00440227677582231,0.0166293048740709
14.72,1,1.0612174927956,-2.0957664926936,-0.994819665239587,-0.0355237935517339,0.00347483515294009,-0.0131259564284406,0.0450051770684963,-0.00440227677582231,0.0166293048740709
14.73,1,1.06086450511894,-2.09573196445591,-0.994950093338627,-0.0350737417810489,0.00343081238518187,-0.0129596633796999,0.0450051770684963,-0.00440227677582231,0.0166293048740709
14.74,1,1.06051601795998,-2.0956978764459,-0.995078858507181,-0.034623690010364,0.00338678961742365,-0.0127933703309592,0.0450051770684963,-0.00440227677582231,0.0166293048740709
14.75,1,1.06017203131873,-2.09566422866356,-0.995205960745247,-0.034173638239679,0.00334276684966542,-0.0126270772822185,0.0450051770684963,-0.00440227677582231,0.0166293048740709
14.76,1,1.05983254519519,-2.0956310211089,-0.995331400052825,-0.0337235864689941,0.0032987440819072,-0.0124607842334778,0.0450051770684963,-0.00440227677582231,0.0166293048740709
14.77,1,1.05949755958935,-2.09559825378192,-0.995455176429916,-0.0332735346983091,0.00325472131414898,-0.0122944911847371,0.0450051770684963,-0.00440227677582231,0.0166293048740709
14.78,1,1.05916707450122,-2.09556592668262,-0.99557728987652,-0.0328234829276242,0.00321069854639076,-0.0121281981359964,0.0450051770684963,-0.00440227677582231,0.0166293048740709
14.79,1,1.0588410899308,-2.09553403981099,-0.995697740392636,-0.0323734311569392,0.00316667577863253,-0.0119619050872557,0.0450051770684963,-0.00440227677582231,0.0166293048740709
14.8,1,1.05851960587808,-2.09550259316705,-0.995816527978265,-0.0319233793862542,0.0031226530108743,-0.0117956120385149,0.0450051770684963,-0.00440227677582231,0.0166293048740709
14.81,1,1.05820262234307,-2.09547158675078,-0.995933652633406,-0.0314733276155692,0.00307863024311608,-0.0116293189897742,0.0450051770684963,-0.00440227677582231,0.0166293048740709
14.82,1,1.05789013932577,-2.09544102056218,-0.99604911435806,-0.0310232758448843,0.00303460747535786,-0.0114630259410335,0.0450051770684963,-0.00440227677582231,0.0166293048740709
14.83,1,1.05758215682617,-2.09541089460127,-0.996162913152227,-0.0305732240741993,0.00299058470759964,-0.0112967328922928,0.0450051770684963,-0.00440227677582231,0.0166293048740709
14.84,1,1.05727867484429,-2.09538120886803,-0.996275049015906,-0.0301231723035144,0.00294656193984142,-0.0111304398435521,0.0450051770684963,-0.00440227677582231,0.0166293048740709
14.85,1,1.0569796933801,-2.09535196336247,-0.996385521949098,-0.0296731205328294,0.00290253917208319,-0.0109641467948114,0.0450051770684963,-0.00440227677582231,0.0166293048740709
14.86,1,1.05668521243363,-2.09532315808459,-0.996494331951802,-0.0292230687621445,0.00285851640432497,-0.0107978537460707,0.0450051770684963,-0.00440227677582231,0.0166293048740709
14.87,1,1.05639523200486,-2.09529479303439,-0.996601479024019,-0.0287730169914595,0.00281449363656675,-0.01063156069733,0.0450051770684963,-0.00440227677582231,0.0166293048740709
14.88,1,1.0561097520938,-2.09526686821186,-0.996706963165749,-0.0283229652207745,0.00277047086880852,-0.0104652676485892,0.0450051770684963,-0.00440227677582231,0.0166293048740709
14.89,1,1.05582877270045,-2.09523938361701,-0.996810784376991,-0.0278729134500895,0.0027264481010503,-0.0102989745998485,0.0450051770684963,-0.00440227677582231,0.0166293048740709
14.9,1,1.0555522938248,-2.09521233924984,-0.996912942657746,-0.0274228616794046,0.00268242533329208,-0.0101326815511078,0.0450051770684963,-0.00440227677582231,0.0166293048740709
14.91,1,1.05528031546686,-2.09518573511034,-0.997013438008013,-0.0269728099087196,0.00263840256553385,-0.00996638850236713,0.0450051770684963,-0.00440227677582231,0.0166293048740709
14.92,1,1.05501283762662,-2.09515957119853,-0.997112270427793,-0.0265227581380347,0.00259437979777563,-0.00980009545362642,0.0450051770684963,-0.00440227677582231,0.0166293048740709
14.93,1,1.0547498603041,-2.09513384751439,-0.997209439917086,-0.0260727063673497,0.00255035703001741,-0.00963380240488572,0.0450051770684963,-0.00440227677582231,0.0166293048740709
14.94,1,1.05449138349928,-2.09510856405793,-0.997304946475891,-0.0256226545966647,0.00250633426225919,-0.00946750935614501,0.0450051770684963,-0.00440227677582231,0.0166293048740709
14.95,1,1.05423740721216,-2.09508372082914,-0.997398790104209,-0.0251726028259798,0.00246231149450097,-0.00930121630740431,0.0450051770684963,-0.00440227677582231,0.0166293048740709
14.96,1,1.05398793144276,-2.09505931782804,-0.997490970802039,-0.0247225510552948,0.00241828872674274,-0.00913492325866357,0.0450051770684963,-0.00440227677582231,0.0166293048740709
14.97,1,1.05374295619106,-2.09503535505461,-0.997581488569382,-0.0242724992846098,0.00237426595898451,-0.00896863020992287,0.0450051770684963,-0.00440227677582231,0.0166293048740709
14.98,1,1.05350248145707,-2.09501183250886,-0.997670343406238,-0.0238224475139249,0.00233024319122629,-0.00880233716118216,0.0450051770684963,-0.00440227677582231,0.0166293048740709
14.99,1,1.05326650724078,-2.09498875019078,-0.997757535312606,-0.0233723957432399,0.00228622042346807,-0.00863604411244146,0.0450051770684963,-0.00440227677582231,0.0166293048740709
15,1,1.0530350335422,-2.09496610810039,-0.997843064288486,-0.0229223439725549,0.00224219765570985,-0.00846975106370075,0.0450051770684963,-0.00440227677582231,0.0166293048740709
15.01,1,1.05280806036133,-2.09494390623767,-0.99792693033388,-0.02247229220187,0.00219817488795162,-0.00830345801496005,0.0450051770684963,-0.00440227677582231,0.0166293048740709
15.02,1,1.05258558769816,-2.09492214460263,-0.998009133448786,-0.022022240431185,0.0021541521201934,-0.00813716496621934,0.0450051770684963,-0.00440227677582231,0.0166293048740709
15.03,1,1.0523676155527,-2.09490082319527,-0.998089673633204,-0.0215721886605001,0.00211012935243518,-0.00797087191747863,0.0450051770684963,-0.00440227677582231,0.0166293048740709
15.04,1,1.05215414392495,-2.09487994201558,-0.998168550887135,-0.0211221368898151,0.00206610658467696,-0.00780457886873793,0.0450051770684963,-0.00440227677582231,0.0166293048740709
15.05,1,1.05194517281491,-2.09485950106357,-0.998245765210579,-0.0206720851191301,0.00202208381691873,-0.00763828581999719,0.0450051770684963,-0.00440227677582231,0.0166293048740709
15.06,1,1.05174070222257,-2.09483950033924,-0.998321316603535,-0.0202220333484451,0.00197806104916051,-0.00747199277125649,0.0450051770684963,-0.00440227677582231,0.0166293048740709
15.07,1,1.05154073214794,-2.09481993984259,-0.998395205066004,-0.0197719815777602,0.00193403828140228,-0.00730569972251578,0.0450051770684963,-0.00440227677582231,0.0166293048740709
15.08,1,1.05134526259102,-2.09480081957361,-0.998467430597985,-0.0193219298070752,0.00189001551364406,-0.00713940667377508,0.0450051770684963,-0.00440227677582231,0.0166293048740709
15.09,1,1.0511542935518,-2.09478213953232,-0.99853799319948,-0.0188718780363903,0.00184599274588584,-0.00697311362503437,0.0450051770684963,-0.00440227677582231,0.0166293048740709
15.1,1,1.05096782503029,-2.0947638997187,-0.998606892870486,-0.0184218262657053,0.00180196997812762,-0.00680682057629367,0.0450051770684963,-0.00440227677582231,0.0166293048740709
15.11,1,1.05078585702648,-2.09474610013275,-0.998674129611005,-0.0179717744950204,0.0017579472103694,-0.00664052752755296,0.0450051770684963,-0.00440227677582231,0.0166293048740709
15.12,1,1.05060838954039,-2.09472874077449,-0.998739703421037,-0.0175217227243354,0.00171392444261117,-0.00647423447881226,0.0450051770684963,-0.00440227677582231,0.0166293048740709
15.13,1,1.050435422572,-2.0947118216439,-0.998803614300582,-0.0170716709536504,0.00166990167485294,-0.00630794143007152,0.0450051770684963,-0.00440227677582231,0.0166293048740709
15.14,1,1.05026695612131,-2.09469534274099,-0.998865862249639,-0.0166216191829654,0.00162587890709472,-0.00614164838133082,0.0450051770684963,-0.00440227677582231,0.0166293048740709
15.15,1,1.05010299018834,-2.09467930406576,-0.998926447268208,-0.0161715674122805,0.0015818561393365,-0.00597535533259011,0.0450051770684963,-0.00440227677582231,0.0166293048740709
15.16,1,1.04994352477307,-2.0946637056182,-0.99898536935629,-0.0157215156415955,0.00153783337157828,-0.00580906228384941,0.0450051770684963,-0.00440227677582231,0.0166293048740709
15.17,1,1.04978855987551,-2.09464854739833,-0.999042628513885,-0.0152714638709106,0.00149381060382006,-0.0056427692351087,0.0450051770684963,-0.00440227677582231,0.0166293048740709
15.18,1,1.04963809549565,-2.09463382940613,-0.999098224740993,-0.0148214121002256,0.00144978783606183,-0.00547647618636799,0.0450051770684963,-0.00440227677582231,0.0166293048740709
15.19,1,1.0494921316335,-2.09461955164161,-0.999152158037613,-0.0143713603295407,0.00140576506830361,-0.00531018313762729,0.0450051770684963,-0.00440227677582231,0.0166293048740709
15.2,1,1.04935066828906,-2.09460571410476,-0.999204428403745,-0.0139213085588557,0.00136174230054539,-0.00514389008888658,0.0450051770684963,-0.00440227677582231,0.0166293048740709
15.21,1,1.04921370546232,-2.0945923167956,-0.99925503583939,-0.0134712567881707,0.00131771953278716,-0.00497759704014585,0.0450051770684963,-0.00440227677582231,0.0166293048740709
15.22,1,1.0490812431533,-2.09457935971411,-0.999303980344548,-0.0130212050174857,0.00127369676502894,-0.00481130399140514,0.0450051770684963,-0.00440227677582231,0.0166293048740709
15.23,1,1.04895328136197,-2.0945668428603,-0.999351261919218,-0.0125711532468008,0.00122967399727071,-0.00464501094266444,0.0450051770684963,-0.00440227677582231,0.0166293048740709
15.24,1,1.04882982008836,-2.09455476623416,-0.999396880563401,-0.0121211014761158,0.00118565122951249,-0.00447871789392373,0.0450051770684963,-0.00440227677582231,0.0166293048740709
15.25,1,1.04871085933245,-2.09454312983571,-0.999440836277097,-0.0116710497054309,0.00114162846175427,-0.00431242484518303,0.0450051770684963,-0.00440227677582231,0.0166293048740709
15.26,1,1.04859639909425,-2.09453193366493,-0.999483129060305,-0.0112209979347459,0.00109760569399605,-0.00414613179644232,0.0450051770684963,-0.00440227677582231,0.0166293048740709
15.27,1,1.04848643937376,-2.09452117772183,-0.999523758913026,-0.010770946164061,0.00105358292623783,-0.00397983874770162,0.0450051770684963,-0.00440227677582231,0.0166293048740709
15.28,1,1.04838098017097,-2.0945108620064,-0.999562725835259,-0.010320894393376,0.0010095601584796,-0.00381354569896091,0.0450051770684963,-0.00440227677582231,0.0166293048740709
15.29,1,1.04828002148589,-2.09450098651866,-0.999600029827005,-0.00987084262269104,0.000965537390721382,-0.00364725265022021,0.0450051770684963,-0.00440227677582231,0.0166293048740709
15.3,1,1.04818356331852,-2.09449155125859,-0.999635670888263,-0.00942079085200601,0.000921514622963152,-0.00348095960147947,0.0450051770684963,-0.00440227677582231,0.0166293048740709
15.31,1,1.04809160566885,-2.0944825562262,-0.999669649019035,-0.00897073908132106,0.00087749185520493,-0.00331466655273877,0.0450051770684963,-0.00440227677582231,0.0166293048740709
15.32,1,1.04800414853689,-2.09447400142148,-0.999701964219318,-0.0085206873106361,0.000833469087446708,-0.00314837350399806,0.0450051770684963,-0.00440227677582231,0.0166293048740709
15.33,1,1.04792119192264,-2.09446588684445,-0.999732616489114,-0.00807063553995115,0.000789446319688485,-0.00298208045525735,0.0450051770684963,-0.00440227677582231,0.0166293048740709
15.34,1,1.04784273582609,-2.09445821249509,-0.999761605828423,-0.00762058376926619,0.000745423551930263,-0.00281578740651665,0.0450051770684963,-0.00440227677582231,0.0166293048740709
15.35,1,1.04776878024725,-2.09445097837341,-0.999788932237245,-0.00717053199858124,0.000701400784172041,-0.00264949435777594,0.0450051770684963,-0.00440227677582231,0.0166293048740709
15.36,1,1.04769932518612,-2.09444418447941,-0.999814595715579,-0.00672048022789629,0.000657378016413819,-0.00248320130903524,0.0450051770684963,-0.00440227677582231,0.0166293048740709
15.37,1,1.04763437064269,-2.09443783081308,-0.999838596263426,-0.00627042845721133,0.000613355248655597,-0.00231690826029453,0.0450051770684963,-0.00440227677582231,0.0166293048740709
15.38,1,1.04757391661697,-2.09443191737443,-0.999860933880785,-0.0058203766865263,0.000569332480897367,-0.0021506152115538,0.0450051770684963,-0.00440227677582231,0.0166293048740709
15.39,1,1.04751796310896,-2.09442644416346,-0.999881608567657,-0.00537032491584135,0.000525309713139145,-0.00198432216281309,0.0450051770684963,-0.00440227677582231,0.0166293048740709
15.4,1,1.04746651011866,-2.09442141118017,-0.999900620324041,-0.00492027314515639,0.000481286945380923,-0.00181802911407239,0.0450051770684963,-0.00440227677582231,0.0166293048740709
15.41,1,1.04741955764606,-2.09441681842456,-0.999917969149938,-0.00447022137447144,0.000437264177622701,-0.00165173606533168,0.0450051770684963,-0.00440227677582231,0.0166293048740709
15.42,1,1.04737710569117,-2.09441266589662,-0.999933655045348,-0.00402016960378648,0.000393241409864479,-0.00148544301659098,0.0450051770684963,-0.00440227677582231,0.0166293048740709
15.43,1,1.04733915425398,-2.09440895359636,-0.99994767801027,-0.00357011783310153,0.000349218642106257,-0.00131914996785027,0.0450051770684963,-0.00440227677582231,0.0166293048740709
15.44,1,1.04730570333451,-2.09440568152378,-0.999960038044705,-0.00312006606241658,0.000305195874348034,-0.00115285691910957,0.0450051770684963,-0.00440227677582231,0.0166293048740709
15.45,1,1.04727675293274,-2.09440284967887,-0.999970735148652,-0.00267001429173162,0.000261173106589812,-0.000986563870368861,0.0450051770684963,-0.00440227677582231,0.0166293048740709
15.46,1,1.04725230304867,-2.09440045806164,-0.999979769322112,-0.00221996252104659,0.000217150338831582,-0.000820270821628126,0.0450051770684963,-0.00440227677582231,0.0166293048740709
15.47,1,1.04723235368231,-2.09439850667209,-0.999987140565085,-0.00176991075036164,0.00017312757107336,-0.00065397777288742,0.0450051770684963,-0.00440227677582231,0.0166293048740709
15.48,1,1.04721690483366,-2.09439699551022,-0.99999284887757,-0.00131985897967668,0.000129104803315138,-0.000487684724146715,0.0450051770684963,-0.00440227677582231,0.0166293048740709
15.49,1,1.04720595650272,-2.09439592457603,-0.999996894259568,-0.000869807208991729,8.5082035556916e-05,-0.000321391675406009,0.0450051770684963,-0.00440227677582231,0.0166293048740709
15.5,1,1.0471975511966,-2.0943951023932,-1,0,0,0,0.0450051770684963,-0.00440227677582231,0.0166293048740709
15.5,2,1.0471975511966,-2.0943951023932,-1,0,0,-0,0,0,-8
15.51,2,1.0471975511966,-2.0943951023932,-1.0004,0,0,-0.08,0,0,-8
15.52,2,1.0471975511966,-2.0943951023932,-1.0016,0,0,-0.16,0,0,-8
15.53,2,1.0471975511966,-2.0943951023932,-1.0036,0,0,-0.24,0,0,-8
15.54,2,1.0471975511966,-2.0943951023932,-1.0064,0,0,-0.32,0,0,-8
15.55,2,1.0471975511966,-2.0943951023932,-1.01,0,0,-0.4,0,0,-8
15.56,2,1.0471975511966,-2.0943951023932,-1.0144,0,0,-0.48,0,0,-8
15.57,2,1.0471975511966,-2.0943951023932,-1.0196,0,0,-0.56,0,0,-8
15.58,2,1.0471975511966,-2.0943951023932,-1.0256,0,0,-0.64,0,0,-8
15.59,2,1.0471975511966,-2.0943951023932,-1.0324,0,0,-0.72,0,0,-8
15.6,2,1.0471975511966,-2.0943951023932,-1.04,0,0,-0.8,0,0,-8
15.61,2,1.0471975511966,-2.0943951023932,-1.0484,0,0,-0.88,0,0,-8
15.62,2,1.0471975511966,-2.0943951023932,-1.0576,0,0,-0.96,0,0,-8
15.63,2,1.0471975511966,-2.0943951023932,-1.0676,0,0,-1.04,0,0,-8
15.64,2,1.0471975511966,-2.0943951023932,-1.0784,0,0,-1.12,0,0,-8
15.65,2,1.0471975511966,-2.0943951023932,-1.09,0,0,-1.2,0,0,-8
15.66,2,1.0471975511966,-2.0943951023932,-1.1024,0,0,-1.28,0,0,-8
15.67,2,1.0471975511966,-2.0943951023932,-1.1156,0,0,-1.36,0,0,-8
15.68,2,1.0471975511966,-2.0943951023932,-1.1296,0,0,-1.44,0,0,-8
15.69,2,1.0471975511966,-2.0943951023932,-1.1444,0,0,-1.52,0,0,-8
15.7,2,1.0471975511966,-2.0943951023932,-1.16,0,0,-1.6,0,0,-8
15.71,2,1.0471975511966,-2.0943951023932,-1.1764,0,0,-1.68,0,0,-8
15.72,2,1.0471975511966,-2.0943951023932,-1.1936,0,0,-1.76,0,0,-8
15.73,2,1.0471975511966,-2.0943951023932,-1.2116,0,0,-1.84,0,0,-8
15.74,2,1.0471975511966,-2.0943951023932,-1.2304,0,0,-1.92,0,0,-8
15.75,2,1.0471975511966,-2.0943951023932,-1.25,0,0,-2,0,0,-8
15.76,2,1.0471975511966,-2.0943951023932,-1.2704,0,0,-2.08,0,0,-8
15.77,2,1.0471975511966,-2.0943951023932,-1.2916,0,0,-2.16,0,0,-8
15.78,2,1.0471975511966,-2.0943951023932,-1.3136,0,0,-2.24,0,0,-8
15.79,2,1.0471975511966,-2.0943951023932,-1.3364,0,0,-2.32,0,0,-8
15.8,2,1.0471975511966,-2.0943951023932,-1.36,0,0,-2.4,0,0,-8
15.81,2,1.0471975511966,-2.0943951023932,-1.3844,0,0,-2.48,0,0,-8
15.82,2,1.0471975511966,-2.0943951023932,-1.4096,0,0,-2.56,0,0,-8
15.83,2,1.0471975511966,-2.0943951023932,-1.4356,0,0,-2.64,0,0,-8
15.84,2,1.0471975511966,-2.0943951023932,-1.4624,0,0,-2.72,0,0,-8
15.85,2,1.0471975511966,-2.0943951023932,-1.49,0,0,-2.8,0,0,-8
15.86,2,1.0471975511966,-2.0943951023932,-1.5184,0,0,-2.88,0,0,-8
15.87,2,1.0471975511966,-2.0943951023932,-1.5476,0,0,-2.96,0,0,-8
15.88,2,1.0471975511966,-2.0943951023932,-1.5776,0,0,-3.04,0,0,-8
15.89,2,1.0471975511966,-2.0943951023932,-1.6084,0,0,-3.12,0,0,-8
15.9,2,1.0471975511966,-2.0943951023932,-1.64,0,0,-3.2,0,0,-8
15.91,2,1.0471975511966,-2.0943951023932,-1.6724,0,0,-3.28,0,0,-8
15.92,2,1.0471975511966,-2.0943951023932,-1.7056,0,0,-3.36,0,0,-8
15.93,2,1.0471975511966,-2.0943951023932,-1.7396,0,0,-3.44,0,0,-8
15.94,2,1.0471975511966,-2.0943951023932,-1.7744,0,0,-3.52,0,0,-8
15.95,2,1.0471975511966,-2.0943951023932,-1.81,0,0,-3.6,0,0,-8
15.96,2,1.0471975511966,-2.0943951023932,-1.8464,0,0,-3.68,0,0,-8
15.97,2,1.0471975511966,-2.0943951023932,-1.8836,0,0,-3.76,0,0,-8
15.98,2,1.0471975511966,-2.0943951023932,-1.9216,0,0,-3.84,0,0,-8
15.99,2,1.0471975511966,-2.0943951023932,-1.9604,0,0,-3.92,0,0,-8
16,2,1.0471975511966,-2.0943951023932,-2,0,0,-4,0,0,-8
16.01,2,1.0471975511966,-2.0943951023932,-2.0396,0,0,-3.92,0,0,8
16.02,2,1.0471975511966,-2.0943951023932,-2.0784,0,0,-3.84,0,0,8
16.03,2,1.0471975511966,-2.0943951023932,-2.1164,0,0,-3.76,0,0,8
16.04,2,1.0471975511966,-2.0943951023932,-2.1536,0,0,-3.68,0,0,8
16.05,2,1.0471975511966,-2.0943951023932,-2.19,0,0,-3.6,0,0,8
16.06,2,1.0471975511966,-2.0943951023932,-2.2256,0,0,-3.52,0,0,8
16.07,2,1.0471975511966,-2.0943951023932,-2.2604,0,0,-3.44,0,0,8
16.08,2,1.0471975511966,-2.0943951023932,-2.2944,0,0,-3.36,0,0,8
16.09,2,1.0471975511966,-2.0943951023932,-2.3276,0,0,-3.28,0,0,8
16.1,2,1.0471975511966,-2.0943951023932,-2.36,0,0,-3.2,0,0,8
16.11,2,1.0471975511966,-2.0943951023932,-2.3916,0,0,-3.12,0,0,8
16.12,2,1.0471975511966,-2.0943951023932,-2.4224,0,0,-3.04,0,0,8
16.13,2,1.0471975511966,-2.0943951023932,-2.4524,0,0,-2.96,0,0,8
16.14,2,1.0471975511966,-2.0943951023932,-2.4816,0,0,-2.88,0,0,8
16.15,2,1.0471975511966,-2.0943951023932,-2.51,0,0,-2.8,0,0,8
16.16,2,1.0471975511966,-2.0943951023932,-2.5376,0,0,-2.72,0,0,8
16.17,2,1.0471975511966,-2.0943951023932,-2.5644,0,0,-2.64,0,0,8
16.18,2,1.0471975511966,-2.0943951023932,-2.5904,0,0,-2.56,0,0,8
16.19,2,1.0471975511966,-2.0943951023932,-2.6156,0,0,-2.48,0,0,8
16.2,2,1.0471975511966,-2.0943951023932,-2.64,0,0,-2.4,0,0,8
16.21,2,1.0471975511966,-2.0943951023932,-2.6636,0,0,-2.32,0,0,8
16.22,2,1.0471975511966,-2.0943951023932,-2.6864,0,0,-2.24,0,0,8
16.23,2,1.0471975511966,-2.0943951023932,-2.7084,0,0,-2.16,0,0,8
16.24,2,1.0471975511966,-2.0943951023932,-2.7296,0,0,-2.08,0,0,8
16.25,2,1.0471975511966,-2.0943951023932,-2.75,0,0,-2,0,0,8
16.26,2,1.0471975511966,-2.0943951023932,-2.7696,0,0,-1.92,0,0,8
16.27,2,1.0471975511966,-2.0943951023932,-2.7884,0,0,-1.84,0,0,8
16.28,2,1.0471975511966,-2.0943951023932,-2.8064,0,0,-1.76,0,0,8
16.29,2,1.0471975511966,-2.0943951023932,-2.8236,0,0,-1.68,0,0,8
16.3,2,1.0471975511966,-2.0943951023932,-2.84,0,0,-1.6,0,0,8
16.31,2,1.0471975511966,-2.0943951023932,-2.8556,0,0,-1.52,0,0,8
16.32,2,1.0471975511966,-2.0943951023932,-2.8704,0,0,-1.44,0,0,8
16.33,2,1.0471975511966,-2.0943951023932,-2.8844,0,0,-1.36,0,0,8
16.34,2,1.0471975511966,-2.0943951023932,-2.8976,0,0,-1.28,0,0,8
16.35,2,1.0471975511966,-2.0943951023932,-2.91,0,0,-1.2,0,0,8
16.36,2,1.0471975511966,-2.0943951023932,-2.9216,0,0,-1.12,0,0,8
16.37,2,1.0471975511966,-2.0943951023932,-2.9324,0,0,-1.04,0,0,8
16.38,2,1.0471975511966,-2.0943951023932,-2.9424,0,0,-0.96,0,0,8
16.39,2,1.0471975511966,-2.0943951023932,-2.9516,0,0,-0.88,0,0,8
16.4,2,1.0471975511966,-2.0943951023932,-2.96,0,0,-0.8,0,0,8
16.41,2,1.0471975511966,-2.0943951023932,-2.9676,0,0,-0.72,0,0,8
16.42,2,1.0471975511966,-2.0943951023932,-2.9744,0,0,-0.64,0,0,8
16.43,2,1.0471975511966,-2.0943951023932,-2.9804,0,0,-0.56,0,0,8
16.44,2,1.0471975511966,-2.0943951023932,-2.9856,0,0,-0.48,0,0,8
16.45,2,1.0471975511966,-2.0943951023932,-2.99,0,0,-0.4,0,0,8
16.46,2,1.0471975511966,-2.0943951023932,-2.9936,0,0,-0.32,0,0,8
16.47,2,1.0471975511966,-2.0943951023932,-2.9964,0,0,-0.24,0,0,8
16.48,2,1.0471975511966,-2.0943951023932,-2.9984,0,0,-0.16,0,0,8
16.49,2,1.0471975511966,-2.0943951023932,-2.9996,0,0,-0.0800000000000001,0,0,8
16.5,2,1.0471975511966,-2.0943951023932,-3,0,0,0,0,0,8
16.5,3,1.0471975511966,-2.0943951023932,-3,0,0,0,0,0,8
16.51,3,1.0471975511966,-2.0943951023932,-2.9996,0,0,0.08,0,0,8
16.52,3,1.0471975511966,-2.0943951023932,-2.9984,0,0,0.16,0,0,8
16.53,3,1.0471975511966,-2.0943951023932,-2.9964,0,0,0.24,0,0,8
16.54,3,1.0471975511966,-2.0943951023932,-2.9936,0,0,0.32,0,0,8
16.55,3,1.0471975511966,-2.0943951023932,-2.99,0,0,0.4,0,0,8
16.56,3,1.0471975511966,-2.0943951023932,-2.9856,0,0,0.48,0,0,8
16.57,3,1.0471975511966,-2.0943951023932,-2.9804,0,0,0.56,0,0,8
16.58,3,1.0471975511966,-2.0943951023932,-2.9744,0,0,0.64,0,0,8
16.59,3,1.0471975511966,-2.0943951023932,-2.9676,0,0,0.72,0,0,8
16.6,3,1.0471975511966,-2.0943951023932,-2.96,0,0,0.8,0,0,8
16.61,3,1.0471975511966,-2.0943951023932,-2.9516,0,0,0.88,0,0,8
16.62,3,1.0471975511966,-2.0943951023932,-2.9424,0,0,0.96,0,0,8
16.63,3,1.0471975511966,-2.0943951023932,-2.9324,0,0,1.04,0,0,8
16.64,3,1.0471975511966,-2.0943951023932,-2.9216,0,0,1.12,0,0,8
16.65,3,1.0471975511966,-2.0943951023932,-2.91,0,0,1.2,0,0,8
16.66,3,1.0471975511966,-2.0943951023932,-2.8976,0,0,1.28,0,0,8
16.67,3,1.0471975511966,-2.0943951023932,-2.8844,0,0,1.36,0,0,8
16.68,3,1.0471975511966,-2.0943951023932,-2.8704,0,0,1.44,0,0,8
16.69,3,1.0471975511966,-2.0943951023932,-2.8556,0,0,1.52,0,0,8
16.7,3,1.0471975511966,-2.0943951023932,-2.84,0,0,1.6,0,0,8
16.71,3,1.0471975511966,-2.0943951023932,-2.8236,0,0,1.68,0,0,8
16.72,3,1.0471975511966,-2.0943951023932,-2.8064,0,0,1.76,0,0,8
16.73,3,1.0471975511966,-2.0943951023932,-2.7884,0,0,1.84,0,0,8
16.74,3,1.0471975511966,-2.0943951023932,-2.7696,0,0,1.92,0,0,8
16.75,3,1.0471975511966,-2.0943951023932,-2.75,0,0,2,0,0,8
16.76,3,1.0471975511966,-2.0943951023932,-2.7296,0,0,2.08,0,0,8
16.77,3,1.0471975511966,-2.0943951023932,-2.7084,0,0,2.16,0,0,8
16.78,3,1.0471975511966,-2.0943951023932,-2.6864,0,0,2.24,0,0,8
16.79,3,1.0471975511966,-2.0943951023932,-2.6636,0,0,2.32,0,0,8
16.8,3,1.0471975511966,-2.0943951023932,-2.64,0,0,2.4,0,0,8
16.81,3,1.0471975511966,-2.0943951023932,-2.6156,0,0,2.48,0,0,8
16.82,3,1.0471975511966,-2.0943951023932,-2.5904,0,0,2.56,0,0,8
16.83,3,1.0471975511966,-2.0943951023932,-2.5644,0,0,2.64,0,0,8
16.84,3,1.0471975511966,-2.0943951023932,-2.5376,0,0,2.72,0,0,8
16.85,3,1.0471975511966,-2.0943951023932,-2.51,0,0,2.8,0,0,8
16.86,3,1.0471975511966,-2.0943951023932,-2.4816,0,0,2.88,0,0,8
16.87,3,1.0471975511966,-2.0943951023932,-2.4524,0,0,2.96,0,0,8
16.88,3,1.0471975511966,-2.0943951023932,-2.4224,0,0,3.04,0,0,8
16.89,3,1.0471975511966,-2.0943951023932,-2.3916,0,0,3.12,0,0,8
16.9,3,1.0471975511966,-2.0943951023932,-2.36,0,0,3.2,0,0,8
16.91,3,1.0471975511966,-2.0943951023932,-2.3276,0,0,3.28,0,0,8
16.92,3,1.0471975511966,-2.0943951023932,-2.2944,0,0,3.36,0,0,8
16.93,3,1.0471975511966,-2.0943951023932,-2.2604,0,0,3.44,0,0,8
16.94,3,1.0471975511966,-2.0943951023932,-2.2256,0,0,3.52,0,0,8
16.95,3,1.0471975511966,-2.0943951023932,-2.19,0,0,3.6,0,0,8
16.96,3,1.0471975511966,-2.0943951023932,-2.1536,0,0,3.68,0,0,8
16.97,3,1.0471975511966,-2.0943951023932,-2.1164,0,0,3.76,0,0,8
16.98,3,1.0471975511966,-2.0943951023932,-2.0784,0,0,3.84,0,0,8
16.99,3,1.0471975511966,-2.0943951023932,-2.0396,0,0,3.92,0,0,8
17,3,1.0471975511966,-2.0943951023932,-2,0,0,4,0,0,8
17.01,3,1.0471975511966,-2.0943951023932,-1.9604,0,0,3.92,0,0,-8
17.02,3,1.0471975511966,-2.0943951023932,-1.9216,0,0,3.84,0,0,-8
17.03,3,1.0471975511966,-2.0943951023932,-1.8836,0,0,3.76,0,0,-8
17.04,3,1.0471975511966,-2.0943951023932,-1.8464,0,0,3.68,0,0,-8
17.05,3,1.0471975511966,-2.0943951023932,-1.81,0,0,3.6,0,0,-8
17.06,3,1.0471975511966,-2.0943951023932,-1.7744,0,0,3.52,0,0,-8
17.07,3,1.0471975511966,-2.0943951023932,-1.7396,0,0,3.44,0,0,-8
17.08,3,1.0471975511966,-2.0943951023932,-1.7056,0,0,3.36,0,0,-8
17.09,3,1.0471975511966,-2.0943951023932,-1.6724,0,0,3.28,0,0,-8
17.1,3,1.0471975511966,-2.0943951023932,-1.64,0,0,3.2,0,0,-8
17.11,3,1.0471975511966,-2.0943951023932,-1.6084,0,0,3.12,0,0,-8
17.12,3,1.0471975511966,-2.0943951023932,-1.5776,0,0,3.04,0,0,-8
17.13,3,1.0471975511966,-2.0943951023932,-1.5476,0,0,2.96,0,0,-8
17.14,3,1.0471975511966,-2.0943951023932,-1.5184,0,0,2.88,0,0,-8
17.15,3,1.0471975511966,-2.0943951023932,-1.49,0,0,2.8,0,0,-8
17.16,3,1.0471975511966,-2.0943951023932,-1.4624,0,0,2.72,0,0,-8
17.17,3,1.0471975511966,-2.0943951023932,-1.4356,0,0,2.64,0,0,-8
17.18,3,1.0471975511966,-2.0943951023932,-1.4096,0,0,2.56,0,0,-8
17.19,3,1.0471975511966,-2.0943951023932,-1.3844,0,0,2.48,0,0,-8
17.2,3,1.0471975511966,-2.0943951023932,-1.36,0,0,2.4,0,0,-8
17.21,3,1.0471975511966,-2.0943951023932,-1.3364,0,0,2.32,0,0,-8
17.22,3,1.0471975511966,-2.0943951023932,-1.3136,0,0,2.24,0,0,-8
17.23,3,1.0471975511966,-2.0943951023932,-1.2916,0,0,2.16,0,0,-8
17.24,3,1.0471975511966,-2.0943951023932,-1.2704,0,0,2.08,0,0,-8
17.25,3,1.0471975511966,-2.0943951023932,-1.25,0,0,2,0,0,-8
17.26,3,1.0471975511966,-2.0943951023932,-1.2304,0,0,1.92,0,0,-8
17.27,3,1.0471975511966,-2.0943951023932,-1.2116,0,0,1.84,0,0,-8
17.28,3,1.0471975511966,-2.0943951023932,-1.1936,0,0,1.76,0,0,-8
17.29,3,1.0471975511966,-2.0943951023932,-1.1764,0,0,1.68,0,0,-8
17.3,3,1.0471975511966,-2.0943951023932,-1.16,0,0,1.6,0,0,-8
17.31,3,1.0471975511966,-2.0943951023932,-1.1444,0,0,1.52,0,0,-8
17.32,3,1.0471975511966,-2.0943951023932,-1.1296,0,0,1.44,0,0,-8
17.33,3,1.0471975511966,-2.0943951023932,-1.1156,0,0,1.36,0,0,-8
17.34,3,1.0471975511966,-2.0943951023932,-1.1024,0,0,1.28,0,0,-8
17.35,3,1.0471975511966,-2.0943951023932,-1.09,0,0,1.2,0,0,-8
17.36,3,1.0471975511966,-2.0943951023932,-1.0784,0,0,1.12,0,0,-8
17.37,3,1.0471975511966,-2.0943951023932,-1.0676,0,0,1.04,0,0,-8
17.38,3,1.0471975511966,-2.0943951023932,-1.0576,0,0,0.96,0,0,-8
17.39,3,1.0471975511966,-2.0943951023932,-1.0484,0,0,0.88,0,0,-8
17.4,3,1.0471975511966,-2.0943951023932,-1.04,0,0,0.8,0,0,-8
17.41,3,1.0471975511966,-2.0943951023932,-1.0324,0,0,0.72,0,0,-8
17.42,3,1.0471975511966,-2.0943951023932,-1.0256,0,0,0.64,0,0,-8
17.43,3,1.0471975511966,-2.0943951023932,-1.0196,0,0,0.56,0,0,-8
17.44,3,1.0471975511966,-2.0943951023932,-1.0144,0,0,0.48,0,0,-8
17.45,3,1.0471975511966,-2.0943951023932,-1.01,0,0,0.4,0,0,-8
17.46,3,1.0471975511966,-2.0943951023932,-1.0064,0,0,0.32,0,0,-8
17.47,3,1.0471975511966,-2.0943951023932,-1.0036,0,0,0.24,0,0,-8
17.48,3,1.0471975511966,-2.0943951023932,-1.0016,0,0,0.16,0,0,-8
17.49,3,1.0471975511966,-2.0943951023932,-1.0004,0,0,0.0800000000000001,0,0,-8
17.5,3,1.0471975511966,-2.0943951023932,-1,0,0,0,0,0,-8
17.5,4,1.0471975511966,-2.0943951023932,-1,0,0,0,0.129784293109832,0.0764192569092161,0
17.51,4,1.04720404041125,-2.09439128143035,-1,0.00129784293109832,0.000764192569092161,0,0.129784293109832,0.0764192569092161,0
17.52,4,1.04722350805522,-2.09437981854181,-1,0.00259568586219664,0.00152838513818432,0,0.129784293109832,0.0764192569092161,0
17.53,4,1.0472559541285,-2.09436071372759,-1,0.00389352879329496,0.00229257770727648,0,0.129784293109832,0.0764192569092161,0
17.54,4,1.04730137863109,-2.09433396698767,-1,0.00519137172439328,0.00305677027636864,0,0.129784293109832,0.0764192569092161,0
17.55,4,1.04735978156299,-2.09429957832206,-1,0.0064892146554916,0.00382096284546081,0,0.129784293109832,0.0764192569092161,0
17.56,4,1.0474311629242,-2.09425754773076,-1,0.00778705758658992,0.00458515541455297,0,0.129784293109832,0.0764192569092161,0
17.57,4,1.04751552271472,-2.09420787521377,-1,0.00908490051768824,0.00534934798364513,0,0.129784293109832,0.0764192569092161,0
17.58,4,1.04761286093455,-2.09415056077109,-1,0.0103827434487866,0.00611354055273729,0,0.129784293109832,0.0764192569092161,0
17.59,4,1.04772317758369,-2.09408560440271,-1,0.0116805863798849,0.00687773312182945,0,0.129784293109832,0.0764192569092161,0
17.6,4,1.04784647266215,-2.09401300610865,-1,0.0129784293109832,0.00764192569092161,0,0.129784293109832,0.0764192569092161,0
17.61,4,1.04798274616991,-2.0939327658889,-1,0.0142762722420815,0.00840611826001377,0,0.129784293109832,0.0764192569092161,0
17.62,4,1.04813199810699,-2.09384488374345,-1,0.0155741151731798,0.00917031082910593,0,0.129784293109832,0.0764192569092161,0
17.63,4,1.04829422847338,-2.09374935967231,-1,0.0168719581042782,0.0099345033981981,0,0.129784293109832,0.0764192569092161,0
17.64,4,1.04846943726907,-2.09364619367549,-1,0.0181698010353765,0.0106986959672903,0,0.129784293109832,0.0764192569092161,0
17.65,4,1.04865762449408,-2.09353538575297,-1,0.0194676439664748,0.0114628885363824,0,0.129784293109832,0.0764192569092161,0
17.66,4,1.0488587901484,-2.09341693590476,-1,0.0207654868975731,0.0122270811054746,0,0.129784293109832,0.0764192569092161,0
17.67,4,1.04907293423203,-2.09329084413086,-1,0.0220633298286715,0.0129912736745667,0,0.129784293109832,0.0764192569092161,0
17.68,4,1.04930005674498,-2.09315711043127,-1,0.0233611727597698,0.0137554662436589,0,0.129784293109832,0.0764192569092161,0
17.69,4,1.04954015768723,-2.09301573480598,-1,0.0246590156908681,0.0145196588127511,0,0.129784293109832,0.0764192569092161,0
17.7,4,1.04979323705879,-2.09286671725501,-1,0.0259568586219664,0.0152838513818432,0,0.129784293109832,0.0764192569092161,0
17.71,4,1.05005929485967,-2.09271005777835,-1,0.0272547015530647,0.0160480439509354,0,0.129784293109832,0.0764192569092161,0
17.72,4,1.05033833108986,-2.09254575637599,-1,0.0285525444841631,0.0168122365200275,0,0.129784293109832,0.0764192569092161,0
17.73,4,1.05063034574935,-2.09237381304795,-1,0.0298503874152614,0.0175764290891197,0,0.129784293109832,0.0764192569092161,0
17.74,4,1.05093533883816,-2.09219422779421,-1,0.0311482303463597,0.0183406216582119,0,0.129784293109832,0.0764192569092161,0
17.75,4,1.05125331035628,-2.09200700061478,-1,0.032446073277458,0.019104814227304,0,0.129784293109832,0.0764192569092161,0
17.76,4,1.05158426030371,-2.09181213150966,-1,0.0337439162085563,0.0198690067963962,0,0.129784293109832,0.0764192569092161,0
17.77,4,1.05192818868045,-2.09160962047885,-1,0.0350417591396547,0.0206331993654884,0,0.129784293109832,0.0764192569092161,0
17.78,4,1.0522850954865,-2.09139946752235,-1,0.036339602070753,0.0213973919345805,0,0.129784293109832,0.0764192569092161,0
17.79,4,1.05265498072187,-2.09118167264016,-1,0.0376374450018513,0.0221615845036727,0,0.129784293109832,0.0764192569092161,0
17.8,4,1.05303784438654,-2.09095623583228,-1,0.0389352879329496,0.0229257770727648,0,0.129784293109832,0.0764192569092161,0
17.81,4,1.05343368648053,-2.09072315709871,-1,0.0402331308640479,0.023689969641857,0,0.129784293109832,0.0764192569092161,0
17.82,4,1.05384250700382,-2.09048243643944,-1,0.0415309737951463,0.0244541622109492,0,0.129784293109832,0.0764192569092161,0
17.83,4,1.05426430595643,-2.09023407385449,-1,0.0428288167262446,0.0252183547800413,0,0.129784293109832,0.0764192569092161,0
17.84,4,1.05469908333835,-2.08997806934384,-1,0.0441266596573429,0.0259825473491335,0,0.129784293109832,0.0764192569092161,0
17.85,4,1.05514683914958,-2.08971442290751,-1,0.0454245025884412,0.0267467399182256,0,0.129784293109832,0.0764192569092161,0
17.86,4,1.05560757339011,-2.08944313454548,-1,0.0467223455195395,0.0275109324873178,0,0.129784293109832,0.0764192569092161,0
17.87,4,1.05608128605997,-2.08916420425776,-1,0.0480201884506379,0.02827512505641,0,0.129784293109832,0.0764192569092161,0
17.88,4,1.05656797715913,-2.08887763204435,-1,0.0493180313817362,0.0290393176255021,0,0.129784293109832,0.0764192569092161,0
17.89,4,1.0570676466876,-2.08858341790525,-1,0.0506158743128345,0.0298035101945943,0,0.129784293109832,0.0764192569092161,0
17.9,4,1.05758029464538,-2.08828156184046,-1,0.0519137172439328,0.0305677027636864,0,0.129784293109832,0.0764192569092161,0
17.91,4,1.05810592103248,-2.08797206384998,-1,0.0532115601750311,0.0313318953327786,0,0.129784293109832,0.0764192569092161,0
17.92,4,1.05864452584889,-2.0876549239338,-1,0.0545094031061295,0.0320960879018708,0,0.129784293109832,0.0764192569092161,0
17.93,4,1.0591961090946,-2.08733014209194,-1,0.0558072460372278,0.0328602804709629,0,0.129784293109832,0.0764192569092161,0
17.94,4,1.05976067076963,-2.08699771832438,-1,0.0571050889683261,0.0336244730400551,0,0.129784293109832,0.0764192569092161,0
17.95,4,1.06033821087397,-2.08665765263114,-1,0.0584029318994244,0.0343886656091473,0,0.129784293109832,0.0764192569092161,0
17.96,4,1.06092872940762,-2.0863099450122,-1,0.0597007748305227,0.0351528581782394,0,0.129784293109832,0.0764192569092161,0
17.97,4,1.06153222637058,-2.08595459546757,-1,0.0609986177616211,0.0359170507473316,0,0.129784293109832,0.0764192569092161,0
17.98,4,1.06214870176285,-2.08559160399725,-1,0.0622964606927194,0.0366812433164237,0,0.129784293109832,0.0764192569092161,0
17.99,4,1.06277815558443,-2.08522097060124,-1,0.0635943036238177,0.0374454358855159,0,0.129784293109832,0.0764192569092161,0
18,4,1.06342058783533,-2.08484269527954,-1,0.064892146554916,0.0382096284546081,0,0.129784293109832,0.0764192569092161,0
18.01,4,1.06407599851553,-2.08445677803215,-1,0.0661899894860143,0.0389738210237002,0,0.129784293109832,0.0764192569092161,0
18.02,4,1.06474438762505,-2.08406321885907,-1,0.0674878324171127,0.0397380135927924,0,0.129784293109832,0.0764192569092161,0
18.03,4,1.06542575516387,-2.0836620177603,-1,0.068785675348211,0.0405022061618845,0,0.129784293109832,0.0764192569092161,0
18.04,4,1.06612010113201,-2.08325317473583,-1,0.0700835182793093,0.0412663987309767,0,0.129784293109832,0.0764192569092161,0
18.05,4,1.06682742552946,-2.08283668978568,-1,0.0713813612104076,0.0420305913000689,0,0.129784293109832,0.0764192569092161,0
18.06,4,1.06754772835622,-2.08241256290983,-1,0.072679204141506,0.042794783869161,0,0.129784293109832,0.0764192569092161,0
18.07,4,1.06828100961229,-2.08198079410829,-1,0.0739770470726043,0.0435589764382532,0,0.129784293109832,0.0764192569092161,0
18.08,4,1.06902726929767,-2.08154138338107,-1,0.0752748900037026,0.0443231690073453,0,0.129784293109832,0.0764192569092161,0
18.09,4,1.06978650741236,-2.08109433072815,-1,0.0765727329348009,0.0450873615764375,0,0.129784293109832,0.0764192569092161,0
18.1,4,1.07055872395637,-2.08063963614954,-1,0.0778705758658992,0.0458515541455297,0,0.129784293109832,0.0764192569092161,0
18.11,4,1.07134391892968,-2.08017729964524,-1,0.0791684187969976,0.0466157467146218,0,0.129784293109832,0.0764192569092161,0
18.12,4,1.07214209233231,-2.07970732121524,-1,0.0804662617280959,0.047379939283714,0,0.129784293109832,0.0764192569092161,0
18.13,4,1.07295324416424,-2.07922970085956,-1,0.0817641046591942,0.0481441318528062,0,0.129784293109832,0.0764192569092161,0
18.14,4,1.07377737442549,-2.07874443857819,-1,0.0830619475902925,0.0489083244218983,0,0.129784293109832,0.0764192569092161,0
18.15,4,1.07461448311605,-2.07825153437112,-1,0.0843597905213908,0.0496725169909905,0,0.129784293109832,0.0764192569092161,0
18.16,4,1.07546457023592,-2.07775098823837,-1,0.0856576334524892,0.0504367095600826,0,0.129784293109832,0.0764192569092161,0
18.17,4,1.0763276357851,-2.07724280017992,-1,0.0869554763835875,0.0512009021291748,0,0.129784293109832,0.0764192569092161,0
18.18,4,1.07720367976359,-2.07672697019578,-1,0.0882533193146858,0.051965094698267,0,0.129784293109832,0.0764192569092161,0
18.19,4,1.07809270217139,-2.07620349828596,-1,0.0895511622457841,0.0527292872673591,0,0.129784293109832,0.0764192569092161,0
18.2,4,1.07899470300851,-2.07567238445044,-1,0.0908490051768824,0.0534934798364513,0,0.129784293109832,0.0764192569092161,0
18.21,4,1.07990968227493,-2.07513362868923,-1,0.0921468481079808,0.0542576724055434,0,0.129784293109832,0.0764192569092161,0
18.22,4,1.08083763997067,-2.07458723100233,-1,0.0934446910390791,0.0550218649746356,0,0.129784293109832,0.0764192569092161,0
18.23,4,1.08177857609571,-2.07403319138974,-1,0.0947425339701774,0.0557860575437278,0,0.129784293109832,0.0764192569092161,0
18.24,4,1.08273249065007,-2.07347150985145,-1,0.0960403769012757,0.0565502501128199,0,0.129784293109832,0.0764192569092161,0
18.25,4,1.08369938363374,-2.07290218638748,-1,0.097338219832374,0.0573144426819121,0,0.129784293109832,0.0764192569092161,0
18.26,4,1.08467925504672,-2.07232522099781,-1,0.0986360627634724,0.0580786352510042,0,0.129784293109832,0.0764192569092161,0
18.27,4,1.08567210488901,-2.07174061368246,-1,0.0999339056945707,0.0588428278200964,0,0.129784293109832,0.0764192569092161,0
18.28,4,1.08667793316061,-2.07114836444141,-1,0.101231748625669,0.0596070203891886,0,0.129784293109832,0.0764192569092161,0
18.29,4,1.08769673986152,-2.07054847327467,-1,0.102529591556767,0.0603712129582807,0,0.129784293109832,0.0764192569092161,0
18.3,4,1.08872852499174,-2.06994094018225,-1,0.103827434487866,0.0611354055273729,0,0.129784293109832,0.0764192569092161,0
18.31,4,1.08977328855128,-2.06932576516413,-1,0.105125277418964,0.0618995980964651,0,0.129784293109832,0.0764192569092161,0
18.32,4,1.09083103054012,-2.06870294822032,-1,0.106423120350062,0.0626637906655572,0,0.129784293109832,0.0764192569092161,0
18.33,4,1.09190175095828,-2.06807248935082,-1,0.107720963281161,0.0634279832346494,0,0.129784293109832,0.0764192569092161,0
18.34,4,1.09298544980575,-2.06743438855562,-1,0.109018806212259,0.0641921758037415,0,0.129784293109832,0.0764192569092161,0
18.35,4,1.09408212708252,-2.06678864583474,-1,0.110316649143357,0.0649563683728337,0,0.129784293109832,0.0764192569092161,0
18.36,4,1.09519178278861,-2.06613526118817,-1,0.111614492074456,0.0657205609419259,0,0.129784293109832,0.0764192569092161,0
18.37,4,1.09631441692401,-2.0654742346159,-1,0.112912335005554,0.066484753511018,0,0.129784293109832,0.0764192569092161,0
18.38,4,1.09745002948872,-2.06480556611795,-1,0.114210177936652,0.0672489460801102,0,0.129784293109832,0.0764192569092161,0
18.39,4,1.09859862048275,-2.0641292556943,-1,0.115508020867751,0.0680131386492023,0,0.129784293109832,0.0764192569092161,0
18.4,4,1.09976018990608,-2.06344530334496,-1,0.116805863798849,0.0687773312182945,0,0.129784293109832,0.0764192569092161,0
18.41,4,1.10093473775872,-2.06275370906993,-1,0.118103706729947,0.0695415237873867,0,0.129784293109832,0.0764192569092161,0
18.42,4,1.10212226404068,-2.06205447286922,-1,0.119401549661045,0.0703057163564788,0,0.129784293109832,0.0764192569092161,0
18.43,4,1.10332276875194,-2.06134759474281,-1,0.120699392592144,0.071069908925571,0,0.129784293109832,0.0764192569092161,0
18.44,4,1.10453625189252,-2.0606330746907,-1,0.121997235523242,0.0718341014946631,0,0.129784293109832,0.0764192569092161,0
18.45,4,1.10576271346241,-2.05991091271291,-1,0.12329507845434,0.0725982940637553,0,0.129784293109832,0.0764192569092161,0
18.46,4,1.10700215346161,-2.05918110880943,-1,0.124592921385439,0.0733624866328475,0,0.129784293109832,0.0764192569092161,0
18.47,4,1.10825457189012,-2.05844366298026,-1,0.125890764316537,0.0741266792019396,0,0.129784293109832,0.0764192569092161,0
18.48,4,1.10951996874794,-2.05769857522539,-1,0.127188607247635,0.0748908717710318,0,0.129784293109832,0.0764192569092161,0
18.49,4,1.11079834403507,-2.05694584554483,-1,0.128486450178734,0.075655064340124,0,0.129784293109832,0.0764192569092161,0
18.5,4,1.11208969775151,-2.05618547393859,-1,0.129784293109832,0.0764192569092161,0,0.129784293109832,0.0764192569092161,0
18.51,4,1.11339402989727,-2.05541746040665,-1,0.13108213604093,0.0771834494783083,0,0.129784293109832,0.0764192569092161,0
18.52,4,1.11471134047233,-2.05464180494902,-1,0.132379978972029,0.0779476420474004,0,0.129784293109832,0.0764192569092161,0
18.53,4,1.11604162947671,-2.0538585075657,-1,0.133677821903127,0.0787118346164926,0,0.129784293109832,0.0764192569092161,0
18.54,4,1.11738489691039,-2.05306756825669,-1,0.134975664834225,0.0794760271855848,0,0.129784293109832,0.0764192569092161,0
18.55,4,1.11874114277339,-2.05226898702199,-1,0.136273507765324,0.0802402197546769,0,0.129784293109832,0.0764192569092161,0
18.56,4,1.1201103670657,-2.0514627638616,-1,0.137571350696422,0.0810044123237691,0,0.129784293109832,0.0764192569092161,0
18.57,4,1.12149256978732,-2.05064889877552,-1,0.13886919362752,0.0817686048928612,0,0.129784293109832,0.0764192569092161,0
18.58,4,1.12288775093825,-2.04982739176374,-1,0.140167036558619,0.0825327974619534,0,0.129784293109832,0.0764192569092161,0
18.59,4,1.12429591051849,-2.04899824282628,-1,0.141464879489717,0.0832969900310456,0,0.129784293109832,0.0764192569092161,0
18.6,4,1.12571704852805,-2.04816145196312,-1,0.142762722420815,0.0840611826001377,0,0.129784293109832,0.0764192569092161,0
18.61,4,1.12715116496691,-2.04731701917427,-1,0.144060565351914,0.0848253751692299,0,0.129784293109832,0.0764192569092161,0
18.62,4,1.12859825983508,-2.04646494445974,-1,0.145358408283012,0.085589567738322,0,0.129784293109832,0.0764192569092161,0
18.63,4,1.13005833313257,-2.04560522781951,-1,0.14665625121411,0.0863537603074142,0,0.129784293109832,0.0764192569092161,0
18.64,4,1.13153138485937,-2.04473786925359,-1,0.147954094145209,0.0871179528765064,0,0.129784293109832,0.0764192569092161,0
18.65,4,1.13301741501547,-2.04386286876198,-1,0.149251937076307,0.0878821454455985,0,0.129784293109832,0.0764192569092161,0
18.66,4,1.13451642360089,-2.04298022634468,-1,0.150549780007405,0.0886463380146907,0,0.129784293109832,0.0764192569092161,0
18.67,4,1.13602841061562,-2.04208994200168,-1,0.151847622938503,0.0894105305837828,0,0.129784293109832,0.0764192569092161,0
18.68,4,1.13755337605966,-2.041192015733,-1,0.153145465869602,0.090174723152875,0,0.129784293109832,0.0764192569092161,0
18.69,4,1.13909131993301,-2.04028644753863,-1,0.1544433088007,0.0909389157219672,0,0.129784293109832,0.0764192569092161,0
18.7,4,1.14064224223568,-2.03937323741856,-1,0.155741151731798,0.0917031082910593,0,0.129784293109832,0.0764192569092161,0
18.71,4,1.14220614296765,-2.0384523853728,-1,0.157038994662897,0.0924673008601515,0,0.129784293109832,0.0764192569092161,0
18.72,4,1.14378302212893,-2.03752389140136,-1,0.158336837593995,0.0932314934292437,0,0.129784293109832,0.0764192569092161,0
18.73,4,1.14537287971953,-2.03658775550422,-1,0.159634680525093,0.0939956859983358,0,0.129784293109832,0.0764192569092161,0
18.74,4,1.14697571573944,-2.03564397768139,-1,0.160932523456192,0.094759878567428,0,0.129784293109832,0.0764192569092161,0
18.75,4,1.14859153018865,-2.03469255793287,-1,0.16223036638729,0.0955240711365201,0,0.129784293109832,0.0764192569092161,0
18.76,4,1.15022032306718,-2.03373349625866,-1,0.163528209318388,0.0962882637056123,0,0.129784293109832,0.0764192569092161,0
18.77,4,1.15186209437502,-2.03276679265876,-1,0.164826052249487,0.0970524562747045,0,0.129784293109832,0.0764192569092161,0
18.78,4,1.15351684411217,-2.03179244713317,-1,0.166123895180585,0.0978166488437966,0,0.129784293109832,0.0764192569092161,0
18.79,4,1.15518457227863,-2.03081045968188,-1,0.167421738111683,0.0985808414128888,0,0.129784293109832,0.0764192569092161,0
18.8,4,1.15686527887441,-2.02982083030491,-1,0.168719581042782,0.0993450339819809,0,0.129784293109832,0.0764192569092161,0
18.81,4,1.15855896389949,-2.02882355900224,-1,0.17001742397388,0.100109226551073,0,0.129784293109832,0.0764192569092161,0
18.82,4,1.16026562735388,-2.02781864577389,-1,0.171315266904978,0.100873419120165,0,0.129784293109832,0.0764192569092161,0
18.83,4,1.16198526923759,-2.02680609061984,-1,0.172613109836077,0.101637611689257,0,0.129784293109832,0.0764192569092161,0
18.84,4,1.16371788955061,-2.0257858935401,-1,0.173910952767175,0.10240180425835,0,0.129784293109832,0.0764192569092161,0
18.85,4,1.16546348829293,-2.02475805453467,-1,0.175208795698273,0.103165996827442,0,0.129784293109832,0.0764192569092161,0
18.86,4,1.16722206546457,-2.02372257360355,-1,0.176506638629372,0.103930189396534,0,0.129784293109832,0.0764192569092161,0
18.87,4,1.16899362106552,-2.02267945074674,-1,0.17780448156047,0.104694381965626,0,0.129784293109832,0.0764192569092161,0
18.88,4,1.17077815509578,-2.02162868596424,-1,0.179102324491568,0.105458574534718,0,0.129784293109832,0.0764192569092161,0
18.89,4,1.17257566755535,-2.02057027925605,-1,0.180400167422667,0.10622276710381,0,0.129784293109832,0.0764192569092161,0
18.9,4,1.17438615844423,-2.01950423062216,-1,0.181698010353765,0.106986959672903,0,0.129784293109832,0.0764192569092161,0
18.91,4,1.17620962776243,-2.01843054006259,-1,0.182995853284863,0.107751152241995,0,0.129784293109832,0.0764192569092161,0
18.92,4,1.17804607550993,-2.01734920757732,-1,0.184293696215962,0.108515344811087,0,0.129784293109832,0.0764192569092161,0
18.93,4,1.17989550168675,-2.01626023316637,-1,0.18559153914706,0.109279537380179,0,0.129784293109832,0.0764192569092161,0
18.94,4,1.18175790629287,-2.01516361682972,-1,0.186889382078158,0.110043729949271,0,0.129784293109832,0.0764192569092161,0
18.95,4,1.18363328932831,-2.01405935856738,-1,0.188187225009256,0.110807922518363,0,0.129784293109832,0.0764192569092161,0
18.96,4,1.18552165079306,-2.01294745837935,-1,0.189485067940355,0.111572115087456,0,0.129784293109832,0.0764192569092161,0
18.97,4,1.18742299068712,-2.01182791626563,-1,0.190782910871453,0.112336307656548,0,0.129784293109832,0.0764192569092161,0
18.98,4,1.18933730901049,-2.01070073222622,-1,0.192080753802551,0.11310050022564,0,0.129784293109832,0.0764192569092161,0
18.99,4,1.19126460576317,-2.00956590626112,-1,0.19337859673365,0.113864692794732,0,0.129784293109832,0.0764192569092161,0
19,4,1.19320488094516,-2.00842343837033,-1,0.194676439664748,0.114628885363824,0,0.129784293109832,0.0764192569092161,0
19.01,4,1.19515813455646,-2.00727332855384,-1,0.195974282595846,0.115393077932916,0,0.129784293109832,0.0764192569092161,0
19.02,4,1.19712436659708,-2.00611557681167,-1,0.197272125526945,0.116157270502008,0,0.129784293109832,0.0764192569092161,0
19.03,4,1.199103577067,-2.0049501831438,-1,0.198569968458043,0.116921463071101,0,0.129784293109832,0.0764192569092161,0
19.04,4,1.20109576596624,-2.00377714755025,-1,0.199867811389141,0.117685655640193,0,0.129784293109832,0.0764192569092161,0
19.05,4,1.20310093329478,-2.002596470031,-1,0.20116565432024,0.118449848209285,0,0.129784293109832,0.0764192569092161,0
19.06,4,1.20511907905264,-2.00140815058606,-1,0.202463497251338,0.119214040778377,0,0.129784293109832,0.0764192569092161,0
19.07,4,1.20715020323981,-2.00021218921543,-1,0.203761340182436,0.119978233347469,0,0.129784293109832,0.0764192569092161,0
19.08,4,1.20919430585629,-1.99900858591911,-1,0.205059183113535,0.120742425916561,0,0.129784293109832,0.0764192569092161,0
19.09,4,1.21125138690208,-1.9977973406971,-1,0.206357026044633,0.121506618485654,0,0.129784293109832,0.0764192569092161,0
19.1,4,1.21332144637718,-1.9965784535494,-1,0.207654868975731,0.122270811054746,0,0.129784293109832,0.0764192569092161,0
19.11,4,1.2154044842816,-1.99535192447601,-1,0.20895271190683,0.123035003623838,0,0.129784293109832,0.0764192569092161,0
19.12,4,1.21750050061532,-1.99411775347692,-1,0.210250554837928,0.12379919619293,0,0.129784293109832,0.0764192569092161,0
19.13,4,1.21960949537835,-1.99287594055215,-1,0.211548397769026,0.124563388762022,0,0.129784293109832,0.0764192569092161,0
19.14,4,1.2217314685707,-1.99162648570168,-1,0.212846240700125,0.125327581331114,0,0.129784293109832,0.0764192569092161,0
19.15,4,1.22386642019236,-1.99036938892553,-1,0.214144083631223,0.126091773900207,0,0.129784293109832,0.0764192569092161,0
19.16,4,1.22601435024332,-1.98910465022368,-1,0.215441926562321,0.126855966469299,0,0.129784293109832,0.0764192569092161,0
19.17,4,1.2281752587236,-1.98783226959614,-1,0.21673976949342,0.127620159038391,0,0.129784293109832,0.0764192569092161,0
19.18,4,1.23034914563319,-1.98655224704291,-1,0.218037612424518,0.128384351607483,0,0.129784293109832,0.0764192569092161,0
19.19,4,1.23253601097209,-1.98526458256399,-1,0.219335455355616,0.129148544176575,0,0.129784293109832,0.0764192569092161,0
19.2,4,1.23473585474031,-1.98396927615938,-1,0.220633298286714,0.129912736745667,0,0.129784293109832,0.0764192569092161,0
19.21,4,1.23694867693783,-1.98266632782908,-1,0.221931141217813,0.13067692931476,0,0.129784293109832,0.0764192569092161,0
19.22,4,1.23917447756466,-1.98135573757308,-1,0.223228984148911,0.131441121883852,0,0.129784293109832,0.0764192569092161,0
19.23,4,1.24141325662081,-1.9800375053914,-1,0.224526827080009,0.132205314452944,0,0.129784293109832,0.0764192569092161,0
19.24,4,1.24366501410626,-1.97871163128402,-1,0.225824670011108,0.132969507022036,0,0.129784293109832,0.0764192569092161,0
19.25,4,1.24592975002103,-1.97737811525096,-1,0.227122512942206,0.133733699591128,0,0.129784293109832,0.0764192569092161,0
19.26,4,1.24820746436511,-1.9760369572922,-1,0.228420355873304,0.13449789216022,0,0.129784293109832,0.0764192569092161,0
19.27,4,1.25049815713849,-1.97468815740775,-1,0.229718198804403,0.135262084729313,0,0.129784293109832,0.0764192569092161,0
19.28,4,1.25280182834119,-1.97333171559762,-1,0.231016041735501,0.136026277298405,0,0.129784293109832,0.0764192569092161,0
19.29,4,1.2551184779732,-1.97196763186179,-1,0.232313884666599,0.136790469867497,0,0.129784293109832,0.0764192569092161,0
19.3,4,1.25744810603453,-1.97059590620027,-1,0.233611727597698,0.137554662436589,0,0.129784293109832,0.0764192569092161,0
19.31,4,1.25979071252516,-1.96921653861305,-1,0.234909570528796,0.138318855005681,0,0.129784293109832,0.0764192569092161,0
19.32,4,1.2621462974451,-1.96782952910015,-1,0.236207413459894,0.139083047574773,0,0.129784293109832,0.0764192569092161,0
19.33,4,1.26451486079436,-1.96643487766156,-1,0.237505256390993,0.139847240143865,0,0.129784293109832,0.0764192569092161,0
19.34,4,1.26689640257292,-1.96503258429727,-1,0.238803099322091,0.140611432712958,0,0.129784293109832,0.0764192569092161,0
19.35,4,1.2692909227808,-1.9636226490073,-1,0.240100942253189,0.14137562528205,0,0.129784293109832,0.0764192569092161,0
19.36,4,1.27169842141799,-1.96220507179163,-1,0.241398785184288,0.142139817851142,0,0.129784293109832,0.0764192569092161,0
19.37,4,1.27411889848448,-1.96077985265028,-1,0.242696628115386,0.142904010420234,0,0.129784293109832,0.0764192569092161,0
19.38,4,1.27655235398029,-1.95934699158323,-1,0.243994471046484,0.143668202989326,0,0.129784293109832,0.0764192569092161,0
19.39,4,1.27899878790541,-1.95790648859049,-1,0.245292313977583,0.144432395558418,0,0.129784293109832,0.0764192569092161,0
19.4,4,1.28145820025984,-1.95645834367206,-1,0.246590156908681,0.145196588127511,0,0.129784293109832,0.0764192569092161,0
19.41,4,1.28393059104359,-1.95500255682794,-1,0.247887999839779,0.145960780696603,0,0.129784293109832,0.0764192569092161,0
19.42,4,1.28641596025664,-1.95353912805813,-1,0.249185842770878,0.146724973265695,0,0.129784293109832,0.0764192569092161,0
19.43,4,1.288914307899,-1.95206805736263,-1,0.250483685701976,0.147489165834787,0,0.129784293109832,0.0764192569092161,0
19.44,4,1.29142563397068,-1.95058934474143,-1,0.251781528633074,0.148253358403879,0,0.129784293109832,0.0764192569092161,0
19.45,4,1.29394993847167,-1.94910299019455,-1,0.253079371564172,0.149017550972971,0,0.129784293109832,0.0764192569092161,0
19.46,4,1.29648722140196,-1.94760899372197,-1,0.254377214495271,0.149781743542064,0,0.129784293109832,0.0764192569092161,0
19.47,4,1.29903748276157,-1.94610735532371,-1,0.255675057426369,0.150545936111156,0,0.129784293109832,0.0764192569092161,0
19.48,4,1.30160072255049,-1.94459807499975,-1,0.256972900357467,0.151310128680248,0,0.129784293109832,0.0764192569092161,0
19.49,4,1.30417694076872,-1.9430811527501,-1,0.258270743288566,0.15207432124934,0,0.129784293109832,0.0764192569092161,0
19.5,4,1.30676613741626,-1.94155658857476,-1,0.259568586219664,0.152838513818432,0,0.129784293109832,0.0764192569092161,0
19.51,4,1.30936831249311,-1.94002438247373,-1,0.260866429150762,0.153602706387524,0,0.129784293109832,0.0764192569092161,0
19.52,4,1.31198346599928,-1.93848453444701,-1,0.262164272081861,0.154366898956617,0,0.129784293109832,0.0764192569092161,0
19.53,4,1.31461159793475,-1.9369370444946,-1,0.263462115012959,0.155131091525709,0,0.129784293109832,0.0764192569092161,0
19.54,4,1.31725270829954,-1.9353819126165,-1,0.264759957944057,0.155895284094801,0,0.129784293109832,0.0764192569092161,0
19.55,4,1.31990679709363,-1.93381913881271,-1,0.266057800875156,0.156659476663893,0,0.129784293109832,0.0764192569092161,0
19.56,4,1.32257386431704,-1.93224872308322,-1,0.267355643806254,0.157423669232985,0,0.129784293109832,0.0764192569092161,0
19.57,4,1.32525390996976,-1.93067066542805,-1,0.268653486737352,0.158187861802077,0,0.129784293109832,0.0764192569092161,0
19.58,4,1.32794693405179,-1.92908496584718,-1,0.269951329668451,0.15895205437117,0,0.129784293109832,0.0764192569092161,0
19.59,4,1.33065293656313,-1.92749162434062,-1,0.271249172599549,0.159716246940262,0,0.129784293109832,0.0764192569092161,0
19.6,4,1.33337191750378,-1.92589064090837,-1,0.272547015530647,0.160480439509354,0,0.129784293109832,0.0764192569092161,0
19.61,4,1.33610387687374,-1.92428201555044,-1,0.273844858461746,0.161244632078446,0,0.129784293109832,0.0764192569092161,0
19.62,4,1.33884881467301,-1.92266574826681,-1,0.275142701392844,0.162008824647538,0,0.129784293109832,0.0764192569092161,0
19.63,4,1.3416067309016,-1.92104183905748,-1,0.276440544323942,0.16277301721663,0,0.129784293109832,0.0764192569092161,0
19.64,4,1.34437762555949,-1.91941028792247,-1,0.277738387255041,0.163537209785722,0,0.129784293109832,0.0764192569092161,0
19.65,4,1.3471614986467,-1.91777109486177,-1,0.279036230186139,0.164301402354815,0,0.129784293109832,0.0764192569092161,0
19.66,4,1.34995835016321,-1.91612425987538,-1,0.280334073117237,0.165065594923907,0,0.129784293109832,0.0764192569092161,0
19.67,4,1.35276818010904,-1.91446978296329,-1,0.281631916048336,0.165829787492999,0,0.129784293109832,0.0764192569092161,0
19.68,4,1.35559098848418,-1.91280766412552,-1,0.282929758979434,0.166593980062091,0,0.129784293109832,0.0764192569092161,0
19.69,4,1.35842677528863,-1.91113790336205,-1,0.284227601910532,0.167358172631183,0,0.129784293109832,0.0764192569092161,0
19.7,4,1.36127554052239,-1.90946050067289,-1,0.285525444841631,0.168122365200275,0,0.129784293109832,0.0764192569092161,0
19.71,4,1.36413728418546,-1.90777545605804,-1,0.286823287772729,0.168886557769368,0,0.129784293109832,0.0764192569092161,0
19.72,4,1.36701200627785,-1.90608276951751,-1,0.288121130703827,0.16965075033846,0,0.129784293109832,0.0764192569092161,0
19.73,4,1.36989970679954,-1.90438244105128,-1,0.289418973634925,0.170414942907552,0,0.129784293109832,0.0764192569092161,0
19.74,4,1.37280038575054,-1.90267447065935,-1,0.290716816566024,0.171179135476644,0,0.129784293109832,0.0764192569092161,0
19.75,4,1.37571404313086,-1.90095885834174,-1,0.292014659497122,0.171943328045736,0,0.129784293109832,0.0764192569092161,0
19.76,4,1.37864067894049,-1.89923560409844,-1,0.29331250242822,0.172707520614828,0,0.129784293109832,0.0764192569092161,0
19.77,4,1.38158029317942,-1.89750470792945,-1,0.294610345359319,0.173471713183921,0,0.129784293109832,0.0764192569092161,0
19.78,4,1.38453288584767,-1.89576616983476,-1,0.295908188290417,0.174235905753013,0,0.129784293109832,0.0764192569092161,0
19.79,4,1.38749845694523,-1.89401998981439,-1,0.297206031221515,0.175000098322105,0,0.129784293109832,0.0764192569092161,0
19.8,4,1.3904770064721,-1.89226616786832,-1,0.298503874152614,0.175764290891197,0,0.129784293109832,0.0764192569092161,0
19.81,4,1.39346853442829,-1.89050470399656,-1,0.299801717083712,0.176528483460289,0,0.129784293109832,0.0764192569092161,0
19.82,4,1.39647304081378,-1.88873559819911,-1,0.30109956001481,0.177292676029381,0,0.129784293109832,0.0764192569092161,0
19.83,4,1.39949052562858,-1.88695885047597,-1,0.302397402945909,0.178056868598474,0,0.129784293109832,0.0764192569092161,0
19.84,4,1.4025209888727,-1.88517446082714,-1,0.303695245877007,0.178821061167566,0,0.129784293109832,0.0764192569092161,0
19.85,4,1.40556443054612,-1.88338242925262,-1,0.304993088808105,0.179585253736658,0,0.129784293109832,0.0764192569092161,0
19.86,4,1.40862085064886,-1.88158275575241,-1,0.306290931739204,0.18034944630575,0,0.129784293109832,0.0764192569092161,0
19.87,4,1.41169024918091,-1.87977544032651,-1,0.307588774670302,0.181113638874842,0,0.129784293109832,0.0764192569092161,0
19.88,4,1.41477262614226,-1.87796048297491,-1,0.3088866176014,0.181877831443934,0,0.129784293109832,0.0764192569092161,0
19.89,4,1.41786798153293,-1.87613788369763,-1,0.310184460532499,0.182642024013027,0,0.129784293109832,0.0764192569092161,0
19.9,4,1.42097631535291,-1.87430764249465,-1,0.311482303463597,0.183406216582119,0,0.129784293109832,0.0764192569092161,0
19.91,4,1.42409762760221,-1.87246975936599,-1,0.312780146394695,0.184170409151211,0,0.129784293109832,0.0764192569092161,0
19.92,4,1.42723191828081,-1.87062423431163,-1,0.314077989325794,0.184934601720303,0,0.129784293109832,0.0764192569092161,0
19.93,4,1.43037918738872,-1.86877106733158,-1,0.315375832256892,0.185698794289395,0,0.129784293109832,0.0764192569092161,0
19.94,4,1.43353943492595,-1.86691025842584,-1,0.31667367518799,0.186462986858487,0,0.129784293109832,0.0764192569092161,0
19.95,4,1.43671266089248,-1.86504180759441,-1,0.317971518119089,0.187227179427579,0,0.129784293109832,0.0764192569092161,0
19.96,4,1.43989886528833,-1.86316571483729,-1,0.319269361050187,0.187991371996672,0,0.129784293109832,0.0764192569092161,0
19.97,4,1.44309804811349,-1.86128198015448,-1,0.320567203981285,0.188755564565764,0,0.129784293109832,0.0764192569092161,0
19.98,4,1.44631020936795,-1.85939060354597,-1,0.321865046912383,0.189519757134856,0,0.129784293109832,0.0764192569092161,0
19.99,4,1.44953534905173,-1.85749158501178,-1,0.323162889843482,0.190283949703948,0,0.129784293109832,0.0764192569092161,0
20,4,1.45277346716482,-1.8555849245519,-1,0.32446073277458,0.19104814227304,0,0.129784293109832,0.0764192569092161,0
20.01,4,1.45602456370722,-1.85367062216632,-1,0.325758575705679,0.191812334842132,0,0.129784293109832,0.0764192569092161,0
20.02,4,1.45928863867894,-1.85174867785505,-1,0.327056418636777,0.192576527411225,0,0.129784293109832,0.0764192569092161,0
20.03,4,1.46256569207996,-1.84981909161809,-1,0.328354261567875,0.193340719980317,0,0.129784293109832,0.0764192569092161,0
20.04,4,1.46585572391029,-1.84788186345545,-1,0.329652104498973,0.194104912549409,0,0.129784293109832,0.0764192569092161,0
20.05,4,1.46915873416994,-1.84593699336711,-1,0.330949947430072,0.194869105118501,0,0.129784293109832,0.0764192569092161,0
20.06,4,1.4724747228589,-1.84398448135308,-1,0.33224779036117,0.195633297687593,0,0.129784293109832,0.0764192569092161,0
20.07,4,1.47580368997716,-1.84202432741335,-1,0.333545633292268,0.196397490256685,0,0.129784293109832,0.0764192569092161,0
20.08,4,1.47914563552474,-1.84005653154794,-1,0.334843476223367,0.197161682825778,0,0.129784293109832,0.0764192569092161,0
20.09,4,1.48250055950163,-1.83808109375684,-1,0.336141319154465,0.19792587539487,0,0.129784293109832,0.0764192569092161,0
20.1,4,1.48586846190783,-1.83609801404005,-1,0.337439162085563,0.198690067963962,0,0.129784293109832,0.0764192569092161,0
20.11,4,1.48924934274334,-1.83410729239756,-1,0.338737005016662,0.199454260533054,0,0.129784293109832,0.0764192569092161,0
20.12,4,1.49264320200816,-1.83210892882938,-1,0.34003484794776,0.200218453102146,0,0.129784293109832,0.0764192569092161,0
20.13,4,1.4960500397023,-1.83010292333552,-1,0.341332690878858,0.200982645671238,0,0.129784293109832,0.0764192569092161,0
20.14,4,1.49946985582574,-1.82808927591596,-1,0.342630533809957,0.201746838240331,0,0.129784293109832,0.0764192569092161,0
20.15,4,1.5029026503785,-1.82606798657071,-1,0.343928376741055,0.202511030809423,0,0.129784293109832,0.0764192569092161,0
20.16,4,1.50634842336056,-1.82403905529977,-1,0.345226219672153,0.203275223378515,0,0.129784293109832,0.0764192569092161,0
20.17,4,1.50980717477194,-1.82200248210314,-1,0.346524062603252,0.204039415947607,0,0.129784293109832,0.0764192569092161,0
20.18,4,1.51327890461263,-1.81995826698082,-1,0.34782190553435,0.204803608516699,0,0.129784293109832,0.0764192569092161,0
20.19,4,1.51676350239395,-1.81790647499047,-1,0.348880251534552,0.205426781112938,0,-0.129784293109832,-0.0764192569092161,-0
20.2,4,1.52024581569464,-1.81585602814218,-1,0.347582408603453,0.204662588543846,0,-0.129784293109832,-0.0764192569092161,-0
20.21,4,1.52371515056602,-1.81381322321959,-1,0.346284565672355,0.203898395974754,0,-0.129784293109832,-0.0764192569092161,-0
20.22,4,1.52717150700808,-1.81177806022269,-1,0.344986722741257,0.203134203405661,0,-0.129784293109832,-0.0764192569092161,-0
20.23,4,1.53061488502084,-1.80975053915148,-1,0.343688879810158,0.202370010836569,0,-0.129784293109832,-0.0764192569092161,-0
20.24,4,1.53404528460429,-1.80773066000596,-1,0.34239103687906,0.201605818267477,0,-0.129784293109832,-0.0764192569092161,-0
20.25,4,1.53746270575842,-1.80571842278613,-1,0.341093193947962,0.200841625698385,0,-0.129784293109832,-0.0764192569092161,-0
20.26,4,1.54086714848325,-1.80371382749199,-1,0.339795351016863,0.200077433129293,0,-0.129784293109832,-0.0764192569092161,-0
20.27,4,1.54425861277876,-1.80171687412354,-1,0.338497508085765,0.199313240560201,0,-0.129784293109832,-0.0764192569092161,-0
20.28,4,1.54763709864496,-1.79972756268079,-1,0.337199665154667,0.198549047991108,0,-0.129784293109832,-0.0764192569092161,-0
20.29,4,1.55100260608185,-1.79774589316372,-1,0.335901822223568,0.197784855422016,0,-0.129784293109832,-0.0764192569092161,-0
20.3,4,1.55435513508943,-1.79577186557235,-1,0.33460397929247,0.197020662852924,0,-0.129784293109832,-0.0764192569092161,-0
20.31,4,1.5576946856677,-1.79380547990666,-1,0.333306136361372,0.196256470283832,0,-0.129784293109832,-0.0764192569092161,-0
20.32,4,1.56102125781666,-1.79184673616667,-1,0.332008293430273,0.19549227771474,0,-0.129784293109832,-0.0764192569092161,-0
20.33,4,1.56433485153631,-1.78989563435237,-1,0.330710450499175,0.194728085145648,0,-0.129784293109832,-0.0764192569092161,-0
20.34,4,1.56763546682664,-1.78795217446376,-1,0.329412607568077,0.193963892576555,0,-0.129784293109832,-0.0764192569092161,-0
20.35,4,1.57092310368767,-1.78601635650084,-1,0.328114764636979,0.193199700007463,0,-0.129784293109832,-0.0764192569092161,-0
20.36,4,1.57419776211938,-1.78408818046361,-1,0.32681692170588,0.192435507438371,0,-0.129784293109832,-0.0764192569092161,-0
20.37,4,1.57745944212179,-1.78216764635207,-1,0.325519078774782,0.191671314869279,0,-0.129784293109832,-0.0764192569092161,-0
20.38,4,1.58070814369488,-1.78025475416622,-1,0.324221235843684,0.190907122300187,0,-0.129784293109832,-0.0764192569092161,-0
20.39,4,1.58394386683866,-1.77834950390607,-1,0.322923392912585,0.190142929731095,0,-0.129784293109832,-0.0764192569092161,-0
20.4,4,1.58716661155313,-1.7764518955716,-1,0.321625549981487,0.189378737162003,0,-0.129784293109832,-0.0764192569092161,-0
20.41,4,1.59037637783829,-1.77456192916282,-1,0.320327707050389,0.18861454459291,0,-0.129784293109832,-0.0764192569092161,-0
20.42,4,1.59357316569414,-1.77267960467974,-1,0.31902986411929,0.187850352023818,0,-0.129784293109832,-0.0764192569092161,-0
20.43,4,1.59675697512068,-1.77080492212235,-1,0.317732021188192,0.187086159454726,0,-0.129784293109832,-0.0764192569092161,-0
20.44,4,1.5999278061179,-1.76893788149065,-1,0.316434178257094,0.186321966885634,0,-0.129784293109832,-0.0764192569092161,-0
20.45,4,1.60308565868582,-1.76707848278464,-1,0.315136335325995,0.185557774316542,0,-0.129784293109832,-0.0764192569092161,-0
20.46,4,1.60623053282442,-1.76522672600432,-1,0.313838492394897,0.18479358174745,0,-0.129784293109832,-0.0764192569092161,-0
20.47,4,1.60936242853372,-1.76338261114969,-1,0.312540649463799,0.184029389178357,0,-0.129784293109832,-0.0764192569092161,-0
20.48,4,1.6124813458137,-1.76154613822075,-1,0.3112428065327,0.183265196609265,0,-0.129784293109832,-0.0764192569092161,-0
20.49,4,1.61558728466437,-1.7597173072175,-1,0.309944963601602,0.182501004040173,0,-0.129784293109832,-0.0764192569092161,-0
20.5,4,1.61868024508573,-1.75789611813995,-1,0.308647120670504,0.181736811471081,0,-0.129784293109832,-0.0764192569092161,-0
20.51,4,1.62176022707778,-1.75608257098808,-1,0.307349277739405,0.180972618901989,0,-0.129784293109832,-0.0764192569092161,-0
20.52,4,1.62482723064052,-1.75427666576191,-1,0.306051434808307,0.180208426332897,0,-0.129784293109832,-0.0764192569092161,-0
20.53,4,1.62788125577395,-1.75247840246142,-1,0.304753591877209,0.179444233763804,0,-0.129784293109832,-0.0764192569092161,-0
20.54,4,1.63092230247806,-1.75068778108663,-1,0.30345574894611,0.178680041194712,0,-0.129784293109832,-0.0764192569092161,-0
20.55,4,1.63395037075287,-1.74890480163753,-1,0.302157906015012,0.17791584862562,0,-0.129784293109832,-0.0764192569092161,-0
20.56,4,1.63696546059836,-1.74712946411412,-1,0.300860063083914,0.177151656056528,0,-0.129784293109832,-0.0764192569092161,-0
20.57,4,1.63996757201455,-1.7453617685164,-1,0.299562220152816,0.176387463487436,0,-0.129784293109832,-0.0764192569092161,-0
20.58,4,1.64295670500142,-1.74360171484437,-1,0.298264377221717,0.175623270918344,0,-0.129784293109832,-0.0764192569092161,-0
20.59,4,1.64593285955898,-1.74184930309803,-1,0.296966534290619,0.174859078349251,0,-0.129784293109832,-0.0764192569092161,-0
20.6,4,1.64889603568723,-1.74010453327738,-1,0.295668691359521,0.174094885780159,0,-0.129784293109832,-0.0764192569092161,-0
20.61,4,1.65184623338617,-1.73836740538243,-1,0.294370848428422,0.173330693211067,0,-0.129784293109832,-0.0764192569092161,-0
20.62,4,1.6547834526558,-1.73663791941316,-1,0.293073005497324,0.172566500641975,0,-0.129784293109832,-0.0764192569092161,-0
20.63,4,1.65770769349612,-1.73491607536959,-1,0.291775162566226,0.171802308072883,0,-0.129784293109832,-0.0764192569092161,-0
20.64,4,1.66061895590713,-1.7332018732517,-1,0.290477319635127,0.171038115503791,0,-0.129784293109832,-0.0764192569092161,-0
20.65,4,1.66351723988882,-1.73149531305951,-1,0.289179476704029,0.170273922934698,0,-0.129784293109832,-0.0764192569092161,-0
20.66,4,1.66640254544121,-1.72979639479301,-1,0.287881633772931,0.169509730365606,0,-0.129784293109832,-0.0764192569092161,-0
20.67,4,1.66927487256428,-1.7281051184522,-1,0.286583790841832,0.168745537796514,0,-0.129784293109832,-0.0764192569092161,-0
20.68,4,1.67213422125804,-1.72642148403708,-1,0.285285947910734,0.167981345227422,0,-0.129784293109832,-0.0764192569092161,-0
20.69,4,1.67498059152249,-1.72474549154765,-1,0.283988104979636,0.16721715265833,0,-0.129784293109832,-0.0764192569092161,-0
20.7,4,1.67781398335764,-1.72307714098391,-1,0.282690262048537,0.166452960089238,0,-0.129784293109832,-0.0764192569092161,-0
20.71,4,1.68063439676347,-1.72141643234587,-1,0.281392419117439,0.165688767520145,0,-0.129784293109832,-0.0764192569092161,-0
20.72,4,1.68344183173998,-1.71976336563351,-1,0.280094576186341,0.164924574951053,0,-0.129784293109832,-0.0764192569092161,-0
20.73,4,1.68623628828719,-1.71811794084685,-1,0.278796733255242,0.164160382381961,0,-0.129784293109832,-0.0764192569092161,-0
20.74,4,1.68901776640509,-1.71648015798587,-1,0.277498890324144,0.163396189812869,0,-0.129784293109832,-0.0764192569092161,-0
20.75,4,1.69178626609367,-1.71485001705059,-1,0.276201047393046,0.162631997243777,0,-0.129784293109832,-0.0764192569092161,-0
20.76,4,1.69454178735295,-1.713227518041,-1,0.274903204461947,0.161867804674685,0,-0.129784293109832,-0.0764192569092161,-0
20.77,4,1.69728433018291,-1.71161266095709,-1,0.273605361530849,0.161103612105593,0,-0.129784293109832,-0.0764192569092161,-0
20.78,4,1.70001389458357,-1.71000544579888,-1,0.272307518599751,0.1603394195365,0,-0.129784293109832,-0.0764192569092161,-0
20.79,4,1.70273048055491,-1.70840587256636,-1,0.271009675668652,0.159575226967408,0,-0.129784293109832,-0.0764192569092161,-0
20.8,4,1.70543408809694,-1.70681394125954,-1,0.269711832737554,0.158811034398316,0,-0.129784293109832,-0.0764192569092161,-0
20.81,4,1.70812471720966,-1.7052296518784,-1,0.268413989806456,0.158046841829224,0,-0.129784293109832,-0.0764192569092161,-0
20.82,4,1.71080236789307,-1.70365300442295,-1,0.267116146875357,0.157282649260132,0,-0.129784293109832,-0.0764192569092161,-0
20.83,4,1.71346704014717,-1.7020839988932,-1,0.265818303944259,0.15651845669104,0,-0.129784293109832,-0.0764192569092161,-0
20.84,4,1.71611873397195,-1.70052263528913,-1,0.264520461013161,0.155754264121947,0,-0.129784293109832,-0.0764192569092161,-0
20.85,4,1.71875744936743,-1.69896891361076,-1,0.263222618082062,0.154990071552855,0,-0.129784293109832,-0.0764192569092161,-0
20.86,4,1.7213831863336,-1.69742283385807,-1,0.261924775150964,0.154225878983763,0,-0.129784293109832,-0.0764192569092161,-0
20.87,4,1.72399594487045,-1.69588439603108,-1,0.260626932219866,0.153461686414671,0,-0.129784293109832,-0.0764192569092161,-0
20.88,4,1.72659572497799,-1.69435360012978,-1,0.259329089288768,0.152697493845579,0,-0.129784293109832,-0.0764192569092161,-0
20.89,4,1.72918252665623,-1.69283044615417,-1,0.258031246357669,0.151933301276487,0,-0.129784293109832,-0.0764192569092161,-0
20.9,4,1.73175634990515,-1.69131493410425,-1,0.256733403426571,0.151169108707394,0,-0.129784293109832,-0.0764192569092161,-0
20.91,4,1.73431719472476,-1.68980706398002,-1,0.255435560495473,0.150404916138302,0,-0.129784293109832,-0.0764192569092161,-0
20.92,4,1.73686506111506,-1.68830683578148,-1,0.254137717564374,0.14964072356921,0,-0.129784293109832,-0.0764192569092161,-0
20.93,4,1.73939994907604,-1.68681424950864,-1,0.252839874633276,0.148876531000118,0,-0.129784293109832,-0.0764192569092161,-0
20.94,4,1.74192185860772,-1.68532930516148,-1,0.251542031702178,0.148112338431026,0,-0.129784293109832,-0.0764192569092161,-0
20.95,4,1.74443078971009,-1.68385200274002,-1,0.250244188771079,0.147348145861934,0,-0.129784293109832,-0.0764192569092161,-0
20.96,4,1.74692674238314,-1.68238234224424,-1,0.248946345839981,0.146583953292841,0,-0.129784293109832,-0.0764192569092161,-0
20.97,4,1.74940971662689,-1.68092032367416,-1,0.247648502908883,0.145819760723749,0,-0.129784293109832,-0.0764192569092161,-0
20.98,4,1.75187971244132,-1.67946594702977,-1,0.246350659977784,0.145055568154657,0,-0.129784293109832,-0.0764192569092161,-0
20.99,4,1.75433672982644,-1.67801921231107,-1,0.245052817046686,0.144291375585565,0,-0.129784293109832,-0.0764192569092161,-0
21,4,1.75678076878225,-1.67658011951806,-1,0.243754974115588,0.143527183016473,0,-0.129784293109832,-0.0764192569092161,-0
21.01,4,1.75921182930875,-1.67514866865074,-1,0.242457131184489,0.142762990447381,0,-0.129784293109832,-0.0764192569092161,-0
21.02,4,1.76162991140594,-1.67372485970911,-1,0.241159288253391,0.141998797878289,0,-0.129784293109832,-0.0764192569092161,-0
21.03,4,1.76403501507382,-1.67230869269317,-1,0.239861445322293,0.141234605309196,0,-0.129784293109832,-0.0764192569092161,-0
21.04,4,1.76642714031239,-1.67090016760293,-1,0.238563602391194,0.140470412740104,0,-0.129784293109832,-0.0764192569092161,-0
21.05,4,1.76880628712165,-1.66949928443837,-1,0.237265759460096,0.139706220171012,0,-0.129784293109832,-0.0764192569092161,-0
21.06,4,1.77117245550159,-1.66810604319951,-1,0.235967916528998,0.13894202760192,0,-0.129784293109832,-0.0764192569092161,-0
21.07,4,1.77352564545223,-1.66672044388633,-1,0.234670073597899,0.138177835032828,0,-0.129784293109832,-0.0764192569092161,-0
21.08,4,1.77586585697355,-1.66534248649885,-1,0.233372230666801,0.137413642463736,0,-0.129784293109832,-0.0764192569092161,-0
21.09,4,1.77819309006556,-1.66397217103706,-1,0.232074387735703,0.136649449894643,0,-0.129784293109832,-0.0764192569092161,-0
21.1,4,1.78050734472826,-1.66260949750096,-1,0.230776544804604,0.135885257325551,0,-0.129784293109832,-0.0764192569092161,-0
21.11,4,1.78280862096165,-1.66125446589055,-1,0.229478701873506,0.135121064756459,0,-0.129784293109832,-0.0764192569092161,-0
21.12,4,1.78509691876573,-1.65990707620583,-1,0.228180858942408,0.134356872187367,0,-0.129784293109832,-0.0764192569092161,-0
21.13,4,1.7873722381405,-1.6585673284468,-1,0.22688301601131,0.133592679618275,0,-0.129784293109832,-0.0764192569092161,-0
21.14,4,1.78963457908596,-1.65723522261346,-1,0.225585173080211,0.132828487049183,0,-0.129784293109832,-0.0764192569092161,-0
21.15,4,1.79188394160211,-1.65591075870581,-1,0.224287330149113,0.13206429448009,0,-0.129784293109832,-0.0764192569092161,-0
21.16,4,1.79412032568894,-1.65459393672386,-1,0.222989487218015,0.131300101910998,0,-0.129784293109832,-0.0764192569092161,-0
21.17,4,1.79634373134647,-1.65328475666759,-1,0.221691644286916,0.130535909341906,0,-0.129784293109832,-0.0764192569092161,-0
21.18,4,1.79855415857468,-1.65198321853702,-1,0.220393801355818,0.129771716772814,0,-0.129784293109832,-0.0764192569092161,-0
21.19,4,1.80075160737358,-1.65068932233214,-1,0.21909595842472,0.129007524203722,0,-0.129784293109832,-0.0764192569092161,-0
21.2,4,1.80293607774318,-1.64940306805295,-1,0.217798115493621,0.12824333163463,0,-0.129784293109832,-0.0764192569092161,-0
21.21,4,1.80510756968346,-1.64812445569945,-1,0.216500272562523,0.127479139065537,0,-0.129784293109832,-0.0764192569092161,-0
21.22,4,1.80726608319443,-1.64685348527164,-1,0.215202429631425,0.126714946496445,0,-0.129784293109832,-0.0764192569092161,-0
21.23,4,1.80941161827608,-1.64559015676952,-1,0.213904586700326,0.125950753927353,0,-0.129784293109832,-0.0764192569092161,-0
21.24,4,1.81154417492843,-1.64433447019309,-1,0.212606743769228,0.125186561358261,0,-0.129784293109832,-0.0764192569092161,-0
21.25,4,1.81366375315147,-1.64308642554235,-1,0.21130890083813,0.124422368789169,0,-0.129784293109832,-0.0764192569092161,-0
21.26,4,1.81577035294519,-1.64184602281731,-1,0.210011057907031,0.123658176220077,0,-0.129784293109832,-0.0764192569092161,-0
21.27,4,1.81786397430961,-1.64061326201795,-1,0.208713214975933,0.122893983650984,0,-0.129784293109832,-0.0764192569092161,-0
21.28,4,1.81994461724471,-1.63938814314429,-1,0.207415372044835,0.122129791081892,0,-0.129784293109832,-0.0764192569092161,-0
21.29,4,1.82201228175051,-1.63817066619631,-1,0.206117529113736,0.1213655985128,0,-0.129784293109832,-0.0764192569092161,-0
21.3,4,1.82406696782699,-1.63696083117403,-1,0.204819686182638,0.120601405943708,0,-0.129784293109832,-0.0764192569092161,-0
21.31,4,1.82610867547416,-1.63575863807744,-1,0.20352184325154,0.119837213374616,0,-0.129784293109832,-0.0764192569092161,-0
21.32,4,1.82813740469202,-1.63456408690654,-1,0.202224000320441,0.119073020805524,0,-0.129784293109832,-0.0764192569092161,-0
21.33,4,1.83015315548057,-1.63337717766133,-1,0.200926157389343,0.118308828236432,0,-0.129784293109832,-0.0764192569092161,-0
21.34,4,1.83215592783981,-1.63219791034181,-1,0.199628314458245,0.117544635667339,0,-0.129784293109832,-0.0764192569092161,-0
21.35,4,1.83414572176973,-1.63102628494798,-1,0.198330471527146,0.116780443098247,0,-0.129784293109832,-0.0764192569092161,-0
21.36,4,1.83612253727035,-1.62986230147984,-1,0.197032628596048,0.116016250529155,0,-0.129784293109832,-0.0764192569092161,-0
21.37,4,1.83808637434165,-1.6287059599374,-1,0.19573478566495,0.115252057960063,0,-0.129784293109832,-0.0764192569092161,-0
21.38,4,1.84003723298365,-1.62755726032064,-1,0.194436942733852,0.114487865390971,0,-0.129784293109832,-0.0764192569092161,-0
21.39,4,1.84197511319633,-1.62641620262958,-1,0.193139099802753,0.113723672821879,0,-0.129784293109832,-0.0764192569092161,-0
21.4,4,1.8439000149797,-1.62528278686421,-1,0.191841256871655,0.112959480252786,0,-0.129784293109832,-0.0764192569092161,-0
21.41,4,1.84581193833376,-1.62415701302452,-1,0.190543413940557,0.112195287683694,0,-0.129784293109832,-0.0764192569092161,-0
21.42,4,1.84771088325851,-1.62303888111053,-1,0.189245571009458,0.111431095114602,0,-0.129784293109832,-0.0764192569092161,-0
21.43,4,1.84959684975395,-1.62192839112223,-1,0.18794772807836,0.11066690254551,0,-0.129784293109832,-0.0764192569092161,-0
21.44,4,1.85146983782008,-1.62082554305962,-1,0.186649885147262,0.109902709976418,0,-0.129784293109832,-0.0764192569092161,-0
21.45,4,1.8533298474569,-1.6197303369227,-1,0.185352042216163,0.109138517407326,0,-0.129784293109832,-0.0764192569092161,-0
21.46,4,1.8551768786644,-1.61864277271147,-1,0.184054199285065,0.108374324838233,0,-0.129784293109832,-0.0764192569092161,-0
21.47,4,1.8570109314426,-1.61756285042594,-1,0.182756356353967,0.107610132269141,0,-0.129784293109832,-0.0764192569092161,-0
21.48,4,1.85883200579148,-1.61649057006609,-1,0.181458513422868,0.106845939700049,0,-0.129784293109832,-0.0764192569092161,-0
21.49,4,1.86064010171106,-1.61542593163194,-1,0.18016067049177,0.106081747130957,0,-0.129784293109832,-0.0764192569092161,-0
21.5,4,1.86243521920132,-1.61436893512347,-1,0.178862827560672,0.105317554561865,0,-0.129784293109832,-0.0764192569092161,-0
21.51,4,1.86421735826227,-1.6133195805407,-1,0.177564984629573,0.104553361992773,0,-0.129784293109832,-0.0764192569092161,-0
21.52,4,1.86598651889391,-1.61227786788362,-1,0.176267141698475,0.10378916942368,0,-0.129784293109832,-0.0764192569092161,-0
21.53,4,1.86774270109624,-1.61124379715223,-1,0.174969298767377,0.103024976854588,0,-0.129784293109832,-0.0764192569092161,-0
21.54,4,1.86948590486926,-1.61021736834653,-1,0.173671455836278,0.102260784285496,0,-0.129784293109832,-0.0764192569092161,-0
21.55,4,1.87121613021297,-1.60919858146652,-1,0.17237361290518,0.101496591716404,0,-0.129784293109832,-0.0764192569092161,-0
21.56,4,1.87293337712736,-1.6081874365122,-1,0.171075769974082,0.100732399147312,0,-0.129784293109832,-0.0764192569092161,-0
21.57,4,1.87463764561245,-1.60718393348357,-1,0.169777927042983,0.0999682065782196,0,-0.129784293109832,-0.0764192569092161,-0
21.58,4,1.87632893566822,-1.60618807238063,-1,0.168480084111885,0.0992040140091275,0,-0.129784293109832,-0.0764192569092161,-0
21.59,4,1.87800724729468,-1.60519985320339,-1,0.167182241180787,0.0984398214400353,0,-0.129784293109832,-0.0764192569092161,-0
21.6,4,1.87967258049184,-1.60421927595183,-1,0.165884398249689,0.0976756288709432,0,-0.129784293109832,-0.0764192569092161,-0
21.61,4,1.88132493525968,-1.60324634062597,-1,0.16458655531859,0.096911436301851,0,-0.129784293109832,-0.0764192569092161,-0
21.62,4,1.88296431159821,-1.6022810472258,-1,0.163288712387492,0.0961472437327588,0,-0.129784293109832,-0.0764192569092161,-0
21.63,4,1.88459070950743,-1.60132339575131,-1,0.161990869456394,0.0953830511636667,0,-0.129784293109832,-0.0764192569092161,-0
21.64,4,1.88620412898734,-1.60037338620252,-1,0.160693026525295,0.0946188585945745,0,-0.129784293109832,-0.0764192569092161,-0
21.65,4,1.88780457003793,-1.59943101857942,-1,0.159395183594197,0.0938546660254823,0,-0.129784293109832,-0.0764192569092161,-0
21.66,4,1.88939203265922,-1.59849629288201,-1,0.158097340663099,0.0930904734563902,0,-0.129784293109832,-0.0764192569092161,-0
21.67,4,1.8909665168512,-1.59756920911029,-1,0.156799497732,0.092326280887298,0,-0.129784293109832,-0.0764192569092161,-0
21.68,4,1.89252802261386,-1.59664976726427,-1,0.155501654800902,0.0915620883182059,0,-0.129784293109832,-0.0764192569092161,-0
21.69,4,1.89407654994721,-1.59573796734393,-1,0.154203811869804,0.0907978957491137,0,-0.129784293109832,-0.0764192569092161,-0
21.7,4,1.89561209885126,-1.59483380934928,-1,0.152905968938705,0.0900337031800215,0,-0.129784293109832,-0.0764192569092161,-0
21.71,4,1.89713466932599,-1.59393729328033,-1,0.151608126007607,0.0892695106109294,0,-0.129784293109832,-0.0764192569092161,-0
21.72,4,1.89864426137141,-1.59304841913707,-1,0.150310283076509,0.0885053180418373,0,-0.129784293109832,-0.0764192569092161,-0
21.73,4,1.90014087498752,-1.59216718691949,-1,0.14901244014541,0.087741125472745,0,-0.129784293109832,-0.0764192569092161,-0
21.74,4,1.90162451017432,-1.59129359662761,-1,0.147714597214312,0.0869769329036529,0,-0.129784293109832,-0.0764192569092161,-0
21.75,4,1.9030951669318,-1.59042764826142,-1,0.146416754283214,0.0862127403345608,0,-0.129784293109832,-0.0764192569092161,-0
21.76,4,1.90455284525998,-1.58956934182092,-1,0.145118911352115,0.0854485477654686,0,-0.129784293109832,-0.0764192569092161,-0
21.77,4,1.90599754515885,-1.58871867730611,-1,0.143821068421017,0.0846843551963765,0,-0.129784293109832,-0.0764192569092161,-0
21.78,4,1.9074292666284,-1.58787565471699,-1,0.142523225489919,0.0839201626272842,0,-0.129784293109832,-0.0764192569092161,-0
21.79,4,1.90884800966865,-1.58704027405356,-1,0.14122538255882,0.0831559700581921,0,-0.129784293109832,-0.0764192569092161,-0
21.8,4,1.91025377427958,-1.58621253531583,-1,0.139927539627722,0.0823917774891,0,-0.129784293109832,-0.0764192569092161,-0
21.81,4,1.9116465604612,-1.58539243850378,-1,0.138629696696624,0.0816275849200077,0,-0.129784293109832,-0.0764192569092161,-0
21.82,4,1.91302636821351,-1.58457998361743,-1,0.137331853765525,0.0808633923509156,0,-0.129784293109832,-0.0764192569092161,-0
21.83,4,1.91439319753651,-1.58377517065676,-1,0.136034010834427,0.0800991997818234,0,-0.129784293109832,-0.0764192569092161,-0
21.84,4,1.9157470484302,-1.58297799962179,-1,0.134736167903329,0.0793350072127313,0,-0.129784293109832,-0.0764192569092161,-0
21.85,4,1.91708792089458,-1.58218847051251,-1,0.13343832497223,0.0785708146436392,0,-0.129784293109832,-0.0764192569092161,-0
21.86,4,1.91841581492964,-1.58140658332892,-1,0.132140482041132,0.077806622074547,0,-0.129784293109832,-0.0764192569092161,-0
21.87,4,1.9197307305354,-1.58063233807102,-1,0.130842639110034,0.0770424295054548,0,-0.129784293109832,-0.0764192569092161,-0
21.88,4,1.92103266771184,-1.57986573473881,-1,0.129544796178935,0.0762782369363627,0,-0.129784293109832,-0.0764192569092161,-0
21.89,4,1.92232162645898,-1.57910677333229,-1,0.128246953247837,0.0755140443672705,0,-0.129784293109832,-0.0764192569092161,-0
21.9,4,1.9235976067768,-1.57835545385146,-1,0.126949110316739,0.0747498517981783,0,-0.129784293109832,-0.0764192569092161,-0
21.91,4,1.92486060866531,-1.57761177629633,-1,0.125651267385641,0.0739856592290862,0,-0.129784293109832,-0.0764192569092161,-0
21.92,4,1.92611063212451,-1.57687574066688,-1,0.124353424454542,0.073221466659994,0,-0.129784293109832,-0.0764192569092161,-0
21.93,4,1.9273476771544,-1.57614734696313,-1,0.123055581523444,0.0724572740909019,0,-0.129784293109832,-0.0764192569092161,-0
21.94,4,1.92857174375498,-1.57542659518506,-1,0.121757738592346,0.0716930815218097,0,-0.129784293109832,-0.0764192569092161,-0
21.95,4,1.92978283192625,-1.57471348533269,-1,0.120459895661247,0.0709288889527175,0,-0.129784293109832,-0.0764192569092161,-0
21.96,4,1.93098094166821,-1.57400801740601,-1,0.119162052730149,0.0701646963836254,0,-0.129784293109832,-0.0764192569092161,-0
21.97,4,1.93216607298085,-1.57331019140502,-1,0.117864209799051,0.0694005038145332,0,-0.129784293109832,-0.0764192569092161,-0
21.98,4,1.93333822586419,-1.57262000732972,-1,0.116566366867952,0.068636311245441,0,-0.129784293109832,-0.0764192569092161,-0
21.99,4,1.93449740031821,-1.57193746518011,-1,0.115268523936854,0.0678721186763489,0,-0.129784293109832,-0.0764192569092161,-0
22,4,1.93564359634293,-1.57126256495619,-1,0.113970681005756,0.0671079261072567,0,-0.129784293109832,-0.0764192569092161,-0
22.01,4,1.93677681393833,-1.57059530665797,-1,0.112672838074657,0.0663437335381646,0,-0.129784293109832,-0.0764192569092161,-0
22.02,4,1.93789705310442,-1.56993569028543,-1,0.111374995143559,0.0655795409690724,0,-0.129784293109832,-0.0764192569092161,-0
22.03,4,1.9390043138412,-1.56928371583858,-1,0.110077152212461,0.0648153483999802,0,-0.129784293109832,-0.0764192569092161,-0
22.04,4,1.94009859614867,-1.56863938331743,-1,0.108779309281362,0.0640511558308881,0,-0.129784293109832,-0.0764192569092161,-0
22.05,4,1.94117990002683,-1.56800269272197,-1,0.107481466350264,0.0632869632617959,0,-0.129784293109832,-0.0764192569092161,-0
22.06,4,1.94224822547567,-1.56737364405219,-1,0.106183623419166,0.0625227706927037,0,-0.129784293109832,-0.0764192569092161,-0
22.07,4,1.94330357249521,-1.56675223730811,-1,0.104885780488067,0.0617585781236116,0,-0.129784293109832,-0.0764192569092161,-0
22.08,4,1.94434594108543,-1.56613847248972,-1,0.103587937556969,0.0609943855545194,0,-0.129784293109832,-0.0764192569092161,-0
22.09,4,1.94537533124635,-1.56553234959702,-1,0.102290094625871,0.0602301929854273,0,-0.129784293109832,-0.0764192569092161,-0
22.1,4,1.94639174297795,-1.56493386863001,-1,0.100992251694772,0.0594660004163351,0,-0.129784293109832,-0.0764192569092161,-0
22.11,4,1.94739517628024,-1.56434302958869,-1,0.0996944087636741,0.0587018078472429,0,-0.129784293109832,-0.0764192569092161,-0
22.12,4,1.94838563115323,-1.56375983247307,-1,0.0983965658325758,0.0579376152781508,0,-0.129784293109832,-0.0764192569092161,-0
22.13,4,1.9493631075969,-1.56318427728313,-1,0.0970987229014775,0.0571734227090586,0,-0.129784293109832,-0.0764192569092161,-0
22.14,4,1.95032760561126,-1.56261636401889,-1,0.0958008799703791,0.0564092301399664,0,-0.129784293109832,-0.0764192569092161,-0
22.15,4,1.9512791251963,-1.56205609268033,-1,0.0945030370392808,0.0556450375708743,0,-0.129784293109832,-0.0764192569092161,-0
22.16,4,1.95221766635204,-1.56150346326747,-1,0.0932051941081825,0.0548808450017821,0,-0.129784293109832,-0.0764192569092161,-0
22.17,4,1.95314322907847,-1.5609584757803,-1,0.0919073511770842,0.05411665243269,0,-0.129784293109832,-0.0764192569092161,-0
22.18,4,1.95405581337558,-1.56042113021882,-1,0.0906095082459859,0.0533524598635978,0,-0.129784293109832,-0.0764192569092161,-0
22.19,4,1.95495541924339,-1.55989142658302,-1,0.0893116653148875,0.0525882672945056,0,-0.129784293109832,-0.0764192569092161,-0
22.2,4,1.95584204668188,-1.55936936487293,-1,0.0880138223837892,0.0518240747254135,0,-0.129784293109832,-0.0764192569092161,-0
22.21,4,1.95671569569106,-1.55885494508852,-1,0.0867159794526909,0.0510598821563213,0,-0.129784293109832,-0.0764192569092161,-0
22.22,4,1.95757636627093,-1.5583481672298,-1,0.0854181365215926,0.0502956895872292,0,-0.129784293109832,-0.0764192569092161,-0
22.23,4,1.95842405842149,-1.55784903129677,-1,0.0841202935904942,0.049531497018137,0,-0.129784293109832,-0.0764192569092161,-0
22.24,4,1.95925877214274,-1.55735753728944,-1,0.0828224506593959,0.0487673044490448,0,-0.129784293109832,-0.0764192569092161,-0
22.25,4,1.96008050743468,-1.55687368520779,-1,0.0815246077282976,0.0480031118799527,0,-0.129784293109832,-0.0764192569092161,-0
22.26,4,1.96088926429731,-1.55639747505184,-1,0.0802267647971993,0.0472389193108605,0,-0.129784293109832,-0.0764192569092161,-0
22.27,4,1.96168504273063,-1.55592890682157,-1,0.0789289218661009,0.0464747267417683,0,-0.129784293109832,-0.0764192569092161,-0
22.28,4,1.96246784273463,-1.555467980517,-1,0.0776310789350026,0.0457105341726762,0,-0.129784293109832,-0.0764192569092161,-0
22.29,4,1.96323766430933,-1.55501469613812,-1,0.0763332360039043,0.044946341603584,0,-0.129784293109832,-0.0764192569092161,-0
22.3,4,1.96399450745471,-1.55456905368493,-1,0.075035393072806,0.0441821490344919,0,-0.129784293109832,-0.0764192569092161,-0
22.31,4,1.96473837217078,-1.55413105315743,-1,0.0737375501417076,0.0434179564653997,0,-0.129784293109832,-0.0764192569092161,-0
22.32,4,1.96546925845754,-1.55370069455562,-1,0.0724397072106094,0.0426537638963075,0,-0.129784293109832,-0.0764192569092161,-0
22.33,4,1.96618716631499,-1.5532779778795,-1,0.0711418642795111,0.0418895713272154,0,-0.129784293109832,-0.0764192569092161,-0
22.34,4,1.96689209574313,-1.55286290312908,-1,0.0698440213484128,0.0411253787581233,0,-0.129784293109832,-0.0764192569092161,-0
22.35,4,1.96758404674196,-1.55245547030434,-1,0.0685461784173145,0.0403611861890311,0,-0.129784293109832,-0.0764192569092161,-0
22.36,4,1.96826301931148,-1.5520556794053,-1,0.0672483354862161,0.0395969936199389,0,-0.129784293109832,-0.0764192569092161,-0
22.37,4,1.96892901345169,-1.55166353043194,-1,0.0659504925551178,0.0388328010508468,0,-0.129784293109832,-0.0764192569092161,-0
22.38,4,1.96958202916258,-1.55127902338428,-1,0.0646526496240195,0.0380686084817546,0,-0.129784293109832,-0.0764192569092161,-0
22.39,4,1.97022206644417,-1.55090215826231,-1,0.0633548066929211,0.0373044159126624,0,-0.129784293109832,-0.0764192569092161,-0
22.4,4,1.97084912529644,-1.55053293506603,-1,0.0620569637618228,0.0365402233435703,0,-0.129784293109832,-0.0764192569092161,-0
22.41,4,1.9714632057194,-1.55017135379544,-1,0.0607591208307245,0.0357760307744781,0,-0.129784293109832,-0.0764192569092161,-0
22.42,4,1.97206430771306,-1.54981741445054,-1,0.0594612778996262,0.035011838205386,0,-0.129784293109832,-0.0764192569092161,-0
22.43,4,1.9726524312774,-1.54947111703133,-1,0.0581634349685279,0.0342476456362938,0,-0.129784293109832,-0.0764192569092161,-0
22.44,4,1.97322757641243,-1.54913246153781,-1,0.0568655920374295,0.0334834530672016,0,-0.129784293109832,-0.0764192569092161,-0
22.45,4,1.97378974311815,-1.54880144796998,-1,0.0555677491063312,0.0327192604981095,0,-0.129784293109832,-0.0764192569092161,-0
22.46,4,1.97433893139455,-1.54847807632785,-1,0.0542699061752329,0.0319550679290173,0,-0.129784293109832,-0.0764192569092161,-0
22.47,4,1.97487514124165,-1.5481623466114,-1,0.0529720632441346,0.0311908753599252,0,-0.129784293109832,-0.0764192569092161,-0
22.48,4,1.97539837265944,-1.54785425882065,-1,0.0516742203130362,0.030426682790833,0,-0.129784293109832,-0.0764192569092161,-0
22.49,4,1.97590862564791,-1.54755381295559,-1,0.0503763773819379,0.0296624902217408,0,-0.129784293109832,-0.0764192569092161,-0
22.5,4,1.97640590020707,-1.54726100901622,-1,0.0490785344508396,0.0288982976526487,0,-0.129784293109832,-0.0764192569092161,-0
22.51,4,1.97689019633693,-1.54697584700253,-1,0.0477806915197413,0.0281341050835565,0,-0.129784293109832,-0.0764192569092161,-0
22.52,4,1.97736151403747,-1.54669832691454,-1,0.0464828485886429,0.0273699125144643,0,-0.129784293109832,-0.0764192569092161,-0
22.53,4,1.9778198533087,-1.54642844875225,-1,0.0451850056575446,0.0266057199453722,0,-0.129784293109832,-0.0764192569092161,-0
22.54,4,1.97826521415062,-1.54616621251564,-1,0.0438871627264463,0.02584152737628,0,-0.129784293109832,-0.0764192569092161,-0
22.55,4,1.97869759656323,-1.54591161820472,-1,0.042589319795348,0.0250773348071879,0,-0.129784293109832,-0.0764192569092161,-0
22.56,4,1.97911700054653,-1.54566466581949,-1,0.0412914768642496,0.0243131422380957,0,-0.129784293109832,-0.0764192569092161,-0
22.57,4,1.97952342610051,-1.54542535535996,-1,0.0399936339331513,0.0235489496690035,0,-0.129784293109832,-0.0764192569092161,-0
22.58,4,1.97991687322519,-1.54519368682611,-1,0.038695791002053,0.0227847570999114,0,-0.129784293109832,-0.0764192569092161,-0
22.59,4,1.98029734192056,-1.54496966021796,-1,0.0373979480709547,0.0220205645308192,0,-0.129784293109832,-0.0764192569092161,-0
22.6,4,1.98066483218661,-1.5447532755355,-1,0.0361001051398565,0.0212563719617271,0,-0.129784293109832,-0.0764192569092161,-0
22.61,4,1.98101934402335,-1.54454453277873,-1,0.034802262208758,0.0204921793926349,0,-0.129784293109832,-0.0764192569092161,-0
22.62,4,1.98136087743078,-1.54434343194764,-1,0.0335044192776598,0.0197279868235427,0,-0.129784293109832,-0.0764192569092161,-0
22.63,4,1.98168943240891,-1.54414997304225,-1,0.0322065763465615,0.0189637942544506,0,-0.129784293109832,-0.0764192569092161,-0
22.64,4,1.98200500895772,-1.54396415606256,-1,0.0309087334154632,0.0181996016853584,0,-0.129784293109832,-0.0764192569092161,-0
22.65,4,1.98230760707721,-1.54378598100855,-1,0.0296108904843648,0.0174354091162662,0,-0.129784293109832,-0.0764192569092161,-0
22.66,4,1.9825972267674,-1.54361544788023,-1,0.0283130475532665,0.0166712165471741,0,-0.129784293109832,-0.0764192569092161,-0
22.67,4,1.98287386802828,-1.5434525566776,-1,0.0270152046221682,0.0159070239780819,0,-0.129784293109832,-0.0764192569092161,-0
22.68,4,1.98313753085985,-1.54329730740067,-1,0.0257173616910699,0.0151428314089898,0,-0.129784293109832,-0.0764192569092161,-0
22.69,4,1.9833882152621,-1.54314970004942,-1,0.0244195187599715,0.0143786388398976,0,-0.129784293109832,-0.0764192569092161,-0
22.7,4,1.98362592123505,-1.54300973462387,-1,0.0231216758288732,0.0136144462708054,0,-0.129784293109832,-0.0764192569092161,-0
22.71,4,1.98385064877868,-1.54287741112401,-1,0.0218238328977749,0.0128502537017133,0,-0.129784293109832,-0.0764192569092161,-0
22.72,4,1.984062397893,-1.54275272954984,-1,0.0205259899666766,0.0120860611326211,0,-0.129784293109832,-0.0764192569092161,-0
22.73,4,1.98426116857801,-1.54263568990136,-1,0.0192281470355782,0.0113218685635289,0,-0.129784293109832,-0.0764192569092161,-0
22.74,4,1.98444696083371,-1.54252629217857,-1,0.0179303041044799,0.0105576759944368,0,-0.129784293109832,-0.0764192569092161,-0
22.75,4,1.9846197746601,-1.54242453638147,-1,0.0166324611733816,0.00979348342534464,0,-0.129784293109832,-0.0764192569092161,-0
22.76,4,1.98477961005718,-1.54233042251006,-1,0.0153346182422833,0.00902929085625249,0,-0.129784293109832,-0.0764192569092161,-0
22.77,4,1.98492646702495,-1.54224395056434,-1,0.0140367753111849,0.00826509828716028,0,-0.129784293109832,-0.0764192569092161,-0
22.78,4,1.9850603455634,-1.54216512054432,-1,0.0127389323800866,0.00750090571806814,0,-0.129784293109832,-0.0764192569092161,-0
22.79,4,1.98518124567255,-1.54209393244998,-1,0.0114410894489883,0.00673671314897599,0,-0.129784293109832,-0.0764192569092161,-0
22.8,4,1.98528916735238,-1.54203038628134,-1,0.01014324651789,0.00597252057988385,0,-0.129784293109832,-0.0764192569092161,-0
22.81,4,1.98538411060291,-1.54197448203838,-1,0.00884540358679162,0.00520832801079163,0,-0.129784293109832,-0.0764192569092161,-0
22.82,4,1.98546607542412,-1.54192621972112,-1,0.00754756065569332,0.00444413544169949,0,-0.129784293109832,-0.0764192569092161,-0
22.83,4,1.98553506181602,-1.54188559932955,-1,0.00624971772459503,0.00367994287260735,0,-0.129784293109832,-0.0764192569092161,-0
22.84,4,1.98559106977861,-1.54185262086367,-1,0.00495187479349674,0.0029157503035152,0,-0.129784293109832,-0.0764192569092161,-0
22.85,4,1.98563409931189,-1.54182728432348,-1,0.00365403186239833,0.00215155773442299,0,-0.129784293109832,-0.0764192569092161,-0
22.86,4,1.98566415041586,-1.54180958970898,-1,0.00235618893130003,0.00138736516533084,0,-0.129784293109832,-0.0764192569092161,-0
22.87,4,1.98568553831322,-1.54179699614173,-1,0,0,0,-0.129784293109832,-0.0764192569092161,-0
22.87,5,1.98568553831322,-1.54179699614173,-1,0,0,-0,0,0,-8
22.88,5,1.98568553831322,-1.54179699614173,-1.0004,0,0,-0.08,0,0,-8
22.89,5,1.98568553831322,-1.54179699614173,-1.0016,0,0,-0.16,0,0,-8
22.9,5,1.98568553831322,-1.54179699614173,-1.0036,0,0,-0.24,0,0,-8
22.91,5,1.98568553831322,-1.54179699614173,-1.0064,0,0,-0.32,0,0,-8
22.92,5,1.98568553831322,-1.54179699614173,-1.01,0,0,-0.4,0,0,-8
22.93,5,1.98568553831322,-1.54179699614173,-1.0144,0,0,-0.48,0,0,-8
22.94,5,1.98568553831322,-1.54179699614173,-1.0196,0,0,-0.56,0,0,-8
22.95,5,1.98568553831322,-1.54179699614173,-1.0256,0,0,-0.64,0,0,-8
22.96,5,1.98568553831322,-1.54179699614173,-1.0324,0,0,-0.72,0,0,-8
22.97,5,1.98568553831322,-1.54179699614173,-1.04,0,0,-0.8,0,0,-8
22.98,5,1.98568553831322,-1.54179699614173,-1.0484,0,0,-0.88,0,0,-8
22.99,5,1.98568553831322,-1.54179699614173,-1.0576,0,0,-0.96,0,0,-8
23,5,1.98568553831322,-1.54179699614173,-1.0676,0,0,-1.04,0,0,-8
23.01,5,1.98568553831322,-1.54179699614173,-1.0784,0,0,-1.12,0,0,-8
23.02,5,1.98568553831322,-1.54179699614173,-1.09,0,0,-1.2,0,0,-8
23.03,5,1.98568553831322,-1.54179699614173,-1.1024,0,0,-1.28,0,0,-8
23.04,5,1.98568553831322,-1.54179699614173,-1.1156,0,0,-1.36,0,0,-8
23.05,5,1.98568553831322,-1.54179699614173,-1.1296,0,0,-1.44,0,0,-8
23.06,5,1.98568553831322,-1.54179699614173,-1.1444,0,0,-1.52,0,0,-8
23.07,5,1.98568553831322,-1.54179699614173,-1.16,0,0,-1.6,0,0,-8
23.08,5,1.98568553831322,-1.54179699614173,-1.1764,0,0,-1.68,0,0,-8
23.09,5,1.98568553831322,-1.54179699614173,-1.1936,0,0,-1.76,0,0,-8
23.1,5,1.98568553831322,-1.54179699614173,-1.2116,0,0,-1.84,0,0,-8
23.11,5,1.98568553831322,-1.54179699614173,-1.2304,0,0,-1.92,0,0,-8
23.12,5,1.98568553831322,-1.54179699614173,-1.25,0,0,-2,0,0,-8
23.13,5,1.98568553831322,-1.54179699614173,-1.2704,0,0,-2.08,0,0,-8
23.14,5,1.98568553831322,-1.54179699614173,-1.2916,0,0,-2.16,0,0,-8
23.15,5,1.98568553831322,-1.54179699614173,-1.3136,0,0,-2.24,0,0,-8
23.16,5,1.98568553831322,-1.54179699614173,-1.3364,0,0,-2.32,0,0,-8
23.17,5,1.98568553831322,-1.54179699614173,-1.36,0,0,-2.4,0,0,-8
23.18,5,1.98568553831322,-1.54179699614173,-1.3844,0,0,-2.48,0,0,-8
23.19,5,1.98568553831322,-1.54179699614173,-1.4096,0,0,-2.56,0,0,-8
23.2,5,1.98568553831322,-1.54179699614173,-1.4356,0,0,-2.64,0,0,-8
23.21,5,1.98568553831322,-1.54179699614173,-1.4624,0,0,-2.72,0,0,-8
23.22,5,1.98568553831322,-1.54179699614173,-1.49,0,0,-2.8,0,0,-8
23.23,5,1.98568553831322,-1.54179699614173,-1.5184,0,0,-2.88,0,0,-8
23.24,5,1.98568553831322,-1.54179699614173,-1.5476,0,0,-2.96,0,0,-8
23.25,5,1.98568553831322,-1.54179699614173,-1.5776,0,0,-3.04,0,0,-8
23.26,5,1.98568553831322,-1.54179699614173,-1.6084,0,0,-3.12,0,0,-8
23.27,5,1.98568553831322,-1.54179699614173,-1.64,0,0,-3.2,0,0,-8
23.28,5,1.98568553831322,-1.54179699614173,-1.6724,0,0,-3.28,0,0,-8
23.29,5,1.98568553831322,-1.54179699614173,-1.7056,0,0,-3.36,0,0,-8
23.3,5,1.98568553831322,-1.54179699614173,-1.7396,0,0,-3.44,0,0,-8
23.31,5,1.98568553831322,-1.54179699614173,-1.7744,0,0,-3.52,0,0,-8
23.32,5,1.98568553831322,-1.54179699614173,-1.81,0,0,-3.6,0,0,-8
23.33,5,1.98568553831322,-1.54179699614173,-1.8464,0,0,-3.68,0,0,-8
23.34,5,1.98568553831322,-1.54179699614173,-1.8836,0,0,-3.76,0,0,-8
23.35,5,1.98568553831322,-1.54179699614173,-1.9216,0,0,-3.84,0,0,-8
23.36,5,1.98568553831322,-1.54179699614173,-1.9604,0,0,-3.92,0,0,-8
23.37,5,1.98568553831322,-1.54179699614173,-2,0,0,-4,0,0,-8
23.38,5,1.98568553831322,-1.54179699614173,-2.0396,0,0,-3.92,0,0,8
23.39,5,1.98568553831322,-1.54179699614173,-2.0784,0,0,-3.84,0,0,8
23.4,5,1.98568553831322,-1.54179699614173,-2.1164,0,0,-3.76,0,0,8
23.41,5,1.98568553831322,-1.54179699614173,-2.1536,0,0,-3.68,0,0,8
23.42,5,1.98568553831322,-1.54179699614173,-2.19,0,0,-3.6,0,0,8
23.43,5,1.98568553831322,-1.54179699614173,-2.2256,0,0,-3.52,0,0,8
23.44,5,1.98568553831322,-1.54179699614173,-2.2604,0,0,-3.44,0,0,8
23.45,5,1.98568553831322,-1.54179699614173,-2.2944,0,0,-3.36,0,0,8
23.46,5,1.98568553831322,-1.54179699614173,-2.3276,0,0,-3.28,0,0,8
23.47,5,1.98568553831322,-1.54179699614173,-2.36,0,0,-3.2,0,0,8
23.48,5,1.98568553831322,-1.54179699614173,-2.3916,0,0,-3.12,0,0,8
23.49,5,1.98568553831322,-1.54179699614173,-2.4224,0,0,-3.04,0,0,8
23.5,5,1.98568553831322,-1.54179699614173,-2.4524,0,0,-2.96,0,0,8
23.51,5,1.98568553831322,-1.54179699614173,-2.4816,0,0,-2.88,0,0,8
23.52,5,1.98568553831322,-1.54179699614173,-2.51,0,0,-2.8,0,0,8
23.53,5,1.98568553831322,-1.54179699614173,-2.5376,0,0,-2.72,0,0,8
23.54,5,1.98568553831322,-1.54179699614173,-2.5644,0,0,-2.64,0,0,8
23.55,5,1.98568553831322,-1.54179699614173,-2.5904,0,0,-2.56,0,0,8
23.56,5,1.98568553831322,-1.54179699614173,-2.6156,0,0,-2.48,0,0,8
23.57,5,1.98568553831322,-1.54179699614173,-2.64,0,0,-2.4,0,0,8
23.58,5,1.98568553831322,-1.54179699614173,-2.6636,0,0,-2.32,0,0,8
23.59,5,1.98568553831322,-1.54179699614173,-2.6864,0,0,-2.24,0,0,8
23.6,5,1.98568553831322,-1.54179699614173,-2.7084,0,0,-2.16,0,0,8
23.61,5,1.98568553831322,-1.54179699614173,-2.7296,0,0,-2.08,0,0,8
23.62,5,1.98568553831322,-1.54179699614173,-2.75,0,0,-2,0,0,8
23.63,5,1.98568553831322,-1.54179699614173,-2.7696,0,0,-1.92,0,0,8
23.64,5,1.98568553831322,-1.54179699614173,-2.7884,0,0,-1.84,0,0,8
23.65,5,1.98568553831322,-1.54179699614173,-2.8064,0,0,-1.76,0,0,8
23.66,5,1.98568553831322,-1.54179699614173,-2.8236,0,0,-1.68,0,0,8
23.67,5,1.98568553831322,-1.54179699614173,-2.84,0,0,-1.6,0,0,8
23.68,5,1.98568553831322,-1.54179699614173,-2.8556,0,0,-1.52,0,0,8
23.69,5,1.98568553831322,-1.54179699614173,-2.8704,0,0,-1.44,0,0,8
23.7,5,1.98568553831322,-1.54179699614173,-2.8844,0,0,-1.36,0,0,8
23.71,5,1.98568553831322,-1.54179699614173,-2.8976,0,0,-1.28,0,0,8
23.72,5,1.98568553831322,-1.54179699614173,-2.91,0,0,-1.2,0,0,8
23.73,5,1.98568553831322,-1.54179699614173,-2.9216,0,0,-1.12,0,0,8
23.74,5,1.98568553831322,-1.54179699614173,-2.9324,0,0,-1.04,0,0,8
23.75,5,1.98568553831322,-1.54179699614173,-2.9424,0,0,-0.96,0,0,8
23.76,5,1.98568553831322,-1.54179699614173,-2.9516,0,0,-0.88,0,0,8
23.77,5,1.98568553831322,-1.54179699614173,-2.96,0,0,-0.8,0,0,8
23.78,5,1.98568553831322,-1.54179699614173,-2.9676,0,0,-0.72,0,0,8
23.79,5,1.98568553831322,-1.54179699614173,-2.9744,0,0,-0.64,0,0,8
23.8,5,1.98568553831322,-1.54179699614173,-2.9804,0,0,-0.56,0,0,8
23.81,5,1.98568553831322,-1.54179699614173,-2.9856,0,0,-0.48,0,0,8
23.82,5,1.98568553831322,-1.54179699614173,-2.99,0,0,-0.4,0,0,8
23.83,5,1.98568553831322,-1.54179699614173,-2.9936,0,0,-0.32,0,0,8
23.84,5,1.98568553831322,-1.54179699614173,-2.9964,0,0,-0.24,0,0,8
23.85,5,1.98568553831322,-1.54179699614173,-2.9984,0,0,-0.16,0,0,8
23.86,5,1.98568553831322,-1.54179699614173,-2.9996,0,0,-0.0800000000000001,0,0,8
23.87,5,1.98568553831322,-1.54179699614173,-3,0,0,0,0,0,8
23.87,6,1.98568553831322,-1.54179699614173,-3,0,0,0,0,0,8
23.88,6,1.98568553831322,-1.54179699614173,-2.9996,0,0,0.08,0,0,8
23.89,6,1.98568553831322,-1.54179699614173,-2.9984,0,0,0.16,0,0,8
23.9,6,1.98568553831322,-1.54179699614173,-2.9964,0,0,0.24,0,0,8
23.91,6,1.98568553831322,-1.54179699614173,-2.9936,0,0,0.32,0,0,8
23.92,6,1.98568553831322,-1.54179699614173,-2.99,0,0,0.4,0,0,8
23.93,6,1.98568553831322,-1.54179699614173,-2.9856,0,0,0.48,0,0,8
23.94,6,1.98568553831322,-1.54179699614173,-2.9804,0,0,0.56,0,0,8
23.95,6,1.98568553831322,-1.54179699614173,-2.9744,0,0,0.64,0,0,8
23.96,6,1.98568553831322,-1.54179699614173,-2.9676,0,0,0.72,0,0,8
23.97,6,1.98568553831322,-1.54179699614173,-2.96,0,0,0.8,0,0,8
23.98,6,1.98568553831322,-1.54179699614173,-2.9516,0,0,0.88,0,0,8
23.99,6,1.98568553831322,-1.54179699614173,-2.9424,0,0,0.96,0,0,8
24,6,1.98568553831322,-1.54179699614173,-2.9324,0,0,1.04,0,0,8
24.01,6,1.98568553831322,-1.54179699614173,-2.9216,0,0,1.12,0,0,8
24.02,6,1.98568553831322,-1.54179699614173,-2.91,0,0,1.2,0,0,8
24.03,6,1.98568553831322,-1.54179699614173,-2.8976,0,0,1.28,0,0,8
24.04,6,1.98568553831322,-1.54179699614173,-2.8844,0,0,1.36,0,0,8
24.05,6,1.98568553831322,-1.54179699614173,-2.8704,0,0,1.44,0,0,8
24.06,6,1.98568553831322,-1.54179699614173,-2.8556,0,0,1.52,0,0,8
24.07,6,1.98568553831322,-1.54179699614173,-2.84,0,0,1.6,0,0,8
24.08,6,1.98568553831322,-1.54179699614173,-2.8236,0,0,1.68,0,0,8
24.09,6,1.98568553831322,-1.54179699614173,-2.8064,0,0,1.76,0,0,8
24.1,6,1.98568553831322,-1.54179699614173,-2.7884,0,0,1.84,0,0,8
24.11,6,1.98568553831322,-1.54179699614173,-2.7696,0,0,1.92,0,0,8
24.12,6,1.98568553831322,-1.54179699614173,-2.75,0,0,2,0,0,8
24.13,6,1.98568553831322,-1.54179699614173,-2.7296,0,0,2.08,0,0,8
24.14,6,1.98568553831322,-1.54179699614173,-2.7084,0,0,2.16,0,0,8
24.15,6,1.98568553831322,-1.54179699614173,-2.6864,0,0,2.24,0,0,8
24.16,6,1.98568553831322,-1.54179699614173,-2.6636,0,0,2.32,0,0,8
24.17,6,1.98568553831322,-1.54179699614173,-2.64,0,0,2.4,0,0,8
24.18,6,1.98568553831322,-1.54179699614173,-2.6156,0,0,2.48,0,0,8
24.19,6,1.98568553831322,-1.54179699614173,-2.5904,0,0,2.56,0,0,8
24.2,6,1.98568553831322,-1.54179699614173,-2.5644,0,0,2.64,0,0,8
24.21,6,1.98568553831322,-1.54179699614173,-2.5376,0,0,2.72,0,0,8
24.22,6,1.98568553831322,-1.54179699614173,-2.51,0,0,2.8,0,0,8
24.23,6,1.98568553831322,-1.54179699614173,-2.4816,0,0,2.88,0,0,8
24.24,6,1.98568553831322,-1.54179699614173,-2.4524,0,0,2.96,0,0,8
24.25,6,1.98568553831322,-1.54179699614173,-2.4224,0,0,3.04,0,0,8
24.26,6,1.98568553831322,-1.54179699614173,-2.3916,0,0,3.12,0,0,8
24.27,6,1.98568553831322,-1.54179699614173,-2.36,0,0,3.2,0,0,8
24.28,6,1.98568553831322,-1.54179699614173,-2.3276,0,0,3.28,0,0,8
24.29,6,1.98568553831322,-1.54179699614173,-2.2944,0,0,3.36,0,0,8
24.3,6,1.98568553831322,-1.54179699614173,-2.2604,0,0,3.44,0,0,8
24.31,6,1.98568553831322,-1.54179699614173,-2.2256,0,0,3.52,0,0,8
24.32,6,1.98568553831322,-1.54179699614173,-2.19,0,0,3.6,0,0,8
24.33,6,1.98568553831322,-1.54179699614173,-2.1536,0,0,3.68,0,0,8
24.34,6,1.98568553831322,-1.54179699614173,-2.1164,0,0,3.76,0,0,8
24.35,6,1.98568553831322,-1.54179699614173,-2.0784,0,0,3.84,0,0,8
24.36,6,1.98568553831322,-1.54179699614173,-2.0396,0,0,3.92,0,0,8
24.37,6,1.98568553831322,-1.54179699614173,-2,0,0,4,0,0,8
24.38,6,1.98568553831322,-1.54179699614173,-1.9604,0,0,3.92,0,0,-8
24.39,6,1.98568553831322,-1.54179699614173,-1.9216,0,0,3.84,0,0,-8
24.4,6,1.98568553831322,-1.54179699614173,-1.8836,0,0,3.76,0,0,-8
24.41,6,1.98568553831322,-1.54179699614173,-1.8464,0,0,3.68,0,0,-8
24.42,6,1.98568553831322,-1.54179699614173,-1.81,0,0,3.6,0,0,-8
24.43,6,1.98568553831322,-1.54179699614173,-1.7744,0,0,3.52,0,0,-8
24.44,6,1.98568553831322,-1.54179699614173,-1.7396,0,0,3.44,0,0,-8
24.45,6,1.98568553831322,-1.54179699614173,-1.7056,0,0,3.36,0,0,-8
24.46,6,1.98568553831322,-1.54179699614173,-1.6724,0,0,3.28,0,0,-8
24.47,6,1.98568553831322,-1.54179699614173,-1.64,0,0,3.2,0,0,-8
24.48,6,1.98568553831322,-1.54179699614173,-1.6084,0,0,3.12,0,0,-8
24.49,6,1.98568553831322,-1.54179699614173,-1.5776,0,0,3.04,0,0,-8
24.5,6,1.98568553831322,-1.54179699614173,-1.5476,0,0,2.96,0,0,-8
24.51,6,1.98568553831322,-1.54179699614173,-1.5184,0,0,2.88,0,0,-8
24.52,6,1.98568553831322,-1.54179699614173,-1.49,0,0,2.8,0,0,-8
24.53,6,1.98568553831322,-1.54179699614173,-1.4624,0,0,2.72,0,0,-8
24.54,6,1.98568553831322,-1.54179699614173,-1.4356,0,0,2.64,0,0,-8
24.55,6,1.98568553831322,-1.54179699614173,-1.4096,0,0,2.56,0,0,-8
24.56,6,1.98568553831322,-1.54179699614173,-1.3844,0,0,2.48,0,0,-8
24.57,6,1.98568553831322,-1.54179699614173,-1.36,0,0,2.4,0,0,-8
24.58,6,1.98568553831322,-1.54179699614173,-1.3364,0,0,2.32,0,0,-8
24.59,6,1.98568553831322,-1.54179699614173,-1.3136,0,0,2.24,0,0,-8
24.6,6,1.98568553831322,-1.54179699614173,-1.2916,0,0,2.16,0,0,-8
24.61,6,1.98568553831322,-1.54179699614173,-1.2704,0,0,2.08,0,0,-8
24.62,6,1.98568553831322,-1.54179699614173,-1.25,0,0,2,0,0,-8
24.63,6,1.98568553831322,-1.54179699614173,-1.2304,0,0,1.92,0,0,-8
24.64,6,1.98568553831322,-1.54179699614173,-1.2116,0,0,1.84,0,0,-8
24.65,6,1.98568553831322,-1.54179699614173,-1.1936,0,0,1.76,0,0,-8
24.66,6,1.98568553831322,-1.54179699614173,-1.1764,0,0,1.68,0,0,-8
24.67,6,1.98568553831322,-1.54179699614173,-1.16,0,0,1.6,0,0,-8
24.68,6,1.98568553831322,-1.54179699614173,-1.1444,0,0,1.52,0,0,-8
24.69,6,1.98568553831322,-1.54179699614173,-1.1296,0,0,1.44,0,0,-8
24.7,6,1.98568553831322,-1.54179699614173,-1.1156,0,0,1.36,0,0,-8
24.71,6,1.98568553831322,-1.54179699614173,-1.1024,0,0,1.28,0,0,-8
24.72,6,1.98568553831322,-1.54179699614173,-1.09,0,0,1.2,0,0,-8
24.73,6,1.98568553831322,-1.54179699614173,-1.0784,0,0,1.12,0,0,-8
24.74,6,1.98568553831322,-1.54179699614173,-1.0676,0,0,1.04,0,0,-8
24.75,6,1.98568553831322,-1.54179699614173,-1.0576,0,0,0.96,0,0,-8
24.76,6,1.98568553831322,-1.54179699614173,-1.0484,0,0,0.88,0,0,-8
24.77,6,1.98568553831322,-1.54179699614173,-1.04,0,0,0.8,0,0,-8
24.78,6,1.98568553831322,-1.54179699614173,-1.0324,0,0,0.72,0,0,-8
24.79,6,1.98568553831322,-1.54179699614173,-1.0256,0,0,0.64,0,0,-8
24.8,6,1.98568553831322,-1.54179699614173,-1.0196,0,0,0.56,0,0,-8
24.81,6,1.98568553831322,-1.54179699614173,-1.0144,0,0,0.48,0,0,-8
24.82,6,1.98568553831322,-1.54179699614173,-1.01,0,0,0.4,0,0,-8
24.83,6,1.98568553831322,-1.54179699614173,-1.0064,0,0,0.32,0,0,-8
24.84,6,1.98568553831322,-1.54179699614173,-1.0036,0,0,0.24,0,0,-8
24.85,6,1.98568553831322,-1.54179699614173,-1.0016,0,0,0.16,0,0,-8
24.86,6,1.98568553831322,-1.54179699614173,-1.0004,0,0,0.0800000000000001,0,0,-8
24.87,6,1.98568553831322,-1.54179699614173,-1,0,0,0,0,0,-8
24.87,7,1.98568553831322,-1.54179699614173,-1,-0,-0,0,-0.129784293109832,-0.0764192569092161,0
24.88,7,1.98567904909856,-1.54180081710458,-1,-0.00129784293109832,-0.000764192569092161,0,-0.129784293109832,-0.0764192569092161,0
24.89,7,1.9856595814546,-1.54181227999311,-1,-0.00259568586219664,-0.00152838513818432,0,-0.129784293109832,-0.0764192569092161,0
24.9,7,1.98562713538132,-1.54183138480734,-1,-0.00389352879329496,-0.00229257770727648,0,-0.129784293109832,-0.0764192569092161,0
24.91,7,1.98558171087873,-1.54185813154726,-1,-0.00519137172439328,-0.00305677027636864,0,-0.129784293109832,-0.0764192569092161,0
24.92,7,1.98552330794683,-1.54189252021287,-1,-0.0064892146554916,-0.00382096284546081,0,-0.129784293109832,-0.0764192569092161,0
24.93,7,1.98545192658562,-1.54193455080417,-1,-0.00778705758658992,-0.00458515541455297,0,-0.129784293109832,-0.0764192569092161,0
24.94,7,1.9853675667951,-1.54198422332116,-1,-0.00908490051768824,-0.00534934798364513,0,-0.129784293109832,-0.0764192569092161,0
24.95,7,1.98527022857527,-1.54204153776384,-1,-0.0103827434487866,-0.00611354055273729,0,-0.129784293109832,-0.0764192569092161,0
24.96,7,1.98515991192613,-1.54210649413221,-1,-0.0116805863798849,-0.00687773312182945,0,-0.129784293109832,-0.0764192569092161,0
24.97,7,1.98503661684767,-1.54217909242628,-1,-0.0129784293109832,-0.00764192569092161,0,-0.129784293109832,-0.0764192569092161,0
24.98,7,1.98490034333991,-1.54225933264603,-1,-0.0142762722420815,-0.00840611826001377,0,-0.129784293109832,-0.0764192569092161,0
24.99,7,1.98475109140283,-1.54234721479148,-1,-0.0155741151731798,-0.00917031082910593,0,-0.129784293109832,-0.0764192569092161,0
25,7,1.98458886103644,-1.54244273886261,-1,-0.0168719581042782,-0.0099345033981981,0,-0.129784293109832,-0.0764192569092161,0
25.01,7,1.98441365224074,-1.54254590485944,-1,-0.0181698010353765,-0.0106986959672903,0,-0.129784293109832,-0.0764192569092161,0
25.02,7,1.98422546501573,-1.54265671278196,-1,-0.0194676439664748,-0.0114628885363824,0,-0.129784293109832,-0.0764192569092161,0
25.03,7,1.98402429936141,-1.54277516263017,-1,-0.0207654868975731,-0.0122270811054746,0,-0.129784293109832,-0.0764192569092161,0
25.04,7,1.98381015527778,-1.54290125440407,-1,-0.0220633298286715,-0.0129912736745667,0,-0.129784293109832,-0.0764192569092161,0
25.05,7,1.98358303276484,-1.54303498810366,-1,-0.0233611727597698,-0.0137554662436589,0,-0.129784293109832,-0.0764192569092161,0
25.06,7,1.98334293182259,-1.54317636372894,-1,-0.0246590156908681,-0.0145196588127511,0,-0.129784293109832,-0.0764192569092161,0
25.07,7,1.98308985245102,-1.54332538127992,-1,-0.0259568586219664,-0.0152838513818432,0,-0.129784293109832,-0.0764192569092161,0
25.08,7,1.98282379465015,-1.54348204075658,-1,-0.0272547015530647,-0.0160480439509354,0,-0.129784293109832,-0.0764192569092161,0
25.09,7,1.98254475841996,-1.54364634215893,-1,-0.0285525444841631,-0.0168122365200275,0,-0.129784293109832,-0.0764192569092161,0
25.1,7,1.98225274376046,-1.54381828548698,-1,-0.0298503874152614,-0.0175764290891197,0,-0.129784293109832,-0.0764192569092161,0
25.11,7,1.98194775067166,-1.54399787074072,-1,-0.0311482303463597,-0.0183406216582119,0,-0.129784293109832,-0.0764192569092161,0
25.12,7,1.98162977915354,-1.54418509792014,-1,-0.032446073277458,-0.019104814227304,0,-0.129784293109832,-0.0764192569092161,0
25.13,7,1.98129882920611,-1.54437996702526,-1,-0.0337439162085563,-0.0198690067963962,0,-0.129784293109832,-0.0764192569092161,0
25.14,7,1.98095490082937,-1.54458247805607,-1,-0.0350417591396547,-0.0206331993654884,0,-0.129784293109832,-0.0764192569092161,0
25.15,7,1.98059799402331,-1.54479263101257,-1,-0.036339602070753,-0.0213973919345805,0,-0.129784293109832,-0.0764192569092161,0
25.16,7,1.98022810878795,-1.54501042589476,-1,-0.0376374450018513,-0.0221615845036727,0,-0.129784293109832,-0.0764192569092161,0
25.17,7,1.97984524512328,-1.54523586270265,-1,-0.0389352879329496,-0.0229257770727648,0,-0.129784293109832,-0.0764192569092161,0
25.18,7,1.97944940302929,-1.54546894143622,-1,-0.0402331308640479,-0.023689969641857,0,-0.129784293109832,-0.0764192569092161,0
25.19,7,1.979040582506,-1.54570966209548,-1,-0.0415309737951463,-0.0244541622109492,0,-0.129784293109832,-0.0764192569092161,0
25.2,7,1.97861878355339,-1.54595802468044,-1,-0.0428288167262446,-0.0252183547800413,0,-0.129784293109832,-0.0764192569092161,0
25.21,7,1.97818400617147,-1.54621402919108,-1,-0.0441266596573429,-0.0259825473491335,0,-0.129784293109832,-0.0764192569092161,0
25.22,7,1.97773625036024,-1.54647767562742,-1,-0.0454245025884412,-0.0267467399182256,0,-0.129784293109832,-0.0764192569092161,0
25.23,7,1.9772755161197,-1.54674896398945,-1,-0.0467223455195395,-0.0275109324873178,0,-0.129784293109832,-0.0764192569092161,0
25.24,7,1.97680180344985,-1.54702789427717,-1,-0.0480201884506379,-0.02827512505641,0,-0.129784293109832,-0.0764192569092161,0
25.25,7,1.97631511235069,-1.54731446649058,-1,-0.0493180313817362,-0.0290393176255021,0,-0.129784293109832,-0.0764192569092161,0
25.26,7,1.97581544282222,-1.54760868062968,-1,-0.0506158743128345,-0.0298035101945943,0,-0.129784293109832,-0.0764192569092161,0
25.27,7,1.97530279486443,-1.54791053669447,-1,-0.0519137172439328,-0.0305677027636864,0,-0.129784293109832,-0.0764192569092161,0
25.28,7,1.97477716847734,-1.54822003468495,-1,-0.0532115601750311,-0.0313318953327786,0,-0.129784293109832,-0.0764192569092161,0
25.29,7,1.97423856366093,-1.54853717460112,-1,-0.0545094031061295,-0.0320960879018708,0,-0.129784293109832,-0.0764192569092161,0
25.3,7,1.97368698041522,-1.54886195644299,-1,-0.0558072460372278,-0.0328602804709629,0,-0.129784293109832,-0.0764192569092161,0
25.31,7,1.97312241874019,-1.54919438021054,-1,-0.0571050889683261,-0.0336244730400551,0,-0.129784293109832,-0.0764192569092161,0
25.32,7,1.97254487863585,-1.54953444590379,-1,-0.0584029318994244,-0.0343886656091473,0,-0.129784293109832,-0.0764192569092161,0
25.33,7,1.9719543601022,-1.54988215352273,-1,-0.0597007748305227,-0.0351528581782394,0,-0.129784293109832,-0.0764192569092161,0
25.34,7,1.97135086313924,-1.55023750306735,-1,-0.0609986177616211,-0.0359170507473316,0,-0.129784293109832,-0.0764192569092161,0
25.35,7,1.97073438774697,-1.55060049453767,-1,-0.0622964606927194,-0.0366812433164237,0,-0.129784293109832,-0.0764192569092161,0
25.36,7,1.97010493392538,-1.55097112793368,-1,-0.0635943036238177,-0.0374454358855159,0,-0.129784293109832,-0.0764192569092161,0
25.37,7,1.96946250167449,-1.55134940325538,-1,-0.064892146554916,-0.0382096284546081,0,-0.129784293109832,-0.0764192569092161,0
25.38,7,1.96880709099429,-1.55173532050277,-1,-0.0661899894860143,-0.0389738210237002,0,-0.129784293109832,-0.0764192569092161,0
25.39,7,1.96813870188477,-1.55212887967586,-1,-0.0674878324171127,-0.0397380135927924,0,-0.129784293109832,-0.0764192569092161,0
25.4,7,1.96745733434594,-1.55253008077463,-1,-0.068785675348211,-0.0405022061618845,0,-0.129784293109832,-0.0764192569092161,0
25.41,7,1.96676298837781,-1.55293892379909,-1,-0.0700835182793093,-0.0412663987309767,0,-0.129784293109832,-0.0764192569092161,0
25.42,7,1.96605566398036,-1.55335540874925,-1,-0.0713813612104076,-0.0420305913000689,0,-0.129784293109832,-0.0764192569092161,0
25.43,7,1.9653353611536,-1.5537795356251,-1,-0.072679204141506,-0.042794783869161,0,-0.129784293109832,-0.0764192569092161,0
25.44,7,1.96460207989753,-1.55421130442663,-1,-0.0739770470726043,-0.0435589764382532,0,-0.129784293109832,-0.0764192569092161,0
25.45,7,1.96385582021215,-1.55465071515386,-1,-0.0752748900037026,-0.0443231690073453,0,-0.129784293109832,-0.0764192569092161,0
25.46,7,1.96309658209745,-1.55509776780678,-1,-0.0765727329348009,-0.0450873615764375,0,-0.129784293109832,-0.0764192569092161,0
25.47,7,1.96232436555345,-1.55555246238539,-1,-0.0778705758658992,-0.0458515541455297,0,-0.129784293109832,-0.0764192569092161,0
25.48,7,1.96153917058014,-1.55601479888969,-1,-0.0791684187969976,-0.0466157467146218,0,-0.129784293109832,-0.0764192569092161,0
25.49,7,1.96074099717751,-1.55648477731968,-1,-0.0804662617280959,-0.047379939283714,0,-0.129784293109832,-0.0764192569092161,0
25.5,7,1.95992984534557,-1.55696239767536,-1,-0.0817641046591942,-0.0481441318528062,0,-0.129784293109832,-0.0764192569092161,0
25.51,7,1.95910571508433,-1.55744765995674,-1,-0.0830619475902925,-0.0489083244218983,0,-0.129784293109832,-0.0764192569092161,0
25.52,7,1.95826860639377,-1.5579405641638,-1,-0.0843597905213908,-0.0496725169909905,0,-0.129784293109832,-0.0764192569092161,0
25.53,7,1.9574185192739,-1.55844111029656,-1,-0.0856576334524892,-0.0504367095600826,0,-0.129784293109832,-0.0764192569092161,0
25.54,7,1.95655545372472,-1.558949298355,-1,-0.0869554763835875,-0.0512009021291748,0,-0.129784293109832,-0.0764192569092161,0
25.55,7,1.95567940974623,-1.55946512833914,-1,-0.0882533193146858,-0.051965094698267,0,-0.129784293109832,-0.0764192569092161,0
25.56,7,1.95479038733842,-1.55998860024897,-1,-0.0895511622457841,-0.0527292872673591,0,-0.129784293109832,-0.0764192569092161,0
25.57,7,1.95388838650131,-1.56051971408449,-1,-0.0908490051768824,-0.0534934798364513,0,-0.129784293109832,-0.0764192569092161,0
25.58,7,1.95297340723489,-1.5610584698457,-1,-0.0921468481079808,-0.0542576724055434,0,-0.129784293109832,-0.0764192569092161,0
25.59,7,1.95204544953915,-1.5616048675326,-1,-0.0934446910390791,-0.0550218649746356,0,-0.129784293109832,-0.0764192569092161,0
25.6,7,1.95110451341411,-1.56215890714519,-1,-0.0947425339701774,-0.0557860575437278,0,-0.129784293109832,-0.0764192569092161,0
25.61,7,1.95015059885975,-1.56272058868347,-1,-0.0960403769012757,-0.0565502501128199,0,-0.129784293109832,-0.0764192569092161,0
25.62,7,1.94918370587608,-1.56328991214745,-1,-0.097338219832374,-0.0573144426819121,0,-0.129784293109832,-0.0764192569092161,0
25.63,7,1.9482038344631,-1.56386687753711,-1,-0.0986360627634724,-0.0580786352510042,0,-0.129784293109832,-0.0764192569092161,0
25.64,7,1.94721098462081,-1.56445148485247,-1,-0.0999339056945707,-0.0588428278200964,0,-0.129784293109832,-0.0764192569092161,0
25.65,7,1.94620515634921,-1.56504373409351,-1,-0.101231748625669,-0.0596070203891886,0,-0.129784293109832,-0.0764192569092161,0
25.66,7,1.9451863496483,-1.56564362526025,-1,-0.102529591556767,-0.0603712129582807,0,-0.129784293109832,-0.0764192569092161,0
25.67,7,1.94415456451807,-1.56625115835268,-1,-0.103827434487866,-0.0611354055273729,0,-0.129784293109832,-0.0764192569092161,0
25.68,7,1.94310980095854,-1.5668663333708,-1,-0.105125277418964,-0.0618995980964651,0,-0.129784293109832,-0.0764192569092161,0
25.69,7,1.94205205896969,-1.56748915031461,-1,-0.106423120350062,-0.0626637906655572,0,-0.129784293109832,-0.0764192569092161,0
25.7,7,1.94098133855154,-1.56811960918411,-1,-0.107720963281161,-0.0634279832346494,0,-0.129784293109832,-0.0764192569092161,0
25.71,7,1.93989763970407,-1.5687577099793,-1,-0.109018806212259,-0.0641921758037415,0,-0.129784293109832,-0.0764192569092161,0
25.72,7,1.93880096242729,-1.56940345270019,-1,-0.110316649143357,-0.0649563683728337,0,-0.129784293109832,-0.0764192569092161,0
25.73,7,1.9376913067212,-1.57005683734676,-1,-0.111614492074456,-0.0657205609419259,0,-0.129784293109832,-0.0764192569092161,0
25.74,7,1.9365686725858,-1.57071786391902,-1,-0.112912335005554,-0.066484753511018,0,-0.129784293109832,-0.0764192569092161,0
25.75,7,1.93543306002109,-1.57138653241698,-1,-0.114210177936652,-0.0672489460801102,0,-0.129784293109832,-0.0764192569092161,0
25.76,7,1.93428446902707,-1.57206284284063,-1,-0.115508020867751,-0.0680131386492023,0,-0.129784293109832,-0.0764192569092161,0
25.77,7,1.93312289960374,-1.57274679518996,-1,-0.116805863798849,-0.0687773312182945,0,-0.129784293109832,-0.0764192569092161,0
25.78,7,1.93194835175109,-1.57343838946499,-1,-0.118103706729947,-0.0695415237873867,0,-0.129784293109832,-0.0764192569092161,0
25.79,7,1.93076082546914,-1.57413762566571,-1,-0.119401549661045,-0.0703057163564788,0,-0.129784293109832,-0.0764192569092161,0
25.8,7,1.92956032075787,-1.57484450379212,-1,-0.120699392592144,-0.071069908925571,0,-0.129784293109832,-0.0764192569092161,0
25.81,7,1.9283468376173,-1.57555902384422,-1,-0.121997235523242,-0.0718341014946631,0,-0.129784293109832,-0.0764192569092161,0
25.82,7,1.92712037604741,-1.57628118582201,-1,-0.12329507845434,-0.0725982940637553,0,-0.129784293109832,-0.0764192569092161,0
25.83,7,1.92588093604821,-1.5770109897255,-1,-0.124592921385439,-0.0733624866328475,0,-0.129784293109832,-0.0764192569092161,0
25.84,7,1.9246285176197,-1.57774843555467,-1,-0.125890764316537,-0.0741266792019396,0,-0.129784293109832,-0.0764192569092161,0
25.85,7,1.92336312076188,-1.57849352330954,-1,-0.127188607247635,-0.0748908717710318,0,-0.129784293109832,-0.0764192569092161,0
25.86,7,1.92208474547475,-1.57924625299009,-1,-0.128486450178734,-0.075655064340124,0,-0.129784293109832,-0.0764192569092161,0
25.87,7,1.9207933917583,-1.58000662459634,-1,-0.129784293109832,-0.0764192569092161,0,-0.129784293109832,-0.0764192569092161,0
25.88,7,1.91948905961255,-1.58077463812828,-1,-0.13108213604093,-0.0771834494783083,0,-0.129784293109832,-0.0764192569092161,0
25.89,7,1.91817174903749,-1.5815502935859,-1,-0.132379978972029,-0.0779476420474004,0,-0.129784293109832,-0.0764192569092161,0
25.9,7,1.91684146003311,-1.58233359096922,-1,-0.133677821903127,-0.0787118346164926,0,-0.129784293109832,-0.0764192569092161,0
25.91,7,1.91549819259942,-1.58312453027823,-1,-0.134975664834225,-0.0794760271855848,0,-0.129784293109832,-0.0764192569092161,0
25.92,7,1.91414194673642,-1.58392311151294,-1,-0.136273507765324,-0.0802402197546769,0,-0.129784293109832,-0.0764192569092161,0
25.93,7,1.91277272244412,-1.58472933467333,-1,-0.137571350696422,-0.0810044123237691,0,-0.129784293109832,-0.0764192569092161,0
25.94,7,1.9113905197225,-1.58554319975941,-1,-0.13886919362752,-0.0817686048928612,0,-0.129784293109832,-0.0764192569092161,0
25.95,7,1.90999533857157,-1.58636470677119,-1,-0.140167036558619,-0.0825327974619534,0,-0.129784293109832,-0.0764192569092161,0
25.96,7,1.90858717899132,-1.58719385570865,-1,-0.141464879489717,-0.0832969900310456,0,-0.129784293109832,-0.0764192569092161,0
25.97,7,1.90716604098177,-1.58803064657181,-1,-0.142762722420815,-0.0840611826001377,0,-0.129784293109832,-0.0764192569092161,0
25.98,7,1.90573192454291,-1.58887507936065,-1,-0.144060565351914,-0.0848253751692299,0,-0.129784293109832,-0.0764192569092161,0
25.99,7,1.90428482967473,-1.58972715407519,-1,-0.145358408283012,-0.085589567738322,0,-0.129784293109832,-0.0764192569092161,0
26,7,1.90282475637725,-1.59058687071542,-1,-0.14665625121411,-0.0863537603074142,0,-0.129784293109832,-0.0764192569092161,0
26.01,7,1.90135170465045,-1.59145422928134,-1,-0.147954094145209,-0.0871179528765064,0,-0.129784293109832,-0.0764192569092161,0
26.02,7,1.89986567449434,-1.59232922977295,-1,-0.149251937076307,-0.0878821454455985,0,-0.129784293109832,-0.0764192569092161,0
26.03,7,1.89836666590892,-1.59321187219025,-1,-0.150549780007405,-0.0886463380146907,0,-0.129784293109832,-0.0764192569092161,0
26.04,7,1.8968546788942,-1.59410215653324,-1,-0.151847622938503,-0.0894105305837828,0,-0.129784293109832,-0.0764192569092161,0
26.05,7,1.89532971345015,-1.59500008280193,-1,-0.153145465869602,-0.090174723152875,0,-0.129784293109832,-0.0764192569092161,0
26.06,7,1.8937917695768,-1.5959056509963,-1,-0.1544433088007,-0.0909389157219672,0,-0.129784293109832,-0.0764192569092161,0
26.07,7,1.89224084727414,-1.59681886111637,-1,-0.155741151731798,-0.0917031082910593,0,-0.129784293109832,-0.0764192569092161,0
26.08,7,1.89067694654217,-1.59773971316212,-1,-0.157038994662897,-0.0924673008601515,0,-0.129784293109832,-0.0764192569092161,0
26.09,7,1.88910006738088,-1.59866820713357,-1,-0.158336837593995,-0.0932314934292437,0,-0.129784293109832,-0.0764192569092161,0
26.1,7,1.88751020979029,-1.59960434303071,-1,-0.159634680525093,-0.0939956859983358,0,-0.129784293109832,-0.0764192569092161,0
26.11,7,1.88590737377038,-1.60054812085354,-1,-0.160932523456192,-0.094759878567428,0,-0.129784293109832,-0.0764192569092161,0
26.12,7,1.88429155932116,-1.60149954060206,-1,-0.16223036638729,-0.0955240711365201,0,-0.129784293109832,-0.0764192569092161,0
26.13,7,1.88266276644264,-1.60245860227627,-1,-0.163528209318388,-0.0962882637056123,0,-0.129784293109832,-0.0764192569092161,0
26.14,7,1.8810209951348,-1.60342530587617,-1,-0.164826052249487,-0.0970524562747045,0,-0.129784293109832,-0.0764192569092161,0
26.15,7,1.87936624539765,-1.60439965140176,-1,-0.166123895180585,-0.0978166488437966,0,-0.129784293109832,-0.0764192569092161,0
26.16,7,1.87769851723118,-1.60538163885304,-1,-0.167421738111683,-0.0985808414128888,0,-0.129784293109832,-0.0764192569092161,0
26.17,7,1.87601781063541,-1.60637126823002,-1,-0.168719581042782,-0.0993450339819809,0,-0.129784293109832,-0.0764192569092161,0
26.18,7,1.87432412561033,-1.60736853953268,-1,-0.17001742397388,-0.100109226551073,0,-0.129784293109832,-0.0764192569092161,0
26.19,7,1.87261746215593,-1.60837345276104,-1,-0.171315266904978,-0.100873419120165,0,-0.129784293109832,-0.0764192569092161,0
26.2,7,1.87089782027223,-1.60938600791509,-1,-0.172613109836077,-0.101637611689257,0,-0.129784293109832,-0.0764192569092161,0
26.21,7,1.86916519995921,-1.61040620499483,-1,-0.173910952767175,-0.10240180425835,0,-0.129784293109832,-0.0764192569092161,0
26.22,7,1.86741960121689,-1.61143404400025,-1,-0.175208795698273,-0.103165996827442,0,-0.129784293109832,-0.0764192569092161,0
26.23,7,1.86566102404525,-1.61246952493137,-1,-0.176506638629372,-0.103930189396534,0,-0.129784293109832,-0.0764192569092161,0
26.24,7,1.8638894684443,-1.61351264778818,-1,-0.17780448156047,-0.104694381965626,0,-0.129784293109832,-0.0764192569092161,0
26.25,7,1.86210493441404,-1.61456341257069,-1,-0.179102324491568,-0.105458574534718,0,-0.129784293109832,-0.0764192569092161,0
26.26,7,1.86030742195447,-1.61562181927888,-1,-0.180400167422667,-0.10622276710381,0,-0.129784293109832,-0.0764192569092161,0
26.27,7,1.85849693106558,-1.61668786791276,-1,-0.181698010353765,-0.106986959672903,0,-0.129784293109832,-0.0764192569092161,0
26.28,7,1.85667346174739,-1.61776155847234,-1,-0.182995853284863,-0.107751152241995,0,-0.129784293109832,-0.0764192569092161,0
26.29,7,1.85483701399989,-1.6188428909576,-1,-0.184293696215962,-0.108515344811087,0,-0.129784293109832,-0.0764192569092161,0
26.3,7,1.85298758782307,-1.61993186536856,-1,-0.18559153914706,-0.109279537380179,0,-0.129784293109832,-0.0764192569092161,0
26.31,7,1.85112518321695,-1.62102848170521,-1,-0.186889382078158,-0.110043729949271,0,-0.129784293109832,-0.0764192569092161,0
26.32,7,1.84924980018151,-1.62213273996754,-1,-0.188187225009256,-0.110807922518363,0,-0.129784293109832,-0.0764192569092161,0
26.33,7,1.84736143871676,-1.62324464015557,-1,-0.189485067940355,-0.111572115087456,0,-0.129784293109832,-0.0764192569092161,0
26.34,7,1.8454600988227,-1.62436418226929,-1,-0.190782910871453,-0.112336307656548,0,-0.129784293109832,-0.0764192569092161,0
26.35,7,1.84354578049933,-1.6254913663087,-1,-0.192080753802551,-0.11310050022564,0,-0.129784293109832,-0.0764192569092161,0
26.36,7,1.84161848374665,-1.62662619227381,-1,-0.19337859673365,-0.113864692794732,0,-0.129784293109832,-0.0764192569092161,0
26.37,7,1.83967820856466,-1.6277686601646,-1,-0.194676439664748,-0.114628885363824,0,-0.129784293109832,-0.0764192569092161,0
26.38,7,1.83772495495336,-1.62891876998108,-1,-0.195974282595846,-0.115393077932916,0,-0.129784293109832,-0.0764192569092161,0
26.39,7,1.83575872291274,-1.63007652172326,-1,-0.197272125526945,-0.116157270502008,0,-0.129784293109832,-0.0764192569092161,0
26.4,7,1.83377951244282,-1.63124191539112,-1,-0.198569968458043,-0.116921463071101,0,-0.129784293109832,-0.0764192569092161,0
26.41,7,1.83178732354358,-1.63241495098468,-1,-0.199867811389141,-0.117685655640193,0,-0.129784293109832,-0.0764192569092161,0
26.42,7,1.82978215621503,-1.63359562850393,-1,-0.20116565432024,-0.118449848209285,0,-0.129784293109832,-0.0764192569092161,0
26.43,7,1.82776401045718,-1.63478394794887,-1,-0.202463497251338,-0.119214040778377,0,-0.129784293109832,-0.0764192569092161,0
26.44,7,1.82573288627001,-1.63597990931949,-1,-0.203761340182436,-0.119978233347469,0,-0.129784293109832,-0.0764192569092161,0
26.45,7,1.82368878365353,-1.63718351261581,-1,-0.205059183113535,-0.120742425916561,0,-0.129784293109832,-0.0764192569092161,0
26.46,7,1.82163170260774,-1.63839475783783,-1,-0.206357026044633,-0.121506618485654,0,-0.129784293109832,-0.0764192569092161,0
26.47,7,1.81956164313263,-1.63961364498553,-1,-0.207654868975731,-0.122270811054746,0,-0.129784293109832,-0.0764192569092161,0
26.48,7,1.81747860522822,-1.64084017405892,-1,-0.20895271190683,-0.123035003623838,0,-0.129784293109832,-0.0764192569092161,0
26.49,7,1.8153825888945,-1.642074345058,-1,-0.210250554837928,-0.12379919619293,0,-0.129784293109832,-0.0764192569092161,0
26.5,7,1.81327359413146,-1.64331615798278,-1,-0.211548397769026,-0.124563388762022,0,-0.129784293109832,-0.0764192569092161,0
26.51,7,1.81115162093912,-1.64456561283324,-1,-0.212846240700125,-0.125327581331114,0,-0.129784293109832,-0.0764192569092161,0
26.52,7,1.80901666931746,-1.6458227096094,-1,-0.214144083631223,-0.126091773900207,0,-0.129784293109832,-0.0764192569092161,0
26.53,7,1.80686873926649,-1.64708744831125,-1,-0.215441926562321,-0.126855966469299,0,-0.129784293109832,-0.0764192569092161,0
26.54,7,1.80470783078621,-1.64835982893879,-1,-0.21673976949342,-0.127620159038391,0,-0.129784293109832,-0.0764192569092161,0
26.55,7,1.80253394387663,-1.64963985149202,-1,-0.218037612424518,-0.128384351607483,0,-0.129784293109832,-0.0764192569092161,0
26.56,7,1.80034707853772,-1.65092751597094,-1,-0.219335455355616,-0.129148544176575,0,-0.129784293109832,-0.0764192569092161,0
26.57,7,1.79814723476951,-1.65222282237555,-1,-0.220633298286714,-0.129912736745667,0,-0.129784293109832,-0.0764192569092161,0
26.58,7,1.79593441257199,-1.65352577070585,-1,-0.221931141217813,-0.13067692931476,0,-0.129784293109832,-0.0764192569092161,0
26.59,7,1.79370861194516,-1.65483636096184,-1,-0.223228984148911,-0.131441121883852,0,-0.129784293109832,-0.0764192569092161,0
26.6,7,1.79146983288901,-1.65615459314353,-1,-0.224526827080009,-0.132205314452944,0,-0.129784293109832,-0.0764192569092161,0
26.61,7,1.78921807540356,-1.6574804672509,-1,-0.225824670011108,-0.132969507022036,0,-0.129784293109832,-0.0764192569092161,0
26.62,7,1.78695333948879,-1.65881398328397,-1,-0.227122512942206,-0.133733699591128,0,-0.129784293109832,-0.0764192569092161,0
26.63,7,1.78467562514471,-1.66015514124272,-1,-0.228420355873304,-0.13449789216022,0,-0.129784293109832,-0.0764192569092161,0
26.64,7,1.78238493237132,-1.66150394112717,-1,-0.229718198804403,-0.135262084729313,0,-0.129784293109832,-0.0764192569092161,0
26.65,7,1.78008126116862,-1.66286038293731,-1,-0.231016041735501,-0.136026277298405,0,-0.129784293109832,-0.0764192569092161,0
26.66,7,1.77776461153661,-1.66422446667314,-1,-0.232313884666599,-0.136790469867497,0,-0.129784293109832,-0.0764192569092161,0
26.67,7,1.77543498347529,-1.66559619233466,-1,-0.233611727597698,-0.137554662436589,0,-0.129784293109832,-0.0764192569092161,0
26.68,7,1.77309237698466,-1.66697555992187,-1,-0.234909570528796,-0.138318855005681,0,-0.129784293109832,-0.0764192569092161,0
26.69,7,1.77073679206472,-1.66836256943477,-1,-0.236207413459894,-0.139083047574773,0,-0.129784293109832,-0.0764192569092161,0
26.7,7,1.76836822871546,-1.66975722087337,-1,-0.237505256390993,-0.139847240143865,0,-0.129784293109832,-0.0764192569092161,0
26.71,7,1.7659866869369,-1.67115951423765,-1,-0.238803099322091,-0.140611432712958,0,-0.129784293109832,-0.0764192569092161,0
26.72,7,1.76359216672902,-1.67256944952763,-1,-0.240100942253189,-0.14137562528205,0,-0.129784293109832,-0.0764192569092161,0
26.73,7,1.76118466809183,-1.67398702674329,-1,-0.241398785184288,-0.142139817851142,0,-0.129784293109832,-0.0764192569092161,0
26.74,7,1.75876419102533,-1.67541224588465,-1,-0.242696628115386,-0.142904010420234,0,-0.129784293109832,-0.0764192569092161,0
26.75,7,1.75633073552952,-1.6768451069517,-1,-0.243994471046484,-0.143668202989326,0,-0.129784293109832,-0.0764192569092161,0
26.76,7,1.7538843016044,-1.67828560994444,-1,-0.245292313977583,-0.144432395558418,0,-0.129784293109832,-0.0764192569092161,0
26.77,7,1.75142488924997,-1.67973375486287,-1,-0.246590156908681,-0.145196588127511,0,-0.129784293109832,-0.0764192569092161,0
26.78,7,1.74895249846623,-1.68118954170699,-1,-0.247887999839779,-0.145960780696603,0,-0.129784293109832,-0.0764192569092161,0
26.79,7,1.74646712925318,-1.6826529704768,-1,-0.249185842770878,-0.146724973265695,0,-0.129784293109832,-0.0764192569092161,0
26.8,7,1.74396878161081,-1.6841240411723,-1,-0.250483685701976,-0.147489165834787,0,-0.129784293109832,-0.0764192569092161,0
26.81,7,1.74145745553914,-1.68560275379349,-1,-0.251781528633074,-0.148253358403879,0,-0.129784293109832,-0.0764192569092161,0
26.82,7,1.73893315103815,-1.68708910834038,-1,-0.253079371564172,-0.149017550972971,0,-0.129784293109832,-0.0764192569092161,0
26.83,7,1.73639586810785,-1.68858310481295,-1,-0.254377214495271,-0.149781743542064,0,-0.129784293109832,-0.0764192569092161,0
26.84,7,1.73384560674825,-1.69008474321122,-1,-0.255675057426369,-0.150545936111156,0,-0.129784293109832,-0.0764192569092161,0
26.85,7,1.73128236695933,-1.69159402353518,-1,-0.256972900357467,-0.151310128680248,0,-0.129784293109832,-0.0764192569092161,0
26.86,7,1.7287061487411,-1.69311094578482,-1,-0.258270743288566,-0.15207432124934,0,-0.129784293109832,-0.0764192569092161,0
26.87,7,1.72611695209356,-1.69463550996016,-1,-0.259568586219664,-0.152838513818432,0,-0.129784293109832,-0.0764192569092161,0
26.88,7,1.7235147770167,-1.69616771606119,-1,-0.260866429150762,-0.153602706387524,0,-0.129784293109832,-0.0764192569092161,0
26.89,7,1.72089962351054,-1.69770756408791,-1,-0.262164272081861,-0.154366898956617,0,-0.129784293109832,-0.0764192569092161,0
26.9,7,1.71827149157507,-1.69925505404033,-1,-0.263462115012959,-0.155131091525709,0,-0.129784293109832,-0.0764192569092161,0
26.91,7,1.71563038121028,-1.70081018591843,-1,-0.264759957944057,-0.155895284094801,0,-0.129784293109832,-0.0764192569092161,0
26.92,7,1.71297629241619,-1.70237295972222,-1,-0.266057800875156,-0.156659476663893,0,-0.129784293109832,-0.0764192569092161,0
26.93,7,1.71030922519278,-1.70394337545171,-1,-0.267355643806254,-0.157423669232985,0,-0.129784293109832,-0.0764192569092161,0
26.94,7,1.70762917954006,-1.70552143310688,-1,-0.268653486737352,-0.158187861802077,0,-0.129784293109832,-0.0764192569092161,0
26.95,7,1.70493615545803,-1.70710713268775,-1,-0.269951329668451,-0.15895205437117,0,-0.129784293109832,-0.0764192569092161,0
26.96,7,1.70223015294669,-1.7087004741943,-1,-0.271249172599549,-0.159716246940262,0,-0.129784293109832,-0.0764192569092161,0
26.97,7,1.69951117200604,-1.71030145762655,-1,-0.272547015530647,-0.160480439509354,0,-0.129784293109832,-0.0764192569092161,0
26.98,7,1.69677921263608,-1.71191008298449,-1,-0.273844858461746,-0.161244632078446,0,-0.129784293109832,-0.0764192569092161,0
26.99,7,1.69403427483681,-1.71352635026812,-1,-0.275142701392844,-0.162008824647538,0,-0.129784293109832,-0.0764192569092161,0
27,7,1.69127635860822,-1.71515025947744,-1,-0.276440544323942,-0.16277301721663,0,-0.129784293109832,-0.0764192569092161,0
27.01,7,1.68850546395033,-1.71678181061245,-1,-0.277738387255041,-0.163537209785722,0,-0.129784293109832,-0.0764192569092161,0
27.02,7,1.68572159086312,-1.71842100367316,-1,-0.279036230186139,-0.164301402354815,0,-0.129784293109832,-0.0764192569092161,0
27.03,7,1.6829247393466,-1.72006783865955,-1,-0.280334073117237,-0.165065594923907,0,-0.129784293109832,-0.0764192569092161,0
27.04,7,1.68011490940078,-1.72172231557163,-1,-0.281631916048336,-0.165829787492999,0,-0.129784293109832,-0.0764192569092161,0
27.05,7,1.67729210102564,-1.72338443440941,-1,-0.282929758979434,-0.166593980062091,0,-0.129784293109832,-0.0764192569092161,0
27.06,7,1.67445631422119,-1.72505419517288,-1,-0.284227601910532,-0.167358172631183,0,-0.129784293109832,-0.0764192569092161,0
27.07,7,1.67160754898743,-1.72673159786203,-1,-0.285525444841631,-0.168122365200275,0,-0.129784293109832,-0.0764192569092161,0
27.08,7,1.66874580532435,-1.72841664247688,-1,-0.286823287772729,-0.168886557769368,0,-0.129784293109832,-0.0764192569092161,0
27.09,7,1.66587108323197,-1.73010932901742,-1,-0.288121130703827,-0.16965075033846,0,-0.129784293109832,-0.0764192569092161,0
27.1,7,1.66298338271028,-1.73180965748365,-1,-0.289418973634925,-0.170414942907552,0,-0.129784293109832,-0.0764192569092161,0
27.11,7,1.66008270375927,-1.73351762787557,-1,-0.290716816566024,-0.171179135476644,0,-0.129784293109832,-0.0764192569092161,0
27.12,7,1.65716904637896,-1.73523324019318,-1,-0.292014659497122,-0.171943328045736,0,-0.129784293109832,-0.0764192569092161,0
27.13,7,1.65424241056933,-1.73695649443649,-1,-0.29331250242822,-0.172707520614828,0,-0.129784293109832,-0.0764192569092161,0
27.14,7,1.65130279633039,-1.73868739060548,-1,-0.294610345359319,-0.173471713183921,0,-0.129784293109832,-0.0764192569092161,0
27.15,7,1.64835020366214,-1.74042592870017,-1,-0.295908188290417,-0.174235905753013,0,-0.129784293109832,-0.0764192569092161,0
27.16,7,1.64538463256458,-1.74217210872054,-1,-0.297206031221515,-0.175000098322105,0,-0.129784293109832,-0.0764192569092161,0
27.17,7,1.64240608303771,-1.74392593066661,-1,-0.298503874152614,-0.175764290891197,0,-0.129784293109832,-0.0764192569092161,0
27.18,7,1.63941455508153,-1.74568739453836,-1,-0.299801717083712,-0.176528483460289,0,-0.129784293109832,-0.0764192569092161,0
27.19,7,1.63641004869604,-1.74745650033581,-1,-0.30109956001481,-0.177292676029381,0,-0.129784293109832,-0.0764192569092161,0
27.2,7,1.63339256388124,-1.74923324805895,-1,-0.302397402945909,-0.178056868598474,0,-0.129784293109832,-0.0764192569092161,0
27.21,7,1.63036210063712,-1.75101763770778,-1,-0.303695245877007,-0.178821061167566,0,-0.129784293109832,-0.0764192569092161,0
27.22,7,1.6273186589637,-1.7528096692823,-1,-0.304993088808105,-0.179585253736658,0,-0.129784293109832,-0.0764192569092161,0
27.23,7,1.62426223886096,-1.75460934278252,-1,-0.306290931739204,-0.18034944630575,0,-0.129784293109832,-0.0764192569092161,0
27.24,7,1.62119284032891,-1.75641665820842,-1,-0.307588774670302,-0.181113638874842,0,-0.129784293109832,-0.0764192569092161,0
27.25,7,1.61811046336755,-1.75823161556001,-1,-0.3088866176014,-0.181877831443934,0,-0.129784293109832,-0.0764192569092161,0
27.26,7,1.61501510797688,-1.7600542148373,-1,-0.310184460532499,-0.182642024013027,0,-0.129784293109832,-0.0764192569092161,0
27.27,7,1.6119067741569,-1.76188445604027,-1,-0.311482303463597,-0.183406216582119,0,-0.129784293109832,-0.0764192569092161,0
27.28,7,1.60878546190761,-1.76372233916894,-1,-0.312780146394695,-0.184170409151211,0,-0.129784293109832,-0.0764192569092161,0
27.29,7,1.60565117122901,-1.7655678642233,-1,-0.314077989325794,-0.184934601720303,0,-0.129784293109832,-0.0764192569092161,0
27.3,7,1.6025039021211,-1.76742103120335,-1,-0.315375832256892,-0.185698794289395,0,-0.129784293109832,-0.0764192569092161,0
27.31,7,1.59934365458387,-1.76928184010909,-1,-0.31667367518799,-0.186462986858487,0,-0.129784293109832,-0.0764192569092161,0
27.32,7,1.59617042861734,-1.77115029094052,-1,-0.317971518119089,-0.187227179427579,0,-0.129784293109832,-0.0764192569092161,0
27.33,7,1.59298422422149,-1.77302638369764,-1,-0.319269361050187,-0.187991371996672,0,-0.129784293109832,-0.0764192569092161,0
27.34,7,1.58978504139633,-1.77491011838045,-1,-0.320567203981285,-0.188755564565764,0,-0.129784293109832,-0.0764192569092161,0
27.35,7,1.58657288014186,-1.77680149498895,-1,-0.321865046912383,-0.189519757134856,0,-0.129784293109832,-0.0764192569092161,0
27.36,7,1.58334774045808,-1.77870051352315,-1,-0.323162889843482,-0.190283949703948,0,-0.129784293109832,-0.0764192569092161,0
27.37,7,1.58010962234499,-1.78060717398303,-1,-0.32446073277458,-0.19104814227304,0,-0.129784293109832,-0.0764192569092161,0
27.38,7,1.57685852580259,-1.78252147636861,-1,-0.325758575705679,-0.191812334842132,0,-0.129784293109832,-0.0764192569092161,0
27.39,7,1.57359445083088,-1.78444342067987,-1,-0.327056418636777,-0.192576527411225,0,-0.129784293109832,-0.0764192569092161,0
27.4,7,1.57031739742986,-1.78637300691683,-1,-0.328354261567875,-0.193340719980317,0,-0.129784293109832,-0.0764192569092161,0
27.41,7,1.56702736559952,-1.78831023507948,-1,-0.329652104498973,-0.194104912549409,0,-0.129784293109832,-0.0764192569092161,0
27.42,7,1.56372435533988,-1.79025510516782,-1,-0.330949947430072,-0.194869105118501,0,-0.129784293109832,-0.0764192569092161,0
27.43,7,1.56040836665092,-1.79220761718185,-1,-0.33224779036117,-0.195633297687593,0,-0.129784293109832,-0.0764192569092161,0
27.44,7,1.55707939953266,-1.79416777112157,-1,-0.333545633292268,-0.196397490256685,0,-0.129784293109832,-0.0764192569092161,0
27.45,7,1.55373745398508,-1.79613556698698,-1,-0.334843476223367,-0.197161682825778,0,-0.129784293109832,-0.0764192569092161,0
27.46,7,1.55038253000819,-1.79811100477809,-1,-0.336141319154465,-0.19792587539487,0,-0.129784293109832,-0.0764192569092161,0
27.47,7,1.54701462760199,-1.80009408449488,-1,-0.337439162085563,-0.198690067963962,0,-0.129784293109832,-0.0764192569092161,0
27.48,7,1.54363374676648,-1.80208480613737,-1,-0.338737005016662,-0.199454260533054,0,-0.129784293109832,-0.0764192569092161,0
27.49,7,1.54023988750165,-1.80408316970554,-1,-0.34003484794776,-0.200218453102146,0,-0.129784293109832,-0.0764192569092161,0
27.5,7,1.53683304980752,-1.80608917519941,-1,-0.341332690878858,-0.200982645671238,0,-0.129784293109832,-0.0764192569092161,0
27.51,7,1.53341323368408,-1.80810282261897,-1,-0.342630533809957,-0.201746838240331,0,-0.129784293109832,-0.0764192569092161,0
27.52,7,1.52998043913132,-1.81012411196422,-1,-0.343928376741055,-0.202511030809423,0,-0.129784293109832,-0.0764192569092161,0
27.53,7,1.52653466614926,-1.81215304323516,-1,-0.345226219672153,-0.203275223378515,0,-0.129784293109832,-0.0764192569092161,0
27.54,7,1.52307591473788,-1.81418961643179,-1,-0.346524062603252,-0.204039415947607,0,-0.129784293109832,-0.0764192569092161,0
27.55,7,1.51960418489719,-1.81623383155411,-1,-0.34782190553435,-0.204803608516699,0,-0.129784293109832,-0.0764192569092161,0
27.56,7,1.51611958711587,-1.81828562354446,-1,-0.348880251534552,-0.205426781112938,0,0.129784293109832,0.0764192569092161,-0
27.57,7,1.51263727381518,-1.82033607039274,-1,-0.347582408603453,-0.204662588543846,0,0.129784293109832,0.0764192569092161,-0
27.58,7,1.5091679389438,-1.82237887531533,-1,-0.346284565672355,-0.203898395974754,0,0.129784293109832,0.0764192569092161,-0
27.59,7,1.50571158250173,-1.82441403831224,-1,-0.344986722741257,-0.203134203405661,0,0.129784293109832,0.0764192569092161,-0
27.6,7,1.50226820448898,-1.82644155938345,-1,-0.343688879810158,-0.202370010836569,0,0.129784293109832,0.0764192569092161,-0
27.61,7,1.49883780490553,-1.82846143852897,-1,-0.34239103687906,-0.201605818267477,0,0.129784293109832,0.0764192569092161,-0
27.62,7,1.49542038375139,-1.8304736757488,-1,-0.341093193947962,-0.200841625698385,0,0.129784293109832,0.0764192569092161,-0
27.63,7,1.49201594102657,-1.83247827104294,-1,-0.339795351016863,-0.200077433129293,0,0.129784293109832,0.0764192569092161,-0
27.64,7,1.48862447673106,-1.83447522441138,-1,-0.338497508085765,-0.199313240560201,0,0.129784293109832,0.0764192569092161,-0
27.65,7,1.48524599086486,-1.83646453585414,-1,-0.337199665154667,-0.198549047991108,0,0.129784293109832,0.0764192569092161,-0
27.66,7,1.48188048342796,-1.83844620537121,-1,-0.335901822223568,-0.197784855422016,0,0.129784293109832,0.0764192569092161,-0
27.67,7,1.47852795442038,-1.84042023296258,-1,-0.33460397929247,-0.197020662852924,0,0.129784293109832,0.0764192569092161,-0
27.68,7,1.47518840384211,-1.84238661862826,-1,-0.333306136361372,-0.196256470283832,0,0.129784293109832,0.0764192569092161,-0
27.69,7,1.47186183169316,-1.84434536236826,-1,-0.332008293430273,-0.19549227771474,0,0.129784293109832,0.0764192569092161,-0
27.7,7,1.46854823797351,-1.84629646418256,-1,-0.330710450499175,-0.194728085145648,0,0.129784293109832,0.0764192569092161,-0
27.71,7,1.46524762268317,-1.84823992407117,-1,-0.329412607568077,-0.193963892576555,0,0.129784293109832,0.0764192569092161,-0
27.72,7,1.46195998582215,-1.85017574203409,-1,-0.328114764636979,-0.193199700007463,0,0.129784293109832,0.0764192569092161,-0
27.73,7,1.45868532739043,-1.85210391807132,-1,-0.32681692170588,-0.192435507438371,0,0.129784293109832,0.0764192569092161,-0
27.74,7,1.45542364738803,-1.85402445218286,-1,-0.325519078774782,-0.191671314869279,0,0.129784293109832,0.0764192569092161,-0
27.75,7,1.45217494581494,-1.85593734436871,-1,-0.324221235843684,-0.190907122300187,0,0.129784293109832,0.0764192569092161,-0
27.76,7,1.44893922267116,-1.85784259462886,-1,-0.322923392912585,-0.190142929731095,0,0.129784293109832,0.0764192569092161,-0
27.77,7,1.44571647795669,-1.85974020296333,-1,-0.321625549981487,-0.189378737162003,0,0.129784293109832,0.0764192569092161,-0
27.78,7,1.44250671167153,-1.8616301693721,-1,-0.320327707050389,-0.18861454459291,0,0.129784293109832,0.0764192569092161,-0
27.79,7,1.43930992381568,-1.86351249385519,-1,-0.31902986411929,-0.187850352023818,0,0.129784293109832,0.0764192569092161,-0
27.8,7,1.43612611438914,-1.86538717641258,-1,-0.317732021188192,-0.187086159454726,0,0.129784293109832,0.0764192569092161,-0
27.81,7,1.43295528339191,-1.86725421704428,-1,-0.316434178257094,-0.186321966885634,0,0.129784293109832,0.0764192569092161,-0
27.82,7,1.429797430824,-1.86911361575029,-1,-0.315136335325995,-0.185557774316542,0,0.129784293109832,0.0764192569092161,-0
27.83,7,1.42665255668539,-1.87096537253061,-1,-0.313838492394897,-0.18479358174745,0,0.129784293109832,0.0764192569092161,-0
27.84,7,1.4235206609761,-1.87280948738524,-1,-0.312540649463799,-0.184029389178357,0,0.129784293109832,0.0764192569092161,-0
27.85,7,1.42040174369612,-1.87464596031418,-1,-0.3112428065327,-0.183265196609265,0,0.129784293109832,0.0764192569092161,-0
27.86,7,1.41729580484545,-1.87647479131742,-1,-0.309944963601602,-0.182501004040173,0,0.129784293109832,0.0764192569092161,-0
27.87,7,1.41420284442409,-1.87829598039498,-1,-0.308647120670504,-0.181736811471081,0,0.129784293109832,0.0764192569092161,-0
27.88,7,1.41112286243204,-1.88010952754685,-1,-0.307349277739405,-0.180972618901989,0,0.129784293109832,0.0764192569092161,-0
27.89,7,1.4080558588693,-1.88191543277302,-1,-0.306051434808307,-0.180208426332897,0,0.129784293109832,0.0764192569092161,-0
27.9,7,1.40500183373587,-1.8837136960735,-1,-0.304753591877209,-0.179444233763804,0,0.129784293109832,0.0764192569092161,-0
27.91,7,1.40196078703175,-1.8855043174483,-1,-0.30345574894611,-0.178680041194712,0,0.129784293109832,0.0764192569092161,-0
27.92,7,1.39893271875695,-1.8872872968974,-1,-0.302157906015012,-0.17791584862562,0,0.129784293109832,0.0764192569092161,-0
27.93,7,1.39591762891145,-1.88906263442081,-1,-0.300860063083914,-0.177151656056528,0,0.129784293109832,0.0764192569092161,-0
27.94,7,1.39291551749527,-1.89083033001853,-1,-0.299562220152816,-0.176387463487436,0,0.129784293109832,0.0764192569092161,-0
27.95,7,1.3899263845084,-1.89259038369056,-1,-0.298264377221717,-0.175623270918344,0,0.129784293109832,0.0764192569092161,-0
27.96,7,1.38695022995084,-1.8943427954369,-1,-0.296966534290619,-0.174859078349251,0,0.129784293109832,0.0764192569092161,-0
27.97,7,1.38398705382259,-1.89608756525754,-1,-0.295668691359521,-0.174094885780159,0,0.129784293109832,0.0764192569092161,-0
27.98,7,1.38103685612365,-1.8978246931525,-1,-0.294370848428422,-0.173330693211067,0,0.129784293109832,0.0764192569092161,-0
27.99,7,1.37809963685402,-1.89955417912176,-1,-0.293073005497324,-0.172566500641975,0,0.129784293109832,0.0764192569092161,-0
28,7,1.3751753960137,-1.90127602316534,-1,-0.291775162566226,-0.171802308072883,0,0.129784293109832,0.0764192569092161,-0
28.01,7,1.37226413360269,-1.90299022528322,-1,-0.290477319635127,-0.171038115503791,0,0.129784293109832,0.0764192569092161,-0
28.02,7,1.369365849621,-1.90469678547541,-1,-0.289179476704029,-0.170273922934698,0,0.129784293109832,0.0764192569092161,-0
28.03,7,1.36648054406861,-1.90639570374192,-1,-0.287881633772931,-0.169509730365606,0,0.129784293109832,0.0764192569092161,-0
28.04,7,1.36360821694554,-1.90808698008273,-1,-0.286583790841832,-0.168745537796514,0,0.129784293109832,0.0764192569092161,-0
28.05,7,1.36074886825177,-1.90977061449785,-1,-0.285285947910734,-0.167981345227422,0,0.129784293109832,0.0764192569092161,-0
28.06,7,1.35790249798732,-1.91144660698728,-1,-0.283988104979636,-0.16721715265833,0,0.129784293109832,0.0764192569092161,-0
28.07,7,1.35506910615218,-1.91311495755101,-1,-0.282690262048537,-0.166452960089238,0,0.129784293109832,0.0764192569092161,-0
28.08,7,1.35224869274635,-1.91477566618906,-1,-0.281392419117439,-0.165688767520145,0,0.129784293109832,0.0764192569092161,-0
28.09,7,1.34944125776983,-1.91642873290142,-1,-0.280094576186341,-0.164924574951053,0,0.129784293109832,0.0764192569092161,-0
28.1,7,1.34664680122263,-1.91807415768808,-1,-0.278796733255242,-0.164160382381961,0,0.129784293109832,0.0764192569092161,-0
28.11,7,1.34386532310473,-1.91971194054906,-1,-0.277498890324144,-0.163396189812869,0,0.129784293109832,0.0764192569092161,-0
28.12,7,1.34109682341614,-1.92134208148434,-1,-0.276201047393046,-0.162631997243777,0,0.129784293109832,0.0764192569092161,-0
28.13,7,1.33834130215687,-1.92296458049393,-1,-0.274903204461947,-0.161867804674685,0,0.129784293109832,0.0764192569092161,-0
28.14,7,1.3355987593269,-1.92457943757783,-1,-0.273605361530849,-0.161103612105593,0,0.129784293109832,0.0764192569092161,-0
28.15,7,1.33286919492625,-1.92618665273604,-1,-0.272307518599751,-0.1603394195365,0,0.129784293109832,0.0764192569092161,-0
28.16,7,1.33015260895491,-1.92778622596856,-1,-0.271009675668652,-0.159575226967408,0,0.129784293109832,0.0764192569092161,-0
28.17,7,1.32744900141288,-1.92937815727539,-1,-0.269711832737554,-0.158811034398316,0,0.129784293109832,0.0764192569092161,-0
28.18,7,1.32475837230016,-1.93096244665653,-1,-0.268413989806456,-0.158046841829224,0,0.129784293109832,0.0764192569092161,-0
28.19,7,1.32208072161675,-1.93253909411198,-1,-0.267116146875357,-0.157282649260132,0,0.129784293109832,0.0764192569092161,-0
28.2,7,1.31941604936265,-1.93410809964173,-1,-0.265818303944259,-0.15651845669104,0,0.129784293109832,0.0764192569092161,-0
28.21,7,1.31676435553786,-1.9356694632458,-1,-0.264520461013161,-0.155754264121947,0,0.129784293109832,0.0764192569092161,-0
28.22,7,1.31412564014239,-1.93722318492417,-1,-0.263222618082062,-0.154990071552855,0,0.129784293109832,0.0764192569092161,-0
28.23,7,1.31149990317622,-1.93876926467685,-1,-0.261924775150964,-0.154225878983763,0,0.129784293109832,0.0764192569092161,-0
28.24,7,1.30888714463937,-1.94030770250385,-1,-0.260626932219866,-0.153461686414671,0,0.129784293109832,0.0764192569092161,-0
28.25,7,1.30628736453182,-1.94183849840515,-1,-0.259329089288768,-0.152697493845579,0,0.129784293109832,0.0764192569092161,-0
28.26,7,1.30370056285359,-1.94336165238076,-1,-0.258031246357669,-0.151933301276487,0,0.129784293109832,0.0764192569092161,-0
28.27,7,1.30112673960467,-1.94487716443068,-1,-0.256733403426571,-0.151169108707394,0,0.129784293109832,0.0764192569092161,-0
28.28,7,1.29856589478506,-1.9463850345549,-1,-0.255435560495473,-0.150404916138302,0,0.129784293109832,0.0764192569092161,-0
28.29,7,1.29601802839476,-1.94788526275344,-1,-0.254137717564374,-0.14964072356921,0,0.129784293109832,0.0764192569092161,-0
28.3,7,1.29348314043377,-1.94937784902629,-1,-0.252839874633276,-0.148876531000118,0,0.129784293109832,0.0764192569092161,-0
28.31,7,1.2909612309021,-1.95086279337344,-1,-0.251542031702178,-0.148112338431026,0,0.129784293109832,0.0764192569092161,-0
28.32,7,1.28845229979973,-1.95234009579491,-1,-0.250244188771079,-0.147348145861934,0,0.129784293109832,0.0764192569092161,-0
28.33,7,1.28595634712668,-1.95380975629068,-1,-0.248946345839981,-0.146583953292841,0,0.129784293109832,0.0764192569092161,-0
28.34,7,1.28347337288293,-1.95527177486077,-1,-0.247648502908883,-0.145819760723749,0,0.129784293109832,0.0764192569092161,-0
28.35,7,1.2810033770685,-1.95672615150516,-1,-0.246350659977784,-0.145055568154657,0,0.129784293109832,0.0764192569092161,-0
28.36,7,1.27854635968338,-1.95817288622386,-1,-0.245052817046686,-0.144291375585565,0,0.129784293109832,0.0764192569092161,-0
28.37,7,1.27610232072756,-1.95961197901687,-1,-0.243754974115588,-0.143527183016473,0,0.129784293109832,0.0764192569092161,-0
28.38,7,1.27367126020106,-1.96104342988419,-1,-0.242457131184489,-0.142762990447381,0,0.129784293109832,0.0764192569092161,-0
28.39,7,1.27125317810387,-1.96246723882582,-1,-0.241159288253391,-0.141998797878289,0,0.129784293109832,0.0764192569092161,-0
28.4,7,1.268848074436,-1.96388340584175,-1,-0.239861445322293,-0.141234605309196,0,0.129784293109832,0.0764192569092161,-0
28.41,7,1.26645594919743,-1.965291930932,-1,-0.238563602391194,-0.140470412740104,0,0.129784293109832,0.0764192569092161,-0
28.42,7,1.26407680238817,-1.96669281409656,-1,-0.237265759460096,-0.139706220171012,0,0.129784293109832,0.0764192569092161,-0
28.43,7,1.26171063400823,-1.96808605533542,-1,-0.235967916528998,-0.13894202760192,0,0.129784293109832,0.0764192569092161,-0
28.44,7,1.25935744405759,-1.9694716546486,-1,-0.234670073597899,-0.138177835032828,0,0.129784293109832,0.0764192569092161,-0
28.45,7,1.25701723253627,-1.97084961203608,-1,-0.233372230666801,-0.137413642463736,0,0.129784293109832,0.0764192569092161,-0
28.46,7,1.25468999944426,-1.97221992749787,-1,-0.232074387735703,-0.136649449894643,0,0.129784293109832,0.0764192569092161,-0
28.47,7,1.25237574478155,-1.97358260103397,-1,-0.230776544804604,-0.135885257325551,0,0.129784293109832,0.0764192569092161,-0
28.48,7,1.25007446854816,-1.97493763264438,-1,-0.229478701873506,-0.135121064756459,0,0.129784293109832,0.0764192569092161,-0
28.49,7,1.24778617074408,-1.9762850223291,-1,-0.228180858942408,-0.134356872187367,0,0.129784293109832,0.0764192569092161,-0
28.5,7,1.24551085136932,-1.97762477008813,-1,-0.22688301601131,-0.133592679618275,0,0.129784293109832,0.0764192569092161,-0
28.51,7,1.24324851042386,-1.97895687592147,-1,-0.225585173080211,-0.132828487049183,0,0.129784293109832,0.0764192569092161,-0
28.52,7,1.24099914790771,-1.98028133982911,-1,-0.224287330149113,-0.13206429448009,0,0.129784293109832,0.0764192569092161,-0
28.53,7,1.23876276382088,-1.98159816181107,-1,-0.222989487218015,-0.131300101910998,0,0.129784293109832,0.0764192569092161,-0
28.54,7,1.23653935816335,-1.98290734186733,-1,-0.221691644286916,-0.130535909341906,0,0.129784293109832,0.0764192569092161,-0
28.55,7,1.23432893093514,-1.98420887999791,-1,-0.220393801355818,-0.129771716772814,0,0.129784293109832,0.0764192569092161,-0
28.56,7,1.23213148213623,-1.98550277620279,-1,-0.21909595842472,-0.129007524203722,0,0.129784293109832,0.0764192569092161,-0
28.57,7,1.22994701176664,-1.98678903048198,-1,-0.217798115493621,-0.12824333163463,0,0.129784293109832,0.0764192569092161,-0
28.58,7,1.22777551982636,-1.98806764283548,-1,-0.216500272562523,-0.127479139065537,0,0.129784293109832,0.0764192569092161,-0
28.59,7,1.22561700631539,-1.98933861326329,-1,-0.215202429631425,-0.126714946496445,0,0.129784293109832,0.0764192569092161,-0
28.6,7,1.22347147123373,-1.99060194176541,-1,-0.213904586700326,-0.125950753927353,0,0.129784293109832,0.0764192569092161,-0
28.61,7,1.22133891458139,-1.99185762834184,-1,-0.212606743769228,-0.125186561358261,0,0.129784293109832,0.0764192569092161,-0
28.62,7,1.21921933635835,-1.99310567299257,-1,-0.21130890083813,-0.124422368789169,0,0.129784293109832,0.0764192569092161,-0
28.63,7,1.21711273656462,-1.99434607571762,-1,-0.210011057907031,-0.123658176220077,0,0.129784293109832,0.0764192569092161,-0
28.64,7,1.21501911520021,-1.99557883651698,-1,-0.208713214975933,-0.122893983650984,0,0.129784293109832,0.0764192569092161,-0
28.65,7,1.2129384722651,-1.99680395539064,-1,-0.207415372044835,-0.122129791081892,0,0.129784293109832,0.0764192569092161,-0
28.66,7,1.21087080775931,-1.99802143233861,-1,-0.206117529113736,-0.1213655985128,0,0.129784293109832,0.0764192569092161,-0
28.67,7,1.20881612168283,-1.9992312673609,-1,-0.204819686182638,-0.120601405943708,0,0.129784293109832,0.0764192569092161,-0
28.68,7,1.20677441403566,-2.00043346045749,-1,-0.20352184325154,-0.119837213374616,0,0.129784293109832,0.0764192569092161,-0
28.69,7,1.2047456848178,-2.00162801162839,-1,-0.202224000320441,-0.119073020805524,0,0.129784293109832,0.0764192569092161,-0
28.7,7,1.20272993402925,-2.0028149208736,-1,-0.200926157389343,-0.118308828236432,0,0.129784293109832,0.0764192569092161,-0
28.71,7,1.20072716167001,-2.00399418819312,-1,-0.199628314458245,-0.117544635667339,0,0.129784293109832,0.0764192569092161,-0
28.72,7,1.19873736774009,-2.00516581358695,-1,-0.198330471527146,-0.116780443098247,0,0.129784293109832,0.0764192569092161,-0
28.73,7,1.19676055223947,-2.00632979705508,-1,-0.197032628596048,-0.116016250529155,0,0.129784293109832,0.0764192569092161,-0
28.74,7,1.19479671516816,-2.00748613859753,-1,-0.19573478566495,-0.115252057960063,0,0.129784293109832,0.0764192569092161,-0
28.75,7,1.19284585652617,-2.00863483821428,-1,-0.194436942733852,-0.114487865390971,0,0.129784293109832,0.0764192569092161,-0
28.76,7,1.19090797631349,-2.00977589590535,-1,-0.193139099802753,-0.113723672821879,0,0.129784293109832,0.0764192569092161,-0
28.77,7,1.18898307453012,-2.01090931167072,-1,-0.191841256871655,-0.112959480252786,0,0.129784293109832,0.0764192569092161,-0
28.78,7,1.18707115117605,-2.0120350855104,-1,-0.190543413940557,-0.112195287683694,0,0.129784293109832,0.0764192569092161,-0
28.79,7,1.1851722062513,-2.0131532174244,-1,-0.189245571009458,-0.111431095114602,0,0.129784293109832,0.0764192569092161,-0
28.8,7,1.18328623975586,-2.0142637074127,-1,-0.18794772807836,-0.11066690254551,0,0.129784293109832,0.0764192569092161,-0
28.81,7,1.18141325168974,-2.01536655547531,-1,-0.186649885147262,-0.109902709976418,0,0.129784293109832,0.0764192569092161,-0
28.82,7,1.17955324205292,-2.01646176161222,-1,-0.185352042216163,-0.109138517407326,0,0.129784293109832,0.0764192569092161,-0
28.83,7,1.17770621084541,-2.01754932582345,-1,-0.184054199285065,-0.108374324838233,0,0.129784293109832,0.0764192569092161,-0
28.84,7,1.17587215806722,-2.01862924810899,-1,-0.182756356353967,-0.107610132269141,0,0.129784293109832,0.0764192569092161,-0
28.85,7,1.17405108371833,-2.01970152846883,-1,-0.181458513422868,-0.106845939700049,0,0.129784293109832,0.0764192569092161,-0
28.86,7,1.17224298779876,-2.02076616690299,-1,-0.18016067049177,-0.106081747130957,0,0.129784293109832,0.0764192569092161,-0
28.87,7,1.1704478703085,-2.02182316341145,-1,-0.178862827560672,-0.105317554561865,0,0.129784293109832,0.0764192569092161,-0
28.88,7,1.16866573124755,-2.02287251799423,-1,-0.177564984629573,-0.104553361992773,0,0.129784293109832,0.0764192569092161,-0
28.89,7,1.16689657061591,-2.02391423065131,-1,-0.176267141698475,-0.10378916942368,0,0.129784293109832,0.0764192569092161,-0
28.9,7,1.16514038841358,-2.0249483013827,-1,-0.174969298767377,-0.103024976854588,0,0.129784293109832,0.0764192569092161,-0
28.91,7,1.16339718464056,-2.0259747301884,-1,-0.173671455836278,-0.102260784285496,0,0.129784293109832,0.0764192569092161,-0
28.92,7,1.16166695929685,-2.02699351706841,-1,-0.17237361290518,-0.101496591716404,0,0.129784293109832,0.0764192569092161,-0
28.93,7,1.15994971238246,-2.02800466202273,-1,-0.171075769974082,-0.100732399147312,0,0.129784293109832,0.0764192569092161,-0
28.94,7,1.15824544389737,-2.02900816505136,-1,-0.169777927042983,-0.0999682065782196,0,0.129784293109832,0.0764192569092161,-0
28.95,7,1.1565541538416,-2.03000402615429,-1,-0.168480084111885,-0.0992040140091275,0,0.129784293109832,0.0764192569092161,-0
28.96,7,1.15487584221513,-2.03099224533154,-1,-0.167182241180787,-0.0984398214400353,0,0.129784293109832,0.0764192569092161,-0
28.97,7,1.15321050901798,-2.03197282258309,-1,-0.165884398249689,-0.0976756288709432,0,0.129784293109832,0.0764192569092161,-0
28.98,7,1.15155815425014,-2.03294575790896,-1,-0.16458655531859,-0.096911436301851,0,0.129784293109832,0.0764192569092161,-0
28.99,7,1.14991877791161,-2.03391105130913,-1,-0.163288712387492,-0.0961472437327588,0,0.129784293109832,0.0764192569092161,-0
29,7,1.14829238000239,-2.03486870278361,-1,-0.161990869456394,-0.0953830511636667,0,0.129784293109832,0.0764192569092161,-0
29.01,7,1.14667896052248,-2.0358187123324,-1,-0.160693026525295,-0.0946188585945745,0,0.129784293109832,0.0764192569092161,-0
29.02,7,1.14507851947188,-2.03676107995551,-1,-0.159395183594197,-0.0938546660254823,0,0.129784293109832,0.0764192569092161,-0
29.03,7,1.1434910568506,-2.03769580565291,-1,-0.158097340663099,-0.0930904734563902,0,0.129784293109832,0.0764192569092161,-0
29.04,7,1.14191657265862,-2.03862288942463,-1,-0.156799497732,-0.092326280887298,0,0.129784293109832,0.0764192569092161,-0
29.05,7,1.14035506689596,-2.03954233127066,-1,-0.155501654800902,-0.0915620883182059,0,0.129784293109832,0.0764192569092161,-0
29.06,7,1.1388065395626,-2.040454131191,-1,-0.154203811869804,-0.0907978957491137,0,0.129784293109832,0.0764192569092161,-0
29.07,7,1.13727099065856,-2.04135828918564,-1,-0.152905968938705,-0.0900337031800215,0,0.129784293109832,0.0764192569092161,-0
29.08,7,1.13574842018383,-2.0422548052546,-1,-0.151608126007607,-0.0892695106109294,0,0.129784293109832,0.0764192569092161,-0
29.09,7,1.13423882813841,-2.04314367939786,-1,-0.150310283076509,-0.0885053180418373,0,0.129784293109832,0.0764192569092161,-0
29.1,7,1.1327422145223,-2.04402491161543,-1,-0.14901244014541,-0.087741125472745,0,0.129784293109832,0.0764192569092161,-0
29.11,7,1.1312585793355,-2.04489850190732,-1,-0.147714597214312,-0.0869769329036529,0,0.129784293109832,0.0764192569092161,-0
29.12,7,1.12978792257801,-2.04576445027351,-1,-0.146416754283214,-0.0862127403345608,0,0.129784293109832,0.0764192569092161,-0
29.13,7,1.12833024424984,-2.04662275671401,-1,-0.145118911352115,-0.0854485477654686,0,0.129784293109832,0.0764192569092161,-0
29.14,7,1.12688554435097,-2.04747342122882,-1,-0.143821068421017,-0.0846843551963765,0,0.129784293109832,0.0764192569092161,-0
29.15,7,1.12545382288142,-2.04831644381793,-1,-0.142523225489919,-0.0839201626272842,0,0.129784293109832,0.0764192569092161,-0
29.16,7,1.12403507984117,-2.04915182448136,-1,-0.14122538255882,-0.0831559700581921,0,0.129784293109832,0.0764192569092161,-0
29.17,7,1.12262931523024,-2.0499795632191,-1,-0.139927539627722,-0.0823917774891,0,0.129784293109832,0.0764192569092161,-0
29.18,7,1.12123652904862,-2.05079966003114,-1,-0.138629696696624,-0.0816275849200077,0,0.129784293109832,0.0764192569092161,-0
29.19,7,1.11985672129631,-2.0516121149175,-1,-0.137331853765525,-0.0808633923509156,0,0.129784293109832,0.0764192569092161,-0
29.2,7,1.11848989197331,-2.05241692787816,-1,-0.136034010834427,-0.0800991997818234,0,0.129784293109832,0.0764192569092161,-0
29.21,7,1.11713604107962,-2.05321409891314,-1,-0.134736167903329,-0.0793350072127313,0,0.129784293109832,0.0764192569092161,-0
29.22,7,1.11579516861524,-2.05400362802242,-1,-0.13343832497223,-0.0785708146436392,0,0.129784293109832,0.0764192569092161,-0
29.23,7,1.11446727458017,-2.05478551520601,-1,-0.132140482041132,-0.077806622074547,0,0.129784293109832,0.0764192569092161,-0
29.24,7,1.11315235897442,-2.05555976046391,-1,-0.130842639110034,-0.0770424295054548,0,0.129784293109832,0.0764192569092161,-0
29.25,7,1.11185042179797,-2.05632636379612,-1,-0.129544796178935,-0.0762782369363627,0,0.129784293109832,0.0764192569092161,-0
29.26,7,1.11056146305084,-2.05708532520264,-1,-0.128246953247837,-0.0755140443672705,0,0.129784293109832,0.0764192569092161,-0
29.27,7,1.10928548273302,-2.05783664468346,-1,-0.126949110316739,-0.0747498517981783,0,0.129784293109832,0.0764192569092161,-0
29.28,7,1.1080224808445,-2.0585803222386,-1,-0.125651267385641,-0.0739856592290862,0,0.129784293109832,0.0764192569092161,-0
29.29,7,1.1067724573853,-2.05931635786804,-1,-0.124353424454542,-0.073221466659994,0,0.129784293109832,0.0764192569092161,-0
29.3,7,1.10553541235541,-2.0600447515718,-1,-0.123055581523444,-0.0724572740909019,0,0.129784293109832,0.0764192569092161,-0
29.31,7,1.10431134575484,-2.06076550334986,-1,-0.121757738592346,-0.0716930815218097,0,0.129784293109832,0.0764192569092161,-0
29.32,7,1.10310025758357,-2.06147861320223,-1,-0.120459895661247,-0.0709288889527175,0,0.129784293109832,0.0764192569092161,-0
29.33,7,1.10190214784161,-2.06218408112892,-1,-0.119162052730149,-0.0701646963836254,0,0.129784293109832,0.0764192569092161,-0
29.34,7,1.10071701652896,-2.06288190712991,-1,-0.117864209799051,-0.0694005038145332,0,0.129784293109832,0.0764192569092161,-0
29.35,7,1.09954486364563,-2.06357209120521,-1,-0.116566366867952,-0.068636311245441,0,0.129784293109832,0.0764192569092161,-0
29.36,7,1.09838568919161,-2.06425463335482,-1,-0.115268523936854,-0.0678721186763489,0,0.129784293109832,0.0764192569092161,-0
29.37,7,1.09723949316689,-2.06492953357873,-1,-0.113970681005756,-0.0671079261072567,0,0.129784293109832,0.0764192569092161,-0
29.38,7,1.09610627557149,-2.06559679187696,-1,-0.112672838074657,-0.0663437335381646,0,0.129784293109832,0.0764192569092161,-0
29.39,7,1.0949860364054,-2.0662564082495,-1,-0.111374995143559,-0.0655795409690724,0,0.129784293109832,0.0764192569092161,-0
29.4,7,1.09387877566862,-2.06690838269634,-1,-0.110077152212461,-0.0648153483999802,0,0.129784293109832,0.0764192569092161,-0
29.41,7,1.09278449336115,-2.0675527152175,-1,-0.108779309281362,-0.0640511558308881,0,0.129784293109832,0.0764192569092161,-0
29.42,7,1.09170318948299,-2.06818940581296,-1,-0.107481466350264,-0.0632869632617959,0,0.129784293109832,0.0764192569092161,-0
29.43,7,1.09063486403414,-2.06881845448273,-1,-0.106183623419166,-0.0625227706927037,0,0.129784293109832,0.0764192569092161,-0
29.44,7,1.08957951701461,-2.06943986122681,-1,-0.104885780488067,-0.0617585781236116,0,0.129784293109832,0.0764192569092161,-0
29.45,7,1.08853714842438,-2.07005362604521,-1,-0.103587937556969,-0.0609943855545194,0,0.129784293109832,0.0764192569092161,-0
29.46,7,1.08750775826347,-2.07065974893791,-1,-0.102290094625871,-0.0602301929854273,0,0.129784293109832,0.0764192569092161,-0
29.47,7,1.08649134653187,-2.07125822990491,-1,-0.100992251694772,-0.0594660004163351,0,0.129784293109832,0.0764192569092161,-0
29.48,7,1.08548791322957,-2.07184906894623,-1,-0.0996944087636741,-0.0587018078472429,0,0.129784293109832,0.0764192569092161,-0
29.49,7,1.08449745835659,-2.07243226606186,-1,-0.0983965658325758,-0.0579376152781508,0,0.129784293109832,0.0764192569092161,-0
29.5,7,1.08351998191292,-2.07300782125179,-1,-0.0970987229014775,-0.0571734227090586,0,0.129784293109832,0.0764192569092161,-0
29.51,7,1.08255548389856,-2.07357573451604,-1,-0.0958008799703791,-0.0564092301399664,0,0.129784293109832,0.0764192569092161,-0
29.52,7,1.08160396431351,-2.07413600585459,-1,-0.0945030370392808,-0.0556450375708743,0,0.129784293109832,0.0764192569092161,-0
29.53,7,1.08066542315778,-2.07468863526746,-1,-0.0932051941081825,-0.0548808450017821,0,0.129784293109832,0.0764192569092161,-0
29.54,7,1.07973986043135,-2.07523362275463,-1,-0.0919073511770842,-0.05411665243269,0,0.129784293109832,0.0764192569092161,-0
29.55,7,1.07882727613424,-2.07577096831611,-1,-0.0906095082459859,-0.0533524598635978,0,0.129784293109832,0.0764192569092161,-0
29.56,7,1.07792767026643,-2.0763006719519,-1,-0.0893116653148875,-0.0525882672945056,0,0.129784293109832,0.0764192569092161,-0
29.57,7,1.07704104282794,-2.076822733662,-1,-0.0880138223837892,-0.0518240747254135,0,0.129784293109832,0.0764192569092161,-0
29.58,7,1.07616739381876,-2.07733715344641,-1,-0.0867159794526909,-0.0510598821563213,0,0.129784293109832,0.0764192569092161,-0
29.59,7,1.07530672323888,-2.07784393130513,-1,-0.0854181365215926,-0.0502956895872292,0,0.129784293109832,0.0764192569092161,-0
29.6,7,1.07445903108832,-2.07834306723815,-1,-0.0841202935904942,-0.049531497018137,0,0.129784293109832,0.0764192569092161,-0
29.61,7,1.07362431736707,-2.07883456124549,-1,-0.0828224506593959,-0.0487673044490448,0,0.129784293109832,0.0764192569092161,-0
29.62,7,1.07280258207514,-2.07931841332714,-1,-0.0815246077282976,-0.0480031118799527,0,0.129784293109832,0.0764192569092161,-0
29.63,7,1.07199382521251,-2.07979462348309,-1,-0.0802267647971993,-0.0472389193108605,0,0.129784293109832,0.0764192569092161,-0
29.64,7,1.07119804677919,-2.08026319171335,-1,-0.0789289218661009,-0.0464747267417683,0,0.129784293109832,0.0764192569092161,-0
29.65,7,1.07041524677519,-2.08072411801792,-1,-0.0776310789350026,-0.0457105341726762,0,0.129784293109832,0.0764192569092161,-0
29.66,7,1.06964542520049,-2.08117740239681,-1,-0.0763332360039043,-0.044946341603584,0,0.129784293109832,0.0764192569092161,-0
29.67,7,1.06888858205511,-2.08162304485,-1,-0.075035393072806,-0.0441821490344919,0,0.129784293109832,0.0764192569092161,-0
29.68,7,1.06814471733904,-2.0820610453775,-1,-0.0737375501417076,-0.0434179564653997,0,0.129784293109832,0.0764192569092161,-0
29.69,7,1.06741383105227,-2.0824914039793,-1,-0.0724397072106094,-0.0426537638963075,0,0.129784293109832,0.0764192569092161,-0
29.7,7,1.06669592319482,-2.08291412065542,-1,-0.0711418642795111,-0.0418895713272154,0,0.129784293109832,0.0764192569092161,-0
29.71,7,1.06599099376668,-2.08332919540585,-1,-0.0698440213484128,-0.0411253787581233,0,0.129784293109832,0.0764192569092161,-0
29.72,7,1.06529904276785,-2.08373662823058,-1,-0.0685461784173145,-0.0403611861890311,0,0.129784293109832,0.0764192569092161,-0
29.73,7,1.06462007019834,-2.08413641912963,-1,-0.0672483354862161,-0.0395969936199389,0,0.129784293109832,0.0764192569092161,-0
29.74,7,1.06395407605813,-2.08452856810298,-1,-0.0659504925551178,-0.0388328010508468,0,0.129784293109832,0.0764192569092161,-0
29.75,7,1.06330106034723,-2.08491307515065,-1,-0.0646526496240195,-0.0380686084817546,0,0.129784293109832,0.0764192569092161,-0
29.76,7,1.06266102306565,-2.08528994027262,-1,-0.0633548066929211,-0.0373044159126624,0,0.129784293109832,0.0764192569092161,-0
29.77,7,1.06203396421338,-2.0856591634689,-1,-0.0620569637618228,-0.0365402233435703,0,0.129784293109832,0.0764192569092161,-0
29.78,7,1.06141988379041,-2.08602074473949,-1,-0.0607591208307245,-0.0357760307744781,0,0.129784293109832,0.0764192569092161,-0
29.79,7,1.06081878179676,-2.08637468408439,-1,-0.0594612778996262,-0.035011838205386,0,0.129784293109832,0.0764192569092161,-0
29.8,7,1.06023065823242,-2.0867209815036,-1,-0.0581634349685279,-0.0342476456362938,0,0.129784293109832,0.0764192569092161,-0
29.81,7,1.05965551309739,-2.08705963699712,-1,-0.0568655920374295,-0.0334834530672016,0,0.129784293109832,0.0764192569092161,-0
29.82,7,1.05909334639167,-2.08739065056494,-1,-0.0555677491063312,-0.0327192604981095,0,0.129784293109832,0.0764192569092161,-0
29.83,7,1.05854415811526,-2.08771402220708,-1,-0.0542699061752329,-0.0319550679290173,0,0.129784293109832,0.0764192569092161,-0
29.84,7,1.05800794826817,-2.08802975192352,-1,-0.0529720632441346,-0.0311908753599252,0,0.129784293109832,0.0764192569092161,-0
29.85,7,1.05748471685038,-2.08833783971428,-1,-0.0516742203130362,-0.030426682790833,0,0.129784293109832,0.0764192569092161,-0
29.86,7,1.05697446386191,-2.08863828557934,-1,-0.0503763773819379,-0.0296624902217408,0,0.129784293109832,0.0764192569092161,-0
29.87,7,1.05647718930274,-2.08893108951871,-1,-0.0490785344508396,-0.0288982976526487,0,0.129784293109832,0.0764192569092161,-0
29.88,7,1.05599289317289,-2.08921625153239,-1,-0.0477806915197413,-0.0281341050835565,0,0.129784293109832,0.0764192569092161,-0
29.89,7,1.05552157547235,-2.08949377162038,-1,-0.0464828485886429,-0.0273699125144643,0,0.129784293109832,0.0764192569092161,-0
29.9,7,1.05506323620112,-2.08976364978268,-1,-0.0451850056575446,-0.0266057199453722,0,0.129784293109832,0.0764192569092161,-0
29.91,7,1.0546178753592,-2.09002588601929,-1,-0.0438871627264463,-0.02584152737628,0,0.129784293109832,0.0764192569092161,-0
29.92,7,1.05418549294659,-2.09028048033021,-1,-0.042589319795348,-0.0250773348071879,0,0.129784293109832,0.0764192569092161,-0
29.93,7,1.05376608896329,-2.09052743271543,-1,-0.0412914768642496,-0.0243131422380957,0,0.129784293109832,0.0764192569092161,-0
29.94,7,1.0533596634093,-2.09076674317497,-1,-0.0399936339331513,-0.0235489496690035,0,0.129784293109832,0.0764192569092161,-0
29.95,7,1.05296621628463,-2.09099841170881,-1,-0.038695791002053,-0.0227847570999114,0,0.129784293109832,0.0764192569092161,-0
29.96,7,1.05258574758926,-2.09122243831697,-1,-0.0373979480709547,-0.0220205645308192,0,0.129784293109832,0.0764192569092161,-0
29.97,7,1.05221825732321,-2.09143882299943,-1,-0.0361001051398565,-0.0212563719617271,0,0.129784293109832,0.0764192569092161,-0
29.98,7,1.05186374548647,-2.0916475657562,-1,-0.034802262208758,-0.0204921793926349,0,0.129784293109832,0.0764192569092161,-0
29.99,7,1.05152221207903,-2.09184866658728,-1,-0.0335044192776598,-0.0197279868235427,0,0.129784293109832,0.0764192569092161,-0
30,7,1.05119365710091,-2.09204212549267,-1,-0.0322065763465615,-0.0189637942544506,0,0.129784293109832,0.0764192569092161,-0
30.01,7,1.0508780805521,-2.09222794247237,-1,-0.0309087334154632,-0.0181996016853584,0,0.129784293109832,0.0764192569092161,-0
30.02,7,1.0505754824326,-2.09240611752638,-1,-0.0296108904843648,-0.0174354091162662,0,0.129784293109832,0.0764192569092161,-0
30.03,7,1.05028586274241,-2.0925766506547,-1,-0.0283130475532665,-0.0166712165471741,0,0.129784293109832,0.0764192569092161,-0
30.04,7,1.05000922148154,-2.09273954185732,-1,-0.0270152046221682,-0.0159070239780819,0,0.129784293109832,0.0764192569092161,-0
30.05,7,1.04974555864997,-2.09289479113426,-1,-0.0257173616910699,-0.0151428314089898,0,0.129784293109832,0.0764192569092161,-0
30.06,7,1.04949487424772,-2.0930423984855,-1,-0.0244195187599715,-0.0143786388398976,0,0.129784293109832,0.0764192569092161,-0
30.07,7,1.04925716827477,-2.09318236391106,-1,-0.0231216758288732,-0.0136144462708054,0,0.129784293109832,0.0764192569092161,-0
30.08,7,1.04903244073114,-2.09331468741092,-1,-0.0218238328977749,-0.0128502537017133,0,0.129784293109832,0.0764192569092161,-0
30.09,7,1.04882069161682,-2.09343936898509,-1,-0.0205259899666766,-0.0120860611326211,0,0.129784293109832,0.0764192569092161,-0
30.1,7,1.04862192093181,-2.09355640863357,-1,-0.0192281470355782,-0.0113218685635289,0,0.129784293109832,0.0764192569092161,-0
30.11,7,1.0484361286761,-2.09366580635636,-1,-0.0179303041044799,-0.0105576759944368,0,0.129784293109832,0.0764192569092161,-0
30.12,7,1.04826331484972,-2.09376756215346,-1,-0.0166324611733816,-0.00979348342534464,0,0.129784293109832,0.0764192569092161,-0
30.13,7,1.04810347945264,-2.09386167602487,-1,-0.0153346182422833,-0.00902929085625249,0,0.129784293109832,0.0764192569092161,-0
30.14,7,1.04795662248487,-2.09394814797058,-1,-0.0140367753111849,-0.00826509828716028,0,0.129784293109832,0.0764192569092161,-0
30.15,7,1.04782274394641,-2.09402697799061,-1,-0.0127389323800866,-0.00750090571806814,0,0.129784293109832,0.0764192569092161,-0
30.16,7,1.04770184383727,-2.09409816608495,-1,-0.0114410894489883,-0.00673671314897599,0,0.129784293109832,0.0764192569092161,-0
30.17,7,1.04759392215743,-2.09416171225359,-1,-0.01014324651789,-0.00597252057988385,0,0.129784293109832,0.0764192569092161,-0
30.18,7,1.04749897890691,-2.09421761649654,-1,-0.00884540358679162,-0.00520832801079163,0,0.129784293109832,0.0764192569092161,-0
30.19,7,1.0474170140857,-2.09426587881381,-1,-0.00754756065569332,-0.00444413544169949,0,0.129784293109832,0.0764192569092161,-0
30.2,7,1.0473480276938,-2.09430649920538,-1,-0.00624971772459503,-0.00367994287260735,0,0.129784293109832,0.0764192569092161,-0
30.21,7,1.04729201973121,-2.09433947767126,-1,-0.00495187479349674,-0.0029157503035152,0,0.129784293109832,0.0764192569092161,-0
30.22,7,1.04724899019793,-2.09436481421145,-1,-0.00365403186239833,-0.00215155773442299,0,0.129784293109832,0.0764192569092161,-0
30.23,7,1.04721893909396,-2.09438250882595,-1,-0.00235618893130003,-0.00138736516533084,0,0.129784293109832,0.0764192569092161,-0
30.24,7,1.0471975511966,-2.0943951023932,-1,0,0,0,0.129784293109832,0.0764192569092161,-0
30.24,8,1.0471975511966,-2.0943951023932,-1,0,0,-0,0,0,-8
30.25,8,1.0471975511966,-2.0943951023932,-1.0004,0,0,-0.08,0,0,-8
30.26,8,1.0471975511966,-2.0943951023932,-1.0016,0,0,-0.16,0,0,-8
30.27,8,1.0471975511966,-2.0943951023932,-1.0036,0,0,-0.24,0,0,-8
30.28,8,1.0471975511966,-2.0943951023932,-1.0064,0,0,-0.32,0,0,-8
30.29,8,1.0471975511966,-2.0943951023932,-1.01,0,0,-0.4,0,0,-8
30.3,8,1.0471975511966,-2.0943951023932,-1.0144,0,0,-0.48,0,0,-8
30.31,8,1.0471975511966,-2.0943951023932,-1.0196,0,0,-0.56,0,0,-8
30.32,8,1.0471975511966,-2.0943951023932,-1.0256,0,0,-0.64,0,0,-8
30.33,8,1.0471975511966,-2.0943951023932,-1.0324,0,0,-0.72,0,0,-8
30.34,8,1.0471975511966,-2.0943951023932,-1.04,0,0,-0.8,0,0,-8
30.35,8,1.0471975511966,-2.0943951023932,-1.0484,0,0,-0.88,0,0,-8
30.36,8,1.0471975511966,-2.0943951023932,-1.0576,0,0,-0.96,0,0,-8
30.37,8,1.0471975511966,-2.0943951023932,-1.0676,0,0,-1.04,0,0,-8
30.38,8,1.0471975511966,-2.0943951023932,-1.0784,0,0,-1.12,0,0,-8
30.39,8,1.0471975511966,-2.0943951023932,-1.09,0,0,-1.2,0,0,-8
30.4,8,1.0471975511966,-2.0943951023932,-1.1024,0,0,-1.28,0,0,-8
30.41,8,1.0471975511966,-2.0943951023932,-1.1156,0,0,-1.36,0,0,-8
30.42,8,1.0471975511966,-2.0943951023932,-1.1296,0,0,-1.44,0,0,-8
30.43,8,1.0471975511966,-2.0943951023932,-1.1444,0,0,-1.52,0,0,-8
30.44,8,1.0471975511966,-2.0943951023932,-1.16,0,0,-1.6,0,0,-8
30.45,8,1.0471975511966,-2.0943951023932,-1.1764,0,0,-1.68,0,0,-8
30.46,8,1.0471975511966,-2.0943951023932,-1.1936,0,0,-1.76,0,0,-8
30.47,8,1.0471975511966,-2.0943951023932,-1.2116,0,0,-1.84,0,0,-8
30.48,8,1.0471975511966,-2.0943951023932,-1.2304,0,0,-1.92,0,0,-8
30.49,8,1.0471975511966,-2.0943951023932,-1.25,0,0,-2,0,0,-8
30.5,8,1.0471975511966,-2.0943951023932,-1.2704,0,0,-2.08,0,0,-8
30.51,8,1.0471975511966,-2.0943951023932,-1.2916,0,0,-2.16,0,0,-8
30.52,8,1.0471975511966,-2.0943951023932,-1.3136,0,0,-2.24,0,0,-8
30.53,8,1.0471975511966,-2.0943951023932,-1.3364,0,0,-2.32,0,0,-8
30.54,8,1.0471975511966,-2.0943951023932,-1.36,0,0,-2.4,0,0,-8
30.55,8,1.0471975511966,-2.0943951023932,-1.3844,0,0,-2.48,0,0,-8
30.56,8,1.0471975511966,-2.0943951023932,-1.4096,0,0,-2.56,0,0,-8
30.57,8,1.0471975511966,-2.0943951023932,-1.4356,0,0,-2.64,0,0,-8
30.58,8,1.0471975511966,-2.0943951023932,-1.4624,0,0,-2.72,0,0,-8
30.59,8,1.0471975511966,-2.0943951023932,-1.49,0,0,-2.8,0,0,-8
30.6,8,1.0471975511966,-2.0943951023932,-1.5184,0,0,-2.88,0,0,-8
30.61,8,1.0471975511966,-2.0943951023932,-1.5476,0,0,-2.96,0,0,-8
30.62,8,1.0471975511966,-2.0943951023932,-1.5776,0,0,-3.04,0,0,-8
30.63,8,1.0471975511966,-2.0943951023932,-1.6084,0,0,-3.12,0,0,-8
30.64,8,1.0471975511966,-2.0943951023932,-1.64,0,0,-3.2,0,0,-8
30.65,8,1.0471975511966,-2.0943951023932,-1.6724,0,0,-3.28,0,0,-8
30.66,8,1.0471975511966,-2.0943951023932,-1.7056,0,0,-3.36,0,0,-8
30.67,8,1.0471975511966,-2.0943951023932,-1.7396,0,0,-3.44,0,0,-8
30.68,8,1.0471975511966,-2.0943951023932,-1.7744,0,0,-3.52,0,0,-8
30.69,8,1.0471975511966,-2.0943951023932,-1.81,0,0,-3.6,0,0,-8
30.7,8,1.0471975511966,-2.0943951023932,-1.8464,0,0,-3.68,0,0,-8
30.71,8,1.0471975511966,-2.0943951023932,-1.8836,0,0,-3.76,0,0,-8
30.72,8,1.0471975511966,-2.0943951023932,-1.9216,0,0,-3.84,0,0,-8
30.73,8,1.0471975511966,-2.0943951023932,-1.9604,0,0,-3.92,0,0,-8
30.74,8,1.0471975511966,-2.0943951023932,-2,0,0,-4,0,0,-8
30.75,8,1.0471975511966,-2.0943951023932,-2.0396,0,0,-3.92,0,0,8
30.76,8,1.0471975511966,-2.0943951023932,-2.0784,0,0,-3.84,0,0,8
30.77,8,1.0471975511966,-2.0943951023932,-2.1164,0,0,-3.76,0,0,8
30.78,8,1.0471975511966,-2.0943951023932,-2.1536,0,0,-3.68,0,0,8
30.79,8,1.0471975511966,-2.0943951023932,-2.19,0,0,-3.6,0,0,8
30.8,8,1.0471975511966,-2.0943951023932,-2.2256,0,0,-3.52,0,0,8
30.81,8,1.0471975511966,-2.0943951023932,-2.2604,0,0,-3.44,0,0,8
30.82,8,1.0471975511966,-2.0943951023932,-2.2944,0,0,-3.36,0,0,8
30.83,8,1.0471975511966,-2.0943951023932,-2.3276,0,0,-3.28,0,0,8
30.84,8,1.0471975511966,-2.0943951023932,-2.36,0,0,-3.2,0,0,8
30.85,8,1.0471975511966,-2.0943951023932,-2.3916,0,0,-3.12,0,0,8
30.86,8,1.0471975511966,-2.0943951023932,-2.4224,0,0,-3.04,0,0,8
30.87,8,1.0471975511966,-2.0943951023932,-2.4524,0,0,-2.96,0,0,8
30.88,8,1.0471975511966,-2.0943951023932,-2.4816,0,0,-2.88,0,0,8
30.89,8,1.0471975511966,-2.0943951023932,-2.51,0,0,-2.8,0,0,8
30.9,8,1.0471975511966,-2.0943951023932,-2.5376,0,0,-2.72,0,0,8
30.91,8,1.0471975511966,-2.0943951023932,-2.5644,0,0,-2.64,0,0,8
30.92,8,1.0471975511966,-2.0943951023932,-2.5904,0,0,-2.56,0,0,8
30.93,8,1.0471975511966,-2.0943951023932,-2.6156,0,0,-2.48,0,0,8
30.94,8,1.0471975511966,-2.0943951023932,-2.64,0,0,-2.4,0,0,8
30.95,8,1.0471975511966,-2.0943951023932,-2.6636,0,0,-2.32,0,0,8
30.96,8,1.0471975511966,-2.0943951023932,-2.6864,0,0,-2.24,0,0,8
30.97,8,1.0471975511966,-2.0943951023932,-2.7084,0,0,-2.16,0,0,8
30.98,8,1.0471975511966,-2.0943951023932,-2.7296,0,0,-2.08,0,0,8
30.99,8,1.0471975511966,-2.0943951023932,-2.75,0,0,-2,0,0,8
31,8,1.0471975511966,-2.0943951023932,-2.7696,0,0,-1.92,0,0,8
31.01,8,1.0471975511966,-2.0943951023932,-2.7884,0,0,-1.84,0,0,8
31.02,8,1.0471975511966,-2.0943951023932,-2.8064,0,0,-1.76,0,0,8
31.03,8,1.0471975511966,-2.0943951023932,-2.8236,0,0,-1.68,0,0,8
31.04,8,1.0471975511966,-2.0943951023932,-2.84,0,0,-1.6,0,0,8
31.05,8,1.0471975511966,-2.0943951023932,-2.8556,0,0,-1.52,0,0,8
31.06,8,1.0471975511966,-2.0943951023932,-2.8704,0,0,-1.44,0,0,8
31.07,8,1.0471975511966,-2.0943951023932,-2.8844,0,0,-1.36,0,0,8
31.08,8,1.0471975511966,-2.0943951023932,-2.8976,0,0,-1.28,0,0,8
31.09,8,1.0471975511966,-2.0943951023932,-2.91,0,0,-1.2,0,0,8
31.1,8,1.0471975511966,-2.0943951023932,-2.9216,0,0,-1.12,0,0,8
31.11,8,1.0471975511966,-2.0943951023932,-2.9324,0,0,-1.04,0,0,8
31.12,8,1.0471975511966,-2.0943951023932,-2.9424,0,0,-0.96,0,0,8
31.13,8,1.0471975511966,-2.0943951023932,-2.9516,0,0,-0.88,0,0,8
31.14,8,1.0471975511966,-2.0943951023932,-2.96,0,0,-0.8,0,0,8
31.15,8,1.0471975511966,-2.0943951023932,-2.9676,0,0,-0.72,0,0,8
31.16,8,1.0471975511966,-2.0943951023932,-2.9744,0,0,-0.64,0,0,8
31.17,8,1.0471975511966,-2.0943951023932,-2.9804,0,0,-0.56,0,0,8
31.18,8,1.0471975511966,-2.0943951023932,-2.9856,0,0,-0.48,0,0,8
31.19,8,1.0471975511966,-2.0943951023932,-2.99,0,0,-0.4,0,0,8
31.2,8,1.0471975511966,-2.0943951023932,-2.9936,0,0,-0.32,0,0,8
31.21,8,1.0471975511966,-2.0943951023932,-2.9964,0,0,-0.24,0,0,8
31.22,8,1.0471975511966,-2.0943951023932,-2.9984,0,0,-0.16,0,0,8
31.23,8,1.0471975511966,-2.0943951023932,-2.9996,0,0,-0.0800000000000001,0,0,8
31.24,8,1.0471975511966,-2.0943951023932,-3,0,0,0,0,0,8
31.24,9,1.0471975511966,-2.0943951023932,-3,0,0,0,0,0,8
31.25,9,1.0471975511966,-2.0943951023932,-2.9996,0,0,0.08,0,0,8
31.26,9,1.0471975511966,-2.0943951023932,-2.9984,0,0,0.16,0,0,8
31.27,9,1.0471975511966,-2.0943951023932,-2.9964,0,0,0.24,0,0,8
31.28,9,1.0471975511966,-2.0943951023932,-2.9936,0,0,0.32,0,0,8
31.29,9,1.0471975511966,-2.0943951023932,-2.99,0,0,0.4,0,0,8
31.3,9,1.0471975511966,-2.0943951023932,-2.9856,0,0,0.48,0,0,8
31.31,9,1.0471975511966,-2.0943951023932,-2.9804,0,0,0.56,0,0,8
31.32,9,1.0471975511966,-2.0943951023932,-2.9744,0,0,0.64,0,0,8
31.33,9,1.0471975511966,-2.0943951023932,-2.9676,0,0,0.72,0,0,8
31.34,9,1.0471975511966,-2.0943951023932,-2.96,0,0,0.8,0,0,8
31.35,9,1.0471975511966,-2.0943951023932,-2.9516,0,0,0.88,0,0,8
31.36,9,1.0471975511966,-2.0943951023932,-2.9424,0,0,0.96,0,0,8
31.37,9,1.0471975511966,-2.0943951023932,-2.9324,0,0,1.04,0,0,8
31.38,9,1.0471975511966,-2.0943951023932,-2.9216,0,0,1.12,0,0,8
31.39,9,1.0471975511966,-2.0943951023932,-2.91,0,0,1.2,0,0,8
31.4,9,1.0471975511966,-2.0943951023932,-2.8976,0,0,1.28,0,0,8
31.41,9,1.0471975511966,-2.0943951023932,-2.8844,0,0,1.36,0,0,8
31.42,9,1.0471975511966,-2.0943951023932,-2.8704,0,0,1.44,0,0,8
31.43,9,1.0471975511966,-2.0943951023932,-2.8556,0,0,1.52,0,0,8
31.44,9,1.0471975511966,-2.0943951023932,-2.84,0,0,1.6,0,0,8
31.45,9,1.0471975511966,-2.0943951023932,-2.8236,0,0,1.68,0,0,8
31.46,9,1.0471975511966,-2.0943951023932,-2.8064,0,0,1.76,0,0,8
31.47,9,1.0471975511966,-2.0943951023932,-2.7884,0,0,1.84,0,0,8
31.48,9,1.0471975511966,-2.0943951023932,-2.7696,0,0,1.92,0,0,8
31.49,9,1.0471975511966,-2.0943951023932,-2.75,0,0,2,0,0,8
31.5,9,1.0471975511966,-2.0943951023932,-2.7296,0,0,2.08,0,0,8
31.51,9,1.0471975511966,-2.0943951023932,-2.7084,0,0,2.16,0,0,8
31.52,9,1.0471975511966,-2.0943951023932,-2.6864,0,0,2.24,0,0,8
31.53,9,1.0471975511966,-2.0943951023932,-2.6636,0,0,2.32,0,0,8
31.54,9,1.0471975511966,-2.0943951023932,-2.64,0,0,2.4,0,0,8
31.55,9,1.0471975511966,-2.0943951023932,-2.6156,0,0,2.48,0,0,8
31.56,9,1.0471975511966,-2.0943951023932,-2.5904,0,0,2.56,0,0,8
31.57,9,1.0471975511966,-2.0943951023932,-2.5644,0,0,2.64,0,0,8
31.58,9,1.0471975511966,-2.0943951023932,-2.5376,0,0,2.72,0,0,8
31.59,9,1.0471975511966,-2.0943951023932,-2.51,0,0,2.8,0,0,8
31.6,9,1.0471975511966,-2.0943951023932,-2.4816,0,0,2.88,0,0,8
31.61,9,1.0471975511966,-2.0943951023932,-2.4524,0,0,2.96,0,0,8
31.62,9,1.0471975511966,-2.0943951023932,-2.4224,0,0,3.04,0,0,8
31.63,9,1.0471975511966,-2.0943951023932,-2.3916,0,0,3.12,0,0,8
31.64,9,1.0471975511966,-2.0943951023932,-2.36,0,0,3.2,0,0,8
31.65,9,1.0471975511966,-2.0943951023932,-2.3276,0,0,3.28,0,0,8
31.66,9,1.0471975511966,-2.0943951023932,-2.2944,0,0,3.36,0,0,8
31.67,9,1.0471975511966,-2.0943951023932,-2.2604,0,0,3.44,0,0,8
31.68,9,1.0471975511966,-2.0943951023932,-2.2256,0,0,3.52,0,0,8
31.69,9,1.0471975511966,-2.0943951023932,-2.19,0,0,3.6,0,0,8
31.7,9,1.0471975511966,-2.0943951023932,-2.1536,0,0,3.68,0,0,8
31.71,9,1.0471975511966,-2.0943951023932,-2.1164,0,0,3.76,0,0,8
31.72,9,1.0471975511966,-2.0943951023932,-2.0784,0,0,3.84,0,0,8
31.73,9,1.0471975511966,-2.0943951023932,-2.0396,0,0,3.92,0,0,8
31.74,9,1.0471975511966,-2.0943951023932,-2,0,0,4,0,0,8
31.75,9,1.0471975511966,-2.0943951023932,-1.9604,0,0,3.92,0,0,-8
31.76,9,1.0471975511966,-2.0943951023932,-1.9216,0,0,3.84,0,0,-8
31.77,9,1.0471975511966,-2.0943951023932,-1.8836,0,0,3.76,0,0,-8
31.78,9,1.0471975511966,-2.0943951023932,-1.8464,0,0,3.68,0,0,-8
31.79,9,1.0471975511966,-2.0943951023932,-1.81,0,0,3.6,0,0,-8
31.8,9,1.0471975511966,-2.0943951023932,-1.7744,0,0,3.52,0,0,-8
31.81,9,1.0471975511966,-2.0943951023932,-1.7396,0,0,3.44,0,0,-8
31.82,9,1.0471975511966,-2.0943951023932,-1.7056,0,0,3.36,0,0,-8
31.83,9,1.0471975511966,-2.0943951023932,-1.6724,0,0,3.28,0,0,-8
31.84,9,1.0471975511966,-2.0943951023932,-1.64,0,0,3.2,0,0,-8
31.85,9,1.0471975511966,-2.0943951023932,-1.6084,0,0,3.12,0,0,-8
31.86,9,1.0471975511966,-2.0943951023932,-1.5776,0,0,3.04,0,0,-8
31.87,9,1.0471975511966,-2.0943951023932,-1.5476,0,0,2.96,0,0,-8
31.88,9,1.0471975511966,-2.0943951023932,-1.5184,0,0,2.88,0,0,-8
31.89,9,1.0471975511966,-2.0943951023932,-1.49,0,0,2.8,0,0,-8
31.9,9,1.0471975511966,-2.0943951023932,-1.4624,0,0,2.72,0,0,-8
31.91,9,1.0471975511966,-2.0943951023932,-1.4356,0,0,2.64,0,0,-8
31.92,9,1.0471975511966,-2.0943951023932,-1.4096,0,0,2.56,0,0,-8
31.93,9,1.0471975511966,-2.0943951023932,-1.3844,0,0,2.48,0,0,-8
31.94,9,1.0471975511966,-2.0943951023932,-1.36,0,0,2.4,0,0,-8
31.95,9,1.0471975511966,-2.0943951023932,-1.3364,0,0,2.32,0,0,-8
31.96,9,1.0471975511966,-2.0943951023932,-1.3136,0,0,2.24,0,0,-8
31.97,9,1.0471975511966,-2.0943951023932,-1.2916,0,0,2.16,0,0,-8
31.98,9,1.0471975511966,-2.0943951023932,-1.2704,0,0,2.08,0,0,-8
31.99,9,1.0471975511966,-2.0943951023932,-1.25,0,0,2,0,0,-8
32,9,1.0471975511966,-2.0943951023932,-1.2304,0,0,1.92,0,0,-8
32.01,9,1.0471975511966,-2.0943951023932,-1.2116,0,0,1.84,0,0,-8
32.02,9,1.0471975511966,-2.0943951023932,-1.1936,0,0,1.76,0,0,-8
32.03,9,1.0471975511966,-2.0943951023932,-1.1764,0,0,1.68,0,0,-8
32.04,9,1.0471975511966,-2.0943951023932,-1.16,0,0,1.6,0,0,-8
32.05,9,1.0471975511966,-2.0943951023932,-1.1444,0,0,1.52,0,0,-8
32.06,9,1.0471975511966,-2.0943951023932,-1.1296,0,0,1.44,0,0,-8
32.07,9,1.0471975511966,-2.0943951023932,-1.1156,0,0,1.36,0,0,-8
32.08,9,1.0471975511966,-2.0943951023932,-1.1024,0,0,1.28,0,0,-8
32.09,9,1.0471975511966,-2.0943951023932,-1.09,0,0,1.2,0,0,-8
32.1,9,1.0471975511966,-2.0943951023932,-1.0784,0,0,1.12,0,0,-8
32.11,9,1.0471975511966,-2.0943951023932,-1.0676,0,0,1.04,0,0,-8
32.12,9,1.0471975511966,-2.0943951023932,-1.0576,0,0,0.96,0,0,-8
32.13,9,1.0471975511966,-2.0943951023932,-1.0484,0,0,0.88,0,0,-8
32.14,9,1.0471975511966,-2.0943951023932,-1.04,0,0,0.8,0,0,-8
32.15,9,1.0471975511966,-2.0943951023932,-1.0324,0,0,0.72,0,0,-8
32.16,9,1.0471975511966,-2.0943951023932,-1.0256,0,0,0.64,0,0,-8
32.17,9,1.0471975511966,-2.0943951023932,-1.0196,0,0,0.56,0,0,-8
32.18,9,1.0471975511966,-2.0943951023932,-1.0144,0,0,0.48,0,0,-8
32.19,9,1.0471975511966,-2.0943951023932,-1.01,0,0,0.4,0,0,-8
32.2,9,1.0471975511966,-2.0943951023932,-1.0064,0,0,0.32,0,0,-8
32.21,9,1.0471975511966,-2.0943951023932,-1.0036,0,0,0.24,0,0,-8
32.22,9,1.0471975511966,-2.0943951023932,-1.0016,0,0,0.16,0,0,-8
32.23,9,1.0471975511966,-2.0943951023932,-1.0004,0,0,0.0800000000000001,0,0,-8
32.24,9,1.0471975511966,-2.0943951023932,-1,0,0,0,0,0,-8
32.24,10,1.0471975511966,-2.0943951023932,-1,0,0,0,0.102133567485376,0.0604992542911529,0
32.25,10,1.04720265787497,-2.09439207743048,-1,0.00102133567485376,0.000604992542911529,0,0.102133567485376,0.0604992542911529,0
32.26,10,1.04721797791009,-2.09438300254234,-1,0.00204267134970753,0.00120998508582306,0,0.102133567485376,0.0604992542911529,0
32.27,10,1.04724351130197,-2.09436787772876,-1,0.00306400702456129,0.00181497762873459,0,0.102133567485376,0.0604992542911529,0
32.28,10,1.04727925805059,-2.09434670298976,-1,0.00408534269941506,0.00241997017164612,0,0.102133567485376,0.0604992542911529,0
32.29,10,1.04732521815595,-2.09431947832533,-1,0.00510667837426882,0.00302496271455764,0,0.102133567485376,0.0604992542911529,0
32.3,10,1.04738139161807,-2.09428620373547,-1,0.00612801404912258,0.00362995525746917,0,0.102133567485376,0.0604992542911529,0
32.31,10,1.04744777843694,-2.09424687922018,-1,0.00714934972397635,0.0042349478003807,0,0.102133567485376,0.0604992542911529,0
32.32,10,1.04752437861255,-2.09420150477946,-1,0.00817068539883011,0.00483994034329223,0,0.102133567485376,0.0604992542911529,0
32.33,10,1.04761119214491,-2.09415008041332,-1,0.00919202107368387,0.00544493288620376,0,0.102133567485376,0.0604992542911529,0
32.34,10,1.04770821903402,-2.09409260612174,-1,0.0102133567485376,0.00604992542911529,0,0.102133567485376,0.0604992542911529,0
32.35,10,1.04781545927988,-2.09402908190473,-1,0.0112346924233914,0.00665491797202682,0,0.102133567485376,0.0604992542911529,0
32.36,10,1.04793291288249,-2.0939595077623,-1,0.0122560280982452,0.00725991051493835,0,0.102133567485376,0.0604992542911529,0
32.37,10,1.04806057984185,-2.09388388369444,-1,0.0132773637730989,0.00786490305784988,0,0.102133567485376,0.0604992542911529,0
32.38,10,1.04819846015795,-2.09380220970114,-1,0.0142986994479527,0.00846989560076141,0,0.102133567485376,0.0604992542911529,0
32.39,10,1.04834655383081,-2.09371448578242,-1,0.0153200351228065,0.00907488814367293,0,0.102133567485376,0.0604992542911529,0
32.4,10,1.04850486086041,-2.09362071193827,-1,0.0163413707976602,0.00967988068658446,0,0.102133567485376,0.0604992542911529,0
32.41,10,1.04867338124676,-2.09352088816869,-1,0.017362706472514,0.010284873229496,0,0.102133567485376,0.0604992542911529,0
32.42,10,1.04885211498986,-2.09341501447368,-1,0.0183840421473677,0.0108898657724075,0,0.102133567485376,0.0604992542911529,0
32.43,10,1.04904106208971,-2.09330309085324,-1,0.0194053778222215,0.011494858315319,0,0.102133567485376,0.0604992542911529,0
32.44,10,1.04924022254631,-2.09318511730737,-1,0.0204267134970753,0.0120998508582306,0,0.102133567485376,0.0604992542911529,0
32.45,10,1.04944959635965,-2.09306109383608,-1,0.021448049171929,0.0127048434011421,0,0.102133567485376,0.0604992542911529,0
32.46,10,1.04966918352974,-2.09293102043935,-1,0.0224693848467828,0.0133098359440536,0,0.102133567485376,0.0604992542911529,0
32.47,10,1.04989898405659,-2.09279489711719,-1,0.0234907205216366,0.0139148284869652,0,0.102133567485376,0.0604992542911529,0
32.48,10,1.05013899794018,-2.09265272386961,-1,0.0245120561964903,0.0145198210298767,0,0.102133567485376,0.0604992542911529,0
32.49,10,1.05038922518052,-2.0925045006966,-1,0.0255333918713441,0.0151248135727882,0,0.102133567485376,0.0604992542911529,0
32.5,10,1.0506496657776,-2.09235022759815,-1,0.0265547275461979,0.0157298061156998,0,0.102133567485376,0.0604992542911529,0
32.51,10,1.05092031973144,-2.09218990457428,-1,0.0275760632210516,0.0163347986586113,0,0.102133567485376,0.0604992542911529,0
32.52,10,1.05120118704202,-2.09202353162498,-1,0.0285973988959054,0.0169397912015228,0,0.102133567485376,0.0604992542911529,0
32.53,10,1.05149226770936,-2.09185110875025,-1,0.0296187345707592,0.0175447837444343,0,0.102133567485376,0.0604992542911529,0
32.54,10,1.05179356173344,-2.09167263595009,-1,0.0306400702456129,0.0181497762873459,0,0.102133567485376,0.0604992542911529,0
32.55,10,1.05210506911427,-2.09148811322451,-1,0.0316614059204667,0.0187547688302574,0,0.102133567485376,0.0604992542911529,0
32.56,10,1.05242678985185,-2.09129754057349,-1,0.0326827415953204,0.0193597613731689,0,0.102133567485376,0.0604992542911529,0
32.57,10,1.05275872394618,-2.09110091799704,-1,0.0337040772701742,0.0199647539160805,0,0.102133567485376,0.0604992542911529,0
32.58,10,1.05310087139725,-2.09089824549517,-1,0.034725412945028,0.020569746458992,0,0.102133567485376,0.0604992542911529,0
32.59,10,1.05345323220508,-2.09068952306786,-1,0.0357467486198817,0.0211747390019035,0,0.102133567485376,0.0604992542911529,0
32.6,10,1.05381580636965,-2.09047475071513,-1,0.0367680842947355,0.021779731544815,0,0.102133567485376,0.0604992542911529,0
32.61,10,1.05418859389097,-2.09025392843697,-1,0.0377894199695893,0.0223847240877266,0,0.102133567485376,0.0604992542911529,0
32.62,10,1.05457159476904,-2.09002705623337,-1,0.038810755644443,0.0229897166306381,0,0.102133567485376,0.0604992542911529,0
32.63,10,1.05496480900386,-2.08979413410435,-1,0.0398320913192968,0.0235947091735496,0,0.102133567485376,0.0604992542911529,0
32.64,10,1.05536823659543,-2.0895551620499,-1,0.0408534269941506,0.0241997017164612,0,0.102133567485376,0.0604992542911529,0
32.65,10,1.05578187754374,-2.08931014007002,-1,0.0418747626690043,0.0248046942593727,0,0.102133567485376,0.0604992542911529,0
32.66,10,1.05620573184881,-2.08905906816472,-1,0.0428960983438581,0.0254096868022842,0,0.102133567485376,0.0604992542911529,0
32.67,10,1.05663979951062,-2.08880194633398,-1,0.0439174340187118,0.0260146793451957,0,0.102133567485376,0.0604992542911529,0
32.68,10,1.05708408052918,-2.08853877457781,-1,0.0449387696935656,0.0266196718881073,0,0.102133567485376,0.0604992542911529,0
32.69,10,1.05753857490449,-2.08826955289622,-1,0.0459601053684194,0.0272246644310188,0,0.102133567485376,0.0604992542911529,0
32.7,10,1.05800328263655,-2.08799428128919,-1,0.0469814410432731,0.0278296569739303,0,0.102133567485376,0.0604992542911529,0
32.71,10,1.05847820372536,-2.08771295975674,-1,0.0480027767181269,0.0284346495168419,0,0.102133567485376,0.0604992542911529,0
32.72,10,1.05896333817091,-2.08742558829886,-1,0.0490241123929807,0.0290396420597534,0,0.102133567485376,0.0604992542911529,0
32.73,10,1.05945868597322,-2.08713216691554,-1,0.0500454480678344,0.0296446346026649,0,0.102133567485376,0.0604992542911529,0
32.74,10,1.05996424713227,-2.0868326956068,-1,0.0510667837426882,0.0302496271455764,0,0.102133567485376,0.0604992542911529,0
32.75,10,1.06048002164807,-2.08652717437263,-1,0.052088119417542,0.030854619688488,0,0.102133567485376,0.0604992542911529,0
32.76,10,1.06100600952062,-2.08621560321303,-1,0.0531094550923957,0.0314596122313995,0,0.102133567485376,0.0604992542911529,0
32.77,10,1.06154221074992,-2.085897982128,-1,0.0541307907672495,0.032064604774311,0,0.102133567485376,0.0604992542911529,0
32.78,10,1.06208862533597,-2.08557431111755,-1,0.0551521264421033,0.0326695973172226,0,0.102133567485376,0.0604992542911529,0
32.79,10,1.06264525327876,-2.08524459018166,-1,0.056173462116957,0.0332745898601341,0,0.102133567485376,0.0604992542911529,0
32.8,10,1.0632120945783,-2.08490881932034,-1,0.0571947977918108,0.0338795824030456,0,0.102133567485376,0.0604992542911529,0
32.81,10,1.0637891492346,-2.0845669985336,-1,0.0582161334666646,0.0344845749459571,0,0.102133567485376,0.0604992542911529,0
32.82,10,1.06437641724764,-2.08421912782142,-1,0.0592374691415183,0.0350895674888687,0,0.102133567485376,0.0604992542911529,0
32.83,10,1.06497389861743,-2.08386520718382,-1,0.0602588048163721,0.0356945600317802,0,0.102133567485376,0.0604992542911529,0
32.84,10,1.06558159334397,-2.08350523662079,-1,0.0612801404912258,0.0362995525746917,0,0.102133567485376,0.0604992542911529,0
32.85,10,1.06619950142725,-2.08313921613233,-1,0.0623014761660796,0.0369045451176033,0,0.102133567485376,0.0604992542911529,0
32.86,10,1.06682762286729,-2.08276714571844,-1,0.0633228118409334,0.0375095376605148,0,0.102133567485376,0.0604992542911529,0
32.87,10,1.06746595766407,-2.08238902537912,-1,0.0643441475157871,0.0381145302034263,0,0.102133567485376,0.0604992542911529,0
32.88,10,1.0681145058176,-2.08200485511437,-1,0.0653654831906409,0.0387195227463379,0,0.102133567485376,0.0604992542911529,0
32.89,10,1.06877326732788,-2.08161463492419,-1,0.0663868188654947,0.0393245152892494,0,0.102133567485376,0.0604992542911529,0
32.9,10,1.06944224219491,-2.08121836480858,-1,0.0674081545403484,0.0399295078321609,0,0.102133567485376,0.0604992542911529,0
32.91,10,1.07012143041869,-2.08081604476755,-1,0.0684294902152022,0.0405345003750724,0,0.102133567485376,0.0604992542911529,0
32.92,10,1.07081083199922,-2.08040767480108,-1,0.069450825890056,0.041139492917984,0,0.102133567485376,0.0604992542911529,0
32.93,10,1.07151044693649,-2.07999325490919,-1,0.0704721615649097,0.0417444854608955,0,0.102133567485376,0.0604992542911529,0
32.94,10,1.07222027523051,-2.07957278509186,-1,0.0714934972397635,0.042349478003807,0,0.102133567485376,0.0604992542911529,0
32.95,10,1.07294031688129,-2.07914626534911,-1,0.0725148329146172,0.0429544705467185,0,0.102133567485376,0.0604992542911529,0
32.96,10,1.07367057188881,-2.07871369568093,-1,0.073536168589471,0.0435594630896301,0,0.102133567485376,0.0604992542911529,0
32.97,10,1.07441104025308,-2.07827507608732,-1,0.0745575042643248,0.0441644556325416,0,0.102133567485376,0.0604992542911529,0
32.98,10,1.07516172197409,-2.07783040656828,-1,0.0755788399391785,0.0447694481754531,0,0.102133567485376,0.0604992542911529,0
32.99,10,1.07592261705186,-2.07737968712381,-1,0.0766001756140323,0.0453744407183647,0,0.102133567485376,0.0604992542911529,0
33,10,1.07669372548637,-2.07692291775391,-1,0.0776215112888861,0.0459794332612762,0,0.102133567485376,0.0604992542911529,0
33.01,10,1.07747504727764,-2.07646009845858,-1,0.0786428469637398,0.0465844258041877,0,0.102133567485376,0.0604992542911529,0
33.02,10,1.07826658242565,-2.07599122923783,-1,0.0796641826385936,0.0471894183470993,0,0.102133567485376,0.0604992542911529,0
33.03,10,1.07906833093041,-2.07551631009164,-1,0.0806855183134474,0.0477944108900108,0,0.102133567485376,0.0604992542911529,0
33.04,10,1.07988029279192,-2.07503534102003,-1,0.0817068539883011,0.0483994034329223,0,0.102133567485376,0.0604992542911529,0
33.05,10,1.08070246801018,-2.07454832202298,-1,0.0827281896631549,0.0490043959758338,0,0.102133567485376,0.0604992542911529,0
33.06,10,1.08153485658518,-2.07405525310051,-1,0.0837495253380087,0.0496093885187454,0,0.102133567485376,0.0604992542911529,0
33.07,10,1.08237745851694,-2.07355613425261,-1,0.0847708610128624,0.0502143810616569,0,0.102133567485376,0.0604992542911529,0
33.08,10,1.08323027380544,-2.07305096547928,-1,0.0857921966877162,0.0508193736045684,0,0.102133567485376,0.0604992542911529,0
33.09,10,1.08409330245069,-2.07253974678052,-1,0.0868135323625699,0.05142436614748,0,0.102133567485376,0.0604992542911529,0
33.1,10,1.08496654445269,-2.07202247815633,-1,0.0878348680374237,0.0520293586903915,0,0.102133567485376,0.0604992542911529,0
33.11,10,1.08584999981144,-2.07149915960671,-1,0.0888562037122775,0.052634351233303,0,0.102133567485376,0.0604992542911529,0
33.12,10,1.08674366852694,-2.07096979113166,-1,0.0898775393871312,0.0532393437762145,0,0.102133567485376,0.0604992542911529,0
33.13,10,1.08764755059918,-2.07043437273118,-1,0.090898875061985,0.0538443363191261,0,0.102133567485376,0.0604992542911529,0
33.14,10,1.08856164602818,-2.06989290440528,-1,0.0919202107368388,0.0544493288620376,0,0.102133567485376,0.0604992542911529,0
33.15,10,1.08948595481392,-2.06934538615394,-1,0.0929415464116925,0.0550543214049491,0,0.102133567485376,0.0604992542911529,0
33.16,10,1.09042047695641,-2.06879181797718,-1,0.0939628820865463,0.0556593139478607,0,0.102133567485376,0.0604992542911529,0
33.17,10,1.09136521245565,-2.06823219987499,-1,0.0949842177614001,0.0562643064907722,0,0.102133567485376,0.0604992542911529,0
33.18,10,1.09232016131164,-2.06766653184736,-1,0.0960055534362538,0.0568692990336837,0,0.102133567485376,0.0604992542911529,0
33.19,10,1.09328532352437,-2.06709481389431,-1,0.0970268891111076,0.0574742915765952,0,0.102133567485376,0.0604992542911529,0
33.2,10,1.09426069909386,-2.06651704601583,-1,0.0980482247859613,0.0580792841195068,0,0.102133567485376,0.0604992542911529,0
33.21,10,1.09524628802009,-2.06593322821192,-1,0.0990695604608151,0.0586842766624183,0,0.102133567485376,0.0604992542911529,0
33.22,10,1.09624209030308,-2.06534336048258,-1,0.100090896135669,0.0592892692053298,0,0.102133567485376,0.0604992542911529,0
33.23,10,1.09724810594281,-2.06474744282782,-1,0.101112231810523,0.0598942617482414,0,0.102133567485376,0.0604992542911529,0
33.24,10,1.09826433493929,-2.06414547524762,-1,0.102133567485376,0.0604992542911529,0,0.102133567485376,0.0604992542911529,0
33.25,10,1.09929077729251,-2.06353745774199,-1,0.10315490316023,0.0611042468340644,0,0.102133567485376,0.0604992542911529,0
33.26,10,1.10032743300249,-2.06292339031094,-1,0.104176238835084,0.0617092393769759,0,0.102133567485376,0.0604992542911529,0
33.27,10,1.10137430206922,-2.06230327295445,-1,0.105197574509938,0.0623142319198875,0,0.102133567485376,0.0604992542911529,0
33.28,10,1.10243138449269,-2.06167710567254,-1,0.106218910184791,0.062919224462799,0,0.102133567485376,0.0604992542911529,0
33.29,10,1.10349868027291,-2.0610448884652,-1,0.107240245859645,0.0635242170057105,0,0.102133567485376,0.0604992542911529,0
33.3,10,1.10457618940988,-2.06040662133243,-1,0.108261581534499,0.0641292095486221,0,0.102133567485376,0.0604992542911529,0
33.31,10,1.1056639119036,-2.05976230427423,-1,0.109282917209353,0.0647342020915336,0,0.102133567485376,0.0604992542911529,0
33.32,10,1.10676184775407,-2.0591119372906,-1,0.110304252884207,0.0653391946344451,0,0.102133567485376,0.0604992542911529,0
33.33,10,1.10786999696129,-2.05845552038154,-1,0.11132558855906,0.0659441871773567,0,0.102133567485376,0.0604992542911529,0
33.34,10,1.10898835952525,-2.05779305354705,-1,0.112346924233914,0.0665491797202682,0,0.102133567485376,0.0604992542911529,0
33.35,10,1.11011693544596,-2.05712453678713,-1,0.113368259908768,0.0671541722631797,0,0.102133567485376,0.0604992542911529,0
33.36,10,1.11125572472343,-2.05644997010178,-1,0.114389595583622,0.0677591648060912,0,0.102133567485376,0.0604992542911529,0
33.37,10,1.11240472735764,-2.05576935349101,-1,0.115410931258475,0.0683641573490028,0,0.102133567485376,0.0604992542911529,0
33.38,10,1.1135639433486,-2.0550826869548,-1,0.116432266933329,0.0689691498919143,0,0.102133567485376,0.0604992542911529,0
33.39,10,1.1147333726963,-2.05438997049317,-1,0.117453602608183,0.0695741424348258,0,0.102133567485376,0.0604992542911529,0
33.4,10,1.11591301540076,-2.05369120410611,-1,0.118474938283037,0.0701791349777373,0,0.102133567485376,0.0604992542911529,0
33.41,10,1.11710287146196,-2.05298638779362,-1,0.11949627395789,0.0707841275206489,0,0.102133567485376,0.0604992542911529,0
33.42,10,1.11830294087992,-2.05227552155569,-1,0.120517609632744,0.0713891200635604,0,0.102133567485376,0.0604992542911529,0
33.43,10,1.11951322365462,-2.05155860539234,-1,0.121538945307598,0.0719941126064719,0,0.102133567485376,0.0604992542911529,0
33.44,10,1.12073371978607,-2.05083563930357,-1,0.122560280982452,0.0725991051493835,0,0.102133567485376,0.0604992542911529,0
33.45,10,1.12196442927427,-2.05010662328936,-1,0.123581616657305,0.073204097692295,0,0.102133567485376,0.0604992542911529,0
33.46,10,1.12320535211921,-2.04937155734972,-1,0.124602952332159,0.0738090902352065,0,0.102133567485376,0.0604992542911529,0
33.47,10,1.12445648832091,-2.04863044148465,-1,0.125624288007013,0.074414082778118,0,0.102133567485376,0.0604992542911529,0
33.48,10,1.12571783787936,-2.04788327569416,-1,0.126645623681867,0.0750190753210296,0,0.102133567485376,0.0604992542911529,0
33.49,10,1.12698940079455,-2.04713005997823,-1,0.127666959356721,0.0756240678639411,0,0.102133567485376,0.0604992542911529,0
33.5,10,1.12827117706649,-2.04637079433688,-1,0.128688295031574,0.0762290604068526,0,0.102133567485376,0.0604992542911529,0
33.51,10,1.12956316669518,-2.0456054787701,-1,0.129709630706428,0.0768340529497642,0,0.102133567485376,0.0604992542911529,0
33.52,10,1.13086536968062,-2.04483411327788,-1,0.130730966381282,0.0774390454926757,0,0.102133567485376,0.0604992542911529,0
33.53,10,1.13217778602281,-2.04405669786024,-1,0.131752302056136,0.0780440380355872,0,0.102133567485376,0.0604992542911529,0
33.54,10,1.13350041572174,-2.04327323251717,-1,0.132773637730989,0.0786490305784988,0,0.102133567485376,0.0604992542911529,0
33.55,10,1.13483325877743,-2.04248371724867,-1,0.133794973405843,0.0792540231214103,0,0.102133567485376,0.0604992542911529,0
33.56,10,1.13617631518986,-2.04168815205474,-1,0.134816309080697,0.0798590156643218,0,0.102133567485376,0.0604992542911529,0
33.57,10,1.13752958495904,-2.04088653693539,-1,0.135837644755551,0.0804640082072333,0,0.102133567485376,0.0604992542911529,0
33.58,10,1.13889306808497,-2.0400788718906,-1,0.136858980430404,0.0810690007501449,0,0.102133567485376,0.0604992542911529,0
33.59,10,1.14026676456765,-2.03926515692038,-1,0.137880316105258,0.0816739932930564,0,0.102133567485376,0.0604992542911529,0
33.6,10,1.14165067440707,-2.03844539202474,-1,0.138901651780112,0.0822789858359679,0,0.102133567485376,0.0604992542911529,0
33.61,10,1.14304479760325,-2.03761957720366,-1,0.139922987454966,0.0828839783788795,0,0.102133567485376,0.0604992542911529,0
33.62,10,1.14444913415617,-2.03678771245716,-1,0.140944323129819,0.083488970921791,0,0.102133567485376,0.0604992542911529,0
33.63,10,1.14586368406585,-2.03594979778523,-1,0.141965658804673,0.0840939634647025,0,0.102133567485376,0.0604992542911529,0
33.64,10,1.14728844733227,-2.03510583318787,-1,0.142986994479527,0.0846989560076141,0,0.102133567485376,0.0604992542911529,0
33.65,10,1.14872342395544,-2.03425581866508,-1,0.144008330154381,0.0853039485505256,0,0.102133567485376,0.0604992542911529,0
33.66,10,1.15016861393535,-2.03339975421686,-1,0.145029665829234,0.0859089410934371,0,0.102133567485376,0.0604992542911529,0
33.67,10,1.15162401727202,-2.03253763984321,-1,0.146051001504088,0.0865139336363486,0,0.102133567485376,0.0604992542911529,0
33.68,10,1.15308963396544,-2.03166947554413,-1,0.147072337178942,0.0871189261792602,0,0.102133567485376,0.0604992542911529,0
33.69,10,1.1545654640156,-2.03079526131962,-1,0.148093672853796,0.0877239187221717,0,0.102133567485376,0.0604992542911529,0
33.7,10,1.15605150742251,-2.02991499716968,-1,0.14911500852865,0.0883289112650832,0,0.102133567485376,0.0604992542911529,0
33.71,10,1.15754776418617,-2.02902868309432,-1,0.150136344203503,0.0889339038079947,0,0.102133567485376,0.0604992542911529,0
33.72,10,1.15905423430658,-2.02813631909352,-1,0.151157679878357,0.0895388963509063,0,0.102133567485376,0.0604992542911529,0
33.73,10,1.16057091778374,-2.0272379051673,-1,0.152179015553211,0.0901438888938178,0,0.102133567485376,0.0604992542911529,0
33.74,10,1.16209781461765,-2.02633344131565,-1,0.153200351228065,0.0907488814367293,0,0.102133567485376,0.0604992542911529,0
33.75,10,1.1636349248083,-2.02542292753857,-1,0.154221686902918,0.0913538739796409,0,0.102133567485376,0.0604992542911529,0
33.76,10,1.1651822483557,-2.02450636383606,-1,0.155243022577772,0.0919588665225524,0,0.102133567485376,0.0604992542911529,0
33.77,10,1.16673978525986,-2.02358375020812,-1,0.156264358252626,0.0925638590654639,0,0.102133567485376,0.0604992542911529,0
33.78,10,1.16830753552076,-2.02265508665475,-1,0.15728569392748,0.0931688516083754,0,0.102133567485376,0.0604992542911529,0
33.79,10,1.16988549913841,-2.02172037317595,-1,0.158307029602333,0.093773844151287,0,0.102133567485376,0.0604992542911529,0
33.8,10,1.1714736761128,-2.02077960977172,-1,0.159328365277187,0.0943788366941985,0,0.102133567485376,0.0604992542911529,0
33.81,10,1.17307206644395,-2.01983279644206,-1,0.160349700952041,0.09498382923711,0,0.102133567485376,0.0604992542911529,0
33.82,10,1.17468067013184,-2.01887993318698,-1,0.161371036626895,0.0955888217800216,0,0.102133567485376,0.0604992542911529,0
33.83,10,1.17629948717649,-2.01792102000646,-1,0.162392372301748,0.0961938143229331,0,0.102133567485376,0.0604992542911529,0
33.84,10,1.17792851757788,-2.01695605690052,-1,0.163413707976602,0.0967988068658446,0,0.102133567485376,0.0604992542911529,0
33.85,10,1.17956776133602,-2.01598504386915,-1,0.164435043651456,0.0974037994087562,0,0.102133567485376,0.0604992542911529,0
33.86,10,1.18121721845091,-2.01500798091234,-1,0.16545637932631,0.0980087919516677,0,0.102133567485376,0.0604992542911529,0
33.87,10,1.18287688892255,-2.01402486803011,-1,0.166477715001164,0.0986137844945792,0,0.102133567485376,0.0604992542911529,0
33.88,10,1.18454677275093,-2.01303570522245,-1,0.167499050676017,0.0992187770374907,0,0.102133567485376,0.0604992542911529,0
33.89,10,1.18622686993607,-2.01204049248936,-1,0.168520386350871,0.0998237695804023,0,0.102133567485376,0.0604992542911529,0
33.9,10,1.18791718047795,-2.01103922983085,-1,0.169541722025725,0.100428762123314,0,0.102133567485376,0.0604992542911529,0
33.91,10,1.18961770437658,-2.0100319172469,-1,0.170563057700579,0.101033754666225,0,0.102133567485376,0.0604992542911529,0
33.92,10,1.19132844163196,-2.00901855473752,-1,0.171584393375432,0.101638747209137,0,0.102133567485376,0.0604992542911529,0
33.93,10,1.19304939224409,-2.00799914230271,-1,0.172605729050286,0.102243739752048,0,0.102133567485376,0.0604992542911529,0
33.94,10,1.19478055621297,-2.00697367994248,-1,0.17362706472514,0.10284873229496,0,0.102133567485376,0.0604992542911529,0
33.95,10,1.19652193353859,-2.00594216765682,-1,0.174648400399994,0.103453724837871,0,0.102133567485376,0.0604992542911529,0
33.96,10,1.19827352422097,-2.00490460544572,-1,0.175669736074847,0.104058717380783,0,0.102133567485376,0.0604992542911529,0
33.97,10,1.20003532826009,-2.0038609933092,-1,0.176691071749701,0.104663709923695,0,0.102133567485376,0.0604992542911529,0
33.98,10,1.20180734565596,-2.00281133124725,-1,0.177712407424555,0.105268702466606,0,0.102133567485376,0.0604992542911529,0
33.99,10,1.20358957640858,-2.00175561925987,-1,0.178733743099409,0.105873695009518,0,0.102133567485376,0.0604992542911529,0
34,10,1.20538202051795,-2.00069385734706,-1,0.179755078774262,0.106478687552429,0,0.102133567485376,0.0604992542911529,0
34.01,10,1.20718467798407,-1.99962604550882,-1,0.180776414449116,0.107083680095341,0,0.102133567485376,0.0604992542911529,0
34.02,10,1.20899754880693,-1.99855218374515,-1,0.18179775012397,0.107688672638252,0,0.102133567485376,0.0604992542911529,0
34.03,10,1.21082063298655,-1.99747227205605,-1,0.182819085798824,0.108293665181164,0,0.102133567485376,0.0604992542911529,0
34.04,10,1.21265393052291,-1.99638631044153,-1,0.183840421473678,0.108898657724075,0,0.102133567485376,0.0604992542911529,0
34.05,10,1.21449744141602,-1.99529429890157,-1,0.184861757148531,0.109503650266987,0,0.102133567485376,0.0604992542911529,0
34.06,10,1.21635116566588,-1.99419623743619,-1,0.185883092823385,0.110108642809898,0,0.102133567485376,0.0604992542911529,0
34.07,10,1.21821510327249,-1.99309212604537,-1,0.186904428498239,0.11071363535281,0,0.102133567485376,0.0604992542911529,0
34.08,10,1.22008925423584,-1.99198196472913,-1,0.187925764173093,0.111318627895721,0,0.102133567485376,0.0604992542911529,0
34.09,10,1.22197361855595,-1.99086575348746,-1,0.188947099847946,0.111923620438633,0,0.102133567485376,0.0604992542911529,0
34.1,10,1.2238681962328,-1.98974349232036,-1,0.1899684355228,0.112528612981544,0,0.102133567485376,0.0604992542911529,0
34.11,10,1.2257729872664,-1.98861518122783,-1,0.190989771197654,0.113133605524456,0,0.102133567485376,0.0604992542911529,0
34.12,10,1.22768799165676,-1.98748082020987,-1,0.192011106872508,0.113738598067367,0,0.102133567485376,0.0604992542911529,0
34.13,10,1.22961320940385,-1.98634040926648,-1,0.193032442547361,0.114343590610279,0,0.102133567485376,0.0604992542911529,0
34.14,10,1.2315486405077,-1.98519394839766,-1,0.194053778222215,0.11494858315319,0,0.102133567485376,0.0604992542911529,0
34.15,10,1.2334942849683,-1.98404143760342,-1,0.195075113897069,0.115553575696102,0,0.102133567485376,0.0604992542911529,0
34.16,10,1.23545014278564,-1.98288287688374,-1,0.196096449571923,0.116158568239014,0,0.102133567485376,0.0604992542911529,0
34.17,10,1.23741621395974,-1.98171826623864,-1,0.197117785246776,0.116763560781925,0,0.102133567485376,0.0604992542911529,0
34.18,10,1.23939249849058,-1.9805476056681,-1,0.19813912092163,0.117368553324837,0,0.102133567485376,0.0604992542911529,0
34.19,10,1.24137899637817,-1.97937089517214,-1,0.199160456596484,0.117973545867748,0,0.102133567485376,0.0604992542911529,0
34.2,10,1.24337570762251,-1.97818813475075,-1,0.200181792271338,0.11857853841066,0,0.102133567485376,0.0604992542911529,0
34.21,10,1.2453826322236,-1.97699932440393,-1,0.201203127946191,0.119183530953571,0,0.102133567485376,0.0604992542911529,0
34.22,10,1.24739977018143,-1.97580446413168,-1,0.202224463621045,0.119788523496483,0,0.102133567485376,0.0604992542911529,0
34.23,10,1.24942712149602,-1.974603553934,-1,0.203245799295899,0.120393516039394,0,0.102133567485376,0.0604992542911529,0
34.24,10,1.25146468616735,-1.97339659381089,-1,0.204267134970753,0.120998508582306,0,0.102133567485376,0.0604992542911529,0
34.25,10,1.25351246419543,-1.97218358376235,-1,0.205288470645607,0.121603501125217,0,0.102133567485376,0.0604992542911529,0
34.26,10,1.25557045558026,-1.97096452378839,-1,0.20630980632046,0.122208493668129,0,0.102133567485376,0.0604992542911529,0
34.27,10,1.25763866032184,-1.96973941388899,-1,0.207331141995314,0.12281348621104,0,0.102133567485376,0.0604992542911529,0
34.28,10,1.25971707842017,-1.96850825406416,-1,0.208352477670168,0.123418478753952,0,0.102133567485376,0.0604992542911529,0
34.29,10,1.26180570987525,-1.96727104431391,-1,0.209373813345022,0.124023471296863,0,0.102133567485376,0.0604992542911529,0
34.3,10,1.26390455468707,-1.96602778463823,-1,0.210395149019875,0.124628463839775,0,0.102133567485376,0.0604992542911529,0
34.31,10,1.26601361285564,-1.96477847503712,-1,0.211416484694729,0.125233456382686,0,0.102133567485376,0.0604992542911529,0
34.32,10,1.26813288438096,-1.96352311551057,-1,0.212437820369583,0.125838448925598,0,0.102133567485376,0.0604992542911529,0
34.33,10,1.27026236926303,-1.9622617060586,-1,0.213459156044437,0.12644344146851,0,0.102133567485376,0.0604992542911529,0
34.34,10,1.27240206750185,-1.9609942466812,-1,0.21448049171929,0.127048434011421,0,0.102133567485376,0.0604992542911529,0
34.35,10,1.27455197909742,-1.95972073737837,-1,0.215501827394144,0.127653426554333,0,0.102133567485376,0.0604992542911529,0
34.36,10,1.27671210404974,-1.95844117815012,-1,0.216523163068998,0.128258419097244,0,0.102133567485376,0.0604992542911529,0
34.37,10,1.2788824423588,-1.95715556899643,-1,0.217544498743852,0.128863411640156,0,0.102133567485376,0.0604992542911529,0
34.38,10,1.28106299402461,-1.95586390991731,-1,0.218565834418706,0.129468404183067,0,0.102133567485376,0.0604992542911529,0
34.39,10,1.28325375904717,-1.95456620091277,-1,0.219587170093559,0.130073396725979,0,0.102133567485376,0.0604992542911529,0
34.4,10,1.28545473742648,-1.95326244198279,-1,0.220608505768413,0.13067838926889,0,0.102133567485376,0.0604992542911529,0
34.41,10,1.28766592916254,-1.95195263312739,-1,0.221629841443267,0.131283381811802,0,0.102133567485376,0.0604992542911529,0
34.42,10,1.28988733425535,-1.95063677434656,-1,0.222651177118121,0.131888374354713,0,0.102133567485376,0.0604992542911529,0
34.43,10,1.2921189527049,-1.9493148656403,-1,0.223672512792974,0.132493366897625,0,0.102133567485376,0.0604992542911529,0
34.44,10,1.29436078451121,-1.94798690700861,-1,0.224693848467828,0.133098359440536,0,0.102133567485376,0.0604992542911529,0
34.45,10,1.29661282967426,-1.94665289845149,-1,0.225715184142682,0.133703351983448,0,0.102133567485376,0.0604992542911529,0
34.46,10,1.29887508819406,-1.94531283996894,-1,0.226736519817536,0.134308344526359,0,0.102133567485376,0.0604992542911529,0
34.47,10,1.30114756007061,-1.94396673156096,-1,0.227757855492389,0.134913337069271,0,0.102133567485376,0.0604992542911529,0
34.48,10,1.30343024530391,-1.94261457322755,-1,0.228779191167243,0.135518329612182,0,0.102133567485376,0.0604992542911529,0
34.49,10,1.30572314389396,-1.94125636496871,-1,0.229800526842097,0.136123322155094,0,0.102133567485376,0.0604992542911529,0
34.5,10,1.30802625584075,-1.93989210678445,-1,0.230821862516951,0.136728314698006,0,0.102133567485376,0.0604992542911529,0
34.51,10,1.3103395811443,-1.93852179867475,-1,0.231843198191804,0.137333307240917,0,0.102133567485376,0.0604992542911529,0
34.52,10,1.31266311980459,-1.93714544063963,-1,0.232864533866658,0.137938299783829,0,0.102133567485376,0.0604992542911529,0
34.53,10,1.31499687182163,-1.93576303267908,-1,0.233885869541512,0.13854329232674,0,0.102133567485376,0.0604992542911529,0
34.54,10,1.31734083719542,-1.9343745747931,-1,0.234907205216366,0.139148284869652,0,0.102133567485376,0.0604992542911529,0
34.55,10,1.31969501592596,-1.93298006698169,-1,0.235928540891219,0.139753277412563,0,0.102133567485376,0.0604992542911529,0
34.56,10,1.32205940801324,-1.93157950924485,-1,0.236949876566073,0.140358269955475,0,0.102133567485376,0.0604992542911529,0
34.57,10,1.32443401345728,-1.93017290158258,-1,0.237971212240927,0.140963262498386,0,0.102133567485376,0.0604992542911529,0
34.58,10,1.32681883225806,-1.92876024399488,-1,0.238992547915781,0.141568255041298,0,0.102133567485376,0.0604992542911529,0
34.59,10,1.32921386441559,-1.92734153648175,-1,0.240013883590635,0.142173247584209,0,0.102133567485376,0.0604992542911529,0
34.6,10,1.33161910992987,-1.92591677904319,-1,0.241035219265488,0.142778240127121,0,0.102133567485376,0.0604992542911529,0
34.61,10,1.3340345688009,-1.92448597167921,-1,0.242056554940342,0.143383232670032,0,0.102133567485376,0.0604992542911529,0
34.62,10,1.33646024102868,-1.92304911438979,-1,0.243077890615196,0.143988225212944,0,0.102133567485376,0.0604992542911529,0
34.63,10,1.33889612661321,-1.92160620717495,-1,0.24409922629005,0.144593217755855,0,0.102133567485376,0.0604992542911529,0
34.64,10,1.34134222555448,-1.92015725003468,-1,0.245120561964903,0.145198210298767,0,0.102133567485376,0.0604992542911529,0
34.65,10,1.34379853785251,-1.91870224296897,-1,0.246141897639757,0.145803202841678,0,0.102133567485376,0.0604992542911529,0
34.66,10,1.34626506350728,-1.91724118597784,-1,0.247163233314611,0.14640819538459,0,0.102133567485376,0.0604992542911529,0
34.67,10,1.3487418025188,-1.91577407906128,-1,0.248184568989465,0.147013187927502,0,0.102133567485376,0.0604992542911529,0
34.68,10,1.35122875488707,-1.91430092221929,-1,0.249205904664318,0.147618180470413,0,0.102133567485376,0.0604992542911529,0
34.69,10,1.35372592061208,-1.91282171545187,-1,0.250227240339172,0.148223173013325,0,0.102133567485376,0.0604992542911529,0
34.7,10,1.35623329969385,-1.91133645875903,-1,0.251248576014026,0.148828165556236,0,0.102133567485376,0.0604992542911529,0
34.71,10,1.35875089213236,-1.90984515214075,-1,0.25226991168888,0.149433158099148,0,0.102133567485376,0.0604992542911529,0
34.72,10,1.36127869792763,-1.90834779559704,-1,0.253291247363733,0.150038150642059,0,0.102133567485376,0.0604992542911529,0
34.73,10,1.36381671707964,-1.90684438912791,-1,0.254312583038587,0.150643143184971,0,0.102133567485376,0.0604992542911529,0
34.74,10,1.3663649495884,-1.90533493273334,-1,0.255333918713441,0.151248135727882,0,0.102133567485376,0.0604992542911529,0
34.75,10,1.36892339545391,-1.90381942641335,-1,0.256355254388295,0.151853128270794,0,0.102133567485376,0.0604992542911529,0
34.76,10,1.37149205467617,-1.90229787016793,-1,0.257376590063149,0.152458120813705,0,0.102133567485376,0.0604992542911529,0
34.77,10,1.37407092725517,-1.90077026399708,-1,0.258397925738002,0.153063113356617,0,0.102133567485376,0.0604992542911529,0
34.78,10,1.37666001319093,-1.89923660790079,-1,0.259419261412856,0.153668105899528,0,0.102133567485376,0.0604992542911529,0
34.79,10,1.37925931248343,-1.89769690187908,-1,0.26044059708771,0.15427309844244,0,0.102133567485376,0.0604992542911529,0
34.8,10,1.38186882513268,-1.89615114593195,-1,0.261461932762564,0.154878090985351,0,0.102133567485376,0.0604992542911529,0
34.81,10,1.38448855113868,-1.89459934005938,-1,0.262483268437417,0.155483083528263,0,0.102133567485376,0.0604992542911529,0
34.82,10,1.38711849050143,-1.89304148426138,-1,0.263504604112271,0.156088076071174,0,0.102133567485376,0.0604992542911529,0
34.83,10,1.38975864322092,-1.89147757853795,-1,0.264525939787125,0.156693068614086,0,0.102133567485376,0.0604992542911529,0
34.84,10,1.39240900929717,-1.8899076228891,-1,0.265547275461979,0.157298061156998,0,0.102133567485376,0.0604992542911529,0
34.85,10,1.39506958873016,-1.88833161731481,-1,0.266568611136832,0.157903053699909,0,0.102133567485376,0.0604992542911529,0
34.86,10,1.39774038151991,-1.8867495618151,-1,0.267589946811686,0.158508046242821,0,0.102133567485376,0.0604992542911529,0
34.87,10,1.4004213876664,-1.88516145638996,-1,0.26861128248654,0.159113038785732,0,0.102133567485376,0.0604992542911529,0
34.88,10,1.40311260716964,-1.88356730103939,-1,0.269632618161394,0.159718031328644,0,0.102133567485376,0.0604992542911529,0
34.89,10,1.40581404002963,-1.88196709576339,-1,0.270653953836247,0.160323023871555,0,0.102133567485376,0.0604992542911529,0
34.9,10,1.40852568624636,-1.88036084056195,-1,0.271675289511101,0.160928016414467,0,0.102133567485376,0.0604992542911529,0
34.91,10,1.41124754581985,-1.8787485354351,-1,0.272696625185955,0.161533008957378,0,0.102133567485376,0.0604992542911529,0
34.92,10,1.41397961875008,-1.87713018038281,-1,0.273717960860809,0.16213800150029,0,0.102133567485376,0.0604992542911529,0
34.93,10,1.41672190503706,-1.87550577540509,-1,0.274739296535663,0.162742994043201,0,0.102133567485376,0.0604992542911529,0
34.94,10,1.41947440468079,-1.87387532050194,-1,0.275760632210516,0.163347986586113,0,0.102133567485376,0.0604992542911529,0
34.95,10,1.42223711768127,-1.87223881567337,-1,0.27678196788537,0.163952979129024,0,0.102133567485376,0.0604992542911529,0
34.96,10,1.4250100440385,-1.87059626091936,-1,0.277803303560224,0.164557971671936,0,0.102133567485376,0.0604992542911529,0
34.97,10,1.42779318375248,-1.86894765623993,-1,0.278824639235078,0.165162964214847,0,0.102133567485376,0.0604992542911529,0
34.98,10,1.4305865368232,-1.86729300163507,-1,0.279845974909931,0.165767956757759,0,0.102133567485376,0.0604992542911529,0
34.99,10,1.43339010325068,-1.86563229710477,-1,0.280867310584785,0.16637294930067,0,0.102133567485376,0.0604992542911529,0
35,10,1.4362038830349,-1.86396554264905,-1,0.281888646259639,0.166977941843582,0,0.102133567485376,0.0604992542911529,0
35.01,10,1.43902787617587,-1.8622927382679,-1,0.282909981934493,0.167582934386493,0,0.102133567485376,0.0604992542911529,0
35.02,10,1.44186208267359,-1.86061388396132,-1,0.283931317609346,0.168187926929405,0,0.102133567485376,0.0604992542911529,0
35.03,10,1.44470650252806,-1.85892897972931,-1,0.2849526532842,0.168792919472317,0,0.102133567485376,0.0604992542911529,0
35.04,10,1.44756113573927,-1.85723802557188,-1,0.285973988959054,0.169397912015228,0,0.102133567485376,0.0604992542911529,0
35.05,10,1.45042598230724,-1.85554102148901,-1,0.286995324633908,0.17000290455814,0,0.102133567485376,0.0604992542911529,0
35.06,10,1.45330104223195,-1.85383796748071,-1,0.288016660308761,0.170607897101051,0,0.102133567485376,0.0604992542911529,0
35.07,10,1.45618631551341,-1.85212886354699,-1,0.289037995983615,0.171212889643963,0,0.102133567485376,0.0604992542911529,0
35.08,10,1.45908180215162,-1.85041370968783,-1,0.290059331658469,0.171817882186874,0,0.102133567485376,0.0604992542911529,0
35.09,10,1.46198750214658,-1.84869250590325,-1,0.291080667333323,0.172422874729786,0,0.102133567485376,0.0604992542911529,0
35.1,10,1.46490341549829,-1.84696525219324,-1,0.292102003008177,0.173027867272697,0,0.102133567485376,0.0604992542911529,0
35.11,10,1.46782954220675,-1.8452319485578,-1,0.29312333868303,0.173632859815609,0,0.102133567485376,0.0604992542911529,0
35.12,10,1.47076588227195,-1.84349259499693,-1,0.294144674357884,0.17423785235852,0,0.102133567485376,0.0604992542911529,0
35.13,10,1.4737124356939,-1.84174719151063,-1,0.295166010032738,0.174842844901432,0,0.102133567485376,0.0604992542911529,0
35.14,10,1.47666920247261,-1.8399957380989,-1,0.296187345707592,0.175447837444343,0,0.102133567485376,0.0604992542911529,0
35.15,10,1.47963618260806,-1.83823823476174,-1,0.297208681382445,0.176052829987255,0,0.102133567485376,0.0604992542911529,0
35.16,10,1.48261337610025,-1.83647468149915,-1,0.298230017057299,0.176657822530166,0,0.102133567485376,0.0604992542911529,0
35.17,10,1.4856007829492,-1.83470507831114,-1,0.299251352732153,0.177262815073078,0,0.102133567485376,0.0604992542911529,0
35.18,10,1.4885984031549,-1.83292942519769,-1,0.300272688407007,0.177867807615989,0,0.102133567485376,0.0604992542911529,0
35.19,10,1.49160623671734,-1.83114772215882,-1,0.30129402408186,0.178472800158901,0,0.102133567485376,0.0604992542911529,0
35.2,10,1.49462428363653,-1.82935996919451,-1,0.302315359756714,0.179077792701813,0,0.102133567485376,0.0604992542911529,0
35.21,10,1.49765254391248,-1.82756616630478,-1,0.303336695431568,0.179682785244724,0,0.102133567485376,0.0604992542911529,0
35.22,10,1.50069101754517,-1.82576631348962,-1,0.304358031106422,0.180287777787636,0,0.102133567485376,0.0604992542911529,0
35.23,10,1.5037397045346,-1.82396041074903,-1,0.305379366781275,0.180892770330547,0,0.102133567485376,0.0604992542911529,0
35.24,10,1.50679860488079,-1.82214845808301,-1,0.306400702456129,0.181497762873459,0,0.102133567485376,0.0604992542911529,0
35.25,10,1.50986771858373,-1.82033045549156,-1,0.307422038130983,0.18210275541637,0,0.102133567485376,0.0604992542911529,0
35.26,10,1.51294704564341,-1.81850640297468,-1,0.308443373805837,0.182707747959282,0,0.102133567485376,0.0604992542911529,0
35.27,10,1.51603658605984,-1.81667630053237,-1,0.30946470948069,0.183312740502193,0,0.102133567485376,0.0604992542911529,0
35.28,10,1.51913633983303,-1.81484014816464,-1,0.310486045155544,0.183917733045105,0,0.102133567485376,0.0604992542911529,0
35.29,10,1.52224630696296,-1.81299794587147,-1,0.311507380830398,0.184522725588016,0,0.102133567485376,0.0604992542911529,0
35.3,10,1.52536648744963,-1.81114969365288,-1,0.312528716505252,0.185127718130928,0,0.102133567485376,0.0604992542911529,0
35.31,10,1.52849688129306,-1.80929539150885,-1,0.313550052180106,0.185732710673839,0,0.102133567485376,0.0604992542911529,0
35.32,10,1.53163748849324,-1.8074350394394,-1,0.314571387854959,0.186337703216751,0,0.102133567485376,0.0604992542911529,0
35.33,10,1.53478830905016,-1.80556863744452,-1,0.315592723529813,0.186942695759662,0,0.102133567485376,0.0604992542911529,0
35.34,10,1.53794934296383,-1.80369618552421,-1,0.316614059204667,0.187547688302574,0,0.102133567485376,0.0604992542911529,0
35.35,10,1.54112059023425,-1.80181768367847,-1,0.317635394879521,0.188152680845485,0,0.102133567485376,0.0604992542911529,0
35.36,10,1.54430205086142,-1.7999331319073,-1,0.318656730554374,0.188757673388397,0,0.102133567485376,0.0604992542911529,0
35.37,10,1.54749372484534,-1.7980425302107,-1,0.319678066229228,0.189362665931309,0,0.102133567485376,0.0604992542911529,0
35.38,10,1.55069561218601,-1.79614587858867,-1,0.320699401904082,0.18996765847422,0,0.102133567485376,0.0604992542911529,0
35.39,10,1.55390771288342,-1.79424317704121,-1,0.321720737578936,0.190572651017132,0,0.102133567485376,0.0604992542911529,0
35.4,10,1.55713002693759,-1.79233442556833,-1,0.322742073253789,0.191177643560043,0,0.102133567485376,0.0604992542911529,0
35.41,10,1.5603625543485,-1.79041962417001,-1,0.323763408928643,0.191782636102955,0,0.102133567485376,0.0604992542911529,0
35.42,10,1.56360529511616,-1.78849877284627,-1,0.324784744603497,0.192387628645866,0,0.102133567485376,0.0604992542911529,0
35.43,10,1.56685824924057,-1.7865718715971,-1,0.325806080278351,0.192992621188778,0,0.102133567485376,0.0604992542911529,0
35.44,10,1.57012141672173,-1.78463892042249,-1,0.326827415953205,0.193597613731689,0,0.102133567485376,0.0604992542911529,0
35.45,10,1.57339479755963,-1.78269991932246,-1,0.327848751628058,0.194202606274601,0,0.102133567485376,0.0604992542911529,0
35.46,10,1.57667839175429,-1.780754868297,-1,0.328870087302912,0.194807598817512,0,0.102133567485376,0.0604992542911529,0
35.47,10,1.57997219930569,-1.77880376734611,-1,0.329891422977766,0.195412591360424,0,0.102133567485376,0.0604992542911529,0
35.48,10,1.58327622021384,-1.77684661646979,-1,0.33091275865262,0.196017583903335,0,0.102133567485376,0.0604992542911529,0
35.49,10,1.58659045447874,-1.77488341566804,-1,0.331934094327473,0.196622576446247,0,0.102133567485376,0.0604992542911529,0
35.5,10,1.58991490210039,-1.77291416494087,-1,0.332955430002327,0.197227568989158,0,0.102133567485376,0.0604992542911529,0
35.51,10,1.59324956307879,-1.77093886428826,-1,0.333976765677181,0.19783256153207,0,0.102133567485376,0.0604992542911529,0
35.52,10,1.59659443741393,-1.76895751371023,-1,0.334998101352035,0.198437554074981,0,0.102133567485376,0.0604992542911529,0
35.53,10,1.59994952510583,-1.76697011320676,-1,0.336019437026888,0.199042546617893,0,0.102133567485376,0.0604992542911529,0
35.54,10,1.60331482615447,-1.76497666277787,-1,0.337040772701742,0.199647539160805,0,0.102133567485376,0.0604992542911529,0
35.55,10,1.60669034055986,-1.76297716242355,-1,0.338062108376596,0.200252531703716,0,0.102133567485376,0.0604992542911529,0
35.56,10,1.610076068322,-1.76097161214379,-1,0.33908344405145,0.200857524246628,0,0.102133567485376,0.0604992542911529,0
35.57,10,1.61347200944089,-1.75896001193861,-1,0.340104779726303,0.201462516789539,0,0.102133567485376,0.0604992542911529,0
35.58,10,1.61687816391653,-1.756942361808,-1,0.341126115401157,0.202067509332451,0,0.102133567485376,0.0604992542911529,0
35.59,10,1.62029453174892,-1.75491866175196,-1,0.342147451076011,0.202672501875362,0,0.102133567485376,0.0604992542911529,0
35.6,10,1.62372111293805,-1.7528889117705,-1,0.343168786750865,0.203277494418274,0,0.102133567485376,0.0604992542911529,0
35.61,10,1.62715790748393,-1.7508531118636,-1,0.344190122425719,0.203882486961185,0,0.102133567485376,0.0604992542911529,0
35.62,10,1.63060491538656,-1.74881126203127,-1,0.345211458100572,0.204487479504097,0,0.102133567485376,0.0604992542911529,0
35.63,10,1.63406213664594,-1.74676336227352,-1,0.346232793775426,0.205092472047008,0,0.102133567485376,0.0604992542911529,0
35.64,10,1.63752957126207,-1.74470941259033,-1,0.34725412945028,0.20569746458992,0,0.102133567485376,0.0604992542911529,0
35.65,10,1.64100721923495,-1.74264941298172,-1,0.348275465125134,0.206302457132831,0,0.102133567485376,0.0604992542911529,0
35.66,10,1.64449421805955,-1.7405838743562,-1,0.348703199200013,0.206555827236336,0,-0.102133567485376,-0.0604992542911529,-0
35.67,10,1.64797614337318,-1.73852134104655,-1,0.347681863525159,0.205950834693425,0,-0.102133567485376,-0.0604992542911529,-0
35.68,10,1.65144785533006,-1.73646485766234,-1,0.346660527850305,0.205345842150513,0,-0.102133567485376,-0.0604992542911529,-0
35.69,10,1.65490935393019,-1.73441442420354,-1,0.345639192175451,0.204740849607602,0,-0.102133567485376,-0.0604992542911529,-0
35.7,10,1.65836063917357,-1.73237004067018,-1,0.344617856500598,0.20413585706469,0,-0.102133567485376,-0.0604992542911529,-0
35.71,10,1.6618017110602,-1.73033170706225,-1,0.343596520825744,0.203530864521779,0,-0.102133567485376,-0.0604992542911529,-0
35.72,10,1.66523256959008,-1.72829942337975,-1,0.34257518515089,0.202925871978867,0,-0.102133567485376,-0.0604992542911529,-0
35.73,10,1.66865321476322,-1.72627318962267,-1,0.341553849476036,0.202320879435956,0,-0.102133567485376,-0.0604992542911529,-0
35.74,10,1.6720636465796,-1.72425300579103,-1,0.340532513801182,0.201715886893044,0,-0.102133567485376,-0.0604992542911529,-0
35.75,10,1.67546386503924,-1.72223887188481,-1,0.339511178126329,0.201110894350133,0,-0.102133567485376,-0.0604992542911529,-0
35.76,10,1.67885387014213,-1.72023078790403,-1,0.338489842451475,0.200505901807221,0,-0.102133567485376,-0.0604992542911529,-0
35.77,10,1.68223366188827,-1.71822875384867,-1,0.337468506776621,0.19990090926431,0,-0.102133567485376,-0.0604992542911529,-0
35.78,10,1.68560324027766,-1.71623276971874,-1,0.336447171101767,0.199295916721398,0,-0.102133567485376,-0.0604992542911529,-0
35.79,10,1.6889626053103,-1.71424283551424,-1,0.335425835426914,0.198690924178486,0,-0.102133567485376,-0.0604992542911529,-0
35.8,10,1.6923117569862,-1.71225895123517,-1,0.33440449975206,0.198085931635575,0,-0.102133567485376,-0.0604992542911529,-0
35.81,10,1.69565069530535,-1.71028111688153,-1,0.333383164077206,0.197480939092663,0,-0.102133567485376,-0.0604992542911529,-0
35.82,10,1.69897942026774,-1.70830933245332,-1,0.332361828402352,0.196875946549752,0,-0.102133567485376,-0.0604992542911529,-0
35.83,10,1.70229793187339,-1.70634359795053,-1,0.331340492727499,0.19627095400684,0,-0.102133567485376,-0.0604992542911529,-0
35.84,10,1.70560623012229,-1.70438391337318,-1,0.330319157052645,0.195665961463929,0,-0.102133567485376,-0.0604992542911529,-0
35.85,10,1.70890431501445,-1.70243027872126,-1,0.329297821377791,0.195060968921017,0,-0.102133567485376,-0.0604992542911529,-0
35.86,10,1.71219218654985,-1.70048269399476,-1,0.328276485702937,0.194455976378106,0,-0.102133567485376,-0.0604992542911529,-0
35.87,10,1.7154698447285,-1.69854115919369,-1,0.327255150028084,0.193850983835194,0,-0.102133567485376,-0.0604992542911529,-0
35.88,10,1.71873728955041,-1.69660567431806,-1,0.32623381435323,0.193245991292283,0,-0.102133567485376,-0.0604992542911529,-0
35.89,10,1.72199452101557,-1.69467623936785,-1,0.325212478678376,0.192640998749371,0,-0.102133567485376,-0.0604992542911529,-0
35.9,10,1.72524153912398,-1.69275285434307,-1,0.324191143003522,0.19203600620646,0,-0.102133567485376,-0.0604992542911529,-0
35.91,10,1.72847834387564,-1.69083551924372,-1,0.323169807328669,0.191431013663548,0,-0.102133567485376,-0.0604992542911529,-0
35.92,10,1.73170493527055,-1.6889242340698,-1,0.322148471653815,0.190826021120637,0,-0.102133567485376,-0.0604992542911529,-0
35.93,10,1.73492131330872,-1.68701899882131,-1,0.321127135978961,0.190221028577725,0,-0.102133567485376,-0.0604992542911529,-0
35.94,10,1.73812747799013,-1.68511981349824,-1,0.320105800304107,0.189616036034814,0,-0.102133567485376,-0.0604992542911529,-0
35.95,10,1.7413234293148,-1.68322667810061,-1,0.319084464629253,0.189011043491902,0,-0.102133567485376,-0.0604992542911529,-0
35.96,10,1.74450916728272,-1.6813395926284,-1,0.3180631289544,0.18840605094899,0,-0.102133567485376,-0.0604992542911529,-0
35.97,10,1.74768469189389,-1.67945855708163,-1,0.317041793279546,0.187801058406079,0,-0.102133567485376,-0.0604992542911529,-0
35.98,10,1.75085000314831,-1.67758357146028,-1,0.316020457604692,0.187196065863167,0,-0.102133567485376,-0.0604992542911529,-0
35.99,10,1.75400510104598,-1.67571463576437,-1,0.314999121929838,0.186591073320256,0,-0.102133567485376,-0.0604992542911529,-0
36,10,1.7571499855869,-1.67385174999388,-1,0.313977786254985,0.185986080777344,0,-0.102133567485376,-0.0604992542911529,-0
36.01,10,1.76028465677108,-1.67199491414882,-1,0.312956450580131,0.185381088234433,0,-0.102133567485376,-0.0604992542911529,-0
36.02,10,1.76340911459851,-1.67014412822919,-1,0.311935114905277,0.184776095691521,0,-0.102133567485376,-0.0604992542911529,-0
36.03,10,1.76652335906918,-1.66829939223499,-1,0.310913779230423,0.18417110314861,0,-0.102133567485376,-0.0604992542911529,-0
36.04,10,1.76962739018311,-1.66646070616622,-1,0.30989244355557,0.183566110605698,0,-0.102133567485376,-0.0604992542911529,-0
36.05,10,1.7727212079403,-1.66462807002287,-1,0.308871107880716,0.182961118062787,0,-0.102133567485376,-0.0604992542911529,-0
36.06,10,1.77580481234073,-1.66280148380496,-1,0.307849772205862,0.182356125519875,0,-0.102133567485376,-0.0604992542911529,-0
36.07,10,1.77887820338441,-1.66098094751248,-1,0.306828436531008,0.181751132976964,0,-0.102133567485376,-0.0604992542911529,-0
36.08,10,1.78194138107135,-1.65916646114542,-1,0.305807100856155,0.181146140434052,0,-0.102133567485376,-0.0604992542911529,-0
36.09,10,1.78499434540154,-1.6573580247038,-1,0.304785765181301,0.180541147891141,0,-0.102133567485376,-0.0604992542911529,-0
36.1,10,1.78803709637498,-1.6555556381876,-1,0.303764429506447,0.179936155348229,0,-0.102133567485376,-0.0604992542911529,-0
36.11,10,1.79106963399167,-1.65375930159683,-1,0.302743093831593,0.179331162805317,0,-0.102133567485376,-0.0604992542911529,-0
36.12,10,1.79409195825161,-1.65196901493149,-1,0.301721758156739,0.178726170262406,0,-0.102133567485376,-0.0604992542911529,-0
36.13,10,1.7971040691548,-1.65018477819158,-1,0.300700422481886,0.178121177719494,0,-0.102133567485376,-0.0604992542911529,-0
36.14,10,1.80010596670124,-1.6484065913771,-1,0.299679086807032,0.177516185176583,0,-0.102133567485376,-0.0604992542911529,-0
36.15,10,1.80309765089094,-1.64663445448805,-1,0.298657751132178,0.176911192633671,0,-0.102133567485376,-0.0604992542911529,-0
36.16,10,1.80607912172389,-1.64486836752443,-1,0.297636415457324,0.17630620009076,0,-0.102133567485376,-0.0604992542911529,-0
36.17,10,1.80905037920009,-1.64310833048624,-1,0.296615079782471,0.175701207547848,0,-0.102133567485376,-0.0604992542911529,-0
36.18,10,1.81201142331954,-1.64135434337347,-1,0.295593744107617,0.175096215004937,0,-0.102133567485376,-0.0604992542911529,-0
36.19,10,1.81496225408224,-1.63960640618614,-1,0.294572408432763,0.174491222462025,0,-0.102133567485376,-0.0604992542911529,-0
36.2,10,1.81790287148819,-1.63786451892423,-1,0.293551072757909,0.173886229919114,0,-0.102133567485376,-0.0604992542911529,-0
36.21,10,1.8208332755374,-1.63612868158776,-1,0.292529737083056,0.173281237376202,0,-0.102133567485376,-0.0604992542911529,-0
36.22,10,1.82375346622985,-1.63439889417671,-1,0.291508401408202,0.172676244833291,0,-0.102133567485376,-0.0604992542911529,-0
36.23,10,1.82666344356556,-1.63267515669109,-1,0.290487065733348,0.172071252290379,0,-0.102133567485376,-0.0604992542911529,-0
36.24,10,1.82956320754452,-1.6309574691309,-1,0.289465730058494,0.171466259747468,0,-0.102133567485376,-0.0604992542911529,-0
36.25,10,1.83245275816673,-1.62924583149614,-1,0.288444394383641,0.170861267204556,0,-0.102133567485376,-0.0604992542911529,-0
36.26,10,1.83533209543219,-1.62754024378681,-1,0.287423058708787,0.170256274661645,0,-0.102133567485376,-0.0604992542911529,-0
36.27,10,1.83820121934091,-1.62584070600291,-1,0.286401723033933,0.169651282118733,0,-0.102133567485376,-0.0604992542911529,-0
36.28,10,1.84106012989287,-1.62414721814443,-1,0.285380387359079,0.169046289575822,0,-0.102133567485376,-0.0604992542911529,-0
36.29,10,1.84390882708809,-1.62245978021139,-1,0.284359051684225,0.16844129703291,0,-0.102133567485376,-0.0604992542911529,-0
36.3,10,1.84674731092656,-1.62077839220378,-1,0.283337716009372,0.167836304489998,0,-0.102133567485376,-0.0604992542911529,-0
36.31,10,1.84957558140828,-1.61910305412159,-1,0.282316380334518,0.167231311947087,0,-0.102133567485376,-0.0604992542911529,-0
36.32,10,1.85239363853325,-1.61743376596483,-1,0.281295044659664,0.166626319404175,0,-0.102133567485376,-0.0604992542911529,-0
36.33,10,1.85520148230147,-1.61577052773351,-1,0.28027370898481,0.166021326861264,0,-0.102133567485376,-0.0604992542911529,-0
36.34,10,1.85799911271294,-1.61411333942761,-1,0.279252373309957,0.165416334318352,0,-0.102133567485376,-0.0604992542911529,-0
36.35,10,1.86078652976767,-1.61246220104714,-1,0.278231037635103,0.164811341775441,0,-0.102133567485376,-0.0604992542911529,-0
36.36,10,1.86356373346565,-1.6108171125921,-1,0.277209701960249,0.164206349232529,0,-0.102133567485376,-0.0604992542911529,-0
36.37,10,1.86633072380687,-1.60917807406249,-1,0.276188366285395,0.163601356689618,0,-0.102133567485376,-0.0604992542911529,-0
36.38,10,1.86908750079135,-1.60754508545831,-1,0.275167030610542,0.162996364146706,0,-0.102133567485376,-0.0604992542911529,-0
36.39,10,1.87183406441908,-1.60591814677956,-1,0.274145694935688,0.162391371603795,0,-0.102133567485376,-0.0604992542911529,-0
36.4,10,1.87457041469007,-1.60429725802623,-1,0.273124359260834,0.161786379060883,0,-0.102133567485376,-0.0604992542911529,-0
36.41,10,1.8772965516043,-1.60268241919834,-1,0.27210302358598,0.161181386517972,0,-0.102133567485376,-0.0604992542911529,-0
36.42,10,1.88001247516179,-1.60107363029587,-1,0.271081687911127,0.16057639397506,0,-0.102133567485376,-0.0604992542911529,-0
36.43,10,1.88271818536252,-1.59947089131884,-1,0.270060352236273,0.159971401432149,0,-0.102133567485376,-0.0604992542911529,-0
36.44,10,1.88541368220651,-1.59787420226723,-1,0.269039016561419,0.159366408889237,0,-0.102133567485376,-0.0604992542911529,-0
36.45,10,1.88809896569375,-1.59628356314105,-1,0.268017680886565,0.158761416346326,0,-0.102133567485376,-0.0604992542911529,-0
36.46,10,1.89077403582424,-1.5946989739403,-1,0.266996345211711,0.158156423803414,0,-0.102133567485376,-0.0604992542911529,-0
36.47,10,1.89343889259799,-1.59312043466498,-1,0.265975009536858,0.157551431260502,0,-0.102133567485376,-0.0604992542911529,-0
36.48,10,1.89609353601498,-1.59154794531509,-1,0.264953673862004,0.156946438717591,0,-0.102133567485376,-0.0604992542911529,-0
36.49,10,1.89873796607523,-1.58998150589063,-1,0.26393233818715,0.156341446174679,0,-0.102133567485376,-0.0604992542911529,-0
36.5,10,1.90137218277872,-1.5884211163916,-1,0.262911002512296,0.155736453631768,0,-0.102133567485376,-0.0604992542911529,-0
36.51,10,1.90399618612547,-1.586866776818,-1,0.261889666837443,0.155131461088856,0,-0.102133567485376,-0.0604992542911529,-0
36.52,10,1.90660997611547,-1.58531848716982,-1,0.260868331162589,0.154526468545945,0,-0.102133567485376,-0.0604992542911529,-0
36.53,10,1.90921355274872,-1.58377624744708,-1,0.259846995487735,0.153921476003033,0,-0.102133567485376,-0.0604992542911529,-0
36.54,10,1.91180691602523,-1.58224005764976,-1,0.258825659812881,0.153316483460122,0,-0.102133567485376,-0.0604992542911529,-0
36.55,10,1.91439006594498,-1.58070991777788,-1,0.257804324138028,0.15271149091721,0,-0.102133567485376,-0.0604992542911529,-0
36.56,10,1.91696300250799,-1.57918582783142,-1,0.256782988463174,0.152106498374299,0,-0.102133567485376,-0.0604992542911529,-0
36.57,10,1.91952572571425,-1.57766778781039,-1,0.25576165278832,0.151501505831387,0,-0.102133567485376,-0.0604992542911529,-0
36.58,10,1.92207823556375,-1.57615579771479,-1,0.254740317113466,0.150896513288476,0,-0.102133567485376,-0.0604992542911529,-0
36.59,10,1.92462053205651,-1.57464985754462,-1,0.253718981438613,0.150291520745564,0,-0.102133567485376,-0.0604992542911529,-0
36.6,10,1.92715261519253,-1.57314996729988,-1,0.252697645763759,0.149686528202653,0,-0.102133567485376,-0.0604992542911529,-0
36.61,10,1.92967448497179,-1.57165612698057,-1,0.251676310088905,0.149081535659741,0,-0.102133567485376,-0.0604992542911529,-0
36.62,10,1.9321861413943,-1.57016833658668,-1,0.250654974414051,0.14847654311683,0,-0.102133567485376,-0.0604992542911529,-0
36.63,10,1.93468758446007,-1.56868659611823,-1,0.249633638739197,0.147871550573918,0,-0.102133567485376,-0.0604992542911529,-0
36.64,10,1.93717881416909,-1.56721090557521,-1,0.248612303064344,0.147266558031006,0,-0.102133567485376,-0.0604992542911529,-0
36.65,10,1.93965983052136,-1.56574126495761,-1,0.24759096738949,0.146661565488095,0,-0.102133567485376,-0.0604992542911529,-0
36.66,10,1.94213063351688,-1.56427767426544,-1,0.246569631714636,0.146056572945183,0,-0.102133567485376,-0.0604992542911529,-0
36.67,10,1.94459122315565,-1.56282013349871,-1,0.245548296039782,0.145451580402272,0,-0.102133567485376,-0.0604992542911529,-0
36.68,10,1.94704159943767,-1.5613686426574,-1,0.244526960364929,0.14484658785936,0,-0.102133567485376,-0.0604992542911529,-0
36.69,10,1.94948176236295,-1.55992320174152,-1,0.243505624690075,0.144241595316449,0,-0.102133567485376,-0.0604992542911529,-0
36.7,10,1.95191171193148,-1.55848381075107,-1,0.242484289015221,0.143636602773537,0,-0.102133567485376,-0.0604992542911529,-0
36.71,10,1.95433144814325,-1.55705046968605,-1,0.241462953340367,0.143031610230626,0,-0.102133567485376,-0.0604992542911529,-0
36.72,10,1.95674097099828,-1.55562317854646,-1,0.240441617665514,0.142426617687714,0,-0.102133567485376,-0.0604992542911529,-0
36.73,10,1.95914028049656,-1.55420193733229,-1,0.23942028199066,0.141821625144803,0,-0.102133567485376,-0.0604992542911529,-0
36.74,10,1.9615293766381,-1.55278674604356,-1,0.238398946315806,0.141216632601891,0,-0.102133567485376,-0.0604992542911529,-0
36.75,10,1.96390825942288,-1.55137760468026,-1,0.237377610640952,0.14061164005898,0,-0.102133567485376,-0.0604992542911529,-0
36.76,10,1.96627692885092,-1.54997451324238,-1,0.236356274966099,0.140006647516068,0,-0.102133567485376,-0.0604992542911529,-0
36.77,10,1.9686353849222,-1.54857747172994,-1,0.235334939291245,0.139401654973157,0,-0.102133567485376,-0.0604992542911529,-0
36.78,10,1.97098362763674,-1.54718648014292,-1,0.234313603616391,0.138796662430245,0,-0.102133567485376,-0.0604992542911529,-0
36.79,10,1.97332165699453,-1.54580153848133,-1,0.233292267941537,0.138191669887334,0,-0.102133567485376,-0.0604992542911529,-0
36.8,10,1.97564947299557,-1.54442264674517,-1,0.232270932266683,0.137586677344422,0,-0.102133567485376,-0.0604992542911529,-0
36.81,10,1.97796707563986,-1.54304980493444,-1,0.23124959659183,0.13698168480151,0,-0.102133567485376,-0.0604992542911529,-0
36.82,10,1.98027446492741,-1.54168301304914,-1,0.230228260916976,0.136376692258599,0,-0.102133567485376,-0.0604992542911529,-0
36.83,10,1.9825716408582,-1.54032227108927,-1,0.229206925242122,0.135771699715687,0,-0.102133567485376,-0.0604992542911529,-0
36.84,10,1.98485860343225,-1.53896757905483,-1,0.228185589567268,0.135166707172776,0,-0.102133567485376,-0.0604992542911529,-0
36.85,10,1.98713535264955,-1.53761893694581,-1,0.227164253892415,0.134561714629864,0,-0.102133567485376,-0.0604992542911529,-0
36.86,10,1.9894018885101,-1.53627634476223,-1,0.226142918217561,0.133956722086953,0,-0.102133567485376,-0.0604992542911529,-0
36.87,10,1.9916582110139,-1.53493980250408,-1,0.225121582542707,0.133351729544041,0,-0.102133567485376,-0.0604992542911529,-0
36.88,10,1.99390432016095,-1.53360931017135,-1,0.224100246867853,0.13274673700113,0,-0.102133567485376,-0.0604992542911529,-0
36.89,10,1.99614021595126,-1.53228486776405,-1,0.223078911193,0.132141744458218,0,-0.102133567485376,-0.0604992542911529,-0
36.9,10,1.99836589838481,-1.53096647528218,-1,0.222057575518146,0.131536751915307,0,-0.102133567485376,-0.0604992542911529,-0
36.91,10,2.00058136746162,-1.52965413272575,-1,0.221036239843292,0.130931759372395,0,-0.102133567485376,-0.0604992542911529,-0
36.92,10,2.00278662318168,-1.52834784009474,-1,0.220014904168438,0.130326766829484,0,-0.102133567485376,-0.0604992542911529,-0
36.93,10,2.00498166554499,-1.52704759738916,-1,0.218993568493585,0.129721774286572,0,-0.102133567485376,-0.0604992542911529,-0
36.94,10,2.00716649455155,-1.52575340460901,-1,0.217972232818731,0.129116781743661,0,-0.102133567485376,-0.0604992542911529,-0
36.95,10,2.00934111020136,-1.52446526175428,-1,0.216950897143877,0.128511789200749,0,-0.102133567485376,-0.0604992542911529,-0
36.96,10,2.01150551249443,-1.52318316882499,-1,0.215929561469023,0.127906796657838,0,-0.102133567485376,-0.0604992542911529,-0
36.97,10,2.01365970143074,-1.52190712582113,-1,0.214908225794169,0.127301804114926,0,-0.102133567485376,-0.0604992542911529,-0
36.98,10,2.01580367701031,-1.52063713274269,-1,0.213886890119316,0.126696811572014,0,-0.102133567485376,-0.0604992542911529,-0
36.99,10,2.01793743923313,-1.51937318958969,-1,0.212865554444462,0.126091819029103,0,-0.102133567485376,-0.0604992542911529,-0
37,10,2.0200609880992,-1.51811529636211,-1,0.211844218769608,0.125486826486191,0,-0.102133567485376,-0.0604992542911529,-0
37.01,10,2.02217432360852,-1.51686345305996,-1,0.210822883094754,0.12488183394328,0,-0.102133567485376,-0.0604992542911529,-0
37.02,10,2.0242774457611,-1.51561765968324,-1,0.209801547419901,0.124276841400368,0,-0.102133567485376,-0.0604992542911529,-0
37.03,10,2.02637035455692,-1.51437791623196,-1,0.208780211745047,0.123671848857457,0,-0.102133567485376,-0.0604992542911529,-0
37.04,10,2.028453049996,-1.5131442227061,-1,0.207758876070193,0.123066856314545,0,-0.102133567485376,-0.0604992542911529,-0
37.05,10,2.03052553207832,-1.51191657910566,-1,0.206737540395339,0.122461863771634,0,-0.102133567485376,-0.0604992542911529,-0
37.06,10,2.0325878008039,-1.51069498543066,-1,0.205716204720486,0.121856871228722,0,-0.102133567485376,-0.0604992542911529,-0
37.07,10,2.03463985617273,-1.50947944168109,-1,0.204694869045632,0.121251878685811,0,-0.102133567485376,-0.0604992542911529,-0
37.08,10,2.03668169818482,-1.50826994785695,-1,0.203673533370778,0.120646886142899,0,-0.102133567485376,-0.0604992542911529,-0
37.09,10,2.03871332684015,-1.50706650395823,-1,0.202652197695924,0.120041893599988,0,-0.102133567485376,-0.0604992542911529,-0
37.1,10,2.04073474213873,-1.50586910998495,-1,0.201630862021071,0.119436901057076,0,-0.102133567485376,-0.0604992542911529,-0
37.11,10,2.04274594408057,-1.50467776593709,-1,0.200609526346217,0.118831908514165,0,-0.102133567485376,-0.0604992542911529,-0
37.12,10,2.04474693266566,-1.50349247181466,-1,0.199588190671363,0.118226915971253,0,-0.102133567485376,-0.0604992542911529,-0
37.13,10,2.046737707894,-1.50231322761767,-1,0.198566854996509,0.117621923428342,0,-0.102133567485376,-0.0604992542911529,-0
37.14,10,2.04871826976559,-1.5011400333461,-1,0.197545519321655,0.11701693088543,0,-0.102133567485376,-0.0604992542911529,-0
37.15,10,2.05068861828043,-1.49997288899996,-1,0.196524183646802,0.116411938342518,0,-0.102133567485376,-0.0604992542911529,-0
37.16,10,2.05264875343852,-1.49881179457925,-1,0.195502847971948,0.115806945799607,0,-0.102133567485376,-0.0604992542911529,-0
37.17,10,2.05459867523987,-1.49765675008396,-1,0.194481512297094,0.115201953256695,0,-0.102133567485376,-0.0604992542911529,-0
37.18,10,2.05653838368447,-1.49650775551411,-1,0.193460176622241,0.114596960713784,0,-0.102133567485376,-0.0604992542911529,-0
37.19,10,2.05846787877231,-1.49536481086969,-1,0.192438840947387,0.113991968170872,0,-0.102133567485376,-0.0604992542911529,-0
37.2,10,2.06038716050341,-1.49422791615069,-1,0.191417505272533,0.113386975627961,0,-0.102133567485376,-0.0604992542911529,-0
37.21,10,2.06229622887777,-1.49309707135713,-1,0.190396169597679,0.112781983085049,0,-0.102133567485376,-0.0604992542911529,-0
37.22,10,2.06419508389537,-1.49197227648899,-1,0.189374833922825,0.112176990542138,0,-0.102133567485376,-0.0604992542911529,-0
37.23,10,2.06608372555622,-1.49085353154629,-1,0.188353498247972,0.111571997999226,0,-0.102133567485376,-0.0604992542911529,-0
37.24,10,2.06796215386033,-1.48974083652901,-1,0.187332162573118,0.110967005456315,0,-0.102133567485376,-0.0604992542911529,-0
37.25,10,2.06983036880768,-1.48863419143716,-1,0.186310826898264,0.110362012913403,0,-0.102133567485376,-0.0604992542911529,-0
37.26,10,2.07168837039829,-1.48753359627074,-1,0.18528949122341,0.109757020370492,0,-0.102133567485376,-0.0604992542911529,-0
37.27,10,2.07353615863215,-1.48643905102975,-1,0.184268155548557,0.10915202782758,0,-0.102133567485376,-0.0604992542911529,-0
37.28,10,2.07537373350926,-1.48535055571419,-1,0.183246819873703,0.108547035284669,0,-0.102133567485376,-0.0604992542911529,-0
37.29,10,2.07720109502963,-1.48426811032406,-1,0.182225484198849,0.107942042741757,0,-0.102133567485376,-0.0604992542911529,-0
37.3,10,2.07901824319324,-1.48319171485935,-1,0.181204148523995,0.107337050198846,0,-0.102133567485376,-0.0604992542911529,-0
37.31,10,2.08082517800011,-1.48212136932008,-1,0.180182812849142,0.106732057655934,0,-0.102133567485376,-0.0604992542911529,-0
37.32,10,2.08262189945022,-1.48105707370624,-1,0.179161477174288,0.106127065113023,0,-0.102133567485376,-0.0604992542911529,-0
37.33,10,2.08440840754359,-1.47999882801782,-1,0.178140141499434,0.105522072570111,0,-0.102133567485376,-0.0604992542911529,-0
37.34,10,2.08618470228021,-1.47894663225483,-1,0.17711880582458,0.104917080027199,0,-0.102133567485376,-0.0604992542911529,-0
37.35,10,2.08795078366008,-1.47790048641728,-1,0.176097470149726,0.104312087484288,0,-0.102133567485376,-0.0604992542911529,-0
37.36,10,2.08970665168321,-1.47686039050515,-1,0.175076134474873,0.103707094941376,0,-0.102133567485376,-0.0604992542911529,-0
37.37,10,2.09145230634958,-1.47582634451845,-1,0.174054798800019,0.103102102398465,0,-0.102133567485376,-0.0604992542911529,-0
37.38,10,2.09318774765921,-1.47479834845718,-1,0.173033463125165,0.102497109855553,0,-0.102133567485376,-0.0604992542911529,-0
37.39,10,2.09491297561208,-1.47377640232134,-1,0.172012127450311,0.101892117312642,0,-0.102133567485376,-0.0604992542911529,-0
37.4,10,2.09662799020821,-1.47276050611093,-1,0.170990791775458,0.10128712476973,0,-0.102133567485376,-0.0604992542911529,-0
37.41,10,2.09833279144759,-1.47175065982594,-1,0.169969456100604,0.100682132226819,0,-0.102133567485376,-0.0604992542911529,-0
37.42,10,2.10002737933023,-1.47074686346639,-1,0.16894812042575,0.100077139683907,0,-0.102133567485376,-0.0604992542911529,-0
37.43,10,2.10171175385611,-1.46974911703226,-1,0.167926784750896,0.0994721471409957,0,-0.102133567485376,-0.0604992542911529,-0
37.44,10,2.10338591502524,-1.46875742052357,-1,0.166905449076043,0.0988671545980842,0,-0.102133567485376,-0.0604992542911529,-0
37.45,10,2.10504986283763,-1.4677717739403,-1,0.165884113401189,0.0982621620551726,0,-0.102133567485376,-0.0604992542911529,-0
37.46,10,2.10670359729327,-1.46679217728247,-1,0.164862777726335,0.0976571695122611,0,-0.102133567485376,-0.0604992542911529,-0
37.47,10,2.10834711839216,-1.46581863055006,-1,0.163841442051481,0.0970521769693495,0,-0.102133567485376,-0.0604992542911529,-0
37.48,10,2.1099804261343,-1.46485113374308,-1,0.162820106376628,0.096447184426438,0,-0.102133567485376,-0.0604992542911529,-0
37.49,10,2.11160352051969,-1.46388968686153,-1,0.161798770701774,0.0958421918835265,0,-0.102133567485376,-0.0604992542911529,-0
37.5,10,2.11321640154833,-1.46293428990541,-1,0.16077743502692,0.095237199340615,0,-0.102133567485376,-0.0604992542911529,-0
37.51,10,2.11481906922023,-1.46198494287472,-1,0.159756099352066,0.0946322067977035,0,-0.102133567485376,-0.0604992542911529,-0
37.52,10,2.11641152353537,-1.46104164576945,-1,0.158734763677212,0.0940272142547919,0,-0.102133567485376,-0.0604992542911529,-0
37.53,10,2.11799376449377,-1.46010439858962,-1,0.157713428002359,0.0934222217118804,0,-0.102133567485376,-0.0604992542911529,-0
37.54,10,2.11956579209542,-1.45917320133522,-1,0.156692092327505,0.0928172291689689,0,-0.102133567485376,-0.0604992542911529,-0
37.55,10,2.12112760634032,-1.45824805400624,-1,0.155670756652651,0.0922122366260573,0,-0.102133567485376,-0.0604992542911529,-0
37.56,10,2.12267920722847,-1.4573289566027,-1,0.154649420977797,0.0916072440831458,0,-0.102133567485376,-0.0604992542911529,-0
37.57,10,2.12422059475988,-1.45641590912458,-1,0.153628085302944,0.0910022515402343,0,-0.102133567485376,-0.0604992542911529,-0
37.58,10,2.12575176893453,-1.45550891157189,-1,0.15260674962809,0.0903972589973228,0,-0.102133567485376,-0.0604992542911529,-0
37.59,10,2.12727272975244,-1.45460796394463,-1,0.151585413953236,0.0897922664544113,0,-0.102133567485376,-0.0604992542911529,-0
37.6,10,2.1287834772136,-1.4537130662428,-1,0.150564078278382,0.0891872739114997,0,-0.102133567485376,-0.0604992542911529,-0
37.61,10,2.13028401131801,-1.4528242184664,-1,0.149542742603529,0.0885822813685882,0,-0.102133567485376,-0.0604992542911529,-0
37.62,10,2.13177433206567,-1.45194142061543,-1,0.148521406928675,0.0879772888256767,0,-0.102133567485376,-0.0604992542911529,-0
37.63,10,2.13325443945658,-1.45106467268989,-1,0.147500071253821,0.0873722962827651,0,-0.102133567485376,-0.0604992542911529,-0
37.64,10,2.13472433349074,-1.45019397468978,-1,0.146478735578967,0.0867673037398536,0,-0.102133567485376,-0.0604992542911529,-0
37.65,10,2.13618401416816,-1.44932932661509,-1,0.145457399904114,0.0861623111969421,0,-0.102133567485376,-0.0604992542911529,-0
37.66,10,2.13763348148883,-1.44847072846584,-1,0.14443606422926,0.0855573186540305,0,-0.102133567485376,-0.0604992542911529,-0
37.67,10,2.13907273545275,-1.44761818024201,-1,0.143414728554406,0.084952326111119,0,-0.102133567485376,-0.0604992542911529,-0
37.68,10,2.14050177605991,-1.44677168194361,-1,0.142393392879552,0.0843473335682075,0,-0.102133567485376,-0.0604992542911529,-0
37.69,10,2.14192060331034,-1.44593123357065,-1,0.141372057204699,0.0837423410252959,0,-0.102133567485376,-0.0604992542911529,-0
37.7,10,2.14332921720401,-1.44509683512311,-1,0.140350721529845,0.0831373484823844,0,-0.102133567485376,-0.0604992542911529,-0
37.71,10,2.14472761774093,-1.444268486601,-1,0.139329385854991,0.0825323559394729,0,-0.102133567485376,-0.0604992542911529,-0
37.72,10,2.14611580492111,-1.44344618800432,-1,0.138308050180137,0.0819273633965613,0,-0.102133567485376,-0.0604992542911529,-0
37.73,10,2.14749377874454,-1.44262993933307,-1,0.137286714505283,0.0813223708536498,0,-0.102133567485376,-0.0604992542911529,-0
37.74,10,2.14886153921121,-1.44181974058725,-1,0.13626537883043,0.0807173783107383,0,-0.102133567485376,-0.0604992542911529,-0
37.75,10,2.15021908632114,-1.44101559176685,-1,0.135244043155576,0.0801123857678268,0,-0.102133567485376,-0.0604992542911529,-0
37.76,10,2.15156642007433,-1.44021749287189,-1,0.134222707480722,0.0795073932249153,0,-0.102133567485376,-0.0604992542911529,-0
37.77,10,2.15290354047076,-1.43942544390235,-1,0.133201371805868,0.0789024006820037,0,-0.102133567485376,-0.0604992542911529,-0
37.78,10,2.15423044751044,-1.43863944485825,-1,0.132180036131015,0.0782974081390922,0,-0.102133567485376,-0.0604992542911529,-0
37.79,10,2.15554714119338,-1.43785949573957,-1,0.131158700456161,0.0776924155961807,0,-0.102133567485376,-0.0604992542911529,-0
37.8,10,2.15685362151957,-1.43708559654633,-1,0.130137364781307,0.0770874230532691,0,-0.102133567485376,-0.0604992542911529,-0
37.81,10,2.158149888489,-1.43631774727851,-1,0.129116029106453,0.0764824305103576,0,-0.102133567485376,-0.0604992542911529,-0
37.82,10,2.1594359421017,-1.43555594793612,-1,0.1280946934316,0.0758774379674461,0,-0.102133567485376,-0.0604992542911529,-0
37.83,10,2.16071178235764,-1.43480019851916,-1,0.127073357756746,0.0752724454245346,0,-0.102133567485376,-0.0604992542911529,-0
37.84,10,2.16197740925683,-1.43405049902763,-1,0.126052022081892,0.074667452881623,0,-0.102133567485376,-0.0604992542911529,-0
37.85,10,2.16323282279927,-1.43330684946153,-1,0.125030686407038,0.0740624603387115,0,-0.102133567485376,-0.0604992542911529,-0
37.86,10,2.16447802298497,-1.43256924982085,-1,0.124009350732185,0.0734574677958,0,-0.102133567485376,-0.0604992542911529,-0
37.87,10,2.16571300981392,-1.43183770010561,-1,0.122988015057331,0.0728524752528884,0,-0.102133567485376,-0.0604992542911529,-0
37.88,10,2.16693778328612,-1.4311122003158,-1,0.121966679382477,0.0722474827099769,0,-0.102133567485376,-0.0604992542911529,-0
37.89,10,2.16815234340157,-1.43039275045141,-1,0.120945343707623,0.0716424901670654,0,-0.102133567485376,-0.0604992542911529,-0
37.9,10,2.16935669016027,-1.42967935051245,-1,0.119924008032769,0.0710374976241538,0,-0.102133567485376,-0.0604992542911529,-0
37.91,10,2.17055082356222,-1.42897200049893,-1,0.118902672357916,0.0704325050812423,0,-0.102133567485376,-0.0604992542911529,-0
37.92,10,2.17173474360743,-1.42827070041083,-1,0.117881336683062,0.0698275125383308,0,-0.102133567485376,-0.0604992542911529,-0
37.93,10,2.17290845029588,-1.42757545024816,-1,0.116860001008208,0.0692225199954193,0,-0.102133567485376,-0.0604992542911529,-0
37.94,10,2.17407194362759,-1.42688625001092,-1,0.115838665333354,0.0686175274525077,0,-0.102133567485376,-0.0604992542911529,-0
37.95,10,2.17522522360255,-1.42620309969911,-1,0.114817329658501,0.0680125349095962,0,-0.102133567485376,-0.0604992542911529,-0
37.96,10,2.17636829022076,-1.42552599931273,-1,0.113795993983647,0.0674075423666847,0,-0.102133567485376,-0.0604992542911529,-0
37.97,10,2.17750114348222,-1.42485494885178,-1,0.112774658308793,0.0668025498237731,0,-0.102133567485376,-0.0604992542911529,-0
37.98,10,2.17862378338694,-1.42418994831625,-1,0.111753322633939,0.0661975572808616,0,-0.102133567485376,-0.0604992542911529,-0
37.99,10,2.1797362099349,-1.42353099770616,-1,0.110731986959086,0.0655925647379501,0,-0.102133567485376,-0.0604992542911529,-0
38,10,2.18083842312612,-1.4228780970215,-1,0.109710651284232,0.0649875721950386,0,-0.102133567485376,-0.0604992542911529,-0
38.01,10,2.18193042296059,-1.42223124626226,-1,0.108689315609378,0.064382579652127,0,-0.102133567485376,-0.0604992542911529,-0
38.02,10,2.18301220943831,-1.42159044542845,-1,0.107667979934524,0.0637775871092155,0,-0.102133567485376,-0.0604992542911529,-0
38.03,10,2.18408378255928,-1.42095569452007,-1,0.106646644259671,0.063172594566304,0,-0.102133567485376,-0.0604992542911529,-0
38.04,10,2.1851451423235,-1.42032699353713,-1,0.105625308584817,0.0625676020233924,0,-0.102133567485376,-0.0604992542911529,-0
38.05,10,2.18619628873097,-1.41970434247961,-1,0.104603972909963,0.0619626094804809,0,-0.102133567485376,-0.0604992542911529,-0
38.06,10,2.1872372217817,-1.41908774134752,-1,0.103582637235109,0.0613576169375694,0,-0.102133567485376,-0.0604992542911529,-0
38.07,10,2.18826794147568,-1.41847719014086,-1,0.102561301560255,0.0607526243946578,0,-0.102133567485376,-0.0604992542911529,-0
38.08,10,2.18928844781291,-1.41787268885962,-1,0.101539965885402,0.0601476318517463,0,-0.102133567485376,-0.0604992542911529,-0
38.09,10,2.19029874079339,-1.41727423750382,-1,0.100518630210548,0.0595426393088348,0,-0.102133567485376,-0.0604992542911529,-0
38.1,10,2.19129882041712,-1.41668183607345,-1,0.0994972945356942,0.0589376467659232,0,-0.102133567485376,-0.0604992542911529,-0
38.11,10,2.1922886866841,-1.4160954845685,-1,0.0984759588608404,0.0583326542230117,0,-0.102133567485376,-0.0604992542911529,-0
38.12,10,2.19326833959433,-1.41551518298899,-1,0.0974546231859867,0.0577276616801002,0,-0.102133567485376,-0.0604992542911529,-0
38.13,10,2.19423777914782,-1.4149409313349,-1,0.0964332875111329,0.0571226691371887,0,-0.102133567485376,-0.0604992542911529,-0
38.14,10,2.19519700534456,-1.41437272960624,-1,0.0954119518362791,0.0565176765942771,0,-0.102133567485376,-0.0604992542911529,-0
38.15,10,2.19614601818454,-1.41381057780301,-1,0.0943906161614254,0.0559126840513656,0,-0.102133567485376,-0.0604992542911529,-0
38.16,10,2.19708481766778,-1.41325447592522,-1,0.0933692804865716,0.0553076915084541,0,-0.102133567485376,-0.0604992542911529,-0
38.17,10,2.19801340379428,-1.41270442397285,-1,0.0923479448117179,0.0547026989655426,0,-0.102133567485376,-0.0604992542911529,-0
38.18,10,2.19893177656402,-1.4121604219459,-1,0.091326609136864,0.054097706422631,0,-0.102133567485376,-0.0604992542911529,-0
38.19,10,2.19983993597701,-1.41162246984439,-1,0.0903052734620103,0.0534927138797195,0,-0.102133567485376,-0.0604992542911529,-0
38.2,10,2.20073788203326,-1.41109056766831,-1,0.0892839377871566,0.052887721336808,0,-0.102133567485376,-0.0604992542911529,-0
38.21,10,2.20162561473276,-1.41056471541766,-1,0.0882626021123028,0.0522827287938965,0,-0.102133567485376,-0.0604992542911529,-0
38.22,10,2.20250313407551,-1.41004491309243,-1,0.087241266437449,0.0516777362509849,0,-0.102133567485376,-0.0604992542911529,-0
38.23,10,2.20337044006151,-1.40953116069264,-1,0.0862199307625952,0.0510727437080734,0,-0.102133567485376,-0.0604992542911529,-0
38.24,10,2.20422753269076,-1.40902345821827,-1,0.0851985950877415,0.0504677511651619,0,-0.102133567485376,-0.0604992542911529,-0
38.25,10,2.20507441196326,-1.40852180566933,-1,0.0841772594128878,0.0498627586222503,0,-0.102133567485376,-0.0604992542911529,-0
38.26,10,2.20591107787901,-1.40802620304583,-1,0.083155923738034,0.0492577660793388,0,-0.102133567485376,-0.0604992542911529,-0
38.27,10,2.20673753043802,-1.40753665034775,-1,0.0821345880631802,0.0486527735364273,0,-0.102133567485376,-0.0604992542911529,-0
38.28,10,2.20755376964028,-1.4070531475751,-1,0.0811132523883264,0.0480477809935157,0,-0.102133567485376,-0.0604992542911529,-0
38.29,10,2.20835979548579,-1.40657569472788,-1,0.0800919167134727,0.0474427884506042,0,-0.102133567485376,-0.0604992542911529,-0
38.3,10,2.20915560797455,-1.40610429180609,-1,0.0790705810386189,0.0468377959076927,0,-0.102133567485376,-0.0604992542911529,-0
38.31,10,2.20994120710656,-1.40563893880972,-1,0.0780492453637651,0.0462328033647811,0,-0.102133567485376,-0.0604992542911529,-0
38.32,10,2.21071659288182,-1.40517963573879,-1,0.0770279096889114,0.0456278108218696,0,-0.102133567485376,-0.0604992542911529,-0
38.33,10,2.21148176530034,-1.40472638259329,-1,0.0760065740140576,0.0450228182789581,0,-0.102133567485376,-0.0604992542911529,-0
38.34,10,2.2122367243621,-1.40427917937321,-1,0.0749852383392039,0.0444178257360466,0,-0.102133567485376,-0.0604992542911529,-0
38.35,10,2.21298147006712,-1.40383802607856,-1,0.0739639026643501,0.043812833193135,0,-0.102133567485376,-0.0604992542911529,-0
38.36,10,2.21371600241539,-1.40340292270935,-1,0.0729425669894963,0.0432078406502235,0,-0.102133567485376,-0.0604992542911529,-0
38.37,10,2.21444032140691,-1.40297386926556,-1,0.0719212313146426,0.042602848107312,0,-0.102133567485376,-0.0604992542911529,-0
38.38,10,2.21515442704168,-1.4025508657472,-1,0.0708998956397888,0.0419978555644005,0,-0.102133567485376,-0.0604992542911529,-0
38.39,10,2.21585831931971,-1.40213391215427,-1,0.069878559964935,0.0413928630214889,0,-0.102133567485376,-0.0604992542911529,-0
38.4,10,2.21655199824098,-1.40172300848677,-1,0.0688572242900813,0.0407878704785774,0,-0.102133567485376,-0.0604992542911529,-0
38.41,10,2.21723546380551,-1.4013181547447,-1,0.0678358886152275,0.0401828779356659,0,-0.102133567485376,-0.0604992542911529,-0
38.42,10,2.21790871601329,-1.40091935092806,-1,0.0668145529403738,0.0395778853927544,0,-0.102133567485376,-0.0604992542911529,-0
38.43,10,2.21857175486432,-1.40052659703685,-1,0.0657932172655199,0.0389728928498428,0,-0.102133567485376,-0.0604992542911529,-0
38.44,10,2.2192245803586,-1.40013989307106,-1,0.0647718815906662,0.0383679003069313,0,-0.102133567485376,-0.0604992542911529,-0
38.45,10,2.21986719249613,-1.39975923903071,-1,0.0637505459158124,0.0377629077640197,0,-0.102133567485376,-0.0604992542911529,-0
38.46,10,2.22049959127691,-1.39938463491578,-1,0.0627292102409587,0.0371579152211082,0,-0.102133567485376,-0.0604992542911529,-0
38.47,10,2.22112177670095,-1.39901608072628,-1,0.0617078745661049,0.0365529226781967,0,-0.102133567485376,-0.0604992542911529,-0
38.48,10,2.22173374876824,-1.39865357646222,-1,0.0606865388912511,0.0359479301352851,0,-0.102133567485376,-0.0604992542911529,-0
38.49,10,2.22233550747877,-1.39829712212358,-1,0.0596652032163974,0.0353429375923736,0,-0.102133567485376,-0.0604992542911529,-0
38.5,10,2.22292705283256,-1.39794671771037,-1,0.0586438675415437,0.0347379450494621,0,-0.102133567485376,-0.0604992542911529,-0
38.51,10,2.22350838482961,-1.39760236322259,-1,0.0576225318666899,0.0341329525065506,0,-0.102133567485376,-0.0604992542911529,-0
38.52,10,2.2240795034699,-1.39726405866024,-1,0.0566011961918361,0.033527959963639,0,-0.102133567485376,-0.0604992542911529,-0
38.53,10,2.22464040875344,-1.39693180402332,-1,0.0555798605169823,0.0329229674207275,0,-0.102133567485376,-0.0604992542911529,-0
38.54,10,2.22519110068024,-1.39660559931182,-1,0.0545585248421286,0.032317974877816,0,-0.102133567485376,-0.0604992542911529,-0
38.55,10,2.22573157925028,-1.39628544452576,-1,0.0535371891672748,0.0317129823349044,0,-0.102133567485376,-0.0604992542911529,-0
38.56,10,2.22626184446358,-1.39597133966513,-1,0.052515853492421,0.0311079897919929,0,-0.102133567485376,-0.0604992542911529,-0
38.57,10,2.22678189632013,-1.39566328472992,-1,0.0514945178175673,0.0305029972490814,0,-0.102133567485376,-0.0604992542911529,-0
38.58,10,2.22729173481993,-1.39536127972014,-1,0.0504731821427135,0.0298980047061699,0,-0.102133567485376,-0.0604992542911529,-0
38.59,10,2.22779135996299,-1.3950653246358,-1,0.0494518464678598,0.0292930121632584,0,-0.102133567485376,-0.0604992542911529,-0
38.6,10,2.22828077174929,-1.39477541947688,-1,0.048430510793006,0.0286880196203468,0,-0.102133567485376,-0.0604992542911529,-0
38.61,10,2.22875997017885,-1.39449156424339,-1,0.0474091751181522,0.0280830270774353,0,-0.102133567485376,-0.0604992542911529,-0
38.62,10,2.22922895525165,-1.39421375893533,-1,0.0463878394432985,0.0274780345345238,0,-0.102133567485376,-0.0604992542911529,-0
38.63,10,2.22968772696771,-1.3939420035527,-1,0.0453665037684447,0.0268730419916122,0,-0.102133567485376,-0.0604992542911529,-0
38.64,10,2.23013628532702,-1.3936762980955,-1,0.0443451680935909,0.0262680494487007,0,-0.102133567485376,-0.0604992542911529,-0
38.65,10,2.23057463032959,-1.39341664256373,-1,0.0433238324187372,0.0256630569057892,0,-0.102133567485376,-0.0604992542911529,-0
38.66,10,2.2310027619754,-1.39316303695738,-1,0.0423024967438834,0.0250580643628776,0,-0.102133567485376,-0.0604992542911529,-0
38.67,10,2.23142068026446,-1.39291548127647,-1,0.0412811610690297,0.0244530718199661,0,-0.102133567485376,-0.0604992542911529,-0
38.68,10,2.23182838519678,-1.39267397552098,-1,0.0402598253941758,0.0238480792770546,0,-0.102133567485376,-0.0604992542911529,-0
38.69,10,2.23222587677235,-1.39243851969093,-1,0.0392384897193221,0.023243086734143,0,-0.102133567485376,-0.0604992542911529,-0
38.7,10,2.23261315499116,-1.3922091137863,-1,0.0382171540444683,0.0226380941912315,0,-0.102133567485376,-0.0604992542911529,-0
38.71,10,2.23299021985324,-1.3919857578071,-1,0.0371958183696146,0.02203310164832,0,-0.102133567485376,-0.0604992542911529,-0
38.72,10,2.23335707135856,-1.39176845175333,-1,0.0361744826947608,0.0214281091054084,0,-0.102133567485376,-0.0604992542911529,-0
38.73,10,2.23371370950713,-1.39155719562499,-1,0.035153147019907,0.0208231165624969,0,-0.102133567485376,-0.0604992542911529,-0
38.74,10,2.23406013429896,-1.39135198942208,-1,0.0341318113450533,0.0202181240195854,0,-0.102133567485376,-0.0604992542911529,-0
38.75,10,2.23439634573403,-1.3911528331446,-1,0.0331104756701995,0.0196131314766739,0,-0.102133567485376,-0.0604992542911529,-0
38.76,10,2.23472234381236,-1.39095972679255,-1,0.0320891399953457,0.0190081389337623,0,-0.102133567485376,-0.0604992542911529,-0
38.77,10,2.23503812853394,-1.39077267036593,-1,0.031067804320492,0.0184031463908508,0,-0.102133567485376,-0.0604992542911529,-0
38.78,10,2.23534369989877,-1.39059166386473,-1,0.0300464686456382,0.0177981538479393,0,-0.102133567485376,-0.0604992542911529,-0
38.79,10,2.23563905790685,-1.39041670728897,-1,0.0290251329707845,0.0171931613050278,0,-0.102133567485376,-0.0604992542911529,-0
38.8,10,2.23592420255819,-1.39024780063863,-1,0.0280037972959307,0.0165881687621162,0,-0.102133567485376,-0.0604992542911529,-0
38.81,10,2.23619913385277,-1.39008494391373,-1,0.0269824616210769,0.0159831762192047,0,-0.102133567485376,-0.0604992542911529,-0
38.82,10,2.23646385179061,-1.38992813711425,-1,0.0259611259462232,0.0153781836762932,0,-0.102133567485376,-0.0604992542911529,-0
38.83,10,2.23671835637169,-1.3897773802402,-1,0.0249397902713694,0.0147731911333817,0,-0.102133567485376,-0.0604992542911529,-0
38.84,10,2.23696264759603,-1.38963267329158,-1,0.0239184545965157,0.0141681985904701,0,-0.102133567485376,-0.0604992542911529,-0
38.85,10,2.23719672546363,-1.38949401626839,-1,0.0228971189216619,0.0135632060475586,0,-0.102133567485376,-0.0604992542911529,-0
38.86,10,2.23742058997447,-1.38936140917063,-1,0.0218757832468081,0.0129582135046471,0,-0.102133567485376,-0.0604992542911529,-0
38.87,10,2.23763424112856,-1.3892348519983,-1,0.0208544475719544,0.0123532209617355,0,-0.102133567485376,-0.0604992542911529,-0
38.88,10,2.23783767892591,-1.3891143447514,-1,0.0198331118971006,0.011748228418824,0,-0.102133567485376,-0.0604992542911529,-0
38.89,10,2.2380309033665,-1.38899988742992,-1,0.0188117762222468,0.0111432358759125,0,-0.102133567485376,-0.0604992542911529,-0
38.9,10,2.23821391445035,-1.38889148003388,-1,0.0177904405473931,0.0105382433330009,0,-0.102133567485376,-0.0604992542911529,-0
38.91,10,2.23838671217745,-1.38878912256326,-1,0.0167691048725393,0.00993325079008942,0,-0.102133567485376,-0.0604992542911529,-0
38.92,10,2.2385492965478,-1.38869281501808,-1,0.0157477691976856,0.00932825824717791,0,-0.102133567485376,-0.0604992542911529,-0
38.93,10,2.2387016675614,-1.38860255739832,-1,0.0147264335228317,0.00872326570426634,0,-0.102133567485376,-0.0604992542911529,-0
38.94,10,2.23884382521826,-1.38851834970399,-1,0.013705097847978,0.00811827316135482,0,-0.102133567485376,-0.0604992542911529,-0
38.95,10,2.23897576951836,-1.38844019193509,-1,0.0126837621731243,0.00751328061844331,0,-0.102133567485376,-0.0604992542911529,-0
38.96,10,2.23909750046172,-1.38836808409162,-1,0.0116624264982705,0.00690828807553179,0,-0.102133567485376,-0.0604992542911529,-0
38.97,10,2.23920901804833,-1.38830202617358,-1,0.0106410908234167,0.00630329553262022,0,-0.102133567485376,-0.0604992542911529,-0
38.98,10,2.23931032227819,-1.38824201818097,-1,0.00961975514856293,0.00569830298970871,0,-0.102133567485376,-0.0604992542911529,-0
38.99,10,2.2394014131513,-1.38818806011379,-1,0.00859841947370919,0.00509331044679719,0,-0.102133567485376,-0.0604992542911529,-0
39,10,2.23948229066766,-1.38814015197203,-1,0.00757708379885545,0.00448831790388567,0,-0.102133567485376,-0.0604992542911529,-0
39.01,10,2.23955295482728,-1.38809829375571,-1,0.00655574812400162,0.0038833253609741,0,-0.102133567485376,-0.0604992542911529,-0
39.02,10,2.23961340563014,-1.38806248546481,-1,0.00553441244914787,0.00327833281806259,0,-0.102133567485376,-0.0604992542911529,-0
39.03,10,2.23966364307626,-1.38803272709935,-1,0.00451307677429413,0.00267334027515107,0,-0.102133567485376,-0.0604992542911529,-0
39.04,10,2.23970366716563,-1.38800901865931,-1,0.00349174109944039,0.00206834773223956,0,-0.102133567485376,-0.0604992542911529,-0
39.05,10,2.23973347789825,-1.3879913601447,-1,0.00247040542458656,0.00146335518932799,0,-0.102133567485376,-0.0604992542911529,-0
39.06,10,2.23975307527412,-1.38797975155552,-1,0.00144906974973281,0.00085836264641647,0,-0.102133567485376,-0.0604992542911529,-0
39.07,10,2.23976335496566,-1.3879736623364,-1,0,0,0,-0.102133567485376,-0.0604992542911529,-0
39.07,11,2.23976335496566,-1.3879736623364,-1,0,0,-0,0,0,-8
39.08,11,2.23976335496566,-1.3879736623364,-1.0004,0,0,-0.08,0,0,-8
39.09,11,2.23976335496566,-1.3879736623364,-1.0016,0,0,-0.16,0,0,-8
39.1,11,2.23976335496566,-1.3879736623364,-1.0036,0,0,-0.24,0,0,-8
39.11,11,2.23976335496566,-1.3879736623364,-1.0064,0,0,-0.32,0,0,-8
39.12,11,2.23976335496566,-1.3879736623364,-1.01,0,0,-0.4,0,0,-8
39.13,11,2.23976335496566,-1.3879736623364,-1.0144,0,0,-0.48,0,0,-8
39.14,11,2.23976335496566,-1.3879736623364,-1.0196,0,0,-0.56,0,0,-8
39.15,11,2.23976335496566,-1.3879736623364,-1.0256,0,0,-0.64,0,0,-8
39.16,11,2.23976335496566,-1.3879736623364,-1.0324,0,0,-0.72,0,0,-8
39.17,11,2.23976335496566,-1.3879736623364,-1.04,0,0,-0.8,0,0,-8
39.18,11,2.23976335496566,-1.3879736623364,-1.0484,0,0,-0.88,0,0,-8
39.19,11,2.23976335496566,-1.3879736623364,-1.0576,0,0,-0.96,0,0,-8
39.2,11,2.23976335496566,-1.3879736623364,-1.0676,0,0,-1.04,0,0,-8
39.21,11,2.23976335496566,-1.3879736623364,-1.0784,0,0,-1.12,0,0,-8
39.22,11,2.23976335496566,-1.3879736623364,-1.09,0,0,-1.2,0,0,-8
39.23,11,2.23976335496566,-1.3879736623364,-1.1024,0,0,-1.28,0,0,-8
39.24,11,2.23976335496566,-1.3879736623364,-1.1156,0,0,-1.36,0,0,-8
39.25,11,2.23976335496566,-1.3879736623364,-1.1296,0,0,-1.44,0,0,-8
39.26,11,2.23976335496566,-1.3879736623364,-1.1444,0,0,-1.52,0,0,-8
39.27,11,2.23976335496566,-1.3879736623364,-1.16,0,0,-1.6,0,0,-8
39.28,11,2.23976335496566,-1.3879736623364,-1.1764,0,0,-1.68,0,0,-8
39.29,11,2.23976335496566,-1.3879736623364,-1.1936,0,0,-1.76,0,0,-8
39.3,11,2.23976335496566,-1.3879736623364,-1.2116,0,0,-1.84,0,0,-8
39.31,11,2.23976335496566,-1.3879736623364,-1.2304,0,0,-1.92,0,0,-8
39.32,11,2.23976335496566,-1.3879736623364,-1.25,0,0,-2,0,0,-8
39.33,11,2.23976335496566,-1.3879736623364,-1.2704,0,0,-2.08,0,0,-8
39.34,11,2.23976335496566,-1.3879736623364,-1.2916,0,0,-2.16,0,0,-8
39.35,11,2.23976335496566,-1.3879736623364,-1.3136,0,0,-2.24,0,0,-8
39.36,11,2.23976335496566,-1.3879736623364,-1.3364,0,0,-2.32,0,0,-8
39.37,11,2.23976335496566,-1.3879736623364,-1.36,0,0,-2.4,0,0,-8
39.38,11,2.23976335496566,-1.3879736623364,-1.3844,0,0,-2.48,0,0,-8
39.39,11,2.23976335496566,-1.3879736623364,-1.4096,0,0,-2.56,0,0,-8
39.4,11,2.23976335496566,-1.3879736623364,-1.4356,0,0,-2.64,0,0,-8
39.41,11,2.23976335496566,-1.3879736623364,-1.4624,0,0,-2.72,0,0,-8
39.42,11,2.23976335496566,-1.3879736623364,-1.49,0,0,-2.8,0,0,-8
39.43,11,2.23976335496566,-1.3879736623364,-1.5184,0,0,-2.88,0,0,-8
39.44,11,2.23976335496566,-1.3879736623364,-1.5476,0,0,-2.96,0,0,-8
39.45,11,2.23976335496566,-1.3879736623364,-1.5776,0,0,-3.04,0,0,-8
39.46,11,2.23976335496566,-1.3879736623364,-1.6084,0,0,-3.12,0,0,-8
39.47,11,2.23976335496566,-1.3879736623364,-1.64,0,0,-3.2,0,0,-8
39.48,11,2.23976335496566,-1.3879736623364,-1.6724,0,0,-3.28,0,0,-8
39.49,11,2.23976335496566,-1.3879736623364,-1.7056,0,0,-3.36,0,0,-8
39.5,11,2.23976335496566,-1.3879736623364,-1.7396,0,0,-3.44,0,0,-8
39.51,11,2.23976335496566,-1.3879736623364,-1.7744,0,0,-3.52,0,0,-8
39.52,11,2.23976335496566,-1.3879736623364,-1.81,0,0,-3.6,0,0,-8
39.53,11,2.23976335496566,-1.3879736623364,-1.8464,0,0,-3.68,0,0,-8
39.54,11,2.23976335496566,-1.3879736623364,-1.8836,0,0,-3.76,0,0,-8
39.55,11,2.23976335496566,-1.3879736623364,-1.9216,0,0,-3.84,0,0,-8
39.56,11,2.23976335496566,-1.3879736623364,-1.9604,0,0,-3.92,0,0,-8
39.57,11,2.23976335496566,-1.3879736623364,-2,0,0,-4,0,0,-8
39.58,11,2.23976335496566,-1.3879736623364,-2.0396,0,0,-3.92,0,0,8
39.59,11,2.23976335496566,-1.3879736623364,-2.0784,0,0,-3.84,0,0,8
39.6,11,2.23976335496566,-1.3879736623364,-2.1164,0,0,-3.76,0,0,8
39.61,11,2.23976335496566,-1.3879736623364,-2.1536,0,0,-3.68,0,0,8
39.62,11,2.23976335496566,-1.3879736623364,-2.19,0,0,-3.6,0,0,8
39.63,11,2.23976335496566,-1.3879736623364,-2.2256,0,0,-3.52,0,0,8
39.64,11,2.23976335496566,-1.3879736623364,-2.2604,0,0,-3.44,0,0,8
39.65,11,2.23976335496566,-1.3879736623364,-2.2944,0,0,-3.36,0,0,8
39.66,11,2.23976335496566,-1.3879736623364,-2.3276,0,0,-3.28,0,0,8
39.67,11,2.23976335496566,-1.3879736623364,-2.36,0,0,-3.2,0,0,8
39.68,11,2.23976335496566,-1.3879736623364,-2.3916,0,0,-3.12,0,0,8
39.69,11,2.23976335496566,-1.3879736623364,-2.4224,0,0,-3.04,0,0,8
39.7,11,2.23976335496566,-1.3879736623364,-2.4524,0,0,-2.96,0,0,8
39.71,11,2.23976335496566,-1.3879736623364,-2.4816,0,0,-2.88,0,0,8
39.72,11,2.23976335496566,-1.3879736623364,-2.51,0,0,-2.8,0,0,8
39.73,11,2.23976335496566,-1.3879736623364,-2.5376,0,0,-2.72,0,0,8
39.74,11,2.23976335496566,-1.3879736623364,-2.5644,0,0,-2.64,0,0,8
39.75,11,2.23976335496566,-1.3879736623364,-2.5904,0,0,-2.56,0,0,8
39.76,11,2.23976335496566,-1.3879736623364,-2.6156,0,0,-2.48,0,0,8
39.77,11,2.23976335496566,-1.3879736623364,-2.64,0,0,-2.4,0,0,8
39.78,11,2.23976335496566,-1.3879736623364,-2.6636,0,0,-2.32,0,0,8
39.79,11,2.23976335496566,-1.3879736623364,-2.6864,0,0,-2.24,0,0,8
39.8,11,2.23976335496566,-1.3879736623364,-2.7084,0,0,-2.16,0,0,8
39.81,11,2.23976335496566,-1.3879736623364,-2.7296,0,0,-2.08,0,0,8
39.82,11,2.23976335496566,-1.3879736623364,-2.75,0,0,-2,0,0,8
39.83,11,2.23976335496566,-1.3879736623364,-2.7696,0,0,-1.92,0,0,8
39.84,11,2.23976335496566,-1.3879736623364,-2.7884,0,0,-1.84,0,0,8
39.85,11,2.23976335496566,-1.3879736623364,-2.8064,0,0,-1.76,0,0,8
39.86,11,2.23976335496566,-1.3879736623364,-2.8236,0,0,-1.68,0,0,8
39.87,11,2.23976335496566,-1.3879736623364,-2.84,0,0,-1.6,0,0,8
39.88,11,2.23976335496566,-1.3879736623364,-2.8556,0,0,-1.52,0,0,8
39.89,11,2.23976335496566,-1.3879736623364,-2.8704,0,0,-1.44,0,0,8
39.9,11,2.23976335496566,-1.3879736623364,-2.8844,0,0,-1.36,0,0,8
39.91,11,2.23976335496566,-1.3879736623364,-2.8976,0,0,-1.28,0,0,8
39.92,11,2.23976335496566,-1.3879736623364,-2.91,0,0,-1.2,0,0,8
39.93,11,2.23976335496566,-1.3879736623364,-2.9216,0,0,-1.12,0,0,8
39.94,11,2.23976335496566,-1.3879736623364,-2.9324,0,0,-1.04,0,0,8
39.95,11,2.23976335496566,-1.3879736623364,-2.9424,0,0,-0.96,0,0,8
39.96,11,2.23976335496566,-1.3879736623364,-2.9516,0,0,-0.88,0,0,8
39.97,11,2.23976335496566,-1.3879736623364,-2.96,0,0,-0.8,0,0,8
39.98,11,2.23976335496566,-1.3879736623364,-2.9676,0,0,-0.72,0,0,8
39.99,11,2.23976335496566,-1.3879736623364,-2.9744,0,0,-0.64,0,0,8
40,11,2.23976335496566,-1.3879736623364,-2.9804,0,0,-0.56,0,0,8
40.01,11,2.23976335496566,-1.3879736623364,-2.9856,0,0,-0.48,0,0,8
40.02,11,2.23976335496566,-1.3879736623364,-2.99,0,0,-0.4,0,0,8
40.03,11,2.23976335496566,-1.3879736623364,-2.9936,0,0,-0.32,0,0,8
40.04,11,2.23976335496566,-1.3879736623364,-2.9964,0,0,-0.24,0,0,8
40.05,11,2.23976335496566,-1.3879736623364,-2.9984,0,0,-0.16,0,0,8
40.06,11,2.23976335496566,-1.3879736623364,-2.9996,0,0,-0.0800000000000001,0,0,8
40.07,11,2.23976335496566,-1.3879736623364,-3,0,0,0,0,0,8
40.07,12,2.23976335496566,-1.3879736623364,-3,0,0,0,0,0,8
40.08,12,2.23976335496566,-1.3879736623364,-2.9996,0,0,0.08,0,0,8
40.09,12,2.23976335496566,-1.3879736623364,-2.9984,0,0,0.16,0,0,8
40.1,12,2.23976335496566,-1.3879736623364,-2.9964,0,0,0.24,0,0,8
40.11,12,2.23976335496566,-1.3879736623364,-2.9936,0,0,0.32,0,0,8
40.12,12,2.23976335496566,-1.3879736623364,-2.99,0,0,0.4,0,0,8
40.13,12,2.23976335496566,-1.3879736623364,-2.9856,0,0,0.48,0,0,8
40.14,12,2.23976335496566,-1.3879736623364,-2.9804,0,0,0.56,0,0,8
40.15,12,2.23976335496566,-1.3879736623364,-2.9744,0,0,0.64,0,0,8
40.16,12,2.23976335496566,-1.3879736623364,-2.9676,0,0,0.72,0,0,8
40.17,12,2.23976335496566,-1.3879736623364,-2.96,0,0,0.8,0,0,8
40.18,12,2.23976335496566,-1.3879736623364,-2.9516,0,0,0.88,0,0,8
40.19,12,2.23976335496566,-1.3879736623364,-2.9424,0,0,0.96,0,0,8
40.2,12,2.23976335496566,-1.3879736623364,-2.9324,0,0,1.04,0,0,8
40.21,12,2.23976335496566,-1.3879736623364,-2.9216,0,0,1.12,0,0,8
40.22,12,2.23976335496566,-1.3879736623364,-2.91,0,0,1.2,0,0,8
40.23,12,2.23976335496566,-1.3879736623364,-2.8976,0,0,1.28,0,0,8
40.24,12,2.23976335496566,-1.3879736623364,-2.8844,0,0,1.36,0,0,8
40.25,12,2.23976335496566,-1.3879736623364,-2.8704,0,0,1.44,0,0,8
40.26,12,2.23976335496566,-1.3879736623364,-2.8556,0,0,1.52,0,0,8
40.27,12,2.23976335496566,-1.3879736623364,-2.84,0,0,1.6,0,0,8
40.28,12,2.23976335496566,-1.3879736623364,-2.8236,0,0,1.68,0,0,8
40.29,12,2.23976335496566,-1.3879736623364,-2.8064,0,0,1.76,0,0,8
40.3,12,2.23976335496566,-1.3879736623364,-2.7884,0,0,1.84,0,0,8
40.31,12,2.23976335496566,-1.3879736623364,-2.7696,0,0,1.92,0,0,8
40.32,12,2.23976335496566,-1.3879736623364,-2.75,0,0,2,0,0,8
40.33,12,2.23976335496566,-1.3879736623364,-2.7296,0,0,2.08,0,0,8
40.34,12,2.23976335496566,-1.3879736623364,-2.7084,0,0,2.16,0,0,8
40.35,12,2.23976335496566,-1.3879736623364,-2.6864,0,0,2.24,0,0,8
40.36,12,2.23976335496566,-1.3879736623364,-2.6636,0,0,2.32,0,0,8
40.37,12,2.23976335496566,-1.3879736623364,-2.64,0,0,2.4,0,0,8
40.38,12,2.23976335496566,-1.3879736623364,-2.6156,0,0,2.48,0,0,8
40.39,12,2.23976335496566,-1.3879736623364,-2.5904,0,0,2.56,0,0,8
40.4,12,2.23976335496566,-1.3879736623364,-2.5644,0,0,2.64,0,0,8
40.41,12,2.23976335496566,-1.3879736623364,-2.5376,0,0,2.72,0,0,8
40.42,12,2.23976335496566,-1.3879736623364,-2.51,0,0,2.8,0,0,8
40.43,12,2.23976335496566,-1.3879736623364,-2.4816,0,0,2.88,0,0,8
40.44,12,2.23976335496566,-1.3879736623364,-2.4524,0,0,2.96,0,0,8
40.45,12,2.23976335496566,-1.3879736623364,-2.4224,0,0,3.04,0,0,8
40.46,12,2.23976335496566,-1.3879736623364,-2.3916,0,0,3.12,0,0,8
40.47,12,2.23976335496566,-1.3879736623364,-2.36,0,0,3.2,0,0,8
40.48,12,2.23976335496566,-1.3879736623364,-2.3276,0,0,3.28,0,0,8
40.49,12,2.23976335496566,-1.3879736623364,-2.2944,0,0,3.36,0,0,8
40.5,12,2.23976335496566,-1.3879736623364,-2.2604,0,0,3.44,0,0,8
40.51,12,2.23976335496566,-1.3879736623364,-2.2256,0,0,3.52,0,0,8
40.52,12,2.23976335496566,-1.3879736623364,-2.19,0,0,3.6,0,0,8
40.53,12,2.23976335496566,-1.3879736623364,-2.1536,0,0,3.68,0,0,8
40.54,12,2.23976335496566,-1.3879736623364,-2.1164,0,0,3.76,0,0,8
40.55,12,2.23976335496566,-1.3879736623364,-2.0784,0,0,3.84,0,0,8
40.56,12,2.23976335496566,-1.3879736623364,-2.0396,0,0,3.92,0,0,8
40.57,12,2.23976335496566,-1.3879736623364,-2,0,0,4,0,0,8
40.58,12,2.23976335496566,-1.3879736623364,-1.9604,0,0,3.92,0,0,-8
40.59,12,2.23976335496566,-1.3879736623364,-1.9216,0,0,3.84,0,0,-8
40.6,12,2.23976335496566,-1.3879736623364,-1.8836,0,0,3.76,0,0,-8
40.61,12,2.23976335496566,-1.3879736623364,-1.8464,0,0,3.68,0,0,-8
40.62,12,2.23976335496566,-1.3879736623364,-1.81,0,0,3.6,0,0,-8
40.63,12,2.23976335496566,-1.3879736623364,-1.7744,0,0,3.52,0,0,-8
40.64,12,2.23976335496566,-1.3879736623364,-1.7396,0,0,3.44,0,0,-8
40.65,12,2.23976335496566,-1.3879736623364,-1.7056,0,0,3.36,0,0,-8
40.66,12,2.23976335496566,-1.3879736623364,-1.6724,0,0,3.28,0,0,-8
40.67,12,2.23976335496566,-1.3879736623364,-1.64,0,0,3.2,0,0,-8
40.68,12,2.23976335496566,-1.3879736623364,-1.6084,0,0,3.12,0,0,-8
40.69,12,2.23976335496566,-1.3879736623364,-1.5776,0,0,3.04,0,0,-8
40.7,12,2.23976335496566,-1.3879736623364,-1.5476,0,0,2.96,0,0,-8
40.71,12,2.23976335496566,-1.3879736623364,-1.5184,0,0,2.88,0,0,-8
40.72,12,2.23976335496566,-1.3879736623364,-1.49,0,0,2.8,0,0,-8
40.73,12,2.23976335496566,-1.3879736623364,-1.4624,0,0,2.72,0,0,-8
40.74,12,2.23976335496566,-1.3879736623364,-1.4356,0,0,2.64,0,0,-8
40.75,12,2.23976335496566,-1.3879736623364,-1.4096,0,0,2.56,0,0,-8
40.76,12,2.23976335496566,-1.3879736623364,-1.3844,0,0,2.48,0,0,-8
40.77,12,2.23976335496566,-1.3879736623364,-1.36,0,0,2.4,0,0,-8
40.78,12,2.23976335496566,-1.3879736623364,-1.3364,0,0,2.32,0,0,-8
40.79,12,2.23976335496566,-1.3879736623364,-1.3136,0,0,2.24,0,0,-8
40.8,12,2.23976335496566,-1.3879736623364,-1.2916,0,0,2.16,0,0,-8
40.81,12,2.23976335496566,-1.3879736623364,-1.2704,0,0,2.08,0,0,-8
40.82,12,2.23976335496566,-1.3879736623364,-1.25,0,0,2,0,0,-8
40.83,12,2.23976335496566,-1.3879736623364,-1.2304,0,0,1.92,0,0,-8
40.84,12,2.23976335496566,-1.3879736623364,-1.2116,0,0,1.84,0,0,-8
40.85,12,2.23976335496566,-1.3879736623364,-1.1936,0,0,1.76,0,0,-8
40.86,12,2.23976335496566,-1.3879736623364,-1.1764,0,0,1.68,0,0,-8
40.87,12,2.23976335496566,-1.3879736623364,-1.16,0,0,1.6,0,0,-8
40.88,12,2.23976335496566,-1.3879736623364,-1.1444,0,0,1.52,0,0,-8
40.89,12,2.23976335496566,-1.3879736623364,-1.1296,0,0,1.44,0,0,-8
40.9,12,2.23976335496566,-1.3879736623364,-1.1156,0,0,1.36,0,0,-8
40.91,12,2.23976335496566,-1.3879736623364,-1.1024,0,0,1.28,0,0,-8
40.92,12,2.23976335496566,-1.3879736623364,-1.09,0,0,1.2,0,0,-8
40.93,12,2.23976335496566,-1.3879736623364,-1.0784,0,0,1.12,0,0,-8
40.94,12,2.23976335496566,-1.3879736623364,-1.0676,0,0,1.04,0,0,-8
40.95,12,2.23976335496566,-1.3879736623364,-1.0576,0,0,0.96,0,0,-8
40.96,12,2.23976335496566,-1.3879736623364,-1.0484,0,0,0.88,0,0,-8
40.97,12,2.23976335496566,-1.3879736623364,-1.04,0,0,0.8,0,0,-8
40.98,12,2.23976335496566,-1.3879736623364,-1.0324,0,0,0.72,0,0,-8
40.99,12,2.23976335496566,-1.3879736623364,-1.0256,0,0,0.64,0,0,-8
41,12,2.23976335496566,-1.3879736623364,-1.0196,0,0,0.56,0,0,-8
41.01,12,2.23976335496566,-1.3879736623364,-1.0144,0,0,0.48,0,0,-8
41.02,12,2.23976335496566,-1.3879736623364,-1.01,0,0,0.4,0,0,-8
41.03,12,2.23976335496566,-1.3879736623364,-1.0064,0,0,0.32,0,0,-8
41.04,12,2.23976335496566,-1.3879736623364,-1.0036,0,0,0.24,0,0,-8
41.05,12,2.23976335496566,-1.3879736623364,-1.0016,0,0,0.16,0,0,-8
41.06,12,2.23976335496566,-1.3879736623364,-1.0004,0,0,0.0800000000000001,0,0,-8
41.07,12,2.23976335496566,-1.3879736623364,-1,0,0,0,0,0,-8
41.07,13,2.23976335496566,-1.3879736623364,-1,-0,-0,0,-0.102133567485376,-0.0604992542911529,0
41.08,13,2.23975824828729,-1.38797668729911,-1,-0.00102133567485376,-0.000604992542911529,0,-0.102133567485376,-0.0604992542911529,0
41.09,13,2.23974292825217,-1.38798576218726,-1,-0.00204267134970753,-0.00120998508582306,0,-0.102133567485376,-0.0604992542911529,0
41.1,13,2.23971739486029,-1.38800088700083,-1,-0.00306400702456129,-0.00181497762873459,0,-0.102133567485376,-0.0604992542911529,0
41.11,13,2.23968164811167,-1.38802206173983,-1,-0.00408534269941506,-0.00241997017164612,0,-0.102133567485376,-0.0604992542911529,0
41.12,13,2.23963568800631,-1.38804928640426,-1,-0.00510667837426882,-0.00302496271455764,0,-0.102133567485376,-0.0604992542911529,0
41.13,13,2.23957951454419,-1.38808256099412,-1,-0.00612801404912258,-0.00362995525746917,0,-0.102133567485376,-0.0604992542911529,0
41.14,13,2.23951312772532,-1.38812188550941,-1,-0.00714934972397635,-0.0042349478003807,0,-0.102133567485376,-0.0604992542911529,0
41.15,13,2.23943652754971,-1.38816725995013,-1,-0.00817068539883011,-0.00483994034329223,0,-0.102133567485376,-0.0604992542911529,0
41.16,13,2.23934971401735,-1.38821868431628,-1,-0.00919202107368387,-0.00544493288620376,0,-0.102133567485376,-0.0604992542911529,0
41.17,13,2.23925268712824,-1.38827615860785,-1,-0.0102133567485376,-0.00604992542911529,0,-0.102133567485376,-0.0604992542911529,0
41.18,13,2.23914544688238,-1.38833968282486,-1,-0.0112346924233914,-0.00665491797202682,0,-0.102133567485376,-0.0604992542911529,0
41.19,13,2.23902799327977,-1.38840925696729,-1,-0.0122560280982452,-0.00725991051493835,0,-0.102133567485376,-0.0604992542911529,0
41.2,13,2.23890032632041,-1.38848488103516,-1,-0.0132773637730989,-0.00786490305784988,0,-0.102133567485376,-0.0604992542911529,0
41.21,13,2.23876244600431,-1.38856655502845,-1,-0.0142986994479527,-0.00846989560076141,0,-0.102133567485376,-0.0604992542911529,0
41.22,13,2.23861435233145,-1.38865427894717,-1,-0.0153200351228065,-0.00907488814367293,0,-0.102133567485376,-0.0604992542911529,0
41.23,13,2.23845604530185,-1.38874805279132,-1,-0.0163413707976602,-0.00967988068658446,0,-0.102133567485376,-0.0604992542911529,0
41.24,13,2.2382875249155,-1.3888478765609,-1,-0.017362706472514,-0.010284873229496,0,-0.102133567485376,-0.0604992542911529,0
41.25,13,2.2381087911724,-1.38895375025591,-1,-0.0183840421473677,-0.0108898657724075,0,-0.102133567485376,-0.0604992542911529,0
41.26,13,2.23791984407255,-1.38906567387635,-1,-0.0194053778222215,-0.011494858315319,0,-0.102133567485376,-0.0604992542911529,0
41.27,13,2.23772068361596,-1.38918364742222,-1,-0.0204267134970753,-0.0120998508582306,0,-0.102133567485376,-0.0604992542911529,0
41.28,13,2.23751130980261,-1.38930767089352,-1,-0.021448049171929,-0.0127048434011421,0,-0.102133567485376,-0.0604992542911529,0
41.29,13,2.23729172263252,-1.38943774429024,-1,-0.0224693848467828,-0.0133098359440536,0,-0.102133567485376,-0.0604992542911529,0
41.3,13,2.23706192210567,-1.3895738676124,-1,-0.0234907205216366,-0.0139148284869652,0,-0.102133567485376,-0.0604992542911529,0
41.31,13,2.23682190822208,-1.38971604085998,-1,-0.0245120561964903,-0.0145198210298767,0,-0.102133567485376,-0.0604992542911529,0
41.32,13,2.23657168098174,-1.389864264033,-1,-0.0255333918713441,-0.0151248135727882,0,-0.102133567485376,-0.0604992542911529,0
41.33,13,2.23631124038466,-1.39001853713144,-1,-0.0265547275461979,-0.0157298061156998,0,-0.102133567485376,-0.0604992542911529,0
41.34,13,2.23604058643082,-1.39017886015531,-1,-0.0275760632210516,-0.0163347986586113,0,-0.102133567485376,-0.0604992542911529,0
41.35,13,2.23575971912024,-1.39034523310461,-1,-0.0285973988959054,-0.0169397912015228,0,-0.102133567485376,-0.0604992542911529,0
41.36,13,2.2354686384529,-1.39051765597934,-1,-0.0296187345707592,-0.0175447837444343,0,-0.102133567485376,-0.0604992542911529,0
41.37,13,2.23516734442882,-1.3906961287795,-1,-0.0306400702456129,-0.0181497762873459,0,-0.102133567485376,-0.0604992542911529,0
41.38,13,2.23485583704799,-1.39088065150509,-1,-0.0316614059204667,-0.0187547688302574,0,-0.102133567485376,-0.0604992542911529,0
41.39,13,2.23453411631041,-1.3910712241561,-1,-0.0326827415953204,-0.0193597613731689,0,-0.102133567485376,-0.0604992542911529,0
41.4,13,2.23420218221608,-1.39126784673255,-1,-0.0337040772701742,-0.0199647539160805,0,-0.102133567485376,-0.0604992542911529,0
41.41,13,2.23386003476501,-1.39147051923443,-1,-0.034725412945028,-0.020569746458992,0,-0.102133567485376,-0.0604992542911529,0
41.42,13,2.23350767395718,-1.39167924166173,-1,-0.0357467486198817,-0.0211747390019035,0,-0.102133567485376,-0.0604992542911529,0
41.43,13,2.23314509979261,-1.39189401401446,-1,-0.0367680842947355,-0.021779731544815,0,-0.102133567485376,-0.0604992542911529,0
41.44,13,2.23277231227129,-1.39211483629263,-1,-0.0377894199695893,-0.0223847240877266,0,-0.102133567485376,-0.0604992542911529,0
41.45,13,2.23238931139322,-1.39234170849622,-1,-0.038810755644443,-0.0229897166306381,0,-0.102133567485376,-0.0604992542911529,0
41.46,13,2.2319960971584,-1.39257463062524,-1,-0.0398320913192968,-0.0235947091735496,0,-0.102133567485376,-0.0604992542911529,0
41.47,13,2.23159266956683,-1.39281360267969,-1,-0.0408534269941506,-0.0241997017164612,0,-0.102133567485376,-0.0604992542911529,0
41.48,13,2.23117902861852,-1.39305862465957,-1,-0.0418747626690043,-0.0248046942593727,0,-0.102133567485376,-0.0604992542911529,0
41.49,13,2.23075517431345,-1.39330969656488,-1,-0.0428960983438581,-0.0254096868022842,0,-0.102133567485376,-0.0604992542911529,0
41.5,13,2.23032110665164,-1.39356681839561,-1,-0.0439174340187118,-0.0260146793451957,0,-0.102133567485376,-0.0604992542911529,0
41.51,13,2.22987682563308,-1.39382999015178,-1,-0.0449387696935656,-0.0266196718881073,0,-0.102133567485376,-0.0604992542911529,0
41.52,13,2.22942233125777,-1.39409921183338,-1,-0.0459601053684194,-0.0272246644310188,0,-0.102133567485376,-0.0604992542911529,0
41.53,13,2.22895762352571,-1.3943744834404,-1,-0.0469814410432731,-0.0278296569739303,0,-0.102133567485376,-0.0604992542911529,0
41.54,13,2.2284827024369,-1.39465580497286,-1,-0.0480027767181269,-0.0284346495168419,0,-0.102133567485376,-0.0604992542911529,0
41.55,13,2.22799756799135,-1.39494317643074,-1,-0.0490241123929807,-0.0290396420597534,0,-0.102133567485376,-0.0604992542911529,0
41.56,13,2.22750222018904,-1.39523659781405,-1,-0.0500454480678344,-0.0296446346026649,0,-0.102133567485376,-0.0604992542911529,0
41.57,13,2.22699665902999,-1.39553606912279,-1,-0.0510667837426882,-0.0302496271455764,0,-0.102133567485376,-0.0604992542911529,0
41.58,13,2.22648088451419,-1.39584159035696,-1,-0.052088119417542,-0.030854619688488,0,-0.102133567485376,-0.0604992542911529,0
41.59,13,2.22595489664164,-1.39615316151656,-1,-0.0531094550923957,-0.0314596122313995,0,-0.102133567485376,-0.0604992542911529,0
41.6,13,2.22541869541234,-1.39647078260159,-1,-0.0541307907672495,-0.032064604774311,0,-0.102133567485376,-0.0604992542911529,0
41.61,13,2.2248722808263,-1.39679445361205,-1,-0.0551521264421033,-0.0326695973172226,0,-0.102133567485376,-0.0604992542911529,0
41.62,13,2.2243156528835,-1.39712417454793,-1,-0.056173462116957,-0.0332745898601341,0,-0.102133567485376,-0.0604992542911529,0
41.63,13,2.22374881158396,-1.39745994540925,-1,-0.0571947977918108,-0.0338795824030456,0,-0.102133567485376,-0.0604992542911529,0
41.64,13,2.22317175692766,-1.39780176619599,-1,-0.0582161334666646,-0.0344845749459571,0,-0.102133567485376,-0.0604992542911529,0
41.65,13,2.22258448891462,-1.39814963690817,-1,-0.0592374691415183,-0.0350895674888687,0,-0.102133567485376,-0.0604992542911529,0
41.66,13,2.22198700754483,-1.39850355754577,-1,-0.0602588048163721,-0.0356945600317802,0,-0.102133567485376,-0.0604992542911529,0
41.67,13,2.2213793128183,-1.3988635281088,-1,-0.0612801404912258,-0.0362995525746917,0,-0.102133567485376,-0.0604992542911529,0
41.68,13,2.22076140473501,-1.39922954859727,-1,-0.0623014761660796,-0.0369045451176033,0,-0.102133567485376,-0.0604992542911529,0
41.69,13,2.22013328329497,-1.39960161901116,-1,-0.0633228118409334,-0.0375095376605148,0,-0.102133567485376,-0.0604992542911529,0
41.7,13,2.21949494849819,-1.39997973935048,-1,-0.0643441475157871,-0.0381145302034263,0,-0.102133567485376,-0.0604992542911529,0
41.71,13,2.21884640034466,-1.40036390961523,-1,-0.0653654831906409,-0.0387195227463379,0,-0.102133567485376,-0.0604992542911529,0
41.72,13,2.21818763883438,-1.4007541298054,-1,-0.0663868188654947,-0.0393245152892494,0,-0.102133567485376,-0.0604992542911529,0
41.73,13,2.21751866396735,-1.40115039992101,-1,-0.0674081545403484,-0.0399295078321609,0,-0.102133567485376,-0.0604992542911529,0
41.74,13,2.21683947574357,-1.40155271996205,-1,-0.0684294902152022,-0.0405345003750724,0,-0.102133567485376,-0.0604992542911529,0
41.75,13,2.21615007416304,-1.40196108992851,-1,-0.069450825890056,-0.041139492917984,0,-0.102133567485376,-0.0604992542911529,0
41.76,13,2.21545045922577,-1.40237550982041,-1,-0.0704721615649097,-0.0417444854608955,0,-0.102133567485376,-0.0604992542911529,0
41.77,13,2.21474063093175,-1.40279597963773,-1,-0.0714934972397635,-0.042349478003807,0,-0.102133567485376,-0.0604992542911529,0
41.78,13,2.21402058928097,-1.40322249938048,-1,-0.0725148329146172,-0.0429544705467185,0,-0.102133567485376,-0.0604992542911529,0
41.79,13,2.21329033427345,-1.40365506904866,-1,-0.073536168589471,-0.0435594630896301,0,-0.102133567485376,-0.0604992542911529,0
41.8,13,2.21254986590918,-1.40409368864227,-1,-0.0745575042643248,-0.0441644556325416,0,-0.102133567485376,-0.0604992542911529,0
41.81,13,2.21179918418817,-1.40453835816131,-1,-0.0755788399391785,-0.0447694481754531,0,-0.102133567485376,-0.0604992542911529,0
41.82,13,2.2110382891104,-1.40498907760578,-1,-0.0766001756140323,-0.0453744407183647,0,-0.102133567485376,-0.0604992542911529,0
41.83,13,2.21026718067589,-1.40544584697568,-1,-0.0776215112888861,-0.0459794332612762,0,-0.102133567485376,-0.0604992542911529,0
41.84,13,2.20948585888462,-1.40590866627101,-1,-0.0786428469637398,-0.0465844258041877,0,-0.102133567485376,-0.0604992542911529,0
41.85,13,2.20869432373661,-1.40637753549177,-1,-0.0796641826385936,-0.0471894183470993,0,-0.102133567485376,-0.0604992542911529,0
41.86,13,2.20789257523185,-1.40685245463795,-1,-0.0806855183134474,-0.0477944108900108,0,-0.102133567485376,-0.0604992542911529,0
41.87,13,2.20708061337034,-1.40733342370957,-1,-0.0817068539883011,-0.0483994034329223,0,-0.102133567485376,-0.0604992542911529,0
41.88,13,2.20625843815209,-1.40782044270661,-1,-0.0827281896631549,-0.0490043959758338,0,-0.102133567485376,-0.0604992542911529,0
41.89,13,2.20542604957708,-1.40831351162908,-1,-0.0837495253380087,-0.0496093885187454,0,-0.102133567485376,-0.0604992542911529,0
41.9,13,2.20458344764533,-1.40881263047698,-1,-0.0847708610128624,-0.0502143810616569,0,-0.102133567485376,-0.0604992542911529,0
41.91,13,2.20373063235682,-1.40931779925032,-1,-0.0857921966877162,-0.0508193736045684,0,-0.102133567485376,-0.0604992542911529,0
41.92,13,2.20286760371157,-1.40982901794908,-1,-0.0868135323625699,-0.05142436614748,0,-0.102133567485376,-0.0604992542911529,0
41.93,13,2.20199436170957,-1.41034628657327,-1,-0.0878348680374237,-0.0520293586903915,0,-0.102133567485376,-0.0604992542911529,0
41.94,13,2.20111090635082,-1.41086960512288,-1,-0.0888562037122775,-0.052634351233303,0,-0.102133567485376,-0.0604992542911529,0
41.95,13,2.20021723763533,-1.41139897359793,-1,-0.0898775393871312,-0.0532393437762145,0,-0.102133567485376,-0.0604992542911529,0
41.96,13,2.19931335556308,-1.41193439199841,-1,-0.090898875061985,-0.0538443363191261,0,-0.102133567485376,-0.0604992542911529,0
41.97,13,2.19839926013409,-1.41247586032431,-1,-0.0919202107368388,-0.0544493288620376,0,-0.102133567485376,-0.0604992542911529,0
41.98,13,2.19747495134834,-1.41302337857565,-1,-0.0929415464116925,-0.0550543214049491,0,-0.102133567485376,-0.0604992542911529,0
41.99,13,2.19654042920585,-1.41357694675241,-1,-0.0939628820865463,-0.0556593139478607,0,-0.102133567485376,-0.0604992542911529,0
42,13,2.19559569370661,-1.41413656485461,-1,-0.0949842177614001,-0.0562643064907722,0,-0.102133567485376,-0.0604992542911529,0
42.01,13,2.19464074485062,-1.41470223288223,-1,-0.0960055534362538,-0.0568692990336837,0,-0.102133567485376,-0.0604992542911529,0
42.02,13,2.19367558263789,-1.41527395083528,-1,-0.0970268891111076,-0.0574742915765952,0,-0.102133567485376,-0.0604992542911529,0
42.03,13,2.1927002070684,-1.41585171871376,-1,-0.0980482247859613,-0.0580792841195068,0,-0.102133567485376,-0.0604992542911529,0
42.04,13,2.19171461814217,-1.41643553651767,-1,-0.0990695604608151,-0.0586842766624183,0,-0.102133567485376,-0.0604992542911529,0
42.05,13,2.19071881585919,-1.41702540424701,-1,-0.100090896135669,-0.0592892692053298,0,-0.102133567485376,-0.0604992542911529,0
42.06,13,2.18971280021945,-1.41762132190178,-1,-0.101112231810523,-0.0598942617482414,0,-0.102133567485376,-0.0604992542911529,0
42.07,13,2.18869657122297,-1.41822328948197,-1,-0.102133567485376,-0.0604992542911529,0,-0.102133567485376,-0.0604992542911529,0
42.08,13,2.18767012886975,-1.4188313069876,-1,-0.10315490316023,-0.0611042468340644,0,-0.102133567485376,-0.0604992542911529,0
42.09,13,2.18663347315977,-1.41944537441865,-1,-0.104176238835084,-0.0617092393769759,0,-0.102133567485376,-0.0604992542911529,0
42.1,13,2.18558660409305,-1.42006549177514,-1,-0.105197574509938,-0.0623142319198875,0,-0.102133567485376,-0.0604992542911529,0
42.11,13,2.18452952166957,-1.42069165905705,-1,-0.106218910184791,-0.062919224462799,0,-0.102133567485376,-0.0604992542911529,0
42.12,13,2.18346222588935,-1.4213238762644,-1,-0.107240245859645,-0.0635242170057105,0,-0.102133567485376,-0.0604992542911529,0
42.13,13,2.18238471675238,-1.42196214339717,-1,-0.108261581534499,-0.0641292095486221,0,-0.102133567485376,-0.0604992542911529,0
42.14,13,2.18129699425866,-1.42260646045537,-1,-0.109282917209353,-0.0647342020915336,0,-0.102133567485376,-0.0604992542911529,0
42.15,13,2.18019905840819,-1.423256827439,-1,-0.110304252884207,-0.0653391946344451,0,-0.102133567485376,-0.0604992542911529,0
42.16,13,2.17909090920098,-1.42391324434806,-1,-0.11132558855906,-0.0659441871773567,0,-0.102133567485376,-0.0604992542911529,0
42.17,13,2.17797254663701,-1.42457571118254,-1,-0.112346924233914,-0.0665491797202682,0,-0.102133567485376,-0.0604992542911529,0
42.18,13,2.1768439707163,-1.42524422794246,-1,-0.113368259908768,-0.0671541722631797,0,-0.102133567485376,-0.0604992542911529,0
42.19,13,2.17570518143883,-1.42591879462781,-1,-0.114389595583622,-0.0677591648060912,0,-0.102133567485376,-0.0604992542911529,0
42.2,13,2.17455617880462,-1.42659941123858,-1,-0.115410931258475,-0.0683641573490028,0,-0.102133567485376,-0.0604992542911529,0
42.21,13,2.17339696281367,-1.42728607777479,-1,-0.116432266933329,-0.0689691498919143,0,-0.102133567485376,-0.0604992542911529,0
42.22,13,2.17222753346596,-1.42797879423642,-1,-0.117453602608183,-0.0695741424348258,0,-0.102133567485376,-0.0604992542911529,0
42.23,13,2.1710478907615,-1.42867756062348,-1,-0.118474938283037,-0.0701791349777373,0,-0.102133567485376,-0.0604992542911529,0
42.24,13,2.1698580347003,-1.42938237693598,-1,-0.11949627395789,-0.0707841275206489,0,-0.102133567485376,-0.0604992542911529,0
42.25,13,2.16865796528234,-1.4300932431739,-1,-0.120517609632744,-0.0713891200635604,0,-0.102133567485376,-0.0604992542911529,0
42.26,13,2.16744768250764,-1.43081015933725,-1,-0.121538945307598,-0.0719941126064719,0,-0.102133567485376,-0.0604992542911529,0
42.27,13,2.16622718637619,-1.43153312542603,-1,-0.122560280982452,-0.0725991051493835,0,-0.102133567485376,-0.0604992542911529,0
42.28,13,2.16499647688799,-1.43226214144024,-1,-0.123581616657305,-0.073204097692295,0,-0.102133567485376,-0.0604992542911529,0
42.29,13,2.16375555404305,-1.43299720737987,-1,-0.124602952332159,-0.0738090902352065,0,-0.102133567485376,-0.0604992542911529,0
42.3,13,2.16250441784135,-1.43373832324494,-1,-0.125624288007013,-0.074414082778118,0,-0.102133567485376,-0.0604992542911529,0
42.31,13,2.16124306828291,-1.43448548903544,-1,-0.126645623681867,-0.0750190753210296,0,-0.102133567485376,-0.0604992542911529,0
42.32,13,2.15997150536771,-1.43523870475136,-1,-0.127666959356721,-0.0756240678639411,0,-0.102133567485376,-0.0604992542911529,0
42.33,13,2.15868972909577,-1.43599797039271,-1,-0.128688295031574,-0.0762290604068526,0,-0.102133567485376,-0.0604992542911529,0
42.34,13,2.15739773946708,-1.4367632859595,-1,-0.129709630706428,-0.0768340529497642,0,-0.102133567485376,-0.0604992542911529,0
42.35,13,2.15609553648164,-1.43753465145171,-1,-0.130730966381282,-0.0774390454926757,0,-0.102133567485376,-0.0604992542911529,0
42.36,13,2.15478312013946,-1.43831206686935,-1,-0.131752302056136,-0.0780440380355872,0,-0.102133567485376,-0.0604992542911529,0
42.37,13,2.15346049044052,-1.43909553221242,-1,-0.132773637730989,-0.0786490305784988,0,-0.102133567485376,-0.0604992542911529,0
42.38,13,2.15212764738484,-1.43988504748092,-1,-0.133794973405843,-0.0792540231214103,0,-0.102133567485376,-0.0604992542911529,0
42.39,13,2.1507845909724,-1.44068061267485,-1,-0.134816309080697,-0.0798590156643218,0,-0.102133567485376,-0.0604992542911529,0
42.4,13,2.14943132120322,-1.44148222779421,-1,-0.135837644755551,-0.0804640082072333,0,-0.102133567485376,-0.0604992542911529,0
42.41,13,2.14806783807729,-1.44228989283899,-1,-0.136858980430404,-0.0810690007501449,0,-0.102133567485376,-0.0604992542911529,0
42.42,13,2.14669414159461,-1.44310360780921,-1,-0.137880316105258,-0.0816739932930564,0,-0.102133567485376,-0.0604992542911529,0
42.43,13,2.14531023175519,-1.44392337270486,-1,-0.138901651780112,-0.0822789858359679,0,-0.102133567485376,-0.0604992542911529,0
42.44,13,2.14391610855901,-1.44474918752593,-1,-0.139922987454966,-0.0828839783788795,0,-0.102133567485376,-0.0604992542911529,0
42.45,13,2.14251177200609,-1.44558105227243,-1,-0.140944323129819,-0.083488970921791,0,-0.102133567485376,-0.0604992542911529,0
42.46,13,2.14109722209642,-1.44641896694437,-1,-0.141965658804673,-0.0840939634647025,0,-0.102133567485376,-0.0604992542911529,0
42.47,13,2.13967245882999,-1.44726293154173,-1,-0.142986994479527,-0.0846989560076141,0,-0.102133567485376,-0.0604992542911529,0
42.48,13,2.13823748220682,-1.44811294606452,-1,-0.144008330154381,-0.0853039485505256,0,-0.102133567485376,-0.0604992542911529,0
42.49,13,2.13679229222691,-1.44896901051274,-1,-0.145029665829234,-0.0859089410934371,0,-0.102133567485376,-0.0604992542911529,0
42.5,13,2.13533688889024,-1.44983112488639,-1,-0.146051001504088,-0.0865139336363486,0,-0.102133567485376,-0.0604992542911529,0
42.51,13,2.13387127219682,-1.45069928918546,-1,-0.147072337178942,-0.0871189261792602,0,-0.102133567485376,-0.0604992542911529,0
42.52,13,2.13239544214666,-1.45157350340997,-1,-0.148093672853796,-0.0877239187221717,0,-0.102133567485376,-0.0604992542911529,0
42.53,13,2.13090939873975,-1.45245376755991,-1,-0.14911500852865,-0.0883289112650832,0,-0.102133567485376,-0.0604992542911529,0
42.54,13,2.12941314197609,-1.45334008163527,-1,-0.150136344203503,-0.0889339038079947,0,-0.102133567485376,-0.0604992542911529,0
42.55,13,2.12790667185568,-1.45423244563607,-1,-0.151157679878357,-0.0895388963509063,0,-0.102133567485376,-0.0604992542911529,0
42.56,13,2.12638998837852,-1.45513085956229,-1,-0.152179015553211,-0.0901438888938178,0,-0.102133567485376,-0.0604992542911529,0
42.57,13,2.12486309154461,-1.45603532341394,-1,-0.153200351228065,-0.0907488814367293,0,-0.102133567485376,-0.0604992542911529,0
42.58,13,2.12332598135396,-1.45694583719103,-1,-0.154221686902918,-0.0913538739796409,0,-0.102133567485376,-0.0604992542911529,0
42.59,13,2.12177865780656,-1.45786240089354,-1,-0.155243022577772,-0.0919588665225524,0,-0.102133567485376,-0.0604992542911529,0
42.6,13,2.1202211209024,-1.45878501452148,-1,-0.156264358252626,-0.0925638590654639,0,-0.102133567485376,-0.0604992542911529,0
42.61,13,2.1186533706415,-1.45971367807485,-1,-0.15728569392748,-0.0931688516083754,0,-0.102133567485376,-0.0604992542911529,0
42.62,13,2.11707540702385,-1.46064839155364,-1,-0.158307029602333,-0.093773844151287,0,-0.102133567485376,-0.0604992542911529,0
42.63,13,2.11548723004946,-1.46158915495787,-1,-0.159328365277187,-0.0943788366941985,0,-0.102133567485376,-0.0604992542911529,0
42.64,13,2.11388883971831,-1.46253596828753,-1,-0.160349700952041,-0.09498382923711,0,-0.102133567485376,-0.0604992542911529,0
42.65,13,2.11228023603042,-1.46348883154261,-1,-0.161371036626895,-0.0955888217800216,0,-0.102133567485376,-0.0604992542911529,0
42.66,13,2.11066141898577,-1.46444774472313,-1,-0.162392372301748,-0.0961938143229331,0,-0.102133567485376,-0.0604992542911529,0
42.67,13,2.10903238858438,-1.46541270782907,-1,-0.163413707976602,-0.0967988068658446,0,-0.102133567485376,-0.0604992542911529,0
42.68,13,2.10739314482624,-1.46638372086045,-1,-0.164435043651456,-0.0974037994087562,0,-0.102133567485376,-0.0604992542911529,0
42.69,13,2.10574368771135,-1.46736078381725,-1,-0.16545637932631,-0.0980087919516677,0,-0.102133567485376,-0.0604992542911529,0
42.7,13,2.10408401723971,-1.46834389669948,-1,-0.166477715001164,-0.0986137844945792,0,-0.102133567485376,-0.0604992542911529,0
42.71,13,2.10241413341133,-1.46933305950714,-1,-0.167499050676017,-0.0992187770374907,0,-0.102133567485376,-0.0604992542911529,0
42.72,13,2.10073403622619,-1.47032827224023,-1,-0.168520386350871,-0.0998237695804023,0,-0.102133567485376,-0.0604992542911529,0
42.73,13,2.09904372568431,-1.47132953489875,-1,-0.169541722025725,-0.100428762123314,0,-0.102133567485376,-0.0604992542911529,0
42.74,13,2.09734320178568,-1.4723368474827,-1,-0.170563057700579,-0.101033754666225,0,-0.102133567485376,-0.0604992542911529,0
42.75,13,2.0956324645303,-1.47335020999207,-1,-0.171584393375432,-0.101638747209137,0,-0.102133567485376,-0.0604992542911529,0
42.76,13,2.09391151391817,-1.47436962242688,-1,-0.172605729050286,-0.102243739752048,0,-0.102133567485376,-0.0604992542911529,0
42.77,13,2.09218034994929,-1.47539508478711,-1,-0.17362706472514,-0.10284873229496,0,-0.102133567485376,-0.0604992542911529,0
42.78,13,2.09043897262367,-1.47642659707278,-1,-0.174648400399994,-0.103453724837871,0,-0.102133567485376,-0.0604992542911529,0
42.79,13,2.08868738194129,-1.47746415928387,-1,-0.175669736074847,-0.104058717380783,0,-0.102133567485376,-0.0604992542911529,0
42.8,13,2.08692557790217,-1.47850777142039,-1,-0.176691071749701,-0.104663709923695,0,-0.102133567485376,-0.0604992542911529,0
42.81,13,2.0851535605063,-1.47955743348234,-1,-0.177712407424555,-0.105268702466606,0,-0.102133567485376,-0.0604992542911529,0
42.82,13,2.08337132975368,-1.48061314546973,-1,-0.178733743099409,-0.105873695009518,0,-0.102133567485376,-0.0604992542911529,0
42.83,13,2.08157888564431,-1.48167490738253,-1,-0.179755078774262,-0.106478687552429,0,-0.102133567485376,-0.0604992542911529,0
42.84,13,2.0797762281782,-1.48274271922077,-1,-0.180776414449116,-0.107083680095341,0,-0.102133567485376,-0.0604992542911529,0
42.85,13,2.07796335735533,-1.48381658098444,-1,-0.18179775012397,-0.107688672638252,0,-0.102133567485376,-0.0604992542911529,0
42.86,13,2.07614027317572,-1.48489649267354,-1,-0.182819085798824,-0.108293665181164,0,-0.102133567485376,-0.0604992542911529,0
42.87,13,2.07430697563935,-1.48598245428806,-1,-0.183840421473678,-0.108898657724075,0,-0.102133567485376,-0.0604992542911529,0
42.88,13,2.07246346474624,-1.48707446582802,-1,-0.184861757148531,-0.109503650266987,0,-0.102133567485376,-0.0604992542911529,0
42.89,13,2.07060974049638,-1.4881725272934,-1,-0.185883092823385,-0.110108642809898,0,-0.102133567485376,-0.0604992542911529,0
42.9,13,2.06874580288977,-1.48927663868422,-1,-0.186904428498239,-0.11071363535281,0,-0.102133567485376,-0.0604992542911529,0
42.91,13,2.06687165192642,-1.49038680000046,-1,-0.187925764173093,-0.111318627895721,0,-0.102133567485376,-0.0604992542911529,0
42.92,13,2.06498728760631,-1.49150301124213,-1,-0.188947099847946,-0.111923620438633,0,-0.102133567485376,-0.0604992542911529,0
42.93,13,2.06309270992946,-1.49262527240923,-1,-0.1899684355228,-0.112528612981544,0,-0.102133567485376,-0.0604992542911529,0
42.94,13,2.06118791889586,-1.49375358350176,-1,-0.190989771197654,-0.113133605524456,0,-0.102133567485376,-0.0604992542911529,0
42.95,13,2.05927291450551,-1.49488794451972,-1,-0.192011106872508,-0.113738598067367,0,-0.102133567485376,-0.0604992542911529,0
42.96,13,2.05734769675841,-1.49602835546311,-1,-0.193032442547361,-0.114343590610279,0,-0.102133567485376,-0.0604992542911529,0
42.97,13,2.05541226565456,-1.49717481633193,-1,-0.194053778222215,-0.11494858315319,0,-0.102133567485376,-0.0604992542911529,0
42.98,13,2.05346662119396,-1.49832732712617,-1,-0.195075113897069,-0.115553575696102,0,-0.102133567485376,-0.0604992542911529,0
42.99,13,2.05151076337662,-1.49948588784585,-1,-0.196096449571923,-0.116158568239014,0,-0.102133567485376,-0.0604992542911529,0
43,13,2.04954469220252,-1.50065049849095,-1,-0.197117785246776,-0.116763560781925,0,-0.102133567485376,-0.0604992542911529,0
43.01,13,2.04756840767168,-1.50182115906149,-1,-0.19813912092163,-0.117368553324837,0,-0.102133567485376,-0.0604992542911529,0
43.02,13,2.04558190978409,-1.50299786955745,-1,-0.199160456596484,-0.117973545867748,0,-0.102133567485376,-0.0604992542911529,0
43.03,13,2.04358519853975,-1.50418062997884,-1,-0.200181792271338,-0.11857853841066,0,-0.102133567485376,-0.0604992542911529,0
43.04,13,2.04157827393866,-1.50536944032566,-1,-0.201203127946191,-0.119183530953571,0,-0.102133567485376,-0.0604992542911529,0
43.05,13,2.03956113598083,-1.50656430059792,-1,-0.202224463621045,-0.119788523496483,0,-0.102133567485376,-0.0604992542911529,0
43.06,13,2.03753378466624,-1.50776521079559,-1,-0.203245799295899,-0.120393516039394,0,-0.102133567485376,-0.0604992542911529,0
43.07,13,2.03549621999491,-1.5089721709187,-1,-0.204267134970753,-0.120998508582306,0,-0.102133567485376,-0.0604992542911529,0
43.08,13,2.03344844196683,-1.51018518096724,-1,-0.205288470645607,-0.121603501125217,0,-0.102133567485376,-0.0604992542911529,0
43.09,13,2.031390450582,-1.51140424094121,-1,-0.20630980632046,-0.122208493668129,0,-0.102133567485376,-0.0604992542911529,0
43.1,13,2.02932224584042,-1.5126293508406,-1,-0.207331141995314,-0.12281348621104,0,-0.102133567485376,-0.0604992542911529,0
43.11,13,2.02724382774209,-1.51386051066543,-1,-0.208352477670168,-0.123418478753952,0,-0.102133567485376,-0.0604992542911529,0
43.12,13,2.02515519628702,-1.51509772041568,-1,-0.209373813345022,-0.124023471296863,0,-0.102133567485376,-0.0604992542911529,0
43.13,13,2.02305635147519,-1.51634098009137,-1,-0.210395149019875,-0.124628463839775,0,-0.102133567485376,-0.0604992542911529,0
43.14,13,2.02094729330662,-1.51759028969248,-1,-0.211416484694729,-0.125233456382686,0,-0.102133567485376,-0.0604992542911529,0
43.15,13,2.0188280217813,-1.51884564921902,-1,-0.212437820369583,-0.125838448925598,0,-0.102133567485376,-0.0604992542911529,0
43.16,13,2.01669853689923,-1.52010705867099,-1,-0.213459156044437,-0.12644344146851,0,-0.102133567485376,-0.0604992542911529,0
43.17,13,2.01455883866041,-1.52137451804839,-1,-0.21448049171929,-0.127048434011421,0,-0.102133567485376,-0.0604992542911529,0
43.18,13,2.01240892706484,-1.52264802735122,-1,-0.215501827394144,-0.127653426554333,0,-0.102133567485376,-0.0604992542911529,0
43.19,13,2.01024880211253,-1.52392758657948,-1,-0.216523163068998,-0.128258419097244,0,-0.102133567485376,-0.0604992542911529,0
43.2,13,2.00807846380346,-1.52521319573316,-1,-0.217544498743852,-0.128863411640156,0,-0.102133567485376,-0.0604992542911529,0
43.21,13,2.00589791213765,-1.52650485481228,-1,-0.218565834418706,-0.129468404183067,0,-0.102133567485376,-0.0604992542911529,0
43.22,13,2.00370714711509,-1.52780256381682,-1,-0.219587170093559,-0.130073396725979,0,-0.102133567485376,-0.0604992542911529,0
43.23,13,2.00150616873578,-1.5291063227468,-1,-0.220608505768413,-0.13067838926889,0,-0.102133567485376,-0.0604992542911529,0
43.24,13,1.99929497699972,-1.5304161316022,-1,-0.221629841443267,-0.131283381811802,0,-0.102133567485376,-0.0604992542911529,0
43.25,13,1.99707357190691,-1.53173199038303,-1,-0.222651177118121,-0.131888374354713,0,-0.102133567485376,-0.0604992542911529,0
43.26,13,1.99484195345736,-1.5330538990893,-1,-0.223672512792974,-0.132493366897625,0,-0.102133567485376,-0.0604992542911529,0
43.27,13,1.99260012165105,-1.53438185772099,-1,-0.224693848467828,-0.133098359440536,0,-0.102133567485376,-0.0604992542911529,0
43.28,13,1.990348076488,-1.53571586627811,-1,-0.225715184142682,-0.133703351983448,0,-0.102133567485376,-0.0604992542911529,0
43.29,13,1.9880858179682,-1.53705592476066,-1,-0.226736519817536,-0.134308344526359,0,-0.102133567485376,-0.0604992542911529,0
43.3,13,1.98581334609165,-1.53840203316863,-1,-0.227757855492389,-0.134913337069271,0,-0.102133567485376,-0.0604992542911529,0
43.31,13,1.98353066085835,-1.53975419150204,-1,-0.228779191167243,-0.135518329612182,0,-0.102133567485376,-0.0604992542911529,0
43.32,13,1.9812377622683,-1.54111239976088,-1,-0.229800526842097,-0.136123322155094,0,-0.102133567485376,-0.0604992542911529,0
43.33,13,1.97893465032151,-1.54247665794514,-1,-0.230821862516951,-0.136728314698006,0,-0.102133567485376,-0.0604992542911529,0
43.34,13,1.97662132501796,-1.54384696605484,-1,-0.231843198191804,-0.137333307240917,0,-0.102133567485376,-0.0604992542911529,0
43.35,13,1.97429778635767,-1.54522332408996,-1,-0.232864533866658,-0.137938299783829,0,-0.102133567485376,-0.0604992542911529,0
43.36,13,1.97196403434063,-1.54660573205051,-1,-0.233885869541512,-0.13854329232674,0,-0.102133567485376,-0.0604992542911529,0
43.37,13,1.96962006896684,-1.5479941899365,-1,-0.234907205216366,-0.139148284869652,0,-0.102133567485376,-0.0604992542911529,0
43.38,13,1.9672658902363,-1.54938869774791,-1,-0.235928540891219,-0.139753277412563,0,-0.102133567485376,-0.0604992542911529,0
43.39,13,1.96490149814902,-1.55078925548475,-1,-0.236949876566073,-0.140358269955475,0,-0.102133567485376,-0.0604992542911529,0
43.4,13,1.96252689270498,-1.55219586314702,-1,-0.237971212240927,-0.140963262498386,0,-0.102133567485376,-0.0604992542911529,0
43.41,13,1.9601420739042,-1.55360852073472,-1,-0.238992547915781,-0.141568255041298,0,-0.102133567485376,-0.0604992542911529,0
43.42,13,1.95774704174667,-1.55502722824784,-1,-0.240013883590635,-0.142173247584209,0,-0.102133567485376,-0.0604992542911529,0
43.43,13,1.95534179623239,-1.5564519856864,-1,-0.241035219265488,-0.142778240127121,0,-0.102133567485376,-0.0604992542911529,0
43.44,13,1.95292633736136,-1.55788279305039,-1,-0.242056554940342,-0.143383232670032,0,-0.102133567485376,-0.0604992542911529,0
43.45,13,1.95050066513358,-1.5593196503398,-1,-0.243077890615196,-0.143988225212944,0,-0.102133567485376,-0.0604992542911529,0
43.46,13,1.94806477954905,-1.56076255755464,-1,-0.24409922629005,-0.144593217755855,0,-0.102133567485376,-0.0604992542911529,0
43.47,13,1.94561868060778,-1.56221151469492,-1,-0.245120561964903,-0.145198210298767,0,-0.102133567485376,-0.0604992542911529,0
43.48,13,1.94316236830976,-1.56366652176062,-1,-0.246141897639757,-0.145803202841678,0,-0.102133567485376,-0.0604992542911529,0
43.49,13,1.94069584265498,-1.56512757875175,-1,-0.247163233314611,-0.14640819538459,0,-0.102133567485376,-0.0604992542911529,0
43.5,13,1.93821910364346,-1.56659468566831,-1,-0.248184568989465,-0.147013187927502,0,-0.102133567485376,-0.0604992542911529,0
43.51,13,1.93573215127519,-1.5680678425103,-1,-0.249205904664318,-0.147618180470413,0,-0.102133567485376,-0.0604992542911529,0
43.52,13,1.93323498555018,-1.56954704927772,-1,-0.250227240339172,-0.148223173013325,0,-0.102133567485376,-0.0604992542911529,0
43.53,13,1.93072760646841,-1.57103230597057,-1,-0.251248576014026,-0.148828165556236,0,-0.102133567485376,-0.0604992542911529,0
43.54,13,1.9282100140299,-1.57252361258884,-1,-0.25226991168888,-0.149433158099148,0,-0.102133567485376,-0.0604992542911529,0
43.55,13,1.92568220823463,-1.57402096913255,-1,-0.253291247363733,-0.150038150642059,0,-0.102133567485376,-0.0604992542911529,0
43.56,13,1.92314418908262,-1.57552437560169,-1,-0.254312583038587,-0.150643143184971,0,-0.102133567485376,-0.0604992542911529,0
43.57,13,1.92059595657386,-1.57703383199625,-1,-0.255333918713441,-0.151248135727882,0,-0.102133567485376,-0.0604992542911529,0
43.58,13,1.91803751070835,-1.57854933831624,-1,-0.256355254388295,-0.151853128270794,0,-0.102133567485376,-0.0604992542911529,0
43.59,13,1.9154688514861,-1.58007089456167,-1,-0.257376590063149,-0.152458120813705,0,-0.102133567485376,-0.0604992542911529,0
43.6,13,1.91288997890709,-1.58159850073252,-1,-0.258397925738002,-0.153063113356617,0,-0.102133567485376,-0.0604992542911529,0
43.61,13,1.91030089297134,-1.5831321568288,-1,-0.259419261412856,-0.153668105899528,0,-0.102133567485376,-0.0604992542911529,0
43.62,13,1.90770159367883,-1.58467186285051,-1,-0.26044059708771,-0.15427309844244,0,-0.102133567485376,-0.0604992542911529,0
43.63,13,1.90509208102958,-1.58621761879765,-1,-0.261461932762564,-0.154878090985351,0,-0.102133567485376,-0.0604992542911529,0
43.64,13,1.90247235502358,-1.58776942467021,-1,-0.262483268437417,-0.155483083528263,0,-0.102133567485376,-0.0604992542911529,0
43.65,13,1.89984241566083,-1.58932728046821,-1,-0.263504604112271,-0.156088076071174,0,-0.102133567485376,-0.0604992542911529,0
43.66,13,1.89720226294134,-1.59089118619164,-1,-0.264525939787125,-0.156693068614086,0,-0.102133567485376,-0.0604992542911529,0
43.67,13,1.89455189686509,-1.59246114184049,-1,-0.265547275461979,-0.157298061156998,0,-0.102133567485376,-0.0604992542911529,0
43.68,13,1.8918913174321,-1.59403714741478,-1,-0.266568611136832,-0.157903053699909,0,-0.102133567485376,-0.0604992542911529,0
43.69,13,1.88922052464235,-1.59561920291449,-1,-0.267589946811686,-0.158508046242821,0,-0.102133567485376,-0.0604992542911529,0
43.7,13,1.88653951849586,-1.59720730833963,-1,-0.26861128248654,-0.159113038785732,0,-0.102133567485376,-0.0604992542911529,0
43.71,13,1.88384829899262,-1.59880146369021,-1,-0.269632618161394,-0.159718031328644,0,-0.102133567485376,-0.0604992542911529,0
43.72,13,1.88114686613264,-1.60040166896621,-1,-0.270653953836247,-0.160323023871555,0,-0.102133567485376,-0.0604992542911529,0
43.73,13,1.8784352199159,-1.60200792416764,-1,-0.271675289511101,-0.160928016414467,0,-0.102133567485376,-0.0604992542911529,0
43.74,13,1.87571336034241,-1.6036202292945,-1,-0.272696625185955,-0.161533008957378,0,-0.102133567485376,-0.0604992542911529,0
43.75,13,1.87298128741218,-1.60523858434679,-1,-0.273717960860809,-0.16213800150029,0,-0.102133567485376,-0.0604992542911529,0
43.76,13,1.8702390011252,-1.6068629893245,-1,-0.274739296535663,-0.162742994043201,0,-0.102133567485376,-0.0604992542911529,0
43.77,13,1.86748650148147,-1.60849344422765,-1,-0.275760632210516,-0.163347986586113,0,-0.102133567485376,-0.0604992542911529,0
43.78,13,1.86472378848099,-1.61012994905623,-1,-0.27678196788537,-0.163952979129024,0,-0.102133567485376,-0.0604992542911529,0
43.79,13,1.86195086212376,-1.61177250381023,-1,-0.277803303560224,-0.164557971671936,0,-0.102133567485376,-0.0604992542911529,0
43.8,13,1.85916772240978,-1.61342110848966,-1,-0.278824639235078,-0.165162964214847,0,-0.102133567485376,-0.0604992542911529,0
43.81,13,1.85637436933906,-1.61507576309453,-1,-0.279845974909931,-0.165767956757759,0,-0.102133567485376,-0.0604992542911529,0
43.82,13,1.85357080291158,-1.61673646762482,-1,-0.280867310584785,-0.16637294930067,0,-0.102133567485376,-0.0604992542911529,0
43.83,13,1.85075702312736,-1.61840322208054,-1,-0.281888646259639,-0.166977941843582,0,-0.102133567485376,-0.0604992542911529,0
43.84,13,1.84793302998639,-1.62007602646169,-1,-0.282909981934493,-0.167582934386493,0,-0.102133567485376,-0.0604992542911529,0
43.85,13,1.84509882348867,-1.62175488076827,-1,-0.283931317609346,-0.168187926929405,0,-0.102133567485376,-0.0604992542911529,0
43.86,13,1.8422544036342,-1.62343978500028,-1,-0.2849526532842,-0.168792919472317,0,-0.102133567485376,-0.0604992542911529,0
43.87,13,1.83939977042299,-1.62513073915772,-1,-0.285973988959054,-0.169397912015228,0,-0.102133567485376,-0.0604992542911529,0
43.88,13,1.83653492385502,-1.62682774324058,-1,-0.286995324633908,-0.17000290455814,0,-0.102133567485376,-0.0604992542911529,0
43.89,13,1.83365986393031,-1.62853079724888,-1,-0.288016660308761,-0.170607897101051,0,-0.102133567485376,-0.0604992542911529,0
43.9,13,1.83077459064885,-1.6302399011826,-1,-0.289037995983615,-0.171212889643963,0,-0.102133567485376,-0.0604992542911529,0
43.91,13,1.82787910401064,-1.63195505504176,-1,-0.290059331658469,-0.171817882186874,0,-0.102133567485376,-0.0604992542911529,0
43.92,13,1.82497340401568,-1.63367625882634,-1,-0.291080667333323,-0.172422874729786,0,-0.102133567485376,-0.0604992542911529,0
43.93,13,1.82205749066397,-1.63540351253635,-1,-0.292102003008177,-0.173027867272697,0,-0.102133567485376,-0.0604992542911529,0
43.94,13,1.81913136395551,-1.6371368161718,-1,-0.29312333868303,-0.173632859815609,0,-0.102133567485376,-0.0604992542911529,0
43.95,13,1.81619502389031,-1.63887616973267,-1,-0.294144674357884,-0.17423785235852,0,-0.102133567485376,-0.0604992542911529,0
43.96,13,1.81324847046836,-1.64062157321897,-1,-0.295166010032738,-0.174842844901432,0,-0.102133567485376,-0.0604992542911529,0
43.97,13,1.81029170368966,-1.6423730266307,-1,-0.296187345707592,-0.175447837444343,0,-0.102133567485376,-0.0604992542911529,0
43.98,13,1.8073247235542,-1.64413052996785,-1,-0.297208681382445,-0.176052829987255,0,-0.102133567485376,-0.0604992542911529,0
43.99,13,1.80434753006201,-1.64589408323044,-1,-0.298230017057299,-0.176657822530166,0,-0.102133567485376,-0.0604992542911529,0
44,13,1.80136012321306,-1.64766368641846,-1,-0.299251352732153,-0.177262815073078,0,-0.102133567485376,-0.0604992542911529,0
44.01,13,1.79836250300736,-1.6494393395319,-1,-0.300272688407007,-0.177867807615989,0,-0.102133567485376,-0.0604992542911529,0
44.02,13,1.79535466944492,-1.65122104257078,-1,-0.30129402408186,-0.178472800158901,0,-0.102133567485376,-0.0604992542911529,0
44.03,13,1.79233662252573,-1.65300879553508,-1,-0.302315359756714,-0.179077792701813,0,-0.102133567485376,-0.0604992542911529,0
44.04,13,1.78930836224978,-1.65480259842481,-1,-0.303336695431568,-0.179682785244724,0,-0.102133567485376,-0.0604992542911529,0
44.05,13,1.78626988861709,-1.65660245123997,-1,-0.304358031106422,-0.180287777787636,0,-0.102133567485376,-0.0604992542911529,0
44.06,13,1.78322120162766,-1.65840835398057,-1,-0.305379366781275,-0.180892770330547,0,-0.102133567485376,-0.0604992542911529,0
44.07,13,1.78016230128147,-1.66022030664659,-1,-0.306400702456129,-0.181497762873459,0,-0.102133567485376,-0.0604992542911529,0
44.08,13,1.77709318757853,-1.66203830923803,-1,-0.307422038130983,-0.18210275541637,0,-0.102133567485376,-0.0604992542911529,0
44.09,13,1.77401386051885,-1.66386236175491,-1,-0.308443373805837,-0.182707747959282,0,-0.102133567485376,-0.0604992542911529,0
44.1,13,1.77092432010242,-1.66569246419722,-1,-0.30946470948069,-0.183312740502193,0,-0.102133567485376,-0.0604992542911529,0
44.11,13,1.76782456632924,-1.66752861656496,-1,-0.310486045155544,-0.183917733045105,0,-0.102133567485376,-0.0604992542911529,0
44.12,13,1.76471459919931,-1.66937081885812,-1,-0.311507380830398,-0.184522725588016,0,-0.102133567485376,-0.0604992542911529,0
44.13,13,1.76159441871263,-1.67121907107672,-1,-0.312528716505252,-0.185127718130928,0,-0.102133567485376,-0.0604992542911529,0
44.14,13,1.7584640248692,-1.67307337322074,-1,-0.313550052180106,-0.185732710673839,0,-0.102133567485376,-0.0604992542911529,0
44.15,13,1.75532341766903,-1.67493372529019,-1,-0.314571387854959,-0.186337703216751,0,-0.102133567485376,-0.0604992542911529,0
44.16,13,1.7521725971121,-1.67680012728508,-1,-0.315592723529813,-0.186942695759662,0,-0.102133567485376,-0.0604992542911529,0
44.17,13,1.74901156319843,-1.67867257920539,-1,-0.316614059204667,-0.187547688302574,0,-0.102133567485376,-0.0604992542911529,0
44.18,13,1.74584031592801,-1.68055108105113,-1,-0.317635394879521,-0.188152680845485,0,-0.102133567485376,-0.0604992542911529,0
44.19,13,1.74265885530084,-1.6824356328223,-1,-0.318656730554374,-0.188757673388397,0,-0.102133567485376,-0.0604992542911529,0
44.2,13,1.73946718131692,-1.68432623451889,-1,-0.319678066229228,-0.189362665931309,0,-0.102133567485376,-0.0604992542911529,0
44.21,13,1.73626529397625,-1.68622288614092,-1,-0.320699401904082,-0.18996765847422,0,-0.102133567485376,-0.0604992542911529,0
44.22,13,1.73305319327884,-1.68812558768838,-1,-0.321720737578936,-0.190572651017132,0,-0.102133567485376,-0.0604992542911529,0
44.23,13,1.72983087922468,-1.69003433916127,-1,-0.322742073253789,-0.191177643560043,0,-0.102133567485376,-0.0604992542911529,0
44.24,13,1.72659835181376,-1.69194914055958,-1,-0.323763408928643,-0.191782636102955,0,-0.102133567485376,-0.0604992542911529,0
44.25,13,1.7233556110461,-1.69386999188332,-1,-0.324784744603497,-0.192387628645866,0,-0.102133567485376,-0.0604992542911529,0
44.26,13,1.72010265692169,-1.6957968931325,-1,-0.325806080278351,-0.192992621188778,0,-0.102133567485376,-0.0604992542911529,0
44.27,13,1.71683948944054,-1.6977298443071,-1,-0.326827415953205,-0.193597613731689,0,-0.102133567485376,-0.0604992542911529,0
44.28,13,1.71356610860263,-1.69966884540713,-1,-0.327848751628058,-0.194202606274601,0,-0.102133567485376,-0.0604992542911529,0
44.29,13,1.71028251440797,-1.70161389643259,-1,-0.328870087302912,-0.194807598817512,0,-0.102133567485376,-0.0604992542911529,0
44.3,13,1.70698870685657,-1.70356499738348,-1,-0.329891422977766,-0.195412591360424,0,-0.102133567485376,-0.0604992542911529,0
44.31,13,1.70368468594842,-1.7055221482598,-1,-0.33091275865262,-0.196017583903335,0,-0.102133567485376,-0.0604992542911529,0
44.32,13,1.70037045168352,-1.70748534906155,-1,-0.331934094327473,-0.196622576446247,0,-0.102133567485376,-0.0604992542911529,0
44.33,13,1.69704600406187,-1.70945459978873,-1,-0.332955430002327,-0.197227568989158,0,-0.102133567485376,-0.0604992542911529,0
44.34,13,1.69371134308347,-1.71142990044133,-1,-0.333976765677181,-0.19783256153207,0,-0.102133567485376,-0.0604992542911529,0
44.35,13,1.69036646874833,-1.71341125101937,-1,-0.334998101352035,-0.198437554074981,0,-0.102133567485376,-0.0604992542911529,0
44.36,13,1.68701138105643,-1.71539865152283,-1,-0.336019437026888,-0.199042546617893,0,-0.102133567485376,-0.0604992542911529,0
44.37,13,1.68364608000779,-1.71739210195172,-1,-0.337040772701742,-0.199647539160805,0,-0.102133567485376,-0.0604992542911529,0
44.38,13,1.6802705656024,-1.71939160230605,-1,-0.338062108376596,-0.200252531703716,0,-0.102133567485376,-0.0604992542911529,0
44.39,13,1.67688483784026,-1.7213971525858,-1,-0.33908344405145,-0.200857524246628,0,-0.102133567485376,-0.0604992542911529,0
44.4,13,1.67348889672137,-1.72340875279098,-1,-0.340104779726303,-0.201462516789539,0,-0.102133567485376,-0.0604992542911529,0
44.41,13,1.67008274224573,-1.72542640292159,-1,-0.341126115401157,-0.202067509332451,0,-0.102133567485376,-0.0604992542911529,0
44.42,13,1.66666637441334,-1.72745010297763,-1,-0.342147451076011,-0.202672501875362,0,-0.102133567485376,-0.0604992542911529,0
44.43,13,1.66323979322421,-1.7294798529591,-1,-0.343168786750865,-0.203277494418274,0,-0.102133567485376,-0.0604992542911529,0
44.44,13,1.65980299867833,-1.73151565286599,-1,-0.344190122425719,-0.203882486961185,0,-0.102133567485376,-0.0604992542911529,0
44.45,13,1.6563559907757,-1.73355750269832,-1,-0.345211458100572,-0.204487479504097,0,-0.102133567485376,-0.0604992542911529,0
44.46,13,1.65289876951632,-1.73560540245608,-1,-0.346232793775426,-0.205092472047008,0,-0.102133567485376,-0.0604992542911529,0
44.47,13,1.64943133490019,-1.73765935213926,-1,-0.34725412945028,-0.20569746458992,0,-0.102133567485376,-0.0604992542911529,0
44.48,13,1.64595368692731,-1.73971935174787,-1,-0.348275465125134,-0.206302457132831,0,-0.102133567485376,-0.0604992542911529,0
44.49,13,1.64246668810271,-1.74178489037339,-1,-0.348703199200013,-0.206555827236336,0,0.102133567485376,0.0604992542911529,-0
44.5,13,1.63898476278908,-1.74384742368304,-1,-0.347681863525159,-0.205950834693425,0,0.102133567485376,0.0604992542911529,-0
44.51,13,1.6355130508322,-1.74590390706726,-1,-0.346660527850305,-0.205345842150513,0,0.102133567485376,0.0604992542911529,-0
44.52,13,1.63205155223207,-1.74795434052605,-1,-0.345639192175451,-0.204740849607602,0,0.102133567485376,0.0604992542911529,-0
44.53,13,1.62860026698869,-1.74999872405941,-1,-0.344617856500598,-0.20413585706469,0,0.102133567485376,0.0604992542911529,-0
44.54,13,1.62515919510206,-1.75203705766734,-1,-0.343596520825744,-0.203530864521779,0,0.102133567485376,0.0604992542911529,-0
44.55,13,1.62172833657218,-1.75406934134985,-1,-0.34257518515089,-0.202925871978867,0,0.102133567485376,0.0604992542911529,-0
44.56,13,1.61830769139904,-1.75609557510692,-1,-0.341553849476036,-0.202320879435956,0,0.102133567485376,0.0604992542911529,-0
44.57,13,1.61489725958266,-1.75811575893856,-1,-0.340532513801182,-0.201715886893044,0,0.102133567485376,0.0604992542911529,-0
44.58,13,1.61149704112302,-1.76012989284478,-1,-0.339511178126329,-0.201110894350133,0,0.102133567485376,0.0604992542911529,-0
44.59,13,1.60810703602013,-1.76213797682557,-1,-0.338489842451475,-0.200505901807221,0,0.102133567485376,0.0604992542911529,-0
44.6,13,1.60472724427399,-1.76414001088092,-1,-0.337468506776621,-0.19990090926431,0,0.102133567485376,0.0604992542911529,-0
44.61,13,1.6013576658846,-1.76613599501085,-1,-0.336447171101767,-0.199295916721398,0,0.102133567485376,0.0604992542911529,-0
44.62,13,1.59799830085196,-1.76812592921535,-1,-0.335425835426914,-0.198690924178486,0,0.102133567485376,0.0604992542911529,-0
44.63,13,1.59464914917606,-1.77010981349442,-1,-0.33440449975206,-0.198085931635575,0,0.102133567485376,0.0604992542911529,-0
44.64,13,1.59131021085692,-1.77208764784806,-1,-0.333383164077206,-0.197480939092663,0,0.102133567485376,0.0604992542911529,-0
44.65,13,1.58798148589452,-1.77405943227628,-1,-0.332361828402352,-0.196875946549752,0,0.102133567485376,0.0604992542911529,-0
44.66,13,1.58466297428887,-1.77602516677906,-1,-0.331340492727499,-0.19627095400684,0,0.102133567485376,0.0604992542911529,-0
44.67,13,1.58135467603997,-1.77798485135641,-1,-0.330319157052645,-0.195665961463929,0,0.102133567485376,0.0604992542911529,-0
44.68,13,1.57805659114782,-1.77993848600834,-1,-0.329297821377791,-0.195060968921017,0,0.102133567485376,0.0604992542911529,-0
44.69,13,1.57476871961241,-1.78188607073483,-1,-0.328276485702937,-0.194455976378106,0,0.102133567485376,0.0604992542911529,-0
44.7,13,1.57149106143376,-1.7838276055359,-1,-0.327255150028084,-0.193850983835194,0,0.102133567485376,0.0604992542911529,-0
44.71,13,1.56822361661185,-1.78576309041154,-1,-0.32623381435323,-0.193245991292283,0,0.102133567485376,0.0604992542911529,-0
44.72,13,1.56496638514669,-1.78769252536175,-1,-0.325212478678376,-0.192640998749371,0,0.102133567485376,0.0604992542911529,-0
44.73,13,1.56171936703828,-1.78961591038652,-1,-0.324191143003522,-0.19203600620646,0,0.102133567485376,0.0604992542911529,-0
44.74,13,1.55848256228662,-1.79153324548587,-1,-0.323169807328669,-0.191431013663548,0,0.102133567485376,0.0604992542911529,-0
44.75,13,1.55525597089171,-1.7934445306598,-1,-0.322148471653815,-0.190826021120637,0,0.102133567485376,0.0604992542911529,-0
44.76,13,1.55203959285355,-1.79534976590829,-1,-0.321127135978961,-0.190221028577725,0,0.102133567485376,0.0604992542911529,-0
44.77,13,1.54883342817213,-1.79724895123135,-1,-0.320105800304107,-0.189616036034814,0,0.102133567485376,0.0604992542911529,-0
44.78,13,1.54563747684746,-1.79914208662898,-1,-0.319084464629253,-0.189011043491902,0,0.102133567485376,0.0604992542911529,-0
44.79,13,1.54245173887954,-1.80102917210119,-1,-0.3180631289544,-0.18840605094899,0,0.102133567485376,0.0604992542911529,-0
44.8,13,1.53927621426838,-1.80291020764796,-1,-0.317041793279546,-0.187801058406079,0,0.102133567485376,0.0604992542911529,-0
44.81,13,1.53611090301395,-1.80478519326931,-1,-0.316020457604692,-0.187196065863167,0,0.102133567485376,0.0604992542911529,-0
44.82,13,1.53295580511628,-1.80665412896523,-1,-0.314999121929838,-0.186591073320256,0,0.102133567485376,0.0604992542911529,-0
44.83,13,1.52981092057536,-1.80851701473572,-1,-0.313977786254985,-0.185986080777344,0,0.102133567485376,0.0604992542911529,-0
44.84,13,1.52667624939118,-1.81037385058077,-1,-0.312956450580131,-0.185381088234433,0,0.102133567485376,0.0604992542911529,-0
44.85,13,1.52355179156375,-1.8122246365004,-1,-0.311935114905277,-0.184776095691521,0,0.102133567485376,0.0604992542911529,-0
44.86,13,1.52043754709308,-1.8140693724946,-1,-0.310913779230423,-0.18417110314861,0,0.102133567485376,0.0604992542911529,-0
44.87,13,1.51733351597915,-1.81590805856338,-1,-0.30989244355557,-0.183566110605698,0,0.102133567485376,0.0604992542911529,-0
44.88,13,1.51423969822196,-1.81774069470672,-1,-0.308871107880716,-0.182961118062787,0,0.102133567485376,0.0604992542911529,-0
44.89,13,1.51115609382153,-1.81956728092463,-1,-0.307849772205862,-0.182356125519875,0,0.102133567485376,0.0604992542911529,-0
44.9,13,1.50808270277785,-1.82138781721712,-1,-0.306828436531008,-0.181751132976964,0,0.102133567485376,0.0604992542911529,-0
44.91,13,1.50501952509091,-1.82320230358417,-1,-0.305807100856155,-0.181146140434052,0,0.102133567485376,0.0604992542911529,-0
44.92,13,1.50196656076072,-1.8250107400258,-1,-0.304785765181301,-0.180541147891141,0,0.102133567485376,0.0604992542911529,-0
44.93,13,1.49892380978729,-1.82681312654199,-1,-0.303764429506447,-0.179936155348229,0,0.102133567485376,0.0604992542911529,-0
44.94,13,1.4958912721706,-1.82860946313276,-1,-0.302743093831593,-0.179331162805317,0,0.102133567485376,0.0604992542911529,-0
44.95,13,1.49286894791065,-1.8303997497981,-1,-0.301721758156739,-0.178726170262406,0,0.102133567485376,0.0604992542911529,-0
44.96,13,1.48985683700746,-1.83218398653801,-1,-0.300700422481886,-0.178121177719494,0,0.102133567485376,0.0604992542911529,-0
44.97,13,1.48685493946102,-1.83396217335249,-1,-0.299679086807032,-0.177516185176583,0,0.102133567485376,0.0604992542911529,-0
44.98,13,1.48386325527132,-1.83573431024154,-1,-0.298657751132178,-0.176911192633671,0,0.102133567485376,0.0604992542911529,-0
44.99,13,1.48088178443837,-1.83750039720516,-1,-0.297636415457324,-0.17630620009076,0,0.102133567485376,0.0604992542911529,-0
45,13,1.47791052696217,-1.83926043424336,-1,-0.296615079782471,-0.175701207547848,0,0.102133567485376,0.0604992542911529,-0
45.01,13,1.47494948284272,-1.84101442135612,-1,-0.295593744107617,-0.175096215004937,0,0.102133567485376,0.0604992542911529,-0
45.02,13,1.47199865208002,-1.84276235854346,-1,-0.294572408432763,-0.174491222462025,0,0.102133567485376,0.0604992542911529,-0
45.03,13,1.46905803467407,-1.84450424580536,-1,-0.293551072757909,-0.173886229919114,0,0.102133567485376,0.0604992542911529,-0
45.04,13,1.46612763062486,-1.84624008314184,-1,-0.292529737083056,-0.173281237376202,0,0.102133567485376,0.0604992542911529,-0
45.05,13,1.46320743993241,-1.84796987055288,-1,-0.291508401408202,-0.172676244833291,0,0.102133567485376,0.0604992542911529,-0
45.06,13,1.4602974625967,-1.8496936080385,-1,-0.290487065733348,-0.172071252290379,0,0.102133567485376,0.0604992542911529,-0
45.07,13,1.45739769861774,-1.85141129559869,-1,-0.289465730058494,-0.171466259747468,0,0.102133567485376,0.0604992542911529,-0
45.08,13,1.45450814799553,-1.85312293323345,-1,-0.288444394383641,-0.170861267204556,0,0.102133567485376,0.0604992542911529,-0
45.09,13,1.45162881073007,-1.85482852094278,-1,-0.287423058708787,-0.170256274661645,0,0.102133567485376,0.0604992542911529,-0
45.1,13,1.44875968682135,-1.85652805872669,-1,-0.286401723033933,-0.169651282118733,0,0.102133567485376,0.0604992542911529,-0
45.11,13,1.44590077626939,-1.85822154658516,-1,-0.285380387359079,-0.169046289575822,0,0.102133567485376,0.0604992542911529,-0
45.12,13,1.44305207907417,-1.8599089845182,-1,-0.284359051684225,-0.16844129703291,0,0.102133567485376,0.0604992542911529,-0
45.13,13,1.4402135952357,-1.86159037252582,-1,-0.283337716009372,-0.167836304489998,0,0.102133567485376,0.0604992542911529,-0
45.14,13,1.43738532475398,-1.863265710608,-1,-0.282316380334518,-0.167231311947087,0,0.102133567485376,0.0604992542911529,-0
45.15,13,1.43456726762901,-1.86493499876476,-1,-0.281295044659664,-0.166626319404175,0,0.102133567485376,0.0604992542911529,-0
45.16,13,1.43175942386079,-1.86659823699609,-1,-0.28027370898481,-0.166021326861264,0,0.102133567485376,0.0604992542911529,-0
45.17,13,1.42896179344932,-1.86825542530198,-1,-0.279252373309957,-0.165416334318352,0,0.102133567485376,0.0604992542911529,-0
45.18,13,1.42617437639459,-1.86990656368245,-1,-0.278231037635103,-0.164811341775441,0,0.102133567485376,0.0604992542911529,-0
45.19,13,1.42339717269662,-1.87155165213749,-1,-0.277209701960249,-0.164206349232529,0,0.102133567485376,0.0604992542911529,-0
45.2,13,1.42063018235539,-1.8731906906671,-1,-0.276188366285395,-0.163601356689618,0,0.102133567485376,0.0604992542911529,-0
45.21,13,1.41787340537091,-1.87482367927128,-1,-0.275167030610542,-0.162996364146706,0,0.102133567485376,0.0604992542911529,-0
45.22,13,1.41512684174318,-1.87645061795004,-1,-0.274145694935688,-0.162391371603795,0,0.102133567485376,0.0604992542911529,-0
45.23,13,1.41239049147219,-1.87807150670336,-1,-0.273124359260834,-0.161786379060883,0,0.102133567485376,0.0604992542911529,-0
45.24,13,1.40966435455796,-1.87968634553125,-1,-0.27210302358598,-0.161181386517972,0,0.102133567485376,0.0604992542911529,-0
45.25,13,1.40694843100047,-1.88129513443372,-1,-0.271081687911127,-0.16057639397506,0,0.102133567485376,0.0604992542911529,-0
45.26,13,1.40424272079974,-1.88289787341076,-1,-0.270060352236273,-0.159971401432149,0,0.102133567485376,0.0604992542911529,-0
45.27,13,1.40154722395575,-1.88449456246236,-1,-0.269039016561419,-0.159366408889237,0,0.102133567485376,0.0604992542911529,-0
45.28,13,1.39886194046851,-1.88608520158854,-1,-0.268017680886565,-0.158761416346326,0,0.102133567485376,0.0604992542911529,-0
45.29,13,1.39618687033802,-1.88766979078929,-1,-0.266996345211711,-0.158156423803414,0,0.102133567485376,0.0604992542911529,-0
45.3,13,1.39352201356427,-1.88924833006461,-1,-0.265975009536858,-0.157551431260502,0,0.102133567485376,0.0604992542911529,-0
45.31,13,1.39086737014728,-1.8908208194145,-1,-0.264953673862004,-0.156946438717591,0,0.102133567485376,0.0604992542911529,-0
45.32,13,1.38822294008703,-1.89238725883896,-1,-0.26393233818715,-0.156341446174679,0,0.102133567485376,0.0604992542911529,-0
45.33,13,1.38558872338354,-1.89394764833799,-1,-0.262911002512296,-0.155736453631768,0,0.102133567485376,0.0604992542911529,-0
45.34,13,1.38296472003679,-1.8955019879116,-1,-0.261889666837443,-0.155131461088856,0,0.102133567485376,0.0604992542911529,-0
45.35,13,1.38035093004679,-1.89705027755977,-1,-0.260868331162589,-0.154526468545945,0,0.102133567485376,0.0604992542911529,-0
45.36,13,1.37774735341354,-1.89859251728252,-1,-0.259846995487735,-0.153921476003033,0,0.102133567485376,0.0604992542911529,-0
45.37,13,1.37515399013703,-1.90012870707983,-1,-0.258825659812881,-0.153316483460122,0,0.102133567485376,0.0604992542911529,-0
45.38,13,1.37257084021728,-1.90165884695172,-1,-0.257804324138028,-0.15271149091721,0,0.102133567485376,0.0604992542911529,-0
45.39,13,1.36999790365427,-1.90318293689817,-1,-0.256782988463174,-0.152106498374299,0,0.102133567485376,0.0604992542911529,-0
45.4,13,1.36743518044802,-1.9047009769192,-1,-0.25576165278832,-0.151501505831387,0,0.102133567485376,0.0604992542911529,-0
45.41,13,1.36488267059851,-1.9062129670148,-1,-0.254740317113466,-0.150896513288476,0,0.102133567485376,0.0604992542911529,-0
45.42,13,1.36234037410575,-1.90771890718497,-1,-0.253718981438613,-0.150291520745564,0,0.102133567485376,0.0604992542911529,-0
45.43,13,1.35980829096973,-1.90921879742971,-1,-0.252697645763759,-0.149686528202653,0,0.102133567485376,0.0604992542911529,-0
45.44,13,1.35728642119047,-1.91071263774903,-1,-0.251676310088905,-0.149081535659741,0,0.102133567485376,0.0604992542911529,-0
45.45,13,1.35477476476796,-1.91220042814291,-1,-0.250654974414051,-0.14847654311683,0,0.102133567485376,0.0604992542911529,-0
45.46,13,1.35227332170219,-1.91368216861136,-1,-0.249633638739197,-0.147871550573918,0,0.102133567485376,0.0604992542911529,-0
45.47,13,1.34978209199317,-1.91515785915439,-1,-0.248612303064344,-0.147266558031006,0,0.102133567485376,0.0604992542911529,-0
45.48,13,1.3473010756409,-1.91662749977198,-1,-0.24759096738949,-0.146661565488095,0,0.102133567485376,0.0604992542911529,-0
45.49,13,1.34483027264538,-1.91809109046415,-1,-0.246569631714636,-0.146056572945183,0,0.102133567485376,0.0604992542911529,-0
45.5,13,1.34236968300661,-1.91954863123089,-1,-0.245548296039782,-0.145451580402272,0,0.102133567485376,0.0604992542911529,-0
45.51,13,1.33991930672459,-1.92100012207219,-1,-0.244526960364929,-0.14484658785936,0,0.102133567485376,0.0604992542911529,-0
45.52,13,1.33747914379931,-1.92244556298807,-1,-0.243505624690075,-0.144241595316449,0,0.102133567485376,0.0604992542911529,-0
45.53,13,1.33504919423079,-1.92388495397852,-1,-0.242484289015221,-0.143636602773537,0,0.102133567485376,0.0604992542911529,-0
45.54,13,1.33262945801901,-1.92531829504354,-1,-0.241462953340367,-0.143031610230626,0,0.102133567485376,0.0604992542911529,-0
45.55,13,1.33021993516398,-1.92674558618314,-1,-0.240441617665514,-0.142426617687714,0,0.102133567485376,0.0604992542911529,-0
45.56,13,1.3278206256657,-1.9281668273973,-1,-0.23942028199066,-0.141821625144803,0,0.102133567485376,0.0604992542911529,-0
45.57,13,1.32543152952416,-1.92958201868603,-1,-0.238398946315806,-0.141216632601891,0,0.102133567485376,0.0604992542911529,-0
45.58,13,1.32305264673938,-1.93099116004934,-1,-0.237377610640952,-0.14061164005898,0,0.102133567485376,0.0604992542911529,-0
45.59,13,1.32068397731135,-1.93239425148721,-1,-0.236356274966099,-0.140006647516068,0,0.102133567485376,0.0604992542911529,-0
45.6,13,1.31832552124006,-1.93379129299966,-1,-0.235334939291245,-0.139401654973157,0,0.102133567485376,0.0604992542911529,-0
45.61,13,1.31597727852552,-1.93518228458667,-1,-0.234313603616391,-0.138796662430245,0,0.102133567485376,0.0604992542911529,-0
45.62,13,1.31363924916773,-1.93656722624826,-1,-0.233292267941537,-0.138191669887334,0,0.102133567485376,0.0604992542911529,-0
45.63,13,1.31131143316669,-1.93794611798442,-1,-0.232270932266683,-0.137586677344422,0,0.102133567485376,0.0604992542911529,-0
45.64,13,1.3089938305224,-1.93931895979515,-1,-0.23124959659183,-0.13698168480151,0,0.102133567485376,0.0604992542911529,-0
45.65,13,1.30668644123485,-1.94068575168045,-1,-0.230228260916976,-0.136376692258599,0,0.102133567485376,0.0604992542911529,-0
45.66,13,1.30438926530406,-1.94204649364032,-1,-0.229206925242122,-0.135771699715687,0,0.102133567485376,0.0604992542911529,-0
45.67,13,1.30210230273001,-1.94340118567477,-1,-0.228185589567268,-0.135166707172776,0,0.102133567485376,0.0604992542911529,-0
45.68,13,1.29982555351271,-1.94474982778378,-1,-0.227164253892415,-0.134561714629864,0,0.102133567485376,0.0604992542911529,-0
45.69,13,1.29755901765216,-1.94609241996736,-1,-0.226142918217561,-0.133956722086953,0,0.102133567485376,0.0604992542911529,-0
45.7,13,1.29530269514836,-1.94742896222552,-1,-0.225121582542707,-0.133351729544041,0,0.102133567485376,0.0604992542911529,-0
45.71,13,1.29305658600131,-1.94875945455824,-1,-0.224100246867853,-0.13274673700113,0,0.102133567485376,0.0604992542911529,-0
45.72,13,1.290820690211,-1.95008389696554,-1,-0.223078911193,-0.132141744458218,0,0.102133567485376,0.0604992542911529,-0
45.73,13,1.28859500777745,-1.95140228944741,-1,-0.222057575518146,-0.131536751915307,0,0.102133567485376,0.0604992542911529,-0
45.74,13,1.28637953870064,-1.95271463200385,-1,-0.221036239843292,-0.130931759372395,0,0.102133567485376,0.0604992542911529,-0
45.75,13,1.28417428298058,-1.95402092463486,-1,-0.220014904168438,-0.130326766829484,0,0.102133567485376,0.0604992542911529,-0
45.76,13,1.28197924061727,-1.95532116734044,-1,-0.218993568493585,-0.129721774286572,0,0.102133567485376,0.0604992542911529,-0
45.77,13,1.27979441161071,-1.95661536012059,-1,-0.217972232818731,-0.129116781743661,0,0.102133567485376,0.0604992542911529,-0
45.78,13,1.2776197959609,-1.95790350297531,-1,-0.216950897143877,-0.128511789200749,0,0.102133567485376,0.0604992542911529,-0
45.79,13,1.27545539366783,-1.9591855959046,-1,-0.215929561469023,-0.127906796657838,0,0.102133567485376,0.0604992542911529,-0
45.8,13,1.27330120473152,-1.96046163890847,-1,-0.214908225794169,-0.127301804114926,0,0.102133567485376,0.0604992542911529,-0
45.81,13,1.27115722915195,-1.9617316319869,-1,-0.213886890119316,-0.126696811572014,0,0.102133567485376,0.0604992542911529,-0
45.82,13,1.26902346692913,-1.96299557513991,-1,-0.212865554444462,-0.126091819029103,0,0.102133567485376,0.0604992542911529,-0
45.83,13,1.26689991806306,-1.96425346836748,-1,-0.211844218769608,-0.125486826486191,0,0.102133567485376,0.0604992542911529,-0
45.84,13,1.26478658255374,-1.96550531166963,-1,-0.210822883094754,-0.12488183394328,0,0.102133567485376,0.0604992542911529,-0
45.85,13,1.26268346040117,-1.96675110504635,-1,-0.209801547419901,-0.124276841400368,0,0.102133567485376,0.0604992542911529,-0
45.86,13,1.26059055160534,-1.96799084849764,-1,-0.208780211745047,-0.123671848857457,0,0.102133567485376,0.0604992542911529,-0
45.87,13,1.25850785616626,-1.9692245420235,-1,-0.207758876070193,-0.123066856314545,0,0.102133567485376,0.0604992542911529,-0
45.88,13,1.25643537408394,-1.97045218562393,-1,-0.206737540395339,-0.122461863771634,0,0.102133567485376,0.0604992542911529,-0
45.89,13,1.25437310535836,-1.97167377929893,-1,-0.205716204720486,-0.121856871228722,0,0.102133567485376,0.0604992542911529,-0
45.9,13,1.25232104998953,-1.9728893230485,-1,-0.204694869045632,-0.121251878685811,0,0.102133567485376,0.0604992542911529,-0
45.91,13,1.25027920797745,-1.97409881687265,-1,-0.203673533370778,-0.120646886142899,0,0.102133567485376,0.0604992542911529,-0
45.92,13,1.24824757932211,-1.97530226077136,-1,-0.202652197695924,-0.120041893599988,0,0.102133567485376,0.0604992542911529,-0
45.93,13,1.24622616402353,-1.97649965474465,-1,-0.201630862021071,-0.119436901057076,0,0.102133567485376,0.0604992542911529,-0
45.94,13,1.24421496208169,-1.9776909987925,-1,-0.200609526346217,-0.118831908514165,0,0.102133567485376,0.0604992542911529,-0
45.95,13,1.2422139734966,-1.97887629291493,-1,-0.199588190671363,-0.118226915971253,0,0.102133567485376,0.0604992542911529,-0
45.96,13,1.24022319826826,-1.98005553711193,-1,-0.198566854996509,-0.117621923428342,0,0.102133567485376,0.0604992542911529,-0
45.97,13,1.23824263639667,-1.9812287313835,-1,-0.197545519321655,-0.11701693088543,0,0.102133567485376,0.0604992542911529,-0
45.98,13,1.23627228788183,-1.98239587572964,-1,-0.196524183646802,-0.116411938342518,0,0.102133567485376,0.0604992542911529,-0
45.99,13,1.23431215272374,-1.98355697015035,-1,-0.195502847971948,-0.115806945799607,0,0.102133567485376,0.0604992542911529,-0
46,13,1.23236223092239,-1.98471201464563,-1,-0.194481512297094,-0.115201953256695,0,0.102133567485376,0.0604992542911529,-0
46.01,13,1.23042252247779,-1.98586100921548,-1,-0.193460176622241,-0.114596960713784,0,0.102133567485376,0.0604992542911529,-0
46.02,13,1.22849302738995,-1.9870039538599,-1,-0.192438840947387,-0.113991968170872,0,0.102133567485376,0.0604992542911529,-0
46.03,13,1.22657374565885,-1.9881408485789,-1,-0.191417505272533,-0.113386975627961,0,0.102133567485376,0.0604992542911529,-0
46.04,13,1.2246646772845,-1.98927169337246,-1,-0.190396169597679,-0.112781983085049,0,0.102133567485376,0.0604992542911529,-0
46.05,13,1.22276582226689,-1.9903964882406,-1,-0.189374833922825,-0.112176990542138,0,0.102133567485376,0.0604992542911529,-0
46.06,13,1.22087718060604,-1.99151523318331,-1,-0.188353498247972,-0.111571997999226,0,0.102133567485376,0.0604992542911529,-0
46.07,13,1.21899875230193,-1.99262792820058,-1,-0.187332162573118,-0.110967005456315,0,0.102133567485376,0.0604992542911529,-0
46.08,13,1.21713053735458,-1.99373457329243,-1,-0.186310826898264,-0.110362012913403,0,0.102133567485376,0.0604992542911529,-0
46.09,13,1.21527253576397,-1.99483516845885,-1,-0.18528949122341,-0.109757020370492,0,0.102133567485376,0.0604992542911529,-0
46.1,13,1.21342474753011,-1.99592971369984,-1,-0.184268155548557,-0.10915202782758,0,0.102133567485376,0.0604992542911529,-0
46.11,13,1.211587172653,-1.9970182090154,-1,-0.183246819873703,-0.108547035284669,0,0.102133567485376,0.0604992542911529,-0
46.12,13,1.20975981113263,-1.99810065440554,-1,-0.182225484198849,-0.107942042741757,0,0.102133567485376,0.0604992542911529,-0
46.13,13,1.20794266296902,-1.99917704987024,-1,-0.181204148523995,-0.107337050198846,0,0.102133567485376,0.0604992542911529,-0
46.14,13,1.20613572816215,-2.00024739540951,-1,-0.180182812849142,-0.106732057655934,0,0.102133567485376,0.0604992542911529,-0
46.15,13,1.20433900671204,-2.00131169102336,-1,-0.179161477174288,-0.106127065113023,0,0.102133567485376,0.0604992542911529,-0
46.16,13,1.20255249861867,-2.00236993671177,-1,-0.178140141499434,-0.105522072570111,0,0.102133567485376,0.0604992542911529,-0
46.17,13,1.20077620388205,-2.00342213247476,-1,-0.17711880582458,-0.104917080027199,0,0.102133567485376,0.0604992542911529,-0
46.18,13,1.19901012250218,-2.00446827831232,-1,-0.176097470149726,-0.104312087484288,0,0.102133567485376,0.0604992542911529,-0
46.19,13,1.19725425447905,-2.00550837422445,-1,-0.175076134474873,-0.103707094941376,0,0.102133567485376,0.0604992542911529,-0
46.2,13,1.19550859981268,-2.00654242021114,-1,-0.174054798800019,-0.103102102398465,0,0.102133567485376,0.0604992542911529,-0
46.21,13,1.19377315850305,-2.00757041627241,-1,-0.173033463125165,-0.102497109855553,0,0.102133567485376,0.0604992542911529,-0
46.22,13,1.19204793055018,-2.00859236240826,-1,-0.172012127450311,-0.101892117312642,0,0.102133567485376,0.0604992542911529,-0
46.23,13,1.19033291595405,-2.00960825861867,-1,-0.170990791775458,-0.10128712476973,0,0.102133567485376,0.0604992542911529,-0
46.24,13,1.18862811471467,-2.01061810490365,-1,-0.169969456100604,-0.100682132226819,0,0.102133567485376,0.0604992542911529,-0
46.25,13,1.18693352683204,-2.0116219012632,-1,-0.16894812042575,-0.100077139683907,0,0.102133567485376,0.0604992542911529,-0
46.26,13,1.18524915230615,-2.01261964769733,-1,-0.167926784750896,-0.0994721471409957,0,0.102133567485376,0.0604992542911529,-0
46.27,13,1.18357499113702,-2.01361134420602,-1,-0.166905449076043,-0.0988671545980842,0,0.102133567485376,0.0604992542911529,-0
46.28,13,1.18191104332463,-2.01459699078929,-1,-0.165884113401189,-0.0982621620551726,0,0.102133567485376,0.0604992542911529,-0
46.29,13,1.18025730886899,-2.01557658744713,-1,-0.164862777726335,-0.0976571695122611,0,0.102133567485376,0.0604992542911529,-0
46.3,13,1.1786137877701,-2.01655013417954,-1,-0.163841442051481,-0.0970521769693495,0,0.102133567485376,0.0604992542911529,-0
46.31,13,1.17698048002796,-2.01751763098651,-1,-0.162820106376628,-0.096447184426438,0,0.102133567485376,0.0604992542911529,-0
46.32,13,1.17535738564257,-2.01847907786806,-1,-0.161798770701774,-0.0958421918835265,0,0.102133567485376,0.0604992542911529,-0
46.33,13,1.17374450461393,-2.01943447482418,-1,-0.16077743502692,-0.095237199340615,0,0.102133567485376,0.0604992542911529,-0
46.34,13,1.17214183694203,-2.02038382185488,-1,-0.159756099352066,-0.0946322067977035,0,0.102133567485376,0.0604992542911529,-0
46.35,13,1.17054938262689,-2.02132711896014,-1,-0.158734763677212,-0.0940272142547919,0,0.102133567485376,0.0604992542911529,-0
46.36,13,1.16896714166849,-2.02226436613997,-1,-0.157713428002359,-0.0934222217118804,0,0.102133567485376,0.0604992542911529,-0
46.37,13,1.16739511406684,-2.02319556339438,-1,-0.156692092327505,-0.0928172291689689,0,0.102133567485376,0.0604992542911529,-0
46.38,13,1.16583329982194,-2.02412071072335,-1,-0.155670756652651,-0.0922122366260573,0,0.102133567485376,0.0604992542911529,-0
46.39,13,1.16428169893379,-2.0250398081269,-1,-0.154649420977797,-0.0916072440831458,0,0.102133567485376,0.0604992542911529,-0
46.4,13,1.16274031140238,-2.02595285560501,-1,-0.153628085302944,-0.0910022515402343,0,0.102133567485376,0.0604992542911529,-0
46.41,13,1.16120913722773,-2.0268598531577,-1,-0.15260674962809,-0.0903972589973228,0,0.102133567485376,0.0604992542911529,-0
46.42,13,1.15968817640982,-2.02776080078496,-1,-0.151585413953236,-0.0897922664544113,0,0.102133567485376,0.0604992542911529,-0
46.43,13,1.15817742894866,-2.02865569848679,-1,-0.150564078278382,-0.0891872739114997,0,0.102133567485376,0.0604992542911529,-0
46.44,13,1.15667689484425,-2.02954454626319,-1,-0.149542742603529,-0.0885822813685882,0,0.102133567485376,0.0604992542911529,-0
46.45,13,1.15518657409659,-2.03042734411416,-1,-0.148521406928675,-0.0879772888256767,0,0.102133567485376,0.0604992542911529,-0
46.46,13,1.15370646670568,-2.0313040920397,-1,-0.147500071253821,-0.0873722962827651,0,0.102133567485376,0.0604992542911529,-0
46.47,13,1.15223657267152,-2.03217479003982,-1,-0.146478735578967,-0.0867673037398536,0,0.102133567485376,0.0604992542911529,-0
46.48,13,1.1507768919941,-2.0330394381145,-1,-0.145457399904114,-0.0861623111969421,0,0.102133567485376,0.0604992542911529,-0
46.49,13,1.14932742467343,-2.03389803626376,-1,-0.14443606422926,-0.0855573186540305,0,0.102133567485376,0.0604992542911529,-0
46.5,13,1.14788817070952,-2.03475058448758,-1,-0.143414728554406,-0.084952326111119,0,0.102133567485376,0.0604992542911529,-0
46.51,13,1.14645913010235,-2.03559708278598,-1,-0.142393392879552,-0.0843473335682075,0,0.102133567485376,0.0604992542911529,-0
46.52,13,1.14504030285192,-2.03643753115895,-1,-0.141372057204699,-0.0837423410252959,0,0.102133567485376,0.0604992542911529,-0
46.53,13,1.14363168895825,-2.03727192960648,-1,-0.140350721529845,-0.0831373484823844,0,0.102133567485376,0.0604992542911529,-0
46.54,13,1.14223328842133,-2.03810027812859,-1,-0.139329385854991,-0.0825323559394729,0,0.102133567485376,0.0604992542911529,-0
46.55,13,1.14084510124115,-2.03892257672527,-1,-0.138308050180137,-0.0819273633965613,0,0.102133567485376,0.0604992542911529,-0
46.56,13,1.13946712741773,-2.03973882539652,-1,-0.137286714505283,-0.0813223708536498,0,0.102133567485376,0.0604992542911529,-0
46.57,13,1.13809936695105,-2.04054902414235,-1,-0.13626537883043,-0.0807173783107383,0,0.102133567485376,0.0604992542911529,-0
46.58,13,1.13674181984112,-2.04135317296274,-1,-0.135244043155576,-0.0801123857678268,0,0.102133567485376,0.0604992542911529,-0
46.59,13,1.13539448608794,-2.0421512718577,-1,-0.134222707480722,-0.0795073932249153,0,0.102133567485376,0.0604992542911529,-0
46.6,13,1.1340573656915,-2.04294332082724,-1,-0.133201371805868,-0.0789024006820037,0,0.102133567485376,0.0604992542911529,-0
46.61,13,1.13273045865182,-2.04372931987134,-1,-0.132180036131015,-0.0782974081390922,0,0.102133567485376,0.0604992542911529,-0
46.62,13,1.13141376496888,-2.04450926899002,-1,-0.131158700456161,-0.0776924155961807,0,0.102133567485376,0.0604992542911529,-0
46.63,13,1.13010728464269,-2.04528316818327,-1,-0.130137364781307,-0.0770874230532691,0,0.102133567485376,0.0604992542911529,-0
46.64,13,1.12881101767326,-2.04605101745109,-1,-0.129116029106453,-0.0764824305103576,0,0.102133567485376,0.0604992542911529,-0
46.65,13,1.12752496406057,-2.04681281679347,-1,-0.1280946934316,-0.0758774379674461,0,0.102133567485376,0.0604992542911529,-0
46.66,13,1.12624912380462,-2.04756856621043,-1,-0.127073357756746,-0.0752724454245346,0,0.102133567485376,0.0604992542911529,-0
46.67,13,1.12498349690543,-2.04831826570196,-1,-0.126052022081892,-0.074667452881623,0,0.102133567485376,0.0604992542911529,-0
46.68,13,1.12372808336299,-2.04906191526807,-1,-0.125030686407038,-0.0740624603387115,0,0.102133567485376,0.0604992542911529,-0
46.69,13,1.12248288317729,-2.04979951490874,-1,-0.124009350732185,-0.0734574677958,0,0.102133567485376,0.0604992542911529,-0
46.7,13,1.12124789634834,-2.05053106462398,-1,-0.122988015057331,-0.0728524752528884,0,0.102133567485376,0.0604992542911529,-0
46.71,13,1.12002312287614,-2.0512565644138,-1,-0.121966679382477,-0.0722474827099769,0,0.102133567485376,0.0604992542911529,-0
46.72,13,1.11880856276069,-2.05197601427818,-1,-0.120945343707623,-0.0716424901670654,0,0.102133567485376,0.0604992542911529,-0
46.73,13,1.11760421600199,-2.05268941421714,-1,-0.119924008032769,-0.0710374976241538,0,0.102133567485376,0.0604992542911529,-0
46.74,13,1.11641008260004,-2.05339676423067,-1,-0.118902672357916,-0.0704325050812423,0,0.102133567485376,0.0604992542911529,-0
46.75,13,1.11522616255483,-2.05409806431876,-1,-0.117881336683062,-0.0698275125383308,0,0.102133567485376,0.0604992542911529,-0
46.76,13,1.11405245586638,-2.05479331448143,-1,-0.116860001008208,-0.0692225199954193,0,0.102133567485376,0.0604992542911529,-0
46.77,13,1.11288896253467,-2.05548251471867,-1,-0.115838665333354,-0.0686175274525077,0,0.102133567485376,0.0604992542911529,-0
46.78,13,1.11173568255971,-2.05616566503048,-1,-0.114817329658501,-0.0680125349095962,0,0.102133567485376,0.0604992542911529,-0
46.79,13,1.1105926159415,-2.05684276541686,-1,-0.113795993983647,-0.0674075423666847,0,0.102133567485376,0.0604992542911529,-0
46.8,13,1.10945976268004,-2.05751381587782,-1,-0.112774658308793,-0.0668025498237731,0,0.102133567485376,0.0604992542911529,-0
46.81,13,1.10833712277532,-2.05817881641334,-1,-0.111753322633939,-0.0661975572808616,0,0.102133567485376,0.0604992542911529,-0
46.82,13,1.10722469622736,-2.05883776702343,-1,-0.110731986959086,-0.0655925647379501,0,0.102133567485376,0.0604992542911529,-0
46.83,13,1.10612248303614,-2.0594906677081,-1,-0.109710651284232,-0.0649875721950386,0,0.102133567485376,0.0604992542911529,-0
46.84,13,1.10503048320167,-2.06013751846733,-1,-0.108689315609378,-0.064382579652127,0,0.102133567485376,0.0604992542911529,-0
46.85,13,1.10394869672395,-2.06077831930114,-1,-0.107667979934524,-0.0637775871092155,0,0.102133567485376,0.0604992542911529,-0
46.86,13,1.10287712360298,-2.06141307020952,-1,-0.106646644259671,-0.063172594566304,0,0.102133567485376,0.0604992542911529,-0
46.87,13,1.10181576383876,-2.06204177119247,-1,-0.105625308584817,-0.0625676020233924,0,0.102133567485376,0.0604992542911529,-0
46.88,13,1.10076461743129,-2.06266442224999,-1,-0.104603972909963,-0.0619626094804809,0,0.102133567485376,0.0604992542911529,-0
46.89,13,1.09972368438056,-2.06328102338208,-1,-0.103582637235109,-0.0613576169375694,0,0.102133567485376,0.0604992542911529,-0
46.9,13,1.09869296468658,-2.06389157458874,-1,-0.102561301560255,-0.0607526243946578,0,0.102133567485376,0.0604992542911529,-0
46.91,13,1.09767245834936,-2.06449607586997,-1,-0.101539965885402,-0.0601476318517463,0,0.102133567485376,0.0604992542911529,-0
46.92,13,1.09666216536888,-2.06509452722577,-1,-0.100518630210548,-0.0595426393088348,0,0.102133567485376,0.0604992542911529,-0
46.93,13,1.09566208574514,-2.06568692865615,-1,-0.0994972945356942,-0.0589376467659232,0,0.102133567485376,0.0604992542911529,-0
46.94,13,1.09467221947816,-2.06627328016109,-1,-0.0984759588608404,-0.0583326542230117,0,0.102133567485376,0.0604992542911529,-0
46.95,13,1.09369256656793,-2.06685358174061,-1,-0.0974546231859867,-0.0577276616801002,0,0.102133567485376,0.0604992542911529,-0
46.96,13,1.09272312701444,-2.06742783339469,-1,-0.0964332875111329,-0.0571226691371887,0,0.102133567485376,0.0604992542911529,-0
46.97,13,1.0917639008177,-2.06799603512335,-1,-0.0954119518362791,-0.0565176765942771,0,0.102133567485376,0.0604992542911529,-0
46.98,13,1.09081488797772,-2.06855818692658,-1,-0.0943906161614254,-0.0559126840513656,0,0.102133567485376,0.0604992542911529,-0
46.99,13,1.08987608849448,-2.06911428880438,-1,-0.0933692804865716,-0.0553076915084541,0,0.102133567485376,0.0604992542911529,-0
47,13,1.08894750236799,-2.06966434075675,-1,-0.0923479448117179,-0.0547026989655426,0,0.102133567485376,0.0604992542911529,-0
47.01,13,1.08802912959824,-2.07020834278369,-1,-0.091326609136864,-0.054097706422631,0,0.102133567485376,0.0604992542911529,-0
47.02,13,1.08712097018525,-2.0707462948852,-1,-0.0903052734620103,-0.0534927138797195,0,0.102133567485376,0.0604992542911529,-0
47.03,13,1.086223024129,-2.07127819706128,-1,-0.0892839377871566,-0.052887721336808,0,0.102133567485376,0.0604992542911529,-0
47.04,13,1.0853352914295,-2.07180404931194,-1,-0.0882626021123028,-0.0522827287938965,0,0.102133567485376,0.0604992542911529,-0
47.05,13,1.08445777208676,-2.07232385163716,-1,-0.087241266437449,-0.0516777362509849,0,0.102133567485376,0.0604992542911529,-0
47.06,13,1.08359046610076,-2.07283760403696,-1,-0.0862199307625952,-0.0510727437080734,0,0.102133567485376,0.0604992542911529,-0
47.07,13,1.0827333734715,-2.07334530651132,-1,-0.0851985950877415,-0.0504677511651619,0,0.102133567485376,0.0604992542911529,-0
47.08,13,1.081886494199,-2.07384695906026,-1,-0.0841772594128878,-0.0498627586222503,0,0.102133567485376,0.0604992542911529,-0
47.09,13,1.08104982828325,-2.07434256168377,-1,-0.083155923738034,-0.0492577660793388,0,0.102133567485376,0.0604992542911529,-0
47.1,13,1.08022337572424,-2.07483211438185,-1,-0.0821345880631802,-0.0486527735364273,0,0.102133567485376,0.0604992542911529,-0
47.11,13,1.07940713652198,-2.0753156171545,-1,-0.0811132523883264,-0.0480477809935157,0,0.102133567485376,0.0604992542911529,-0
47.12,13,1.07860111067647,-2.07579307000172,-1,-0.0800919167134727,-0.0474427884506042,0,0.102133567485376,0.0604992542911529,-0
47.13,13,1.07780529818771,-2.07626447292351,-1,-0.0790705810386189,-0.0468377959076927,0,0.102133567485376,0.0604992542911529,-0
47.14,13,1.0770196990557,-2.07672982591987,-1,-0.0780492453637651,-0.0462328033647811,0,0.102133567485376,0.0604992542911529,-0
47.15,13,1.07624431328044,-2.0771891289908,-1,-0.0770279096889114,-0.0456278108218696,0,0.102133567485376,0.0604992542911529,-0
47.16,13,1.07547914086192,-2.07764238213631,-1,-0.0760065740140576,-0.0450228182789581,0,0.102133567485376,0.0604992542911529,-0
47.17,13,1.07472418180016,-2.07808958535638,-1,-0.0749852383392039,-0.0444178257360466,0,0.102133567485376,0.0604992542911529,-0
47.18,13,1.07397943609514,-2.07853073865103,-1,-0.0739639026643501,-0.043812833193135,0,0.102133567485376,0.0604992542911529,-0
47.19,13,1.07324490374687,-2.07896584202024,-1,-0.0729425669894963,-0.0432078406502235,0,0.102133567485376,0.0604992542911529,-0
47.2,13,1.07252058475535,-2.07939489546403,-1,-0.0719212313146426,-0.042602848107312,0,0.102133567485376,0.0604992542911529,-0
47.21,13,1.07180647912058,-2.07981789898239,-1,-0.0708998956397888,-0.0419978555644005,0,0.102133567485376,0.0604992542911529,-0
47.22,13,1.07110258684255,-2.08023485257532,-1,-0.069878559964935,-0.0413928630214889,0,0.102133567485376,0.0604992542911529,-0
47.23,13,1.07040890792128,-2.08064575624282,-1,-0.0688572242900813,-0.0407878704785774,0,0.102133567485376,0.0604992542911529,-0
47.24,13,1.06972544235675,-2.08105060998489,-1,-0.0678358886152275,-0.0401828779356659,0,0.102133567485376,0.0604992542911529,-0
47.25,13,1.06905219014897,-2.08144941380153,-1,-0.0668145529403738,-0.0395778853927544,0,0.102133567485376,0.0604992542911529,-0
47.26,13,1.06838915129794,-2.08184216769275,-1,-0.0657932172655199,-0.0389728928498428,0,0.102133567485376,0.0604992542911529,-0
47.27,13,1.06773632580366,-2.08222887165853,-1,-0.0647718815906662,-0.0383679003069313,0,0.102133567485376,0.0604992542911529,-0
47.28,13,1.06709371366613,-2.08260952569889,-1,-0.0637505459158124,-0.0377629077640197,0,0.102133567485376,0.0604992542911529,-0
47.29,13,1.06646131488535,-2.08298412981381,-1,-0.0627292102409587,-0.0371579152211082,0,0.102133567485376,0.0604992542911529,-0
47.3,13,1.06583912946131,-2.08335268400331,-1,-0.0617078745661049,-0.0365529226781967,0,0.102133567485376,0.0604992542911529,-0
47.31,13,1.06522715739402,-2.08371518826738,-1,-0.0606865388912511,-0.0359479301352851,0,0.102133567485376,0.0604992542911529,-0
47.32,13,1.06462539868349,-2.08407164260601,-1,-0.0596652032163974,-0.0353429375923736,0,0.102133567485376,0.0604992542911529,-0
47.33,13,1.0640338533297,-2.08442204701922,-1,-0.0586438675415437,-0.0347379450494621,0,0.102133567485376,0.0604992542911529,-0
47.34,13,1.06345252133266,-2.084766401507,-1,-0.0576225318666899,-0.0341329525065506,0,0.102133567485376,0.0604992542911529,-0
47.35,13,1.06288140269236,-2.08510470606935,-1,-0.0566011961918361,-0.033527959963639,0,0.102133567485376,0.0604992542911529,-0
47.36,13,1.06232049740882,-2.08543696070628,-1,-0.0555798605169823,-0.0329229674207275,0,0.102133567485376,0.0604992542911529,-0
47.37,13,1.06176980548202,-2.08576316541777,-1,-0.0545585248421286,-0.032317974877816,0,0.102133567485376,0.0604992542911529,-0
47.38,13,1.06122932691198,-2.08608332020383,-1,-0.0535371891672748,-0.0317129823349044,0,0.102133567485376,0.0604992542911529,-0
47.39,13,1.06069906169868,-2.08639742506447,-1,-0.052515853492421,-0.0311079897919929,0,0.102133567485376,0.0604992542911529,-0
47.4,13,1.06017900984213,-2.08670547999967,-1,-0.0514945178175673,-0.0305029972490814,0,0.102133567485376,0.0604992542911529,-0
47.41,13,1.05966917134233,-2.08700748500945,-1,-0.0504731821427135,-0.0298980047061699,0,0.102133567485376,0.0604992542911529,-0
47.42,13,1.05916954619927,-2.0873034400938,-1,-0.0494518464678598,-0.0292930121632584,0,0.102133567485376,0.0604992542911529,-0
47.43,13,1.05868013441297,-2.08759334525271,-1,-0.048430510793006,-0.0286880196203468,0,0.102133567485376,0.0604992542911529,-0
47.44,13,1.05820093598341,-2.0878772004862,-1,-0.0474091751181522,-0.0280830270774353,0,0.102133567485376,0.0604992542911529,-0
47.45,13,1.05773195091061,-2.08815500579426,-1,-0.0463878394432985,-0.0274780345345238,0,0.102133567485376,0.0604992542911529,-0
47.46,13,1.05727317919455,-2.08842676117689,-1,-0.0453665037684447,-0.0268730419916122,0,0.102133567485376,0.0604992542911529,-0
47.47,13,1.05682462083524,-2.08869246663409,-1,-0.0443451680935909,-0.0262680494487007,0,0.102133567485376,0.0604992542911529,-0
47.48,13,1.05638627583268,-2.08895212216587,-1,-0.0433238324187372,-0.0256630569057892,0,0.102133567485376,0.0604992542911529,-0
47.49,13,1.05595814418686,-2.08920572777221,-1,-0.0423024967438834,-0.0250580643628776,0,0.102133567485376,0.0604992542911529,-0
47.5,13,1.0555402258978,-2.08945328345312,-1,-0.0412811610690297,-0.0244530718199661,0,0.102133567485376,0.0604992542911529,-0
47.51,13,1.05513252096548,-2.08969478920861,-1,-0.0402598253941758,-0.0238480792770546,0,0.102133567485376,0.0604992542911529,-0
47.52,13,1.05473502938991,-2.08993024503867,-1,-0.0392384897193221,-0.023243086734143,0,0.102133567485376,0.0604992542911529,-0
47.53,13,1.0543477511711,-2.09015965094329,-1,-0.0382171540444683,-0.0226380941912315,0,0.102133567485376,0.0604992542911529,-0
47.54,13,1.05397068630903,-2.09038300692249,-1,-0.0371958183696146,-0.02203310164832,0,0.102133567485376,0.0604992542911529,-0
47.55,13,1.0536038348037,-2.09060031297626,-1,-0.0361744826947608,-0.0214281091054084,0,0.102133567485376,0.0604992542911529,-0
47.56,13,1.05324719665513,-2.0908115691046,-1,-0.035153147019907,-0.0208231165624969,0,0.102133567485376,0.0604992542911529,-0
47.57,13,1.05290077186331,-2.09101677530751,-1,-0.0341318113450533,-0.0202181240195854,0,0.102133567485376,0.0604992542911529,-0
47.58,13,1.05256456042823,-2.09121593158499,-1,-0.0331104756701995,-0.0196131314766739,0,0.102133567485376,0.0604992542911529,-0
47.59,13,1.0522385623499,-2.09140903793704,-1,-0.0320891399953457,-0.0190081389337623,0,0.102133567485376,0.0604992542911529,-0
47.6,13,1.05192277762832,-2.09159609436367,-1,-0.031067804320492,-0.0184031463908508,0,0.102133567485376,0.0604992542911529,-0
47.61,13,1.05161720626349,-2.09177710086486,-1,-0.0300464686456382,-0.0177981538479393,0,0.102133567485376,0.0604992542911529,-0
47.62,13,1.05132184825541,-2.09195205744062,-1,-0.0290251329707845,-0.0171931613050278,0,0.102133567485376,0.0604992542911529,-0
47.63,13,1.05103670360408,-2.09212096409096,-1,-0.0280037972959307,-0.0165881687621162,0,0.102133567485376,0.0604992542911529,-0
47.64,13,1.05076177230949,-2.09228382081587,-1,-0.0269824616210769,-0.0159831762192047,0,0.102133567485376,0.0604992542911529,-0
47.65,13,1.05049705437165,-2.09244062761534,-1,-0.0259611259462232,-0.0153781836762932,0,0.102133567485376,0.0604992542911529,-0
47.66,13,1.05024254979057,-2.09259138448939,-1,-0.0249397902713694,-0.0147731911333817,0,0.102133567485376,0.0604992542911529,-0
47.67,13,1.04999825856623,-2.09273609143801,-1,-0.0239184545965157,-0.0141681985904701,0,0.102133567485376,0.0604992542911529,-0
47.68,13,1.04976418069864,-2.0928747484612,-1,-0.0228971189216619,-0.0135632060475586,0,0.102133567485376,0.0604992542911529,-0
47.69,13,1.04954031618779,-2.09300735555896,-1,-0.0218757832468081,-0.0129582135046471,0,0.102133567485376,0.0604992542911529,-0
47.7,13,1.0493266650337,-2.09313391273129,-1,-0.0208544475719544,-0.0123532209617355,0,0.102133567485376,0.0604992542911529,-0
47.71,13,1.04912322723635,-2.0932544199782,-1,-0.0198331118971006,-0.011748228418824,0,0.102133567485376,0.0604992542911529,-0
47.72,13,1.04893000279576,-2.09336887729967,-1,-0.0188117762222468,-0.0111432358759125,0,0.102133567485376,0.0604992542911529,-0
47.73,13,1.04874699171191,-2.09347728469572,-1,-0.0177904405473931,-0.0105382433330009,0,0.102133567485376,0.0604992542911529,-0
47.74,13,1.04857419398481,-2.09357964216633,-1,-0.0167691048725393,-0.00993325079008942,0,0.102133567485376,0.0604992542911529,-0
47.75,13,1.04841160961446,-2.09367594971152,-1,-0.0157477691976856,-0.00932825824717791,0,0.102133567485376,0.0604992542911529,-0
47.76,13,1.04825923860086,-2.09376620733127,-1,-0.0147264335228317,-0.00872326570426634,0,0.102133567485376,0.0604992542911529,-0
47.77,13,1.048117080944,-2.0938504150256,-1,-0.013705097847978,-0.00811827316135482,0,0.102133567485376,0.0604992542911529,-0
47.78,13,1.0479851366439,-2.0939285727945,-1,-0.0126837621731243,-0.00751328061844331,0,0.102133567485376,0.0604992542911529,-0
47.79,13,1.04786340570054,-2.09400068063797,-1,-0.0116624264982705,-0.00690828807553179,0,0.102133567485376,0.0604992542911529,-0
47.8,13,1.04775188811393,-2.09406673855601,-1,-0.0106410908234167,-0.00630329553262022,0,0.102133567485376,0.0604992542911529,-0
47.81,13,1.04765058388407,-2.09412674654862,-1,-0.00961975514856293,-0.00569830298970871,0,0.102133567485376,0.0604992542911529,-0
47.82,13,1.04755949301096,-2.09418070461581,-1,-0.00859841947370919,-0.00509331044679719,0,0.102133567485376,0.0604992542911529,-0
47.83,13,1.0474786154946,-2.09422861275756,-1,-0.00757708379885545,-0.00448831790388567,0,0.102133567485376,0.0604992542911529,-0
47.84,13,1.04740795133498,-2.09427047097388,-1,-0.00655574812400162,-0.0038833253609741,0,0.102133567485376,0.0604992542911529,-0
47.85,13,1.04734750053212,-2.09430627926478,-1,-0.00553441244914787,-0.00327833281806259,0,0.102133567485376,0.0604992542911529,-0
47.86,13,1.047297263086,-2.09433603763025,-1,-0.00451307677429413,-0.00267334027515107,0,0.102133567485376,0.0604992542911529,-0
47.87,13,1.04725723899663,-2.09435974607028,-1,-0.00349174109944039,-0.00206834773223956,0,0.102133567485376,0.0604992542911529,-0
47.88,13,1.04722742826401,-2.09437740458489,-1,-0.00247040542458656,-0.00146335518932799,0,0.102133567485376,0.0604992542911529,-0
47.89,13,1.04720783088814,-2.09438901317407,-1,-0.00144906974973281,-0.00085836264641647,0,0.102133567485376,0.0604992542911529,-0
47.9,13,1.0471975511966,-2.0943951023932,-1,0,0,0,0.102133567485376,0.0604992542911529,-0
47.9,14,1.0471975511966,-2.0943951023932,-1,0,0,-0,0,0,-8
47.91,14,1.0471975511966,-2.0943951023932,-1.0004,0,0,-0.08,0,0,-8
47.92,14,1.0471975511966,-2.0943951023932,-1.0016,0,0,-0.16,0,0,-8
47.93,14,1.0471975511966,-2.0943951023932,-1.0036,0,0,-0.24,0,0,-8
47.94,14,1.0471975511966,-2.0943951023932,-1.0064,0,0,-0.32,0,0,-8
47.95,14,1.0471975511966,-2.0943951023932,-1.01,0,0,-0.4,0,0,-8
47.96,14,1.0471975511966,-2.0943951023932,-1.0144,0,0,-0.48,0,0,-8
47.97,14,1.0471975511966,-2.0943951023932,-1.0196,0,0,-0.56,0,0,-8
47.98,14,1.0471975511966,-2.0943951023932,-1.0256,0,0,-0.64,0,0,-8
47.99,14,1.0471975511966,-2.0943951023932,-1.0324,0,0,-0.72,0,0,-8
48,14,1.0471975511966,-2.0943951023932,-1.04,0,0,-0.8,0,0,-8
48.01,14,1.0471975511966,-2.0943951023932,-1.0484,0,0,-0.88,0,0,-8
48.02,14,1.0471975511966,-2.0943951023932,-1.0576,0,0,-0.96,0,0,-8
48.03,14,1.0471975511966,-2.0943951023932,-1.0676,0,0,-1.04,0,0,-8
48.04,14,1.0471975511966,-2.0943951023932,-1.0784,0,0,-1.12,0,0,-8
48.05,14,1.0471975511966,-2.0943951023932,-1.09,0,0,-1.2,0,0,-8
48.06,14,1.0471975511966,-2.0943951023932,-1.1024,0,0,-1.28,0,0,-8
48.07,14,1.0471975511966,-2.0943951023932,-1.1156,0,0,-1.36,0,0,-8
48.08,14,1.0471975511966,-2.0943951023932,-1.1296,0,0,-1.44,0,0,-8
48.09,14,1.0471975511966,-2.0943951023932,-1.1444,0,0,-1.52,0,0,-8
48.1,14,1.0471975511966,-2.0943951023932,-1.16,0,0,-1.6,0,0,-8
48.11,14,1.0471975511966,-2.0943951023932,-1.1764,0,0,-1.68,0,0,-8
48.12,14,1.0471975511966,-2.0943951023932,-1.1936,0,0,-1.76,0,0,-8
48.13,14,1.0471975511966,-2.0943951023932,-1.2116,0,0,-1.84,0,0,-8
48.14,14,1.0471975511966,-2.0943951023932,-1.2304,0,0,-1.92,0,0,-8
48.15,14,1.0471975511966,-2.0943951023932,-1.25,0,0,-2,0,0,-8
48.16,14,1.0471975511966,-2.0943951023932,-1.2704,0,0,-2.08,0,0,-8
48.17,14,1.0471975511966,-2.0943951023932,-1.2916,0,0,-2.16,0,0,-8
48.18,14,1.0471975511966,-2.0943951023932,-1.3136,0,0,-2.24,0,0,-8
48.19,14,1.0471975511966,-2.0943951023932,-1.3364,0,0,-2.32,0,0,-8
48.2,14,1.0471975511966,-2.0943951023932,-1.36,0,0,-2.4,0,0,-8
48.21,14,1.0471975511966,-2.0943951023932,-1.3844,0,0,-2.48,0,0,-8
48.22,14,1.0471975511966,-2.0943951023932,-1.4096,0,0,-2.56,0,0,-8
48.23,14,1.0471975511966,-2.0943951023932,-1.4356,0,0,-2.64,0,0,-8
48.24,14,1.0471975511966,-2.0943951023932,-1.4624,0,0,-2.72,0,0,-8
48.25,14,1.0471975511966,-2.0943951023932,-1.49,0,0,-2.8,0,0,-8
48.26,14,1.0471975511966,-2.0943951023932,-1.5184,0,0,-2.88,0,0,-8
48.27,14,1.0471975511966,-2.0943951023932,-1.5476,0,0,-2.96,0,0,-8
48.28,14,1.0471975511966,-2.0943951023932,-1.5776,0,0,-3.04,0,0,-8
48.29,14,1.0471975511966,-2.0943951023932,-1.6084,0,0,-3.12,0,0,-8
48.3,14,1.0471975511966,-2.0943951023932,-1.64,0,0,-3.2,0,0,-8
48.31,14,1.0471975511966,-2.0943951023932,-1.6724,0,0,-3.28,0,0,-8
48.32,14,1.0471975511966,-2.0943951023932,-1.7056,0,0,-3.36,0,0,-8
48.33,14,1.0471975511966,-2.0943951023932,-1.7396,0,0,-3.44,0,0,-8
48.34,14,1.0471975511966,-2.0943951023932,-1.7744,0,0,-3.52,0,0,-8
48.35,14,1.0471975511966,-2.0943951023932,-1.81,0,0,-3.6,0,0,-8
48.36,14,1.0471975511966,-2.0943951023932,-1.8464,0,0,-3.68,0,0,-8
48.37,14,1.0471975511966,-2.0943951023932,-1.8836,0,0,-3.76,0,0,-8
48.38,14,1.0471975511966,-2.0943951023932,-1.9216,0,0,-3.84,0,0,-8
48.39,14,1.0471975511966,-2.0943951023932,-1.9604,0,0,-3.92,0,0,-8
48.4,14,1.0471975511966,-2.0943951023932,-2,0,0,-4,0,0,-8
48.41,14,1.0471975511966,-2.0943951023932,-2.0396,0,0,-3.92,0,0,8
48.42,14,1.0471975511966,-2.0943951023932,-2.0784,0,0,-3.84,0,0,8
48.43,14,1.0471975511966,-2.0943951023932,-2.1164,0,0,-3.76,0,0,8
48.44,14,1.0471975511966,-2.0943951023932,-2.1536,0,0,-3.68,0,0,8
48.45,14,1.0471975511966,-2.0943951023932,-2.19,0,0,-3.6,0,0,8
48.46,14,1.0471975511966,-2.0943951023932,-2.2256,0,0,-3.52,0,0,8
48.47,14,1.0471975511966,-2.0943951023932,-2.2604,0,0,-3.44,0,0,8
48.48,14,1.0471975511966,-2.0943951023932,-2.2944,0,0,-3.36,0,0,8
48.49,14,1.0471975511966,-2.0943951023932,-2.3276,0,0,-3.28,0,0,8
48.5,14,1.0471975511966,-2.0943951023932,-2.36,0,0,-3.2,0,0,8
48.51,14,1.0471975511966,-2.0943951023932,-2.3916,0,0,-3.12,0,0,8
48.52,14,1.0471975511966,-2.0943951023932,-2.4224,0,0,-3.04,0,0,8
48.53,14,1.0471975511966,-2.0943951023932,-2.4524,0,0,-2.96,0,0,8
48.54,14,1.0471975511966,-2.0943951023932,-2.4816,0,0,-2.88,0,0,8
48.55,14,1.0471975511966,-2.0943951023932,-2.51,0,0,-2.8,0,0,8
48.56,14,1.0471975511966,-2.0943951023932,-2.5376,0,0,-2.72,0,0,8
48.57,14,1.0471975511966,-2.0943951023932,-2.5644,0,0,-2.64,0,0,8
48.58,14,1.0471975511966,-2.0943951023932,-2.5904,0,0,-2.56,0,0,8
48.59,14,1.0471975511966,-2.0943951023932,-2.6156,0,0,-2.48,0,0,8
48.6,14,1.0471975511966,-2.0943951023932,-2.64,0,0,-2.4,0,0,8
48.61,14,1.0471975511966,-2.0943951023932,-2.6636,0,0,-2.32,0,0,8
48.62,14,1.0471975511966,-2.0943951023932,-2.6864,0,0,-2.24,0,0,8
48.63,14,1.0471975511966,-2.0943951023932,-2.7084,0,0,-2.16,0,0,8
48.64,14,1.0471975511966,-2.0943951023932,-2.7296,0,0,-2.08,0,0,8
48.65,14,1.0471975511966,-2.0943951023932,-2.75,0,0,-2,0,0,8
48.66,14,1.0471975511966,-2.0943951023932,-2.7696,0,0,-1.92,0,0,8
48.67,14,1.0471975511966,-2.0943951023932,-2.7884,0,0,-1.84,0,0,8
48.68,14,1.0471975511966,-2.0943951023932,-2.8064,0,0,-1.76,0,0,8
48.69,14,1.0471975511966,-2.0943951023932,-2.8236,0,0,-1.68,0,0,8
48.7,14,1.0471975511966,-2.0943951023932,-2.84,0,0,-1.6,0,0,8
48.71,14,1.0471975511966,-2.0943951023932,-2.8556,0,0,-1.52,0,0,8
48.72,14,1.0471975511966,-2.0943951023932,-2.8704,0,0,-1.44,0,0,8
48.73,14,1.0471975511966,-2.0943951023932,-2.8844,0,0,-1.36,0,0,8
48.74,14,1.0471975511966,-2.0943951023932,-2.8976,0,0,-1.28,0,0,8
48.75,14,1.0471975511966,-2.0943951023932,-2.91,0,0,-1.2,0,0,8
48.76,14,1.0471975511966,-2.0943951023932,-2.9216,0,0,-1.12,0,0,8
48.77,14,1.0471975511966,-2.0943951023932,-2.9324,0,0,-1.04,0,0,8
48.78,14,1.0471975511966,-2.0943951023932,-2.9424,0,0,-0.96,0,0,8
48.79,14,1.0471975511966,-2.0943951023932,-2.9516,0,0,-0.88,0,0,8
48.8,14,1.0471975511966,-2.0943951023932,-2.96,0,0,-0.8,0,0,8
48.81,14,1.0471975511966,-2.0943951023932,-2.9676,0,0,-0.72,0,0,8
48.82,14,1.0471975511966,-2.0943951023932,-2.9744,0,0,-0.64,0,0,8
48.83,14,1.0471975511966,-2.0943951023932,-2.9804,0,0,-0.56,0,0,8
48.84,14,1.0471975511966,-2.0943951023932,-2.9856,0,0,-0.48,0,0,8
48.85,14,1.0471975511966,-2.0943951023932,-2.99,0,0,-0.4,0,0,8
48.86,14,1.0471975511966,-2.0943951023932,-2.9936,0,0,-0.32,0,0,8
48.87,14,1.0471975511966,-2.0943951023932,-2.9964,0,0,-0.24,0,0,8
48.88,14,1.0471975511966,-2.0943951023932,-2.9984,0,0,-0.16,0,0,8
48.89,14,1.0471975511966,-2.0943951023932,-2.9996,0,0,-0.0800000000000001,0,0,8
48.9,14,1.0471975511966,-2.0943951023932,-3,0,0,0,0,0,8
48.9,15,1.0471975511966,-2.0943951023932,-3,0,0,0,0,0,8
48.91,15,1.0471975511966,-2.0943951023932,-2.9996,0,0,0.08,0,0,8
48.92,15,1.0471975511966,-2.0943951023932,-2.9984,0,0,0.16,0,0,8
48.93,15,1.0471975511966,-2.0943951023932,-2.9964,0,0,0.24,0,0,8
48.94,15,1.0471975511966,-2.0943951023932,-2.9936,0,0,0.32,0,0,8
48.95,15,1.0471975511966,-2.0943951023932,-2.99,0,0,0.4,0,0,8
48.96,15,1.0471975511966,-2.0943951023932,-2.9856,0,0,0.48,0,0,8
48.97,15,1.0471975511966,-2.0943951023932,-2.9804,0,0,0.56,0,0,8
48.98,15,1.0471975511966,-2.0943951023932,-2.9744,0,0,0.64,0,0,8
48.99,15,1.0471975511966,-2.0943951023932,-2.9676,0,0,0.72,0,0,8
49,15,1.0471975511966,-2.0943951023932,-2.96,0,0,0.8,0,0,8
49.01,15,1.0471975511966,-2.0943951023932,-2.9516,0,0,0.88,0,0,8
49.02,15,1.0471975511966,-2.0943951023932,-2.9424,0,0,0.96,0,0,8
49.03,15,1.0471975511966,-2.0943951023932,-2.9324,0,0,1.04,0,0,8
49.04,15,1.0471975511966,-2.0943951023932,-2.9216,0,0,1.12,0,0,8
49.05,15,1.0471975511966,-2.0943951023932,-2.91,0,0,1.2,0,0,8
49.06,15,1.0471975511966,-2.0943951023932,-2.8976,0,0,1.28,0,0,8
49.07,15,1.0471975511966,-2.0943951023932,-2.8844,0,0,1.36,0,0,8
49.08,15,1.0471975511966,-2.0943951023932,-2.8704,0,0,1.44,0,0,8
49.09,15,1.0471975511966,-2.0943951023932,-2.8556,0,0,1.52,0,0,8
49.1,15,1.0471975511966,-2.0943951023932,-2.84,0,0,1.6,0,0,8
49.11,15,1.0471975511966,-2.0943951023932,-2.8236,0,0,1.68,0,0,8
49.12,15,1.0471975511966,-2.0943951023932,-2.8064,0,0,1.76,0,0,8
49.13,15,1.0471975511966,-2.0943951023932,-2.7884,0,0,1.84,0,0,8
49.14,15,1.0471975511966,-2.0943951023932,-2.7696,0,0,1.92,0,0,8
49.15,15,1.0471975511966,-2.0943951023932,-2.75,0,0,2,0,0,8
49.16,15,1.0471975511966,-2.0943951023932,-2.7296,0,0,2.08,0,0,8
49.17,15,1.0471975511966,-2.0943951023932,-2.7084,0,0,2.16,0,0,8
49.18,15,1.0471975511966,-2.0943951023932,-2.6864,0,0,2.24,0,0,8
49.19,15,1.0471975511966,-2.0943951023932,-2.6636,0,0,2.32,0,0,8
49.2,15,1.0471975511966,-2.0943951023932,-2.64,0,0,2.4,0,0,8
49.21,15,1.0471975511966,-2.0943951023932,-2.6156,0,0,2.48,0,0,8
49.22,15,1.0471975511966,-2.0943951023932,-2.5904,0,0,2.56,0,0,8
49.23,15,1.0471975511966,-2.0943951023932,-2.5644,0,0,2.64,0,0,8
49.24,15,1.0471975511966,-2.0943951023932,-2.5376,0,0,2.72,0,0,8
49.25,15,1.0471975511966,-2.0943951023932,-2.51,0,0,2.8,0,0,8
49.26,15,1.0471975511966,-2.0943951023932,-2.4816,0,0,2.88,0,0,8
49.27,15,1.0471975511966,-2.0943951023932,-2.4524,0,0,2.96,0,0,8
49.28,15,1.0471975511966,-2.0943951023932,-2.4224,0,0,3.04,0,0,8
49.29,15,1.0471975511966,-2.0943951023932,-2.3916,0,0,3.12,0,0,8
49.3,15,1.0471975511966,-2.0943951023932,-2.36,0,0,3.2,0,0,8
49.31,15,1.0471975511966,-2.0943951023932,-2.3276,0,0,3.28,0,0,8
49.32,15,1.0471975511966,-2.0943951023932,-2.2944,0,0,3.36,0,0,8
49.33,15,1.0471975511966,-2.0943951023932,-2.2604,0,0,3.44,0,0,8
49.34,15,1.0471975511966,-2.0943951023932,-2.2256,0,0,3.52,0,0,8
49.35,15,1.0471975511966,-2.0943951023932,-2.19,0,0,3.6,0,0,8
49.36,15,1.0471975511966,-2.0943951023932,-2.1536,0,0,3.68,0,0,8
49.37,15,1.0471975511966,-2.0943951023932,-2.1164,0,0,3.76,0,0,8
49.38,15,1.0471975511966,-2.0943951023932,-2.0784,0,0,3.84,0,0,8
49.39,15,1.0471975511966,-2.0943951023932,-2.0396,0,0,3.92,0,0,8
49.4,15,1.0471975511966,-2.0943951023932,-2,0,0,4,0,0,8
49.41,15,1.0471975511966,-2.0943951023932,-1.9604,0,0,3.92,0,0,-8
49.42,15,1.0471975511966,-2.0943951023932,-1.9216,0,0,3.84,0,0,-8
49.43,15,1.0471975511966,-2.0943951023932,-1.8836,0,0,3.76,0,0,-8
49.44,15,1.0471975511966,-2.0943951023932,-1.8464,0,0,3.68,0,0,-8
49.45,15,1.0471975511966,-2.0943951023932,-1.81,0,0,3.6,0,0,-8
49.46,15,1.0471975511966,-2.0943951023932,-1.7744,0,0,3.52,0,0,-8
49.47,15,1.0471975511966,-2.0943951023932,-1.7396,0,0,3.44,0,0,-8
49.48,15,1.0471975511966,-2.0943951023932,-1.7056,0,0,3.36,0,0,-8
49.49,15,1.0471975511966,-2.0943951023932,-1.6724,0,0,3.28,0,0,-8
49.5,15,1.0471975511966,-2.0943951023932,-1.64,0,0,3.2,0,0,-8
49.51,15,1.0471975511966,-2.0943951023932,-1.6084,0,0,3.12,0,0,-8
49.52,15,1.0471975511966,-2.0943951023932,-1.5776,0,0,3.04,0,0,-8
49.53,15,1.0471975511966,-2.0943951023932,-1.5476,0,0,2.96,0,0,-8
49.54,15,1.0471975511966,-2.0943951023932,-1.5184,0,0,2.88,0,0,-8
49.55,15,1.0471975511966,-2.0943951023932,-1.49,0,0,2.8,0,0,-8
49.56,15,1.0471975511966,-2.0943951023932,-1.4624,0,0,2.72,0,0,-8
49.57,15,1.0471975511966,-2.0943951023932,-1.4356,0,0,2.64,0,0,-8
49.58,15,1.0471975511966,-2.0943951023932,-1.4096,0,0,2.56,0,0,-8
49.59,15,1.0471975511966,-2.0943951023932,-1.3844,0,0,2.48,0,0,-8
49.6,15,1.0471975511966,-2.0943951023932,-1.36,0,0,2.4,0,0,-8
49.61,15,1.0471975511966,-2.0943951023932,-1.3364,0,0,2.32,0,0,-8
49.62,15,1.0471975511966,-2.0943951023932,-1.3136,0,0,2.24,0,0,-8
49.63,15,1.0471975511966,-2.0943951023932,-1.2916,0,0,2.16,0,0,-8
49.64,15,1.0471975511966,-2.0943951023932,-1.2704,0,0,2.08,0,0,-8
49.65,15,1.0471975511966,-2.0943951023932,-1.25,0,0,2,0,0,-8
49.66,15,1.0471975511966,-2.0943951023932,-1.2304,0,0,1.92,0,0,-8
49.67,15,1.0471975511966,-2.0943951023932,-1.2116,0,0,1.84,0,0,-8
49.68,15,1.0471975511966,-2.0943951023932,-1.1936,0,0,1.76,0,0,-8
49.69,15,1.0471975511966,-2.0943951023932,-1.1764,0,0,1.68,0,0,-8
49.7,15,1.0471975511966,-2.0943951023932,-1.16,0,0,1.6,0,0,-8
49.71,15,1.0471975511966,-2.0943951023932,-1.1444,0,0,1.52,0,0,-8
49.72,15,1.0471975511966,-2.0943951023932,-1.1296,0,0,1.44,0,0,-8
49.73,15,1.0471975511966,-2.0943951023932,-1.1156,0,0,1.36,0,0,-8
49.74,15,1.0471975511966,-2.0943951023932,-1.1024,0,0,1.28,0,0,-8
49.75,15,1.0471975511966,-2.0943951023932,-1.09,0,0,1.2,0,0,-8
49.76,15,1.0471975511966,-2.0943951023932,-1.0784,0,0,1.12,0,0,-8
49.77,15,1.0471975511966,-2.0943951023932,-1.0676,0,0,1.04,0,0,-8
49.78,15,1.0471975511966,-2.0943951023932,-1.0576,0,0,0.96,0,0,-8
49.79,15,1.0471975511966,-2.0943951023932,-1.0484,0,0,0.88,0,0,-8
49.8,15,1.0471975511966,-2.0943951023932,-1.04,0,0,0.8,0,0,-8
49.81,15,1.0471975511966,-2.0943951023932,-1.0324,0,0,0.72,0,0,-8
49.82,15,1.0471975511966,-2.0943951023932,-1.0256,0,0,0.64,0,0,-8
49.83,15,1.0471975511966,-2.0943951023932,-1.0196,0,0,0.56,0,0,-8
49.84,15,1.0471975511966,-2.0943951023932,-1.0144,0,0,0.48,0,0,-8
49.85,15,1.0471975511966,-2.0943951023932,-1.01,0,0,0.4,0,0,-8
49.86,15,1.0471975511966,-2.0943951023932,-1.0064,0,0,0.32,0,0,-8
49.87,15,1.0471975511966,-2.0943951023932,-1.0036,0,0,0.24,0,0,-8
49.88,15,1.0471975511966,-2.0943951023932,-1.0016,0,0,0.16,0,0,-8
49.89,15,1.0471975511966,-2.0943951023932,-1.0004,0,0,0.0800000000000001,0,0,-8
49.9,15,1.0471975511966,-2.0943951023932,-1,0,0,0,0,0,-8
49.9,16,1.0471975511966,-2.0943951023932,-1,0,0,0,0.0754129494262943,0.028255100459438,0
49.91,16,1.04720132184407,-2.09439368963817,-1,0.000754129494262943,0.00028255100459438,0,0.0754129494262943,0.028255100459438,0
49.92,16,1.04721263378648,-2.0943894513731,-1,0.00150825898852589,0.00056510200918876,0,0.0754129494262943,0.028255100459438,0
49.93,16,1.04723148702384,-2.09438238759799,-1,0.00226238848278883,0.00084765301378314,0,0.0754129494262943,0.028255100459438,0
49.94,16,1.04725788155614,-2.09437249831283,-1,0.00301651797705177,0.00113020401837752,0,0.0754129494262943,0.028255100459438,0
49.95,16,1.04729181738338,-2.09435978351762,-1,0.00377064747131472,0.0014127550229719,0,0.0754129494262943,0.028255100459438,0
49.96,16,1.04733329450557,-2.09434424321237,-1,0.00452477696557766,0.00169530602756628,0,0.0754129494262943,0.028255100459438,0
49.97,16,1.04738231292269,-2.09432587739707,-1,0.0052789064598406,0.00197785703216066,0,0.0754129494262943,0.028255100459438,0
49.98,16,1.04743887263476,-2.09430468607173,-1,0.00603303595410355,0.00226040803675504,0,0.0754129494262943,0.028255100459438,0
49.99,16,1.04750297364177,-2.09428066923634,-1,0.00678716544836649,0.00254295904134942,0,0.0754129494262943,0.028255100459438,0
50,16,1.04757461594373,-2.0942538268909,-1,0.00754129494262943,0.0028255100459438,0,0.0754129494262943,0.028255100459438,0
50.01,16,1.04765379954063,-2.09422415903542,-1,0.00829542443689238,0.00310806105053818,0,0.0754129494262943,0.028255100459438,0
50.02,16,1.04774052443247,-2.09419166566989,-1,0.00904955393115532,0.00339061205513256,0,0.0754129494262943,0.028255100459438,0
50.03,16,1.04783479061925,-2.09415634679431,-1,0.00980368342541826,0.00367316305972694,0,0.0754129494262943,0.028255100459438,0
50.04,16,1.04793659810098,-2.09411820240869,-1,0.0105578129196812,0.00395571406432132,0,0.0754129494262943,0.028255100459438,0
50.05,16,1.04804594687764,-2.09407723251303,-1,0.0113119424139441,0.0042382650689157,0,0.0754129494262943,0.028255100459438,0
50.06,16,1.04816283694925,-2.09403343710731,-1,0.0120660719082071,0.00452081607351008,0,0.0754129494262943,0.028255100459438,0
50.07,16,1.04828726831581,-2.09398681619156,-1,0.01282020140247,0.00480336707810446,0,0.0754129494262943,0.028255100459438,0
50.08,16,1.0484192409773,-2.09393736976575,-1,0.013574330896733,0.00508591808269884,0,0.0754129494262943,0.028255100459438,0
50.09,16,1.04855875493374,-2.0938850978299,-1,0.0143284603909959,0.00536846908729322,0,0.0754129494262943,0.028255100459438,0
50.1,16,1.04870581018512,-2.09383000038401,-1,0.0150825898852589,0.0056510200918876,0,0.0754129494262943,0.028255100459438,0
50.11,16,1.04886040673145,-2.09377207742807,-1,0.0158367193795218,0.00593357109648198,0,0.0754129494262943,0.028255100459438,0
50.12,16,1.04902254457271,-2.09371132896208,-1,0.0165908488737848,0.00621612210107636,0,0.0754129494262943,0.028255100459438,0
50.13,16,1.04919222370892,-2.09364775498604,-1,0.0173449783680477,0.00649867310567074,0,0.0754129494262943,0.028255100459438,0
50.14,16,1.04936944414008,-2.09358135549996,-1,0.0180991078623106,0.00678122411026512,0,0.0754129494262943,0.028255100459438,0
50.15,16,1.04955420586617,-2.09351213050384,-1,0.0188532373565736,0.0070637751148595,0,0.0754129494262943,0.028255100459438,0
50.16,16,1.04974650888721,-2.09344007999767,-1,0.0196073668508365,0.00734632611945388,0,0.0754129494262943,0.028255100459438,0
50.17,16,1.04994635320319,-2.09336520398145,-1,0.0203614963450995,0.00762887712404826,0,0.0754129494262943,0.028255100459438,0
50.18,16,1.05015373881411,-2.09328750245519,-1,0.0211156258393624,0.00791142812864264,0,0.0754129494262943,0.028255100459438,0
50.19,16,1.05036866571997,-2.09320697541888,-1,0.0218697553336254,0.00819397913323702,0,0.0754129494262943,0.028255100459438,0
50.2,16,1.05059113392078,-2.09312362287252,-1,0.0226238848278883,0.0084765301378314,0,0.0754129494262943,0.028255100459438,0
50.21,16,1.05082114341653,-2.09303744481612,-1,0.0233780143221512,0.00875908114242578,0,0.0754129494262943,0.028255100459438,0
50.22,16,1.05105869420722,-2.09294844124967,-1,0.0241321438164142,0.00904163214702016,0,0.0754129494262943,0.028255100459438,0
50.23,16,1.05130378629286,-2.09285661217318,-1,0.0248862733106771,0.00932418315161453,0,0.0754129494262943,0.028255100459438,0
50.24,16,1.05155641967344,-2.09276195758664,-1,0.0256404028049401,0.00960673415620892,0,0.0754129494262943,0.028255100459438,0
50.25,16,1.05181659434896,-2.09266447749006,-1,0.026394532299203,0.0098892851608033,0,0.0754129494262943,0.028255100459438,0
50.26,16,1.05208431031942,-2.09256417188342,-1,0.027148661793466,0.0101718361653977,0,0.0754129494262943,0.028255100459438,0
50.27,16,1.05235956758483,-2.09246104076675,-1,0.0279027912877289,0.0104543871699921,0,0.0754129494262943,0.028255100459438,0
50.28,16,1.05264236614518,-2.09235508414002,-1,0.0286569207819918,0.0107369381745864,0,0.0754129494262943,0.028255100459438,0
50.29,16,1.05293270600047,-2.09224630200326,-1,0.0294110502762548,0.0110194891791808,0,0.0754129494262943,0.028255100459438,0
50.3,16,1.0532305871507,-2.09213469435644,-1,0.0301651797705177,0.0113020401837752,0,0.0754129494262943,0.028255100459438,0
50.31,16,1.05353600959588,-2.09202026119958,-1,0.0309193092647807,0.0115845911883696,0,0.0754129494262943,0.028255100459438,0
50.32,16,1.053848973336,-2.09190300253267,-1,0.0316734387590436,0.011867142192964,0,0.0754129494262943,0.028255100459438,0
50.33,16,1.05416947837106,-2.09178291835572,-1,0.0324275682533066,0.0121496931975583,0,0.0754129494262943,0.028255100459438,0
50.34,16,1.05449752470106,-2.09166000866872,-1,0.0331816977475695,0.0124322442021527,0,0.0754129494262943,0.028255100459438,0
50.35,16,1.05483311232601,-2.09153427347168,-1,0.0339358272418324,0.0127147952067471,0,0.0754129494262943,0.028255100459438,0
50.36,16,1.0551762412459,-2.09140571276459,-1,0.0346899567360954,0.0129973462113415,0,0.0754129494262943,0.028255100459438,0
50.37,16,1.05552691146073,-2.09127432654745,-1,0.0354440862303583,0.0132798972159359,0,0.0754129494262943,0.028255100459438,0
50.38,16,1.05588512297051,-2.09114011482027,-1,0.0361982157246213,0.0135624482205302,0,0.0754129494262943,0.028255100459438,0
50.39,16,1.05625087577522,-2.09100307758304,-1,0.0369523452188842,0.0138449992251246,0,0.0754129494262943,0.028255100459438,0
50.4,16,1.05662416987488,-2.09086321483577,-1,0.0377064747131472,0.014127550229719,0,0.0754129494262943,0.028255100459438,0
50.41,16,1.05700500526949,-2.09072052657845,-1,0.0384606042074101,0.0144101012343134,0,0.0754129494262943,0.028255100459438,0
50.42,16,1.05739338195903,-2.09057501281108,-1,0.039214733701673,0.0146926522389078,0,0.0754129494262943,0.028255100459438,0
50.43,16,1.05778929994352,-2.09042667353367,-1,0.039968863195936,0.0149752032435021,0,0.0754129494262943,0.028255100459438,0
50.44,16,1.05819275922295,-2.09027550874621,-1,0.0407229926901989,0.0152577542480965,0,0.0754129494262943,0.028255100459438,0
50.45,16,1.05860375979732,-2.09012151844871,-1,0.0414771221844619,0.0155403052526909,0,0.0754129494262943,0.028255100459438,0
50.46,16,1.05902230166664,-2.08996470264116,-1,0.0422312516787248,0.0158228562572853,0,0.0754129494262943,0.028255100459438,0
50.47,16,1.0594483848309,-2.08980506132356,-1,0.0429853811729878,0.0161054072618797,0,0.0754129494262943,0.028255100459438,0
50.48,16,1.0598820092901,-2.08964259449592,-1,0.0437395106672507,0.016387958266474,0,0.0754129494262943,0.028255100459438,0
50.49,16,1.06032317504424,-2.08947730215823,-1,0.0444936401615137,0.0166705092710684,0,0.0754129494262943,0.028255100459438,0
50.5,16,1.06077188209333,-2.0893091843105,-1,0.0452477696557766,0.0169530602756628,0,0.0754129494262943,0.028255100459438,0
50.51,16,1.06122813043736,-2.08913824095272,-1,0.0460018991500395,0.0172356112802572,0,0.0754129494262943,0.028255100459438,0
50.52,16,1.06169192007633,-2.08896447208489,-1,0.0467560286443025,0.0175181622848516,0,0.0754129494262943,0.028255100459438,0
50.53,16,1.06216325101025,-2.08878787770702,-1,0.0475101581385654,0.0178007132894459,0,0.0754129494262943,0.028255100459438,0
50.54,16,1.0626421232391,-2.0886084578191,-1,0.0482642876328284,0.0180832642940403,0,0.0754129494262943,0.028255100459438,0
50.55,16,1.0631285367629,-2.08842621242114,-1,0.0490184171270913,0.0183658152986347,0,0.0754129494262943,0.028255100459438,0
50.56,16,1.06362249158164,-2.08824114151313,-1,0.0497725466213543,0.0186483663032291,0,0.0754129494262943,0.028255100459438,0
50.57,16,1.06412398769533,-2.08805324509507,-1,0.0505266761156172,0.0189309173078235,0,0.0754129494262943,0.028255100459438,0
50.58,16,1.06463302510396,-2.08786252316697,-1,0.0512808056098801,0.0192134683124178,0,0.0754129494262943,0.028255100459438,0
50.59,16,1.06514960380753,-2.08766897572883,-1,0.0520349351041431,0.0194960193170122,0,0.0754129494262943,0.028255100459438,0
50.6,16,1.06567372380604,-2.08747260278063,-1,0.052789064598406,0.0197785703216066,0,0.0754129494262943,0.028255100459438,0
50.61,16,1.0662053850995,-2.08727340432239,-1,0.053543194092669,0.020061121326201,0,0.0754129494262943,0.028255100459438,0
50.62,16,1.06674458768789,-2.08707138035411,-1,0.0542973235869319,0.0203436723307953,0,0.0754129494262943,0.028255100459438,0
50.63,16,1.06729133157123,-2.08686653087578,-1,0.0550514530811949,0.0206262233353897,0,0.0754129494262943,0.028255100459438,0
50.64,16,1.06784561674952,-2.0866588558874,-1,0.0558055825754578,0.0209087743399841,0,0.0754129494262943,0.028255100459438,0
50.65,16,1.06840744322274,-2.08644835538898,-1,0.0565597120697207,0.0211913253445785,0,0.0754129494262943,0.028255100459438,0
50.66,16,1.06897681099091,-2.08623502938051,-1,0.0573138415639837,0.0214738763491729,0,0.0754129494262943,0.028255100459438,0
50.67,16,1.06955372005402,-2.086018877862,-1,0.0580679710582466,0.0217564273537672,0,0.0754129494262943,0.028255100459438,0
50.68,16,1.07013817041208,-2.08579990083343,-1,0.0588221005525096,0.0220389783583616,0,0.0754129494262943,0.028255100459438,0
50.69,16,1.07073016206507,-2.08557809829483,-1,0.0595762300467725,0.022321529362956,0,0.0754129494262943,0.028255100459438,0
50.7,16,1.07132969501301,-2.08535347024618,-1,0.0603303595410355,0.0226040803675504,0,0.0754129494262943,0.028255100459438,0
50.71,16,1.07193676925589,-2.08512601668748,-1,0.0610844890352984,0.0228866313721448,0,0.0754129494262943,0.028255100459438,0
50.72,16,1.07255138479372,-2.08489573761873,-1,0.0618386185295614,0.0231691823767392,0,0.0754129494262943,0.028255100459438,0
50.73,16,1.07317354162648,-2.08466263303994,-1,0.0625927480238243,0.0234517333813335,0,0.0754129494262943,0.028255100459438,0
50.74,16,1.07380323975419,-2.08442670295111,-1,0.0633468775180872,0.0237342843859279,0,0.0754129494262943,0.028255100459438,0
50.75,16,1.07444047917685,-2.08418794735222,-1,0.0641010070123502,0.0240168353905223,0,0.0754129494262943,0.028255100459438,0
50.76,16,1.07508525989444,-2.0839463662433,-1,0.0648551365066131,0.0242993863951167,0,0.0754129494262943,0.028255100459438,0
50.77,16,1.07573758190698,-2.08370195962432,-1,0.0656092660008761,0.024581937399711,0,0.0754129494262943,0.028255100459438,0
50.78,16,1.07639744521446,-2.0834547274953,-1,0.066363395495139,0.0248644884043054,0,0.0754129494262943,0.028255100459438,0
50.79,16,1.07706484981688,-2.08320466985624,-1,0.0671175249894019,0.0251470394088998,0,0.0754129494262943,0.028255100459438,0
50.8,16,1.07773979571425,-2.08295178670712,-1,0.0678716544836649,0.0254295904134942,0,0.0754129494262943,0.028255100459438,0
50.81,16,1.07842228290656,-2.08269607804797,-1,0.0686257839779278,0.0257121414180886,0,0.0754129494262943,0.028255100459438,0
50.82,16,1.07911231139381,-2.08243754387876,-1,0.0693799134721908,0.0259946924226829,0,0.0754129494262943,0.028255100459438,0
50.83,16,1.079809881176,-2.08217618419951,-1,0.0701340429664537,0.0262772434272773,0,0.0754129494262943,0.028255100459438,0
50.84,16,1.08051499225313,-2.08191199901022,-1,0.0708881724607167,0.0265597944318717,0,0.0754129494262943,0.028255100459438,0
50.85,16,1.08122764462521,-2.08164498831087,-1,0.0716423019549796,0.0268423454364661,0,0.0754129494262943,0.028255100459438,0
50.86,16,1.08194783829223,-2.08137515210149,-1,0.0723964314492426,0.0271248964410605,0,0.0754129494262943,0.028255100459438,0
50.87,16,1.0826755732542,-2.08110249038205,-1,0.0731505609435055,0.0274074474456548,0,0.0754129494262943,0.028255100459438,0
50.88,16,1.0834108495111,-2.08082700315257,-1,0.0739046904377684,0.0276899984502492,0,0.0754129494262943,0.028255100459438,0
50.89,16,1.08415366706295,-2.08054869041305,-1,0.0746588199320314,0.0279725494548436,0,0.0754129494262943,0.028255100459438,0
50.9,16,1.08490402590975,-2.08026755216348,-1,0.0754129494262943,0.028255100459438,0,0.0754129494262943,0.028255100459438,0
50.91,16,1.08566192605148,-2.07998358840386,-1,0.0761670789205573,0.0285376514640324,0,0.0754129494262943,0.028255100459438,0
50.92,16,1.08642736748816,-2.0796967991342,-1,0.0769212084148202,0.0288202024686267,0,0.0754129494262943,0.028255100459438,0
50.93,16,1.08720035021978,-2.07940718435449,-1,0.0776753379090832,0.0291027534732211,0,0.0754129494262943,0.028255100459438,0
50.94,16,1.08798087424634,-2.07911474406473,-1,0.0784294674033461,0.0293853044778155,0,0.0754129494262943,0.028255100459438,0
50.95,16,1.08876893956784,-2.07881947826493,-1,0.0791835968976091,0.0296678554824099,0,0.0754129494262943,0.028255100459438,0
50.96,16,1.08956454618429,-2.07852138695508,-1,0.079937726391872,0.0299504064870043,0,0.0754129494262943,0.028255100459438,0
50.97,16,1.09036769409568,-2.07822047013519,-1,0.0806918558861349,0.0302329574915986,0,0.0754129494262943,0.028255100459438,0
50.98,16,1.09117838330201,-2.07791672780525,-1,0.0814459853803979,0.030515508496193,0,0.0754129494262943,0.028255100459438,0
50.99,16,1.09199661380329,-2.07761015996527,-1,0.0822001148746608,0.0307980595007874,0,0.0754129494262943,0.028255100459438,0
51,16,1.09282238559951,-2.07730076661524,-1,0.0829542443689238,0.0310806105053818,0,0.0754129494262943,0.028255100459438,0
51.01,16,1.09365569869067,-2.07698854775516,-1,0.0837083738631867,0.0313631615099762,0,0.0754129494262943,0.028255100459438,0
51.02,16,1.09449655307677,-2.07667350338504,-1,0.0844625033574496,0.0316457125145705,0,0.0754129494262943,0.028255100459438,0
51.03,16,1.09534494875782,-2.07635563350487,-1,0.0852166328517126,0.0319282635191649,0,0.0754129494262943,0.028255100459438,0
51.04,16,1.0962008857338,-2.07603493811465,-1,0.0859707623459755,0.0322108145237593,0,0.0754129494262943,0.028255100459438,0
51.05,16,1.09706436400474,-2.07571141721439,-1,0.0867248918402385,0.0324933655283537,0,0.0754129494262943,0.028255100459438,0
51.06,16,1.09793538357061,-2.07538507080409,-1,0.0874790213345014,0.0327759165329481,0,0.0754129494262943,0.028255100459438,0
51.07,16,1.09881394443142,-2.07505589888373,-1,0.0882331508287644,0.0330584675375424,0,0.0754129494262943,0.028255100459438,0
51.08,16,1.09970004658718,-2.07472390145334,-1,0.0889872803230273,0.0333410185421368,0,0.0754129494262943,0.028255100459438,0
51.09,16,1.10059369003789,-2.07438907851289,-1,0.0897414098172902,0.0336235695467312,0,0.0754129494262943,0.028255100459438,0
51.1,16,1.10149487478353,-2.0740514300624,-1,0.0904955393115532,0.0339061205513256,0,0.0754129494262943,0.028255100459438,0
51.11,16,1.10240360082412,-2.07371095610186,-1,0.0912496688058161,0.03418867155592,0,0.0754129494262943,0.028255100459438,0
51.12,16,1.10331986815965,-2.07336765663128,-1,0.0920037983000791,0.0344712225605143,0,0.0754129494262943,0.028255100459438,0
51.13,16,1.10424367679012,-2.07302153165065,-1,0.092757927794342,0.0347537735651087,0,0.0754129494262943,0.028255100459438,0
51.14,16,1.10517502671553,-2.07267258115998,-1,0.093512057288605,0.0350363245697031,0,0.0754129494262943,0.028255100459438,0
51.15,16,1.10611391793589,-2.07232080515926,-1,0.0942661867828679,0.0353188755742975,0,0.0754129494262943,0.028255100459438,0
51.16,16,1.10706035045119,-2.07196620364849,-1,0.0950203162771309,0.0356014265788919,0,0.0754129494262943,0.028255100459438,0
51.17,16,1.10801432426143,-2.07160877662768,-1,0.0957744457713938,0.0358839775834862,0,0.0754129494262943,0.028255100459438,0
51.18,16,1.10897583936662,-2.07124852409682,-1,0.0965285752656567,0.0361665285880806,0,0.0754129494262943,0.028255100459438,0
51.19,16,1.10994489576675,-2.07088544605592,-1,0.0972827047599197,0.036449079592675,0,0.0754129494262943,0.028255100459438,0
51.2,16,1.11092149346182,-2.07051954250497,-1,0.0980368342541826,0.0367316305972694,0,0.0754129494262943,0.028255100459438,0
51.21,16,1.11190563245183,-2.07015081344397,-1,0.0987909637484456,0.0370141816018638,0,0.0754129494262943,0.028255100459438,0
51.22,16,1.11289731273679,-2.06977925887293,-1,0.0995450932427085,0.0372967326064581,0,0.0754129494262943,0.028255100459438,0
51.23,16,1.11389653431668,-2.06940487879185,-1,0.100299222736971,0.0375792836110525,0,0.0754129494262943,0.028255100459438,0
51.24,16,1.11490329719152,-2.06902767320071,-1,0.101053352231234,0.0378618346156469,0,0.0754129494262943,0.028255100459438,0
51.25,16,1.11591760136131,-2.06864764209953,-1,0.101807481725497,0.0381443856202413,0,0.0754129494262943,0.028255100459438,0
51.26,16,1.11693944682603,-2.06826478548831,-1,0.10256161121976,0.0384269366248357,0,0.0754129494262943,0.028255100459438,0
51.27,16,1.1179688335857,-2.06787910336704,-1,0.103315740714023,0.03870948762943,0,0.0754129494262943,0.028255100459438,0
51.28,16,1.11900576164032,-2.06749059573572,-1,0.104069870208286,0.0389920386340244,0,0.0754129494262943,0.028255100459438,0
51.29,16,1.12005023098987,-2.06709926259436,-1,0.104823999702549,0.0392745896386188,0,0.0754129494262943,0.028255100459438,0
51.3,16,1.12110224163437,-2.06670510394295,-1,0.105578129196812,0.0395571406432132,0,0.0754129494262943,0.028255100459438,0
51.31,16,1.12216179357381,-2.06630811978149,-1,0.106332258691075,0.0398396916478076,0,0.0754129494262943,0.028255100459438,0
51.32,16,1.12322888680819,-2.06590831010999,-1,0.107086388185338,0.0401222426524019,0,0.0754129494262943,0.028255100459438,0
51.33,16,1.12430352133751,-2.06550567492844,-1,0.107840517679601,0.0404047936569963,0,0.0754129494262943,0.028255100459438,0
51.34,16,1.12538569716178,-2.06510021423685,-1,0.108594647173864,0.0406873446615907,0,0.0754129494262943,0.028255100459438,0
51.35,16,1.12647541428099,-2.06469192803521,-1,0.109348776668127,0.0409698956661851,0,0.0754129494262943,0.028255100459438,0
51.36,16,1.12757267269514,-2.06428081632353,-1,0.11010290616239,0.0412524466707795,0,0.0754129494262943,0.028255100459438,0
51.37,16,1.12867747240424,-2.0638668791018,-1,0.110857035656653,0.0415349976753738,0,0.0754129494262943,0.028255100459438,0
51.38,16,1.12978981340828,-2.06345011637002,-1,0.111611165150916,0.0418175486799682,0,0.0754129494262943,0.028255100459438,0
51.39,16,1.13090969570726,-2.0630305281282,-1,0.112365294645179,0.0421000996845626,0,0.0754129494262943,0.028255100459438,0
51.4,16,1.13203711930118,-2.06260811437633,-1,0.113119424139441,0.042382650689157,0,0.0754129494262943,0.028255100459438,0
51.41,16,1.13317208419004,-2.06218287511441,-1,0.113873553633704,0.0426652016937514,0,0.0754129494262943,0.028255100459438,0
51.42,16,1.13431459037385,-2.06175481034245,-1,0.114627683127967,0.0429477526983457,0,0.0754129494262943,0.028255100459438,0
51.43,16,1.1354646378526,-2.06132392006045,-1,0.11538181262223,0.0432303037029401,0,0.0754129494262943,0.028255100459438,0
51.44,16,1.1366222266263,-2.06089020426839,-1,0.116135942116493,0.0435128547075345,0,0.0754129494262943,0.028255100459438,0
51.45,16,1.13778735669493,-2.0604536629663,-1,0.116890071610756,0.0437954057121289,0,0.0754129494262943,0.028255100459438,0
51.46,16,1.13896002805851,-2.06001429615415,-1,0.117644201105019,0.0440779567167233,0,0.0754129494262943,0.028255100459438,0
51.47,16,1.14014024071703,-2.05957210383196,-1,0.118398330599282,0.0443605077213176,0,0.0754129494262943,0.028255100459438,0
51.48,16,1.1413279946705,-2.05912708599973,-1,0.119152460093545,0.044643058725912,0,0.0754129494262943,0.028255100459438,0
51.49,16,1.14252328991891,-2.05867924265744,-1,0.119906589587808,0.0449256097305064,0,0.0754129494262943,0.028255100459438,0
51.5,16,1.14372612646225,-2.05822857380512,-1,0.120660719082071,0.0452081607351008,0,0.0754129494262943,0.028255100459438,0
51.51,16,1.14493650430055,-2.05777507944274,-1,0.121414848576334,0.0454907117396952,0,0.0754129494262943,0.028255100459438,0
51.52,16,1.14615442343378,-2.05731875957032,-1,0.122168978070597,0.0457732627442895,0,0.0754129494262943,0.028255100459438,0
51.53,16,1.14737988386196,-2.05685961418786,-1,0.12292310756486,0.0460558137488839,0,0.0754129494262943,0.028255100459438,0
51.54,16,1.14861288558508,-2.05639764329534,-1,0.123677237059123,0.0463383647534783,0,0.0754129494262943,0.028255100459438,0
51.55,16,1.14985342860314,-2.05593284689279,-1,0.124431366553386,0.0466209157580727,0,0.0754129494262943,0.028255100459438,0
51.56,16,1.15110151291615,-2.05546522498018,-1,0.125185496047649,0.0469034667626671,0,0.0754129494262943,0.028255100459438,0
51.57,16,1.15235713852409,-2.05499477755753,-1,0.125939625541912,0.0471860177672614,0,0.0754129494262943,0.028255100459438,0
51.58,16,1.15362030542698,-2.05452150462484,-1,0.126693755036174,0.0474685687718558,0,0.0754129494262943,0.028255100459438,0
51.59,16,1.15489101362482,-2.0540454061821,-1,0.127447884530437,0.0477511197764502,0,0.0754129494262943,0.028255100459438,0
51.6,16,1.15616926311759,-2.05356648222931,-1,0.1282020140247,0.0480336707810446,0,0.0754129494262943,0.028255100459438,0
51.61,16,1.15745505390531,-2.05308473276647,-1,0.128956143518963,0.048316221785639,0,0.0754129494262943,0.028255100459438,0
51.62,16,1.15874838598797,-2.0526001577936,-1,0.129710273013226,0.0485987727902333,0,0.0754129494262943,0.028255100459438,0
51.63,16,1.16004925936558,-2.05211275731067,-1,0.130464402507489,0.0488813237948277,0,0.0754129494262943,0.028255100459438,0
51.64,16,1.16135767403812,-2.0516225313177,-1,0.131218532001752,0.0491638747994221,0,0.0754129494262943,0.028255100459438,0
51.65,16,1.16267363000561,-2.05112947981468,-1,0.131972661496015,0.0494464258040165,0,0.0754129494262943,0.028255100459438,0
51.66,16,1.16399712726804,-2.05063360280162,-1,0.132726790990278,0.0497289768086109,0,0.0754129494262943,0.028255100459438,0
51.67,16,1.16532816582542,-2.05013490027851,-1,0.133480920484541,0.0500115278132052,0,0.0754129494262943,0.028255100459438,0
51.68,16,1.16666674567773,-2.04963337224535,-1,0.134235049978804,0.0502940788177996,0,0.0754129494262943,0.028255100459438,0
51.69,16,1.16801286682499,-2.04912901870215,-1,0.134989179473067,0.050576629822394,0,0.0754129494262943,0.028255100459438,0
51.7,16,1.16936652926719,-2.04862183964891,-1,0.13574330896733,0.0508591808269884,0,0.0754129494262943,0.028255100459438,0
51.71,16,1.17072773300434,-2.04811183508561,-1,0.136497438461593,0.0511417318315828,0,0.0754129494262943,0.028255100459438,0
51.72,16,1.17209647803643,-2.04759900501227,-1,0.137251567955856,0.0514242828361771,0,0.0754129494262943,0.028255100459438,0
51.73,16,1.17347276436346,-2.04708334942889,-1,0.138005697450119,0.0517068338407715,0,0.0754129494262943,0.028255100459438,0
51.74,16,1.17485659198543,-2.04656486833546,-1,0.138759826944382,0.0519893848453659,0,0.0754129494262943,0.028255100459438,0
51.75,16,1.17624796090234,-2.04604356173198,-1,0.139513956438645,0.0522719358499603,0,0.0754129494262943,0.028255100459438,0
51.76,16,1.1776468711142,-2.04551942961846,-1,0.140268085932907,0.0525544868545547,0,0.0754129494262943,0.028255100459438,0
51.77,16,1.179053322621,-2.04499247199489,-1,0.14102221542717,0.052837037859149,0,0.0754129494262943,0.028255100459438,0
51.78,16,1.18046731542275,-2.04446268886128,-1,0.141776344921433,0.0531195888637434,0,0.0754129494262943,0.028255100459438,0
51.79,16,1.18188884951943,-2.04393008021762,-1,0.142530474415696,0.0534021398683378,0,0.0754129494262943,0.028255100459438,0
51.8,16,1.18331792491106,-2.04339464606391,-1,0.143284603909959,0.0536846908729322,0,0.0754129494262943,0.028255100459438,0
51.81,16,1.18475454159763,-2.04285638640016,-1,0.144038733404222,0.0539672418775266,0,0.0754129494262943,0.028255100459438,0
51.82,16,1.18619869957914,-2.04231530122636,-1,0.144792862898485,0.0542497928821209,0,0.0754129494262943,0.028255100459438,0
51.83,16,1.1876503988556,-2.04177139054252,-1,0.145546992392748,0.0545323438867153,0,0.0754129494262943,0.028255100459438,0
51.84,16,1.189109639427,-2.04122465434863,-1,0.146301121887011,0.0548148948913097,0,0.0754129494262943,0.028255100459438,0
51.85,16,1.19057642129334,-2.04067509264469,-1,0.147055251381274,0.0550974458959041,0,0.0754129494262943,0.028255100459438,0
51.86,16,1.19205074445462,-2.04012270543071,-1,0.147809380875537,0.0553799969004985,0,0.0754129494262943,0.028255100459438,0
51.87,16,1.19353260891085,-2.03956749270668,-1,0.1485635103698,0.0556625479050928,0,0.0754129494262943,0.028255100459438,0
51.88,16,1.19502201466202,-2.03900945447261,-1,0.149317639864063,0.0559450989096872,0,0.0754129494262943,0.028255100459438,0
51.89,16,1.19651896170813,-2.03844859072849,-1,0.150071769358326,0.0562276499142816,0,0.0754129494262943,0.028255100459438,0
51.9,16,1.19802345004919,-2.03788490147432,-1,0.150825898852589,0.056510200918876,0,0.0754129494262943,0.028255100459438,0
51.91,16,1.19953547968518,-2.03731838671011,-1,0.151580028346852,0.0567927519234704,0,0.0754129494262943,0.028255100459438,0
51.92,16,1.20105505061612,-2.03674904643585,-1,0.152334157841115,0.0570753029280647,0,0.0754129494262943,0.028255100459438,0
51.93,16,1.20258216284201,-2.03617688065155,-1,0.153088287335377,0.0573578539326591,0,0.0754129494262943,0.028255100459438,0
51.94,16,1.20411681636283,-2.0356018893572,-1,0.15384241682964,0.0576404049372535,0,0.0754129494262943,0.028255100459438,0
51.95,16,1.2056590111786,-2.0350240725528,-1,0.154596546323903,0.0579229559418479,0,0.0754129494262943,0.028255100459438,0
51.96,16,1.20720874728931,-2.03444343023836,-1,0.155350675818166,0.0582055069464423,0,0.0754129494262943,0.028255100459438,0
51.97,16,1.20876602469496,-2.03385996241387,-1,0.156104805312429,0.0584880579510366,0,0.0754129494262943,0.028255100459438,0
51.98,16,1.21033084339556,-2.03327366907934,-1,0.156858934806692,0.058770608955631,0,0.0754129494262943,0.028255100459438,0
51.99,16,1.2119032033911,-2.03268455023476,-1,0.157613064300955,0.0590531599602254,0,0.0754129494262943,0.028255100459438,0
52,16,1.21348310468158,-2.03209260588013,-1,0.158367193795218,0.0593357109648198,0,0.0754129494262943,0.028255100459438,0
52.01,16,1.215070547267,-2.03149783601546,-1,0.159121323289481,0.0596182619694141,0,0.0754129494262943,0.028255100459438,0
52.02,16,1.21666553114737,-2.03090024064075,-1,0.159875452783744,0.0599008129740085,0,0.0754129494262943,0.028255100459438,0
52.03,16,1.21826805632268,-2.03029981975598,-1,0.160629582278007,0.0601833639786029,0,0.0754129494262943,0.028255100459438,0
52.04,16,1.21987812279293,-2.02969657336117,-1,0.16138371177227,0.0604659149831973,0,0.0754129494262943,0.028255100459438,0
52.05,16,1.22149573055812,-2.02909050145632,-1,0.162137841266533,0.0607484659877917,0,0.0754129494262943,0.028255100459438,0
52.06,16,1.22312087961826,-2.02848160404142,-1,0.162891970760796,0.0610310169923861,0,0.0754129494262943,0.028255100459438,0
52.07,16,1.22475356997334,-2.02786988111647,-1,0.163646100255059,0.0613135679969804,0,0.0754129494262943,0.028255100459438,0
52.08,16,1.22639380162336,-2.02725533268148,-1,0.164400229749322,0.0615961190015748,0,0.0754129494262943,0.028255100459438,0
52.09,16,1.22804157456832,-2.02663795873644,-1,0.165154359243585,0.0618786700061692,0,0.0754129494262943,0.028255100459438,0
52.1,16,1.22969688880823,-2.02601775928136,-1,0.165908488737848,0.0621612210107636,0,0.0754129494262943,0.028255100459438,0
52.11,16,1.23135974434308,-2.02539473431623,-1,0.16666261823211,0.0624437720153579,0,0.0754129494262943,0.028255100459438,0
52.12,16,1.23303014117287,-2.02476888384105,-1,0.167416747726373,0.0627263230199523,0,0.0754129494262943,0.028255100459438,0
52.13,16,1.23470807929761,-2.02414020785583,-1,0.168170877220636,0.0630088740245467,0,0.0754129494262943,0.028255100459438,0
52.14,16,1.23639355871729,-2.02350870636056,-1,0.168925006714899,0.0632914250291411,0,0.0754129494262943,0.028255100459438,0
52.15,16,1.23808657943191,-2.02287437935524,-1,0.169679136209162,0.0635739760337355,0,0.0754129494262943,0.028255100459438,0
52.16,16,1.23978714144147,-2.02223722683988,-1,0.170433265703425,0.0638565270383298,0,0.0754129494262943,0.028255100459438,0
52.17,16,1.24149524474597,-2.02159724881448,-1,0.171187395197688,0.0641390780429242,0,0.0754129494262943,0.028255100459438,0
52.18,16,1.24321088934542,-2.02095444527902,-1,0.171941524691951,0.0644216290475186,0,0.0754129494262943,0.028255100459438,0
52.19,16,1.24493407523981,-2.02030881623353,-1,0.172695654186214,0.064704180052113,0,0.0754129494262943,0.028255100459438,0
52.2,16,1.24666480242915,-2.01966036167798,-1,0.173449783680477,0.0649867310567074,0,0.0754129494262943,0.028255100459438,0
52.21,16,1.24840307091342,-2.01900908161239,-1,0.17420391317474,0.0652692820613018,0,0.0754129494262943,0.028255100459438,0
52.22,16,1.25014888069264,-2.01835497603676,-1,0.174958042669003,0.0655518330658961,0,0.0754129494262943,0.028255100459438,0
52.23,16,1.2519022317668,-2.01769804495107,-1,0.175712172163266,0.0658343840704905,0,0.0754129494262943,0.028255100459438,0
52.24,16,1.25366312413591,-2.01703828835535,-1,0.176466301657529,0.0661169350750849,0,0.0754129494262943,0.028255100459438,0
52.25,16,1.25543155779995,-2.01637570624957,-1,0.177220431151792,0.0663994860796793,0,0.0754129494262943,0.028255100459438,0
52.26,16,1.25720753275894,-2.01571029863375,-1,0.177974560646055,0.0666820370842736,0,0.0754129494262943,0.028255100459438,0
52.27,16,1.25899104901287,-2.01504206550789,-1,0.178728690140318,0.066964588088868,0,0.0754129494262943,0.028255100459438,0
52.28,16,1.26078210656175,-2.01437100687198,-1,0.17948281963458,0.0672471390934624,0,0.0754129494262943,0.028255100459438,0
52.29,16,1.26258070540557,-2.01369712272602,-1,0.180236949128843,0.0675296900980568,0,0.0754129494262943,0.028255100459438,0
52.3,16,1.26438684554433,-2.01302041307001,-1,0.180991078623106,0.0678122411026512,0,0.0754129494262943,0.028255100459438,0
52.31,16,1.26620052697803,-2.01234087790396,-1,0.181745208117369,0.0680947921072455,0,0.0754129494262943,0.028255100459438,0
52.32,16,1.26802174970667,-2.01165851722787,-1,0.182499337611632,0.0683773431118399,0,0.0754129494262943,0.028255100459438,0
52.33,16,1.26985051373026,-2.01097333104173,-1,0.183253467105895,0.0686598941164343,0,0.0754129494262943,0.028255100459438,0
52.34,16,1.27168681904879,-2.01028531934554,-1,0.184007596600158,0.0689424451210287,0,0.0754129494262943,0.028255100459438,0
52.35,16,1.27353066566226,-2.00959448213931,-1,0.184761726094421,0.0692249961256231,0,0.0754129494262943,0.028255100459438,0
52.36,16,1.27538205357068,-2.00890081942303,-1,0.185515855588684,0.0695075471302175,0,0.0754129494262943,0.028255100459438,0
52.37,16,1.27724098277404,-2.0082043311967,-1,0.186269985082947,0.0697900981348118,0,0.0754129494262943,0.028255100459438,0
52.38,16,1.27910745327234,-2.00750501746033,-1,0.18702411457721,0.0700726491394062,0,0.0754129494262943,0.028255100459438,0
52.39,16,1.28098146506558,-2.00680287821391,-1,0.187778244071473,0.0703552001440006,0,0.0754129494262943,0.028255100459438,0
52.4,16,1.28286301815377,-2.00609791345745,-1,0.188532373565736,0.070637751148595,0,0.0754129494262943,0.028255100459438,0
52.41,16,1.2847521125369,-2.00539012319094,-1,0.189286503059999,0.0709203021531894,0,0.0754129494262943,0.028255100459438,0
52.42,16,1.28664874821497,-2.00467950741439,-1,0.190040632554262,0.0712028531577837,0,0.0754129494262943,0.028255100459438,0
52.43,16,1.28855292518798,-2.00396606612779,-1,0.190794762048525,0.0714854041623781,0,0.0754129494262943,0.028255100459438,0
52.44,16,1.29046464345594,-2.00324979933114,-1,0.191548891542788,0.0717679551669725,0,0.0754129494262943,0.028255100459438,0
52.45,16,1.29238390301884,-2.00253070702445,-1,0.192303021037051,0.0720505061715669,0,0.0754129494262943,0.028255100459438,0
52.46,16,1.29431070387668,-2.00180878920771,-1,0.193057150531313,0.0723330571761612,0,0.0754129494262943,0.028255100459438,0
52.47,16,1.29624504602946,-2.00108404588092,-1,0.193811280025576,0.0726156081807556,0,0.0754129494262943,0.028255100459438,0
52.48,16,1.29818692947719,-2.00035647704409,-1,0.194565409519839,0.07289815918535,0,0.0754129494262943,0.028255100459438,0
52.49,16,1.30013635421986,-1.99962608269722,-1,0.195319539014102,0.0731807101899444,0,0.0754129494262943,0.028255100459438,0
52.5,16,1.30209332025747,-1.9988928628403,-1,0.196073668508365,0.0734632611945388,0,0.0754129494262943,0.028255100459438,0
52.51,16,1.30405782759003,-1.99815681747333,-1,0.196827798002628,0.0737458121991331,0,0.0754129494262943,0.028255100459438,0
52.52,16,1.30602987621753,-1.99741794659631,-1,0.197581927496891,0.0740283632037275,0,0.0754129494262943,0.028255100459438,0
52.53,16,1.30800946613997,-1.99667625020925,-1,0.198336056991154,0.0743109142083219,0,0.0754129494262943,0.028255100459438,0
52.54,16,1.30999659735735,-1.99593172831215,-1,0.199090186485417,0.0745934652129163,0,0.0754129494262943,0.028255100459438,0
52.55,16,1.31199126986967,-1.99518438090499,-1,0.19984431597968,0.0748760162175107,0,0.0754129494262943,0.028255100459438,0
52.56,16,1.31399348367694,-1.9944342079878,-1,0.200598445473943,0.0751585672221051,0,0.0754129494262943,0.028255100459438,0
52.57,16,1.31600323877915,-1.99368120956055,-1,0.201352574968206,0.0754411182266994,0,0.0754129494262943,0.028255100459438,0
52.58,16,1.31802053517631,-1.99292538562326,-1,0.202106704462469,0.0757236692312938,0,0.0754129494262943,0.028255100459438,0
52.59,16,1.3200453728684,-1.99216673617593,-1,0.202860833956732,0.0760062202358882,0,0.0754129494262943,0.028255100459438,0
52.6,16,1.32207775185544,-1.99140526121854,-1,0.203614963450995,0.0762887712404826,0,0.0754129494262943,0.028255100459438,0
52.61,16,1.32411767213742,-1.99064096075112,-1,0.204369092945258,0.0765713222450769,0,0.0754129494262943,0.028255100459438,0
52.62,16,1.32616513371435,-1.98987383477364,-1,0.205123222439521,0.0768538732496713,0,0.0754129494262943,0.028255100459438,0
52.63,16,1.32822013658621,-1.98910388328612,-1,0.205877351933784,0.0771364242542657,0,0.0754129494262943,0.028255100459438,0
52.64,16,1.33028268075302,-1.98833110628856,-1,0.206631481428046,0.0774189752588601,0,0.0754129494262943,0.028255100459438,0
52.65,16,1.33235276621477,-1.98755550378095,-1,0.207385610922309,0.0777015262634545,0,0.0754129494262943,0.028255100459438,0
52.66,16,1.33443039297147,-1.98677707576329,-1,0.208139740416572,0.0779840772680488,0,0.0754129494262943,0.028255100459438,0
52.67,16,1.3365155610231,-1.98599582223558,-1,0.208893869910835,0.0782666282726432,0,0.0754129494262943,0.028255100459438,0
52.68,16,1.33860827036968,-1.98521174319784,-1,0.209647999405098,0.0785491792772376,0,0.0754129494262943,0.028255100459438,0
52.69,16,1.34070852101121,-1.98442483865004,-1,0.210402128899361,0.078831730281832,0,0.0754129494262943,0.028255100459438,0
52.7,16,1.34281631294767,-1.9836351085922,-1,0.211156258393624,0.0791142812864264,0,0.0754129494262943,0.028255100459438,0
52.71,16,1.34493164617908,-1.98284255302431,-1,0.211910387887887,0.0793968322910207,0,0.0754129494262943,0.028255100459438,0
52.72,16,1.34705452070543,-1.98204717194638,-1,0.21266451738215,0.0796793832956151,0,0.0754129494262943,0.028255100459438,0
52.73,16,1.34918493652672,-1.9812489653584,-1,0.213418646876413,0.0799619343002095,0,0.0754129494262943,0.028255100459438,0
52.74,16,1.35132289364296,-1.98044793326037,-1,0.214172776370676,0.0802444853048039,0,0.0754129494262943,0.028255100459438,0
52.75,16,1.35346839205414,-1.9796440756523,-1,0.214926905864939,0.0805270363093983,0,0.0754129494262943,0.028255100459438,0
52.76,16,1.35562143176026,-1.97883739253419,-1,0.215681035359202,0.0808095873139926,0,0.0754129494262943,0.028255100459438,0
52.77,16,1.35778201276132,-1.97802788390602,-1,0.216435164853465,0.081092138318587,0,0.0754129494262943,0.028255100459438,0
52.78,16,1.35995013505733,-1.97721554976781,-1,0.217189294347728,0.0813746893231814,0,0.0754129494262943,0.028255100459438,0
52.79,16,1.36212579864827,-1.97640039011956,-1,0.217943423841991,0.0816572403277758,0,0.0754129494262943,0.028255100459438,0
52.8,16,1.36430900353417,-1.97558240496126,-1,0.218697553336254,0.0819397913323702,0,0.0754129494262943,0.028255100459438,0
52.81,16,1.366499749715,-1.97476159429291,-1,0.219451682830516,0.0822223423369645,0,0.0754129494262943,0.028255100459438,0
52.82,16,1.36869803719078,-1.97393795811452,-1,0.220205812324779,0.0825048933415589,0,0.0754129494262943,0.028255100459438,0
52.83,16,1.37090386596149,-1.97311149642608,-1,0.220959941819042,0.0827874443461533,0,0.0754129494262943,0.028255100459438,0
52.84,16,1.37311723602716,-1.9722822092276,-1,0.221714071313305,0.0830699953507477,0,0.0754129494262943,0.028255100459438,0
52.85,16,1.37533814738776,-1.97145009651907,-1,0.222468200807568,0.0833525463553421,0,0.0754129494262943,0.028255100459438,0
52.86,16,1.37756660004331,-1.97061515830049,-1,0.223222330301831,0.0836350973599364,0,0.0754129494262943,0.028255100459438,0
52.87,16,1.3798025939938,-1.96977739457187,-1,0.223976459796094,0.0839176483645308,0,0.0754129494262943,0.028255100459438,0
52.88,16,1.38204612923923,-1.9689368053332,-1,0.224730589290357,0.0842001993691252,0,0.0754129494262943,0.028255100459438,0
52.89,16,1.3842972057796,-1.96809339058448,-1,0.22548471878462,0.0844827503737196,0,0.0754129494262943,0.028255100459438,0
52.9,16,1.38655582361492,-1.96724715032572,-1,0.226238848278883,0.084765301378314,0,0.0754129494262943,0.028255100459438,0
52.91,16,1.38882198274518,-1.96639808455692,-1,0.226992977773146,0.0850478523829084,0,0.0754129494262943,0.028255100459438,0
52.92,16,1.39109568317039,-1.96554619327807,-1,0.227747107267409,0.0853304033875027,0,0.0754129494262943,0.028255100459438,0
52.93,16,1.39337692489053,-1.96469147648917,-1,0.228501236761672,0.0856129543920971,0,0.0754129494262943,0.028255100459438,0
52.94,16,1.39566570790562,-1.96383393419022,-1,0.229255366255935,0.0858955053966915,0,0.0754129494262943,0.028255100459438,0
52.95,16,1.39796203221565,-1.96297356638123,-1,0.230009495750198,0.0861780564012859,0,0.0754129494262943,0.028255100459438,0
52.96,16,1.40026589782062,-1.9621103730622,-1,0.230763625244461,0.0864606074058802,0,0.0754129494262943,0.028255100459438,0
52.97,16,1.40257730472054,-1.96124435423312,-1,0.231517754738724,0.0867431584104746,0,0.0754129494262943,0.028255100459438,0
52.98,16,1.4048962529154,-1.96037550989399,-1,0.232271884232987,0.087025709415069,0,0.0754129494262943,0.028255100459438,0
52.99,16,1.4072227424052,-1.95950384004482,-1,0.233026013727249,0.0873082604196634,0,0.0754129494262943,0.028255100459438,0
53,16,1.40955677318994,-1.9586293446856,-1,0.233780143221512,0.0875908114242578,0,0.0754129494262943,0.028255100459438,0
53.01,16,1.41189834526963,-1.95775202381633,-1,0.234534272715775,0.0878733624288521,0,0.0754129494262943,0.028255100459438,0
53.02,16,1.41424745864426,-1.95687187743702,-1,0.235288402210038,0.0881559134334465,0,0.0754129494262943,0.028255100459438,0
53.03,16,1.41660411331383,-1.95598890554766,-1,0.236042531704301,0.0884384644380409,0,0.0754129494262943,0.028255100459438,0
53.04,16,1.41896830927834,-1.95510310814826,-1,0.236796661198564,0.0887210154426353,0,0.0754129494262943,0.028255100459438,0
53.05,16,1.4213400465378,-1.95421448523881,-1,0.237550790692827,0.0890035664472296,0,0.0754129494262943,0.028255100459438,0
53.06,16,1.4237193250922,-1.95332303681931,-1,0.23830492018709,0.089286117451824,0,0.0754129494262943,0.028255100459438,0
53.07,16,1.42610614494154,-1.95242876288977,-1,0.239059049681353,0.0895686684564184,0,0.0754129494262943,0.028255100459438,0
53.08,16,1.42850050608583,-1.95153166345019,-1,0.239813179175616,0.0898512194610128,0,0.0754129494262943,0.028255100459438,0
53.09,16,1.43090240852505,-1.95063173850055,-1,0.240567308669879,0.0901337704656072,0,0.0754129494262943,0.028255100459438,0
53.1,16,1.43331185225922,-1.94972898804087,-1,0.241321438164142,0.0904163214702016,0,0.0754129494262943,0.028255100459438,0
53.11,16,1.43572883728834,-1.94882341207115,-1,0.242075567658405,0.0906988724747959,0,0.0754129494262943,0.028255100459438,0
53.12,16,1.43815336361239,-1.94791501059138,-1,0.242829697152668,0.0909814234793903,0,0.0754129494262943,0.028255100459438,0
53.13,16,1.44058543123139,-1.94700378360156,-1,0.243583826646931,0.0912639744839847,0,0.0754129494262943,0.028255100459438,0
53.14,16,1.44302504014533,-1.9460897311017,-1,0.244337956141194,0.0915465254885791,0,0.0754129494262943,0.028255100459438,0
53.15,16,1.44547219035421,-1.94517285309179,-1,0.245092085635457,0.0918290764931735,0,0.0754129494262943,0.028255100459438,0
53.16,16,1.44792688185804,-1.94425314957183,-1,0.24584621512972,0.0921116274977678,0,0.0754129494262943,0.028255100459438,0
53.17,16,1.45038911465681,-1.94333062054183,-1,0.246600344623982,0.0923941785023622,0,0.0754129494262943,0.028255100459438,0
53.18,16,1.45285888875052,-1.94240526600179,-1,0.247354474118245,0.0926767295069566,0,0.0754129494262943,0.028255100459438,0
53.19,16,1.45533620413917,-1.94147708595169,-1,0.248108603612508,0.092959280511551,0,0.0754129494262943,0.028255100459438,0
53.2,16,1.45782106082277,-1.94054608039156,-1,0.248862733106771,0.0932418315161454,0,0.0754129494262943,0.028255100459438,0
53.21,16,1.46031345880131,-1.93961224932137,-1,0.249616862601034,0.0935243825207397,0,0.0754129494262943,0.028255100459438,0
53.22,16,1.46281339807479,-1.93867559274114,-1,0.250370992095297,0.0938069335253341,0,0.0754129494262943,0.028255100459438,0
53.23,16,1.46532087864322,-1.93773611065086,-1,0.25112512158956,0.0940894845299285,0,0.0754129494262943,0.028255100459438,0
53.24,16,1.46783590050658,-1.93679380305054,-1,0.251879251083823,0.0943720355345229,0,0.0754129494262943,0.028255100459438,0
53.25,16,1.47035846366489,-1.93584866994017,-1,0.252633380578086,0.0946545865391172,0,0.0754129494262943,0.028255100459438,0
53.26,16,1.47288856811814,-1.93490071131976,-1,0.253387510072349,0.0949371375437116,0,0.0754129494262943,0.028255100459438,0
53.27,16,1.47542621386634,-1.9339499271893,-1,0.254141639566612,0.095219688548306,0,0.0754129494262943,0.028255100459438,0
53.28,16,1.47797140090948,-1.93299631754879,-1,0.254895769060875,0.0955022395529004,0,0.0754129494262943,0.028255100459438,0
53.29,16,1.48052412924756,-1.93203988239824,-1,0.255649898555138,0.0957847905574948,0,0.0754129494262943,0.028255100459438,0
53.3,16,1.48308439888058,-1.93108062173764,-1,0.256404028049401,0.0960673415620892,0,0.0754129494262943,0.028255100459438,0
53.31,16,1.48565220980854,-1.930118535567,-1,0.257158157543664,0.0963498925666835,0,0.0754129494262943,0.028255100459438,0
53.32,16,1.48822756203145,-1.92915362388631,-1,0.257912287037927,0.0966324435712779,0,0.0754129494262943,0.028255100459438,0
53.33,16,1.4908104555493,-1.92818588669557,-1,0.25866641653219,0.0969149945758723,0,0.0754129494262943,0.028255100459438,0
53.34,16,1.4934008903621,-1.92721532399479,-1,0.259420546026452,0.0971975455804667,0,0.0754129494262943,0.028255100459438,0
53.35,16,1.49599886646983,-1.92624193578397,-1,0.260174675520715,0.0974800965850611,0,0.0754129494262943,0.028255100459438,0
53.36,16,1.49860438387251,-1.92526572206309,-1,0.260928805014978,0.0977626475896554,0,0.0754129494262943,0.028255100459438,0
53.37,16,1.50121744257013,-1.92428668283217,-1,0.261682934509241,0.0980451985942498,0,0.0754129494262943,0.028255100459438,0
53.38,16,1.5038380425627,-1.92330481809121,-1,0.262437064003504,0.0983277495988442,0,0.0754129494262943,0.028255100459438,0
53.39,16,1.5064661838502,-1.9223201278402,-1,0.263191193497767,0.0986103006034386,0,0.0754129494262943,0.028255100459438,0
53.4,16,1.50910186643265,-1.92133261207914,-1,0.26394532299203,0.0988928516080329,0,0.0754129494262943,0.028255100459438,0
53.41,16,1.51174509031004,-1.92034227080803,-1,0.264699452486293,0.0991754026126273,0,0.0754129494262943,0.028255100459438,0
53.42,16,1.51439585548238,-1.91934910402689,-1,0.265453581980556,0.0994579536172217,0,0.0754129494262943,0.028255100459438,0
53.43,16,1.51705416194965,-1.91835311173569,-1,0.266207711474819,0.0997405046218161,0,0.0754129494262943,0.028255100459438,0
53.44,16,1.51972000971187,-1.91735429393445,-1,0.266961840969082,0.10002305562641,0,0.0754129494262943,0.028255100459438,0
53.45,16,1.52239339876904,-1.91635265062316,-1,0.267715970463345,0.100305606631005,0,0.0754129494262943,0.028255100459438,0
53.46,16,1.52507432912114,-1.91534818180183,-1,0.268470099957608,0.100588157635599,0,0.0754129494262943,0.028255100459438,0
53.47,16,1.52776280076819,-1.91434088747045,-1,0.269224229451871,0.100870708640194,0,0.0754129494262943,0.028255100459438,0
53.48,16,1.53045881371018,-1.91333076762903,-1,0.269978358946134,0.101153259644788,0,0.0754129494262943,0.028255100459438,0
53.49,16,1.53316236794711,-1.91231782227755,-1,0.270732488440397,0.101435810649382,0,0.0754129494262943,0.028255100459438,0
53.5,16,1.53587346347899,-1.91130205141604,-1,0.27148661793466,0.101718361653977,0,0.0754129494262943,0.028255100459438,0
53.51,16,1.5385921003058,-1.91028345504447,-1,0.272240747428923,0.102000912658571,0,0.0754129494262943,0.028255100459438,0
53.52,16,1.54131827842756,-1.90926203316287,-1,0.272994876923185,0.102283463663166,0,0.0754129494262943,0.028255100459438,0
53.53,16,1.54405199784427,-1.90823778577121,-1,0.273749006417448,0.10256601466776,0,0.0754129494262943,0.028255100459438,0
53.54,16,1.54679325855591,-1.90721071286951,-1,0.274503135911711,0.102848565672354,0,0.0754129494262943,0.028255100459438,0
53.55,16,1.5495420605625,-1.90618081445776,-1,0.275257265405974,0.103131116676949,0,0.0754129494262943,0.028255100459438,0
53.56,16,1.55229840386403,-1.90514809053597,-1,0.276011394900237,0.103413667681543,0,0.0754129494262943,0.028255100459438,0
53.57,16,1.55506228846051,-1.90411254110413,-1,0.2767655243945,0.103696218686137,0,0.0754129494262943,0.028255100459438,0
53.58,16,1.55783371435192,-1.90307416616225,-1,0.277519653888763,0.103978769690732,0,0.0754129494262943,0.028255100459438,0
53.59,16,1.56061268153828,-1.90203296571032,-1,0.278273783383026,0.104261320695326,0,0.0754129494262943,0.028255100459438,0
53.6,16,1.56339919001958,-1.90098893974834,-1,0.279027912877289,0.104543871699921,0,0.0754129494262943,0.028255100459438,0
53.61,16,1.56619323979583,-1.89994208827632,-1,0.279782042371552,0.104826422704515,0,0.0754129494262943,0.028255100459438,0
53.62,16,1.56899483086701,-1.89889241129425,-1,0.280536171865815,0.105108973709109,0,0.0754129494262943,0.028255100459438,0
53.63,16,1.57180396323314,-1.89783990880214,-1,0.281290301360078,0.105391524713704,0,0.0754129494262943,0.028255100459438,0
53.64,16,1.57462063689422,-1.89678458079998,-1,0.282044430854341,0.105674075718298,0,0.0754129494262943,0.028255100459438,0
53.65,16,1.57744485185023,-1.89572642728777,-1,0.282798560348604,0.105956626722892,0,0.0754129494262943,0.028255100459438,0
53.66,16,1.58027660810119,-1.89466544826552,-1,0.283552689842867,0.106239177727487,0,0.0754129494262943,0.028255100459438,0
53.67,16,1.58311590564709,-1.89360164373322,-1,0.28430681933713,0.106521728732081,0,0.0754129494262943,0.028255100459438,0
53.68,16,1.58596274448793,-1.89253501369088,-1,0.285060948831393,0.106804279736676,0,0.0754129494262943,0.028255100459438,0
53.69,16,1.58881712462372,-1.89146555813849,-1,0.285815078325656,0.10708683074127,0,0.0754129494262943,0.028255100459438,0
53.7,16,1.59167904605444,-1.89039327707605,-1,0.286569207819918,0.107369381745864,0,0.0754129494262943,0.028255100459438,0
53.71,16,1.59454850878011,-1.88931817050357,-1,0.287323337314181,0.107651932750459,0,0.0754129494262943,0.028255100459438,0
53.72,16,1.59742551280073,-1.88824023842104,-1,0.288077466808444,0.107934483755053,0,0.0754129494262943,0.028255100459438,0
53.73,16,1.60031005811628,-1.88715948082847,-1,0.288831596302707,0.108217034759647,0,0.0754129494262943,0.028255100459438,0
53.74,16,1.60320214472678,-1.88607589772585,-1,0.28958572579697,0.108499585764242,0,0.0754129494262943,0.028255100459438,0
53.75,16,1.60610177263222,-1.88498948911319,-1,0.290339855291233,0.108782136768836,0,0.0754129494262943,0.028255100459438,0
53.76,16,1.60900894183261,-1.88390025499047,-1,0.291093984785496,0.109064687773431,0,0.0754129494262943,0.028255100459438,0
53.77,16,1.61192365232793,-1.88280819535772,-1,0.291848114279759,0.109347238778025,0,0.0754129494262943,0.028255100459438,0
53.78,16,1.6148459041182,-1.88171331021491,-1,0.292602243774022,0.109629789782619,0,0.0754129494262943,0.028255100459438,0
53.79,16,1.61777569720341,-1.88061559956207,-1,0.293356373268285,0.109912340787214,0,0.0754129494262943,0.028255100459438,0
53.8,16,1.62071303158357,-1.87951506339917,-1,0.294110502762548,0.110194891791808,0,0.0754129494262943,0.028255100459438,0
53.81,16,1.62365790725866,-1.87841170172623,-1,0.294864632256811,0.110477442796403,0,0.0754129494262943,0.028255100459438,0
53.82,16,1.6266103242287,-1.87730551454324,-1,0.295618761751074,0.110759993800997,0,0.0754129494262943,0.028255100459438,0
53.83,16,1.62957028249368,-1.87619650185021,-1,0.296372891245337,0.111042544805591,0,0.0754129494262943,0.028255100459438,0
53.84,16,1.63253778205361,-1.87508466364713,-1,0.2971270207396,0.111325095810186,0,0.0754129494262943,0.028255100459438,0
53.85,16,1.63551282290848,-1.87396999993401,-1,0.297881150233863,0.11160764681478,0,0.0754129494262943,0.028255100459438,0
53.86,16,1.63849540505829,-1.87285251071083,-1,0.298635279728126,0.111890197819374,0,0.0754129494262943,0.028255100459438,0
53.87,16,1.64148552850304,-1.87173219597762,-1,0.299389409222388,0.112172748823969,0,0.0754129494262943,0.028255100459438,0
53.88,16,1.64448319324273,-1.87060905573435,-1,0.300143538716651,0.112455299828563,0,0.0754129494262943,0.028255100459438,0
53.89,16,1.64748839927737,-1.86948308998105,-1,0.300897668210914,0.112737850833158,0,0.0754129494262943,0.028255100459438,0
53.9,16,1.65050114660695,-1.86835429871769,-1,0.301651797705177,0.113020401837752,0,0.0754129494262943,0.028255100459438,0
53.91,16,1.65352143523148,-1.86722268194429,-1,0.30240592719944,0.113302952842346,0,0.0754129494262943,0.028255100459438,0
53.92,16,1.65654926515094,-1.86608823966084,-1,0.303160056693703,0.113585503846941,0,0.0754129494262943,0.028255100459438,0
53.93,16,1.65958463636535,-1.86495097186735,-1,0.303914186187966,0.113868054851535,0,0.0754129494262943,0.028255100459438,0
53.94,16,1.6626275488747,-1.86381087856381,-1,0.304668315682229,0.114150605856129,0,0.0754129494262943,0.028255100459438,0
53.95,16,1.66567800267899,-1.86266795975023,-1,0.305422445176492,0.114433156860724,0,0.0754129494262943,0.028255100459438,0
53.96,16,1.66873599777823,-1.8615222154266,-1,0.306176574670755,0.114715707865318,0,0.0754129494262943,0.028255100459438,0
53.97,16,1.67180153417241,-1.86037364559292,-1,0.306930704165018,0.114998258869913,0,0.0754129494262943,0.028255100459438,0
53.98,16,1.67487461186153,-1.8592222502492,-1,0.307684833659281,0.115280809874507,0,0.0754129494262943,0.028255100459438,0
53.99,16,1.67795523084559,-1.85806802939543,-1,0.308438963153544,0.115563360879101,0,0.0754129494262943,0.028255100459438,0
54,16,1.6810433911246,-1.85691098303162,-1,0.309193092647807,0.115845911883696,0,0.0754129494262943,0.028255100459438,0
54.01,16,1.68413909269855,-1.85575111115776,-1,0.30994722214207,0.11612846288829,0,0.0754129494262943,0.028255100459438,0
54.02,16,1.68724233556744,-1.85458841377385,-1,0.310701351636333,0.116411013892885,0,0.0754129494262943,0.028255100459438,0
54.03,16,1.69035311973128,-1.8534228908799,-1,0.311455481130596,0.116693564897479,0,0.0754129494262943,0.028255100459438,0
54.04,16,1.69347144519005,-1.8522545424759,-1,0.312209610624858,0.116976115902073,0,0.0754129494262943,0.028255100459438,0
54.05,16,1.69659731194377,-1.85108336856186,-1,0.312963740119121,0.117258666906668,0,0.0754129494262943,0.028255100459438,0
54.06,16,1.69973071999244,-1.84990936913777,-1,0.313717869613384,0.117541217911262,0,0.0754129494262943,0.028255100459438,0
54.07,16,1.70287166933604,-1.84873254420364,-1,0.314471999107647,0.117823768915856,0,0.0754129494262943,0.028255100459438,0
54.08,16,1.70602015997459,-1.84755289375945,-1,0.31522612860191,0.118106319920451,0,0.0754129494262943,0.028255100459438,0
54.09,16,1.70917619190808,-1.84637041780523,-1,0.315980258096173,0.118388870925045,0,0.0754129494262943,0.028255100459438,0
54.1,16,1.71233976513651,-1.84518511634095,-1,0.316734387590436,0.11867142192964,0,0.0754129494262943,0.028255100459438,0
54.11,16,1.71551087965989,-1.84399698936663,-1,0.317488517084699,0.118953972934234,0,0.0754129494262943,0.028255100459438,0
54.12,16,1.71868953547821,-1.84280603688227,-1,0.318242646578962,0.119236523938828,0,0.0754129494262943,0.028255100459438,0
54.13,16,1.72187573259147,-1.84161225888786,-1,0.318996776073225,0.119519074943423,0,0.0754129494262943,0.028255100459438,0
54.14,16,1.72506947099967,-1.8404156553834,-1,0.319750905567488,0.119801625948017,0,0.0754129494262943,0.028255100459438,0
54.15,16,1.72827075070282,-1.8392162263689,-1,0.320505035061751,0.120084176952611,0,0.0754129494262943,0.028255100459438,0
54.16,16,1.73147957170091,-1.83801397184435,-1,0.321259164556014,0.120366727957206,0,0.0754129494262943,0.028255100459438,0
54.17,16,1.73469593399394,-1.83680889180975,-1,0.322013294050277,0.1206492789618,0,0.0754129494262943,0.028255100459438,0
54.18,16,1.73791983758191,-1.83560098626511,-1,0.32276742354454,0.120931829966395,0,0.0754129494262943,0.028255100459438,0
54.19,16,1.74115128246483,-1.83439025521042,-1,0.323521553038803,0.121214380970989,0,0.0754129494262943,0.028255100459438,0
54.2,16,1.74439026864269,-1.83317669864569,-1,0.324275682533066,0.121496931975583,0,0.0754129494262943,0.028255100459438,0
54.21,16,1.74763679611549,-1.83196031657091,-1,0.325029812027329,0.121779482980178,0,0.0754129494262943,0.028255100459438,0
54.22,16,1.75089086488324,-1.83074110898609,-1,0.325783941521592,0.122062033984772,0,0.0754129494262943,0.028255100459438,0
54.23,16,1.75415247494592,-1.82951907589122,-1,0.326538071015854,0.122344584989366,0,0.0754129494262943,0.028255100459438,0
54.24,16,1.75742162630355,-1.8282942172863,-1,0.327292200510117,0.122627135993961,0,0.0754129494262943,0.028255100459438,0
54.25,16,1.76069831895613,-1.82706653317134,-1,0.32804633000438,0.122909686998555,0,0.0754129494262943,0.028255100459438,0
54.26,16,1.76398255290364,-1.82583602354633,-1,0.328800459498643,0.12319223800315,0,0.0754129494262943,0.028255100459438,0
54.27,16,1.7672743281461,-1.82460268841128,-1,0.329554588992906,0.123474789007744,0,0.0754129494262943,0.028255100459438,0
54.28,16,1.7705736446835,-1.82336652776617,-1,0.330308718487169,0.123757340012338,0,0.0754129494262943,0.028255100459438,0
54.29,16,1.77388050251584,-1.82212754161103,-1,0.331062847981432,0.124039891016933,0,0.0754129494262943,0.028255100459438,0
54.3,16,1.77719490164313,-1.82088572994584,-1,0.331816977475695,0.124322442021527,0,0.0754129494262943,0.028255100459438,0
54.31,16,1.78051684206536,-1.8196410927706,-1,0.332571106969958,0.124604993026122,0,0.0754129494262943,0.028255100459438,0
54.32,16,1.78384632378253,-1.81839363008531,-1,0.333325236464221,0.124887544030716,0,0.0754129494262943,0.028255100459438,0
54.33,16,1.78718334679464,-1.81714334188998,-1,0.334079365958484,0.12517009503531,0,0.0754129494262943,0.028255100459438,0
54.34,16,1.7905279111017,-1.81589022818461,-1,0.334833495452747,0.125452646039905,0,0.0754129494262943,0.028255100459438,0
54.35,16,1.79388001670369,-1.81463428896919,-1,0.33558762494701,0.125735197044499,0,0.0754129494262943,0.028255100459438,0
54.36,16,1.79723966360064,-1.81337552424372,-1,0.336341754441273,0.126017748049093,0,0.0754129494262943,0.028255100459438,0
54.37,16,1.80060685179252,-1.8121139340082,-1,0.337095883935536,0.126300299053688,0,0.0754129494262943,0.028255100459438,0
54.38,16,1.80398158127935,-1.81084951826264,-1,0.337850013429799,0.126582850058282,0,0.0754129494262943,0.028255100459438,0
54.39,16,1.80736385206112,-1.80958227700704,-1,0.338604142924062,0.126865401062877,0,0.0754129494262943,0.028255100459438,0
54.4,16,1.81075366413783,-1.80831221024139,-1,0.339358272418324,0.127147952067471,0,0.0754129494262943,0.028255100459438,0
54.41,16,1.81415101750948,-1.80703931796569,-1,0.340112401912587,0.127430503072065,0,0.0754129494262943,0.028255100459438,0
54.42,16,1.81755591217608,-1.80576360017994,-1,0.34086653140685,0.12771305407666,0,0.0754129494262943,0.028255100459438,0
54.43,16,1.82096834813762,-1.80448505688416,-1,0.341620660901113,0.127995605081254,0,0.0754129494262943,0.028255100459438,0
54.44,16,1.8243883253941,-1.80320368807832,-1,0.342374790395376,0.128278156085848,0,0.0754129494262943,0.028255100459438,0
54.45,16,1.82781584394553,-1.80191949376244,-1,0.343128919889639,0.128560707090443,0,0.0754129494262943,0.028255100459438,0
54.46,16,1.83125090379189,-1.80063247393651,-1,0.343883049383902,0.128843258095037,0,0.0754129494262943,0.028255100459438,0
54.47,16,1.83469350493321,-1.79934262860054,-1,0.344637178878165,0.129125809099632,0,0.0754129494262943,0.028255100459438,0
54.48,16,1.83814364736946,-1.79804995775452,-1,0.345391308372428,0.129408360104226,0,0.0754129494262943,0.028255100459438,0
54.49,16,1.84160133110065,-1.79675446139845,-1,0.346145437866691,0.12969091110882,0,0.0754129494262943,0.028255100459438,0
54.5,16,1.84506655612679,-1.79545613953234,-1,0.346899567360954,0.129973462113415,0,0.0754129494262943,0.028255100459438,0
54.51,16,1.84853932244787,-1.79415499215618,-1,0.347653696855217,0.130256013118009,0,0.0754129494262943,0.028255100459438,0
54.52,16,1.8520196300639,-1.79285101926998,-1,0.34840782634948,0.130538564122604,0,0.0754129494262943,0.028255100459438,0
54.53,16,1.85550713116065,-1.79154435118988,-1,0.348838044156257,0.130699754573878,0,-0.0754129494262943,-0.028255100459438,-0
54.54,16,1.85899174095474,-1.79023876639917,-1,0.348083914661994,0.130417203569283,0,-0.0754129494262943,-0.028255100459438,-0
54.55,16,1.86246880945389,-1.7889360071185,-1,0.347329785167731,0.130134652564689,0,-0.0754129494262943,-0.028255100459438,-0
54.56,16,1.8659383366581,-1.78763607334788,-1,0.346575655673468,0.129852101560094,0,-0.0754129494262943,-0.028255100459438,-0
54.57,16,1.86940032256736,-1.7863389650873,-1,0.345821526179205,0.1295695505555,0,-0.0754129494262943,-0.028255100459438,-0
54.58,16,1.87285476718168,-1.78504468233677,-1,0.345067396684943,0.129286999550906,0,-0.0754129494262943,-0.028255100459438,-0
54.59,16,1.87630167050106,-1.78375322509628,-1,0.34431326719068,0.129004448546311,0,-0.0754129494262943,-0.028255100459438,-0
54.6,16,1.8797410325255,-1.78246459336584,-1,0.343559137696417,0.128721897541717,0,-0.0754129494262943,-0.028255100459438,-0
54.61,16,1.88317285325499,-1.78117878714544,-1,0.342805008202154,0.128439346537123,0,-0.0754129494262943,-0.028255100459438,-0
54.62,16,1.88659713268954,-1.7798958064351,-1,0.342050878707891,0.128156795532528,0,-0.0754129494262943,-0.028255100459438,-0
54.63,16,1.89001387082915,-1.77861565123479,-1,0.341296749213628,0.127874244527934,0,-0.0754129494262943,-0.028255100459438,-0
54.64,16,1.89342306767381,-1.77733832154454,-1,0.340542619719365,0.127591693523339,0,-0.0754129494262943,-0.028255100459438,-0
54.65,16,1.89682472322354,-1.77606381736433,-1,0.339788490225102,0.127309142518745,0,-0.0754129494262943,-0.028255100459438,-0
54.66,16,1.90021883747832,-1.77479213869416,-1,0.339034360730839,0.127026591514151,0,-0.0754129494262943,-0.028255100459438,-0
54.67,16,1.90360541043815,-1.77352328553404,-1,0.338280231236576,0.126744040509556,0,-0.0754129494262943,-0.028255100459438,-0
54.68,16,1.90698444210305,-1.77225725788397,-1,0.337526101742313,0.126461489504962,0,-0.0754129494262943,-0.028255100459438,-0
54.69,16,1.910355932473,-1.77099405574395,-1,0.33677197224805,0.126178938500368,0,-0.0754129494262943,-0.028255100459438,-0
54.7,16,1.91371988154801,-1.76973367911396,-1,0.336017842753787,0.125896387495773,0,-0.0754129494262943,-0.028255100459438,-0
54.71,16,1.91707628932807,-1.76847612799403,-1,0.335263713259524,0.125613836491179,0,-0.0754129494262943,-0.028255100459438,-0
54.72,16,1.9204251558132,-1.76722140238414,-1,0.334509583765261,0.125331285486584,0,-0.0754129494262943,-0.028255100459438,-0
54.73,16,1.92376648100338,-1.7659695022843,-1,0.333755454270998,0.12504873448199,0,-0.0754129494262943,-0.028255100459438,-0
54.74,16,1.92710026489862,-1.7647204276945,-1,0.333001324776735,0.124766183477396,0,-0.0754129494262943,-0.028255100459438,-0
54.75,16,1.93042650749891,-1.76347417861475,-1,0.332247195282472,0.124483632472801,0,-0.0754129494262943,-0.028255100459438,-0
54.76,16,1.93374520880427,-1.76223075504505,-1,0.331493065788209,0.124201081468207,0,-0.0754129494262943,-0.028255100459438,-0
54.77,16,1.93705636881468,-1.76099015698539,-1,0.330738936293947,0.123918530463612,0,-0.0754129494262943,-0.028255100459438,-0
54.78,16,1.94035998753015,-1.75975238443577,-1,0.329984806799684,0.123635979459018,0,-0.0754129494262943,-0.028255100459438,-0
54.79,16,1.94365606495067,-1.75851743739621,-1,0.329230677305421,0.123353428454424,0,-0.0754129494262943,-0.028255100459438,-0
54.8,16,1.94694460107625,-1.75728531586668,-1,0.328476547811158,0.123070877449829,0,-0.0754129494262943,-0.028255100459438,-0
54.81,16,1.9502255959069,-1.75605601984721,-1,0.327722418316895,0.122788326445235,0,-0.0754129494262943,-0.028255100459438,-0
54.82,16,1.95349904944259,-1.75482954933778,-1,0.326968288822632,0.122505775440641,0,-0.0754129494262943,-0.028255100459438,-0
54.83,16,1.95676496168335,-1.7536059043384,-1,0.326214159328369,0.122223224436046,0,-0.0754129494262943,-0.028255100459438,-0
54.84,16,1.96002333262916,-1.75238508484906,-1,0.325460029834106,0.121940673431452,0,-0.0754129494262943,-0.028255100459438,-0
54.85,16,1.96327416228003,-1.75116709086977,-1,0.324705900339843,0.121658122426857,0,-0.0754129494262943,-0.028255100459438,-0
54.86,16,1.96651745063596,-1.74995192240052,-1,0.32395177084558,0.121375571422263,0,-0.0754129494262943,-0.028255100459438,-0
54.87,16,1.96975319769694,-1.74873957944132,-1,0.323197641351317,0.121093020417669,0,-0.0754129494262943,-0.028255100459438,-0
54.88,16,1.97298140346298,-1.74753006199217,-1,0.322443511857054,0.120810469413074,0,-0.0754129494262943,-0.028255100459438,-0
54.89,16,1.97620206793408,-1.74632337005306,-1,0.321689382362791,0.12052791840848,0,-0.0754129494262943,-0.028255100459438,-0
54.9,16,1.97941519111024,-1.745119503624,-1,0.320935252868528,0.120245367403886,0,-0.0754129494262943,-0.028255100459438,-0
54.91,16,1.98262077299145,-1.74391846270498,-1,0.320181123374265,0.119962816399291,0,-0.0754129494262943,-0.028255100459438,-0
54.92,16,1.98581881357772,-1.74272024729601,-1,0.319426993880002,0.119680265394697,0,-0.0754129494262943,-0.028255100459438,-0
54.93,16,1.98900931286905,-1.74152485739709,-1,0.318672864385739,0.119397714390102,0,-0.0754129494262943,-0.028255100459438,-0
54.94,16,1.99219227086544,-1.74033229300821,-1,0.317918734891477,0.119115163385508,0,-0.0754129494262943,-0.028255100459438,-0
54.95,16,1.99536768756688,-1.73914255412938,-1,0.317164605397214,0.118832612380914,0,-0.0754129494262943,-0.028255100459438,-0
54.96,16,1.99853556297338,-1.73795564076059,-1,0.316410475902951,0.118550061376319,0,-0.0754129494262943,-0.028255100459438,-0
54.97,16,2.00169589708494,-1.73677155290185,-1,0.315656346408688,0.118267510371725,0,-0.0754129494262943,-0.028255100459438,-0
54.98,16,2.00484868990156,-1.73559029055316,-1,0.314902216914425,0.11798495936713,0,-0.0754129494262943,-0.028255100459438,-0
54.99,16,2.00799394142323,-1.73441185371451,-1,0.314148087420162,0.117702408362536,0,-0.0754129494262943,-0.028255100459438,-0
55,16,2.01113165164996,-1.73323624238591,-1,0.313393957925899,0.117419857357942,0,-0.0754129494262943,-0.028255100459438,-0
55.01,16,2.01426182058175,-1.73206345656735,-1,0.312639828431636,0.117137306353347,0,-0.0754129494262943,-0.028255100459438,-0
55.02,16,2.01738444821859,-1.73089349625884,-1,0.311885698937373,0.116854755348753,0,-0.0754129494262943,-0.028255100459438,-0
55.03,16,2.0204995345605,-1.72972636146038,-1,0.31113156944311,0.116572204344159,0,-0.0754129494262943,-0.028255100459438,-0
55.04,16,2.02360707960746,-1.72856205217196,-1,0.310377439948847,0.116289653339564,0,-0.0754129494262943,-0.028255100459438,-0
55.05,16,2.02670708335947,-1.72740056839358,-1,0.309623310454584,0.11600710233497,0,-0.0754129494262943,-0.028255100459438,-0
55.06,16,2.02979954581655,-1.72624191012526,-1,0.308869180960321,0.115724551330375,0,-0.0754129494262943,-0.028255100459438,-0
55.07,16,2.03288446697868,-1.72508607736698,-1,0.308115051466058,0.115442000325781,0,-0.0754129494262943,-0.028255100459438,-0
55.08,16,2.03596184684587,-1.72393307011874,-1,0.307360921971795,0.115159449321187,0,-0.0754129494262943,-0.028255100459438,-0
55.09,16,2.03903168541811,-1.72278288838055,-1,0.306606792477532,0.114876898316592,0,-0.0754129494262943,-0.028255100459438,-0
55.1,16,2.04209398269542,-1.72163553215241,-1,0.305852662983269,0.114594347311998,0,-0.0754129494262943,-0.028255100459438,-0
55.11,16,2.04514873867778,-1.72049100143431,-1,0.305098533489007,0.114311796307404,0,-0.0754129494262943,-0.028255100459438,-0
55.12,16,2.0481959533652,-1.71934929622626,-1,0.304344403994744,0.114029245302809,0,-0.0754129494262943,-0.028255100459438,-0
55.13,16,2.05123562675768,-1.71821041652826,-1,0.303590274500481,0.113746694298215,0,-0.0754129494262943,-0.028255100459438,-0
55.14,16,2.05426775885521,-1.7170743623403,-1,0.302836145006218,0.11346414329362,0,-0.0754129494262943,-0.028255100459438,-0
55.15,16,2.0572923496578,-1.71594113366238,-1,0.302082015511955,0.113181592289026,0,-0.0754129494262943,-0.028255100459438,-0
55.16,16,2.06030939916545,-1.71481073049452,-1,0.301327886017692,0.112899041284432,0,-0.0754129494262943,-0.028255100459438,-0
55.17,16,2.06331890737815,-1.7136831528367,-1,0.300573756523429,0.112616490279837,0,-0.0754129494262943,-0.028255100459438,-0
55.18,16,2.06632087429592,-1.71255840068892,-1,0.299819627029166,0.112333939275243,0,-0.0754129494262943,-0.028255100459438,-0
55.19,16,2.06931529991874,-1.71143647405119,-1,0.299065497534903,0.112051388270649,0,-0.0754129494262943,-0.028255100459438,-0
55.2,16,2.07230218424661,-1.71031737292351,-1,0.29831136804064,0.111768837266054,0,-0.0754129494262943,-0.028255100459438,-0
55.21,16,2.07528152727955,-1.70920109730587,-1,0.297557238546377,0.11148628626146,0,-0.0754129494262943,-0.028255100459438,-0
55.22,16,2.07825332901754,-1.70808764719828,-1,0.296803109052114,0.111203735256865,0,-0.0754129494262943,-0.028255100459438,-0
55.23,16,2.08121758946059,-1.70697702260073,-1,0.296048979557851,0.110921184252271,0,-0.0754129494262943,-0.028255100459438,-0
55.24,16,2.0841743086087,-1.70586922351323,-1,0.295294850063588,0.110638633247677,0,-0.0754129494262943,-0.028255100459438,-0
55.25,16,2.08712348646186,-1.70476424993578,-1,0.294540720569325,0.110356082243082,0,-0.0754129494262943,-0.028255100459438,-0
55.26,16,2.09006512302009,-1.70366210186837,-1,0.293786591075062,0.110073531238488,0,-0.0754129494262943,-0.028255100459438,-0
55.27,16,2.09299921828336,-1.70256277931101,-1,0.293032461580799,0.109790980233893,0,-0.0754129494262943,-0.028255100459438,-0
55.28,16,2.0959257722517,-1.70146628226369,-1,0.292278332086536,0.109508429229299,0,-0.0754129494262943,-0.028255100459438,-0
55.29,16,2.0988447849251,-1.70037261072642,-1,0.291524202592273,0.109225878224705,0,-0.0754129494262943,-0.028255100459438,-0
55.3,16,2.10175625630355,-1.6992817646992,-1,0.290770073098011,0.10894332722011,0,-0.0754129494262943,-0.028255100459438,-0
55.31,16,2.10466018638706,-1.69819374418202,-1,0.290015943603748,0.108660776215516,0,-0.0754129494262943,-0.028255100459438,-0
55.32,16,2.10755657517562,-1.69710854917489,-1,0.289261814109485,0.108378225210922,0,-0.0754129494262943,-0.028255100459438,-0
55.33,16,2.11044542266925,-1.6960261796778,-1,0.288507684615222,0.108095674206327,0,-0.0754129494262943,-0.028255100459438,-0
55.34,16,2.11332672886793,-1.69494663569076,-1,0.287753555120959,0.107813123201733,0,-0.0754129494262943,-0.028255100459438,-0
55.35,16,2.11620049377166,-1.69386991721377,-1,0.286999425626696,0.107530572197138,0,-0.0754129494262943,-0.028255100459438,-0
55.36,16,2.11906671738046,-1.69279602424682,-1,0.286245296132433,0.107248021192544,0,-0.0754129494262943,-0.028255100459438,-0
55.37,16,2.12192539969431,-1.69172495678992,-1,0.28549116663817,0.10696547018795,0,-0.0754129494262943,-0.028255100459438,-0
55.38,16,2.12477654071322,-1.69065671484306,-1,0.284737037143907,0.106682919183355,0,-0.0754129494262943,-0.028255100459438,-0
55.39,16,2.12762014043719,-1.68959129840625,-1,0.283982907649644,0.106400368178761,0,-0.0754129494262943,-0.028255100459438,-0
55.4,16,2.13045619886622,-1.68852870747949,-1,0.283228778155381,0.106117817174167,0,-0.0754129494262943,-0.028255100459438,-0
55.41,16,2.1332847160003,-1.68746894206277,-1,0.282474648661118,0.105835266169572,0,-0.0754129494262943,-0.028255100459438,-0
55.42,16,2.13610569183944,-1.68641200215609,-1,0.281720519166855,0.105552715164978,0,-0.0754129494262943,-0.028255100459438,-0
55.43,16,2.13891912638364,-1.68535788775947,-1,0.280966389672592,0.105270164160383,0,-0.0754129494262943,-0.028255100459438,-0
55.44,16,2.14172501963289,-1.68430659887289,-1,0.280212260178329,0.104987613155789,0,-0.0754129494262943,-0.028255100459438,-0
55.45,16,2.1445233715872,-1.68325813549635,-1,0.279458130684066,0.104705062151195,0,-0.0754129494262943,-0.028255100459438,-0
55.46,16,2.14731418224657,-1.68221249762986,-1,0.278704001189803,0.1044225111466,0,-0.0754129494262943,-0.028255100459438,-0
55.47,16,2.150097451611,-1.68116968527342,-1,0.277949871695541,0.104139960142006,0,-0.0754129494262943,-0.028255100459438,-0
55.48,16,2.15287317968048,-1.68012969842702,-1,0.277195742201278,0.103857409137411,0,-0.0754129494262943,-0.028255100459438,-0
55.49,16,2.15564136645502,-1.67909253709067,-1,0.276441612707015,0.103574858132817,0,-0.0754129494262943,-0.028255100459438,-0
55.5,16,2.15840201193462,-1.67805820126437,-1,0.275687483212752,0.103292307128223,0,-0.0754129494262943,-0.028255100459438,-0
55.51,16,2.16115511611928,-1.67702669094811,-1,0.274933353718489,0.103009756123628,0,-0.0754129494262943,-0.028255100459438,-0
55.52,16,2.16390067900899,-1.67599800614189,-1,0.274179224224226,0.102727205119034,0,-0.0754129494262943,-0.028255100459438,-0
55.53,16,2.16663870060376,-1.67497214684573,-1,0.273425094729963,0.10244465411444,0,-0.0754129494262943,-0.028255100459438,-0
55.54,16,2.16936918090359,-1.6739491130596,-1,0.2726709652357,0.102162103109845,0,-0.0754129494262943,-0.028255100459438,-0
55.55,16,2.17209211990848,-1.67292890478353,-1,0.271916835741437,0.101879552105251,0,-0.0754129494262943,-0.028255100459438,-0
55.56,16,2.17480751761842,-1.6719115220175,-1,0.271162706247174,0.101597001100656,0,-0.0754129494262943,-0.028255100459438,-0
55.57,16,2.17751537403342,-1.67089696476152,-1,0.270408576752911,0.101314450096062,0,-0.0754129494262943,-0.028255100459438,-0
55.58,16,2.18021568915348,-1.66988523301558,-1,0.269654447258648,0.101031899091468,0,-0.0754129494262943,-0.028255100459438,-0
55.59,16,2.18290846297859,-1.66887632677969,-1,0.268900317764385,0.100749348086873,0,-0.0754129494262943,-0.028255100459438,-0
55.6,16,2.18559369550877,-1.66787024605384,-1,0.268146188270122,0.100466797082279,0,-0.0754129494262943,-0.028255100459438,-0
55.61,16,2.188271386744,-1.66686699083804,-1,0.267392058775859,0.100184246077685,0,-0.0754129494262943,-0.028255100459438,-0
55.62,16,2.19094153668428,-1.66586656113229,-1,0.266637929281596,0.0999016950730902,0,-0.0754129494262943,-0.028255100459438,-0
55.63,16,2.19360414532963,-1.66486895693658,-1,0.265883799787333,0.0996191440684958,0,-0.0754129494262943,-0.028255100459438,-0
55.64,16,2.19625921268003,-1.66387417825092,-1,0.26512967029307,0.0993365930639014,0,-0.0754129494262943,-0.028255100459438,-0
55.65,16,2.19890673873549,-1.6628822250753,-1,0.264375540798808,0.099054042059307,0,-0.0754129494262943,-0.028255100459438,-0
55.66,16,2.20154672349601,-1.66189309740973,-1,0.263621411304545,0.0987714910547127,0,-0.0754129494262943,-0.028255100459438,-0
55.67,16,2.20417916696158,-1.66090679525421,-1,0.262867281810282,0.0984889400501183,0,-0.0754129494262943,-0.028255100459438,-0
55.68,16,2.20680406913221,-1.65992331860873,-1,0.262113152316019,0.0982063890455239,0,-0.0754129494262943,-0.028255100459438,-0
55.69,16,2.2094214300079,-1.6589426674733,-1,0.261359022821756,0.0979238380409295,0,-0.0754129494262943,-0.028255100459438,-0
55.7,16,2.21203124958865,-1.65796484184791,-1,0.260604893327493,0.0976412870363352,0,-0.0754129494262943,-0.028255100459438,-0
55.71,16,2.21463352787445,-1.65698984173257,-1,0.25985076383323,0.0973587360317408,0,-0.0754129494262943,-0.028255100459438,-0
55.72,16,2.21722826486531,-1.65601766712728,-1,0.259096634338967,0.0970761850271464,0,-0.0754129494262943,-0.028255100459438,-0
55.73,16,2.21981546056123,-1.65504831803203,-1,0.258342504844704,0.096793634022552,0,-0.0754129494262943,-0.028255100459438,-0
55.74,16,2.22239511496221,-1.65408179444682,-1,0.257588375350441,0.0965110830179576,0,-0.0754129494262943,-0.028255100459438,-0
55.75,16,2.22496722806824,-1.65311809637167,-1,0.256834245856178,0.0962285320133633,0,-0.0754129494262943,-0.028255100459438,-0
55.76,16,2.22753179987933,-1.65215722380656,-1,0.256080116361915,0.0959459810087689,0,-0.0754129494262943,-0.028255100459438,-0
55.77,16,2.23008883039548,-1.65119917675149,-1,0.255325986867652,0.0956634300041745,0,-0.0754129494262943,-0.028255100459438,-0
55.78,16,2.23263831961668,-1.65024395520647,-1,0.254571857373389,0.0953808789995801,0,-0.0754129494262943,-0.028255100459438,-0
55.79,16,2.23518026754295,-1.6492915591715,-1,0.253817727879126,0.0950983279949857,0,-0.0754129494262943,-0.028255100459438,-0
55.8,16,2.23771467417427,-1.64834198864657,-1,0.253063598384863,0.0948157769903913,0,-0.0754129494262943,-0.028255100459438,-0
55.81,16,2.24024153951064,-1.64739524363169,-1,0.2523094688906,0.094533225985797,0,-0.0754129494262943,-0.028255100459438,-0
55.82,16,2.24276086355208,-1.64645132412686,-1,0.251555339396338,0.0942506749812026,0,-0.0754129494262943,-0.028255100459438,-0
55.83,16,2.24527264629857,-1.64551023013207,-1,0.250801209902075,0.0939681239766082,0,-0.0754129494262943,-0.028255100459438,-0
55.84,16,2.24777688775012,-1.64457196164733,-1,0.250047080407812,0.0936855729720138,0,-0.0754129494262943,-0.028255100459438,-0
55.85,16,2.25027358790673,-1.64363651867263,-1,0.249292950913549,0.0934030219674195,0,-0.0754129494262943,-0.028255100459438,-0
55.86,16,2.25276274676839,-1.64270390120798,-1,0.248538821419286,0.0931204709628251,0,-0.0754129494262943,-0.028255100459438,-0
55.87,16,2.25524436433511,-1.64177410925337,-1,0.247784691925023,0.0928379199582307,0,-0.0754129494262943,-0.028255100459438,-0
55.88,16,2.25771844060689,-1.64084714280881,-1,0.24703056243076,0.0925553689536363,0,-0.0754129494262943,-0.028255100459438,-0
55.89,16,2.26018497558373,-1.6399230018743,-1,0.246276432936497,0.0922728179490419,0,-0.0754129494262943,-0.028255100459438,-0
55.9,16,2.26264396926562,-1.63900168644983,-1,0.245522303442234,0.0919902669444475,0,-0.0754129494262943,-0.028255100459438,-0
55.91,16,2.26509542165257,-1.63808319653541,-1,0.244768173947971,0.0917077159398532,0,-0.0754129494262943,-0.028255100459438,-0
55.92,16,2.26753933274458,-1.63716753213104,-1,0.244014044453708,0.0914251649352588,0,-0.0754129494262943,-0.028255100459438,-0
55.93,16,2.26997570254165,-1.63625469323671,-1,0.243259914959445,0.0911426139306644,0,-0.0754129494262943,-0.028255100459438,-0
55.94,16,2.27240453104377,-1.63534467985242,-1,0.242505785465182,0.09086006292607,0,-0.0754129494262943,-0.028255100459438,-0
55.95,16,2.27482581825095,-1.63443749197818,-1,0.241751655970919,0.0905775119214757,0,-0.0754129494262943,-0.028255100459438,-0
55.96,16,2.27723956416319,-1.63353312961399,-1,0.240997526476656,0.0902949609168813,0,-0.0754129494262943,-0.028255100459438,-0
55.97,16,2.27964576878048,-1.63263159275985,-1,0.240243396982393,0.0900124099122869,0,-0.0754129494262943,-0.028255100459438,-0
55.98,16,2.28204443210283,-1.63173288141575,-1,0.23948926748813,0.0897298589076925,0,-0.0754129494262943,-0.028255100459438,-0
55.99,16,2.28443555413025,-1.63083699558169,-1,0.238735137993868,0.0894473079030981,0,-0.0754129494262943,-0.028255100459438,-0
56,16,2.28681913486271,-1.62994393525768,-1,0.237981008499605,0.0891647568985038,0,-0.0754129494262943,-0.028255100459438,-0
56.01,16,2.28919517430024,-1.62905370044372,-1,0.237226879005342,0.0888822058939094,0,-0.0754129494262943,-0.028255100459438,-0
56.02,16,2.29156367244282,-1.62816629113981,-1,0.236472749511079,0.088599654889315,0,-0.0754129494262943,-0.028255100459438,-0
56.03,16,2.29392462929046,-1.62728170734594,-1,0.235718620016816,0.0883171038847206,0,-0.0754129494262943,-0.028255100459438,-0
56.04,16,2.29627804484316,-1.62639994906211,-1,0.234964490522553,0.0880345528801262,0,-0.0754129494262943,-0.028255100459438,-0
56.05,16,2.29862391910091,-1.62552101628833,-1,0.23421036102829,0.0877520018755318,0,-0.0754129494262943,-0.028255100459438,-0
56.06,16,2.30096225206372,-1.6246449090246,-1,0.233456231534027,0.0874694508709375,0,-0.0754129494262943,-0.028255100459438,-0
56.07,16,2.30329304373159,-1.62377162727092,-1,0.232702102039764,0.0871868998663431,0,-0.0754129494262943,-0.028255100459438,-0
56.08,16,2.30561629410452,-1.62290117102727,-1,0.231947972545501,0.0869043488617487,0,-0.0754129494262943,-0.028255100459438,-0
56.09,16,2.3079320031825,-1.62203354029368,-1,0.231193843051238,0.0866217978571543,0,-0.0754129494262943,-0.028255100459438,-0
56.1,16,2.31024017096554,-1.62116873507013,-1,0.230439713556975,0.08633924685256,0,-0.0754129494262943,-0.028255100459438,-0
56.11,16,2.31254079745364,-1.62030675535663,-1,0.229685584062712,0.0860566958479656,0,-0.0754129494262943,-0.028255100459438,-0
56.12,16,2.3148338826468,-1.61944760115317,-1,0.228931454568449,0.0857741448433712,0,-0.0754129494262943,-0.028255100459438,-0
56.13,16,2.31711942654501,-1.61859127245976,-1,0.228177325074186,0.0854915938387768,0,-0.0754129494262943,-0.028255100459438,-0
56.14,16,2.31939742914828,-1.6177377692764,-1,0.227423195579923,0.0852090428341824,0,-0.0754129494262943,-0.028255100459438,-0
56.15,16,2.32166789045661,-1.61688709160308,-1,0.22666906608566,0.0849264918295881,0,-0.0754129494262943,-0.028255100459438,-0
56.16,16,2.32393081046999,-1.6160392394398,-1,0.225914936591397,0.0846439408249937,0,-0.0754129494262943,-0.028255100459438,-0
56.17,16,2.32618618918844,-1.61519421278658,-1,0.225160807097135,0.0843613898203993,0,-0.0754129494262943,-0.028255100459438,-0
56.18,16,2.32843402661193,-1.6143520116434,-1,0.224406677602872,0.0840788388158049,0,-0.0754129494262943,-0.028255100459438,-0
56.19,16,2.33067432274049,-1.61351263601026,-1,0.223652548108609,0.0837962878112105,0,-0.0754129494262943,-0.028255100459438,-0
56.2,16,2.33290707757411,-1.61267608588717,-1,0.222898418614346,0.0835137368066162,0,-0.0754129494262943,-0.028255100459438,-0
56.21,16,2.33513229111278,-1.61184236127413,-1,0.222144289120083,0.0832311858020218,0,-0.0754129494262943,-0.028255100459438,-0
56.22,16,2.33734996335651,-1.61101146217113,-1,0.22139015962582,0.0829486347974274,0,-0.0754129494262943,-0.028255100459438,-0
56.23,16,2.3395600943053,-1.61018338857818,-1,0.220636030131557,0.082666083792833,0,-0.0754129494262943,-0.028255100459438,-0
56.24,16,2.34176268395914,-1.60935814049528,-1,0.219881900637294,0.0823835327882386,0,-0.0754129494262943,-0.028255100459438,-0
56.25,16,2.34395773231804,-1.60853571792242,-1,0.219127771143031,0.0821009817836443,0,-0.0754129494262943,-0.028255100459438,-0
56.26,16,2.346145239382,-1.6077161208596,-1,0.218373641648768,0.0818184307790499,0,-0.0754129494262943,-0.028255100459438,-0
56.27,16,2.34832520515102,-1.60689934930684,-1,0.217619512154505,0.0815358797744555,0,-0.0754129494262943,-0.028255100459438,-0
56.28,16,2.35049762962509,-1.60608540326411,-1,0.216865382660242,0.0812533287698611,0,-0.0754129494262943,-0.028255100459438,-0
56.29,16,2.35266251280422,-1.60527428273144,-1,0.216111253165979,0.0809707777652667,0,-0.0754129494262943,-0.028255100459438,-0
56.3,16,2.35481985468841,-1.60446598770881,-1,0.215357123671716,0.0806882267606723,0,-0.0754129494262943,-0.028255100459438,-0
56.31,16,2.35696965527766,-1.60366051819622,-1,0.214602994177453,0.080405675756078,0,-0.0754129494262943,-0.028255100459438,-0
56.32,16,2.35911191457196,-1.60285787419369,-1,0.21384886468319,0.0801231247514836,0,-0.0754129494262943,-0.028255100459438,-0
56.33,16,2.36124663257132,-1.60205805570119,-1,0.213094735188927,0.0798405737468892,0,-0.0754129494262943,-0.028255100459438,-0
56.34,16,2.36337380927574,-1.60126106271875,-1,0.212340605694665,0.0795580227422948,0,-0.0754129494262943,-0.028255100459438,-0
56.35,16,2.36549344468521,-1.60046689524635,-1,0.211586476200402,0.0792754717377005,0,-0.0754129494262943,-0.028255100459438,-0
56.36,16,2.36760553879975,-1.59967555328399,-1,0.210832346706139,0.0789929207331061,0,-0.0754129494262943,-0.028255100459438,-0
56.37,16,2.36971009161934,-1.59888703683169,-1,0.210078217211876,0.0787103697285117,0,-0.0754129494262943,-0.028255100459438,-0
56.38,16,2.37180710314398,-1.59810134588942,-1,0.209324087717613,0.0784278187239173,0,-0.0754129494262943,-0.028255100459438,-0
56.39,16,2.37389657337369,-1.59731848045721,-1,0.20856995822335,0.0781452677193229,0,-0.0754129494262943,-0.028255100459438,-0
56.4,16,2.37597850230845,-1.59653844053504,-1,0.207815828729087,0.0778627167147286,0,-0.0754129494262943,-0.028255100459438,-0
56.41,16,2.37805288994827,-1.59576122612291,-1,0.207061699234824,0.0775801657101342,0,-0.0754129494262943,-0.028255100459438,-0
56.42,16,2.38011973629315,-1.59498683722084,-1,0.206307569740561,0.0772976147055398,0,-0.0754129494262943,-0.028255100459438,-0
56.43,16,2.38217904134308,-1.5942152738288,-1,0.205553440246298,0.0770150637009454,0,-0.0754129494262943,-0.028255100459438,-0
56.44,16,2.38423080509807,-1.59344653594682,-1,0.204799310752035,0.076732512696351,0,-0.0754129494262943,-0.028255100459438,-0
56.45,16,2.38627502755812,-1.59268062357488,-1,0.204045181257772,0.0764499616917567,0,-0.0754129494262943,-0.028255100459438,-0
56.46,16,2.38831170872323,-1.59191753671298,-1,0.203291051763509,0.0761674106871623,0,-0.0754129494262943,-0.028255100459438,-0
56.47,16,2.39034084859339,-1.59115727536113,-1,0.202536922269246,0.0758848596825679,0,-0.0754129494262943,-0.028255100459438,-0
56.48,16,2.39236244716861,-1.59039983951933,-1,0.201782792774983,0.0756023086779735,0,-0.0754129494262943,-0.028255100459438,-0
56.49,16,2.39437650444889,-1.58964522918757,-1,0.20102866328072,0.0753197576733791,0,-0.0754129494262943,-0.028255100459438,-0
56.5,16,2.39638302043423,-1.58889344436586,-1,0.200274533786457,0.0750372066687848,0,-0.0754129494262943,-0.028255100459438,-0
56.51,16,2.39838199512462,-1.5881444850542,-1,0.199520404292194,0.0747546556641904,0,-0.0754129494262943,-0.028255100459438,-0
56.52,16,2.40037342852007,-1.58739835125258,-1,0.198766274797931,0.074472104659596,0,-0.0754129494262943,-0.028255100459438,-0
56.53,16,2.40235732062058,-1.58665504296101,-1,0.198012145303669,0.0741895536550016,0,-0.0754129494262943,-0.028255100459438,-0
56.54,16,2.40433367142615,-1.58591456017948,-1,0.197258015809406,0.0739070026504072,0,-0.0754129494262943,-0.028255100459438,-0
56.55,16,2.40630248093677,-1.585176902908,-1,0.196503886315143,0.0736244516458128,0,-0.0754129494262943,-0.028255100459438,-0
56.56,16,2.40826374915245,-1.58444207114656,-1,0.19574975682088,0.0733419006412185,0,-0.0754129494262943,-0.028255100459438,-0
56.57,16,2.41021747607319,-1.58371006489517,-1,0.194995627326617,0.0730593496366241,0,-0.0754129494262943,-0.028255100459438,-0
56.58,16,2.41216366169898,-1.58298088415383,-1,0.194241497832354,0.0727767986320297,0,-0.0754129494262943,-0.028255100459438,-0
56.59,16,2.41410230602983,-1.58225452892253,-1,0.193487368338091,0.0724942476274354,0,-0.0754129494262943,-0.028255100459438,-0
56.6,16,2.41603340906574,-1.58153099920128,-1,0.192733238843828,0.072211696622841,0,-0.0754129494262943,-0.028255100459438,-0
56.61,16,2.41795697080671,-1.58081029499008,-1,0.191979109349565,0.0719291456182466,0,-0.0754129494262943,-0.028255100459438,-0
56.62,16,2.41987299125273,-1.58009241628892,-1,0.191224979855302,0.0716465946136522,0,-0.0754129494262943,-0.028255100459438,-0
56.63,16,2.42178147040382,-1.5793773630978,-1,0.190470850361039,0.0713640436090578,0,-0.0754129494262943,-0.028255100459438,-0
56.64,16,2.42368240825995,-1.57866513541674,-1,0.189716720866776,0.0710814926044634,0,-0.0754129494262943,-0.028255100459438,-0
56.65,16,2.42557580482115,-1.57795573324571,-1,0.188962591372513,0.0707989415998691,0,-0.0754129494262943,-0.028255100459438,-0
56.66,16,2.4274616600874,-1.57724915658474,-1,0.18820846187825,0.0705163905952747,0,-0.0754129494262943,-0.028255100459438,-0
56.67,16,2.42933997405872,-1.57654540543381,-1,0.187454332383987,0.0702338395906803,0,-0.0754129494262943,-0.028255100459438,-0
56.68,16,2.43121074673508,-1.57584447979292,-1,0.186700202889724,0.0699512885860859,0,-0.0754129494262943,-0.028255100459438,-0
56.69,16,2.43307397811651,-1.57514637966209,-1,0.185946073395461,0.0696687375814915,0,-0.0754129494262943,-0.028255100459438,-0
56.7,16,2.43492966820299,-1.57445110504129,-1,0.185191943901199,0.0693861865768972,0,-0.0754129494262943,-0.028255100459438,-0
56.71,16,2.43677781699453,-1.57375865593055,-1,0.184437814406936,0.0691036355723028,0,-0.0754129494262943,-0.028255100459438,-0
56.72,16,2.43861842449113,-1.57306903232985,-1,0.183683684912673,0.0688210845677084,0,-0.0754129494262943,-0.028255100459438,-0
56.73,16,2.44045149069279,-1.57238223423919,-1,0.18292955541841,0.068538533563114,0,-0.0754129494262943,-0.028255100459438,-0
56.74,16,2.4422770155995,-1.57169826165859,-1,0.182175425924147,0.0682559825585196,0,-0.0754129494262943,-0.028255100459438,-0
56.75,16,2.44409499921127,-1.57101711458802,-1,0.181421296429884,0.0679734315539253,0,-0.0754129494262943,-0.028255100459438,-0
56.76,16,2.4459054415281,-1.57033879302751,-1,0.180667166935621,0.0676908805493309,0,-0.0754129494262943,-0.028255100459438,-0
56.77,16,2.44770834254998,-1.56966329697704,-1,0.179913037441358,0.0674083295447365,0,-0.0754129494262943,-0.028255100459438,-0
56.78,16,2.44950370227693,-1.56899062643661,-1,0.179158907947095,0.0671257785401421,0,-0.0754129494262943,-0.028255100459438,-0
56.79,16,2.45129152070892,-1.56832078140623,-1,0.178404778452832,0.0668432275355477,0,-0.0754129494262943,-0.028255100459438,-0
56.8,16,2.45307179784598,-1.5676537618859,-1,0.177650648958569,0.0665606765309533,0,-0.0754129494262943,-0.028255100459438,-0
56.81,16,2.4548445336881,-1.56698956787562,-1,0.176896519464306,0.066278125526359,0,-0.0754129494262943,-0.028255100459438,-0
56.82,16,2.45660972823527,-1.56632819937537,-1,0.176142389970043,0.0659955745217646,0,-0.0754129494262943,-0.028255100459438,-0
56.83,16,2.4583673814875,-1.56566965638518,-1,0.17538826047578,0.0657130235171702,0,-0.0754129494262943,-0.028255100459438,-0
56.84,16,2.46011749344478,-1.56501393890503,-1,0.174634130981517,0.0654304725125759,0,-0.0754129494262943,-0.028255100459438,-0
56.85,16,2.46186006410713,-1.56436104693493,-1,0.173880001487254,0.0651479215079815,0,-0.0754129494262943,-0.028255100459438,-0
56.86,16,2.46359509347453,-1.56371098047487,-1,0.173125871992991,0.0648653705033871,0,-0.0754129494262943,-0.028255100459438,-0
56.87,16,2.46532258154699,-1.56306373952486,-1,0.172371742498728,0.0645828194987927,0,-0.0754129494262943,-0.028255100459438,-0
56.88,16,2.4670425283245,-1.5624193240849,-1,0.171617613004466,0.0643002684941983,0,-0.0754129494262943,-0.028255100459438,-0
56.89,16,2.46875493380708,-1.56177773415498,-1,0.170863483510203,0.0640177174896039,0,-0.0754129494262943,-0.028255100459438,-0
56.9,16,2.47045979799471,-1.5611389697351,-1,0.17010935401594,0.0637351664850096,0,-0.0754129494262943,-0.028255100459438,-0
56.91,16,2.4721571208874,-1.56050303082528,-1,0.169355224521677,0.0634526154804152,0,-0.0754129494262943,-0.028255100459438,-0
56.92,16,2.47384690248514,-1.5598699174255,-1,0.168601095027414,0.0631700644758208,0,-0.0754129494262943,-0.028255100459438,-0
56.93,16,2.47552914278794,-1.55923962953576,-1,0.167846965533151,0.0628875134712264,0,-0.0754129494262943,-0.028255100459438,-0
56.94,16,2.4772038417958,-1.55861216715607,-1,0.167092836038888,0.062604962466632,0,-0.0754129494262943,-0.028255100459438,-0
56.95,16,2.47887099950872,-1.55798753028643,-1,0.166338706544625,0.0623224114620377,0,-0.0754129494262943,-0.028255100459438,-0
56.96,16,2.4805306159267,-1.55736571892683,-1,0.165584577050362,0.0620398604574433,0,-0.0754129494262943,-0.028255100459438,-0
56.97,16,2.48218269104973,-1.55674673307728,-1,0.164830447556099,0.0617573094528489,0,-0.0754129494262943,-0.028255100459438,-0
56.98,16,2.48382722487782,-1.55613057273777,-1,0.164076318061836,0.0614747584482545,0,-0.0754129494262943,-0.028255100459438,-0
56.99,16,2.48546421741097,-1.55551723790831,-1,0.163322188567573,0.0611922074436601,0,-0.0754129494262943,-0.028255100459438,-0
57,16,2.48709366864917,-1.5549067285889,-1,0.16256805907331,0.0609096564390658,0,-0.0754129494262943,-0.028255100459438,-0
57.01,16,2.48871557859243,-1.55429904477953,-1,0.161813929579047,0.0606271054344714,0,-0.0754129494262943,-0.028255100459438,-0
57.02,16,2.49032994724075,-1.55369418648021,-1,0.161059800084784,0.060344554429877,0,-0.0754129494262943,-0.028255100459438,-0
57.03,16,2.49193677459413,-1.55309215369093,-1,0.160305670590521,0.0600620034252826,0,-0.0754129494262943,-0.028255100459438,-0
57.04,16,2.49353606065256,-1.5524929464117,-1,0.159551541096258,0.0597794524206882,0,-0.0754129494262943,-0.028255100459438,-0
57.05,16,2.49512780541605,-1.55189656464252,-1,0.158797411601995,0.0594969014160939,0,-0.0754129494262943,-0.028255100459438,-0
57.06,16,2.4967120088846,-1.55130300838338,-1,0.158043282107733,0.0592143504114995,0,-0.0754129494262943,-0.028255100459438,-0
57.07,16,2.49828867105821,-1.55071227763429,-1,0.15728915261347,0.0589317994069051,0,-0.0754129494262943,-0.028255100459438,-0
57.08,16,2.49985779193687,-1.55012437239524,-1,0.156535023119207,0.0586492484023107,0,-0.0754129494262943,-0.028255100459438,-0
57.09,16,2.50141937152059,-1.54953929266624,-1,0.155780893624944,0.0583666973977164,0,-0.0754129494262943,-0.028255100459438,-0
57.1,16,2.50297340980937,-1.54895703844729,-1,0.155026764130681,0.058084146393122,0,-0.0754129494262943,-0.028255100459438,-0
57.11,16,2.5045199068032,-1.54837760973838,-1,0.154272634636418,0.0578015953885276,0,-0.0754129494262943,-0.028255100459438,-0
57.12,16,2.5060588625021,-1.54780100653952,-1,0.153518505142155,0.0575190443839332,0,-0.0754129494262943,-0.028255100459438,-0
57.13,16,2.50759027690605,-1.5472272288507,-1,0.152764375647892,0.0572364933793388,0,-0.0754129494262943,-0.028255100459438,-0
57.14,16,2.50911415001506,-1.54665627667193,-1,0.152010246153629,0.0569539423747444,0,-0.0754129494262943,-0.028255100459438,-0
57.15,16,2.51063048182912,-1.54608815000321,-1,0.151256116659366,0.0566713913701501,0,-0.0754129494262943,-0.028255100459438,-0
57.16,16,2.51213927234824,-1.54552284884453,-1,0.150501987165103,0.0563888403655557,0,-0.0754129494262943,-0.028255100459438,-0
57.17,16,2.51364052157242,-1.5449603731959,-1,0.14974785767084,0.0561062893609613,0,-0.0754129494262943,-0.028255100459438,-0
57.18,16,2.51513422950166,-1.54440072305731,-1,0.148993728176577,0.0558237383563669,0,-0.0754129494262943,-0.028255100459438,-0
57.19,16,2.51662039613595,-1.54384389842877,-1,0.148239598682314,0.0555411873517725,0,-0.0754129494262943,-0.028255100459438,-0
57.2,16,2.51809902147531,-1.54328989931028,-1,0.147485469188051,0.0552586363471782,0,-0.0754129494262943,-0.028255100459438,-0
57.21,16,2.51957010551972,-1.54273872570183,-1,0.146731339693788,0.0549760853425838,0,-0.0754129494262943,-0.028255100459438,-0
57.22,16,2.52103364826918,-1.54219037760342,-1,0.145977210199525,0.0546935343379894,0,-0.0754129494262943,-0.028255100459438,-0
57.23,16,2.52248964972371,-1.54164485501507,-1,0.145223080705263,0.054410983333395,0,-0.0754129494262943,-0.028255100459438,-0
57.24,16,2.52393810988329,-1.54110215793676,-1,0.144468951211,0.0541284323288007,0,-0.0754129494262943,-0.028255100459438,-0
57.25,16,2.52537902874793,-1.54056228636849,-1,0.143714821716737,0.0538458813242063,0,-0.0754129494262943,-0.028255100459438,-0
57.26,16,2.52681240631762,-1.54002524031027,-1,0.142960692222474,0.0535633303196119,0,-0.0754129494262943,-0.028255100459438,-0
57.27,16,2.52823824259238,-1.5394910197621,-1,0.142206562728211,0.0532807793150175,0,-0.0754129494262943,-0.028255100459438,-0
57.28,16,2.52965653757219,-1.53895962472397,-1,0.141452433233948,0.0529982283104231,0,-0.0754129494262943,-0.028255100459438,-0
57.29,16,2.53106729125705,-1.53843105519589,-1,0.140698303739685,0.0527156773058288,0,-0.0754129494262943,-0.028255100459438,-0
57.3,16,2.53247050364698,-1.53790531117785,-1,0.139944174245422,0.0524331263012344,0,-0.0754129494262943,-0.028255100459438,-0
57.31,16,2.53386617474196,-1.53738239266987,-1,0.139190044751159,0.05215057529664,0,-0.0754129494262943,-0.028255100459438,-0
57.32,16,2.535254304542,-1.53686229967192,-1,0.138435915256896,0.0518680242920456,0,-0.0754129494262943,-0.028255100459438,-0
57.33,16,2.5366348930471,-1.53634503218402,-1,0.137681785762633,0.0515854732874512,0,-0.0754129494262943,-0.028255100459438,-0
57.34,16,2.53800794025726,-1.53583059020617,-1,0.13692765626837,0.0513029222828569,0,-0.0754129494262943,-0.028255100459438,-0
57.35,16,2.53937344617247,-1.53531897373837,-1,0.136173526774107,0.0510203712782625,0,-0.0754129494262943,-0.028255100459438,-0
57.36,16,2.54073141079274,-1.53481018278061,-1,0.135419397279844,0.0507378202736681,0,-0.0754129494262943,-0.028255100459438,-0
57.37,16,2.54208183411806,-1.53430421733289,-1,0.134665267785581,0.0504552692690737,0,-0.0754129494262943,-0.028255100459438,-0
57.38,16,2.54342471614845,-1.53380107739523,-1,0.133911138291318,0.0501727182644793,0,-0.0754129494262943,-0.028255100459438,-0
57.39,16,2.54476005688389,-1.5333007629676,-1,0.133157008797055,0.0498901672598849,0,-0.0754129494262943,-0.028255100459438,-0
57.4,16,2.54608785632439,-1.53280327405003,-1,0.132402879302792,0.0496076162552906,0,-0.0754129494262943,-0.028255100459438,-0
57.41,16,2.54740811446995,-1.5323086106425,-1,0.13164874980853,0.0493250652506962,0,-0.0754129494262943,-0.028255100459438,-0
57.42,16,2.54872083132056,-1.53181677274501,-1,0.130894620314267,0.0490425142461018,0,-0.0754129494262943,-0.028255100459438,-0
57.43,16,2.55002600687623,-1.53132776035758,-1,0.130140490820004,0.0487599632415074,0,-0.0754129494262943,-0.028255100459438,-0
57.44,16,2.55132364113696,-1.53084157348018,-1,0.129386361325741,0.048477412236913,0,-0.0754129494262943,-0.028255100459438,-0
57.45,16,2.55261373410275,-1.53035821211284,-1,0.128632231831478,0.0481948612323187,0,-0.0754129494262943,-0.028255100459438,-0
57.46,16,2.55389628577359,-1.52987767625554,-1,0.127878102337215,0.0479123102277243,0,-0.0754129494262943,-0.028255100459438,-0
57.47,16,2.55517129614949,-1.52939996590828,-1,0.127123972842952,0.0476297592231299,0,-0.0754129494262943,-0.028255100459438,-0
57.48,16,2.55643876523045,-1.52892508107108,-1,0.126369843348689,0.0473472082185355,0,-0.0754129494262943,-0.028255100459438,-0
57.49,16,2.55769869301646,-1.52845302174391,-1,0.125615713854426,0.0470646572139412,0,-0.0754129494262943,-0.028255100459438,-0
57.5,16,2.55895107950754,-1.5279837879268,-1,0.124861584360163,0.0467821062093468,0,-0.0754129494262943,-0.028255100459438,-0
57.51,16,2.56019592470367,-1.52751737961973,-1,0.1241074548659,0.0464995552047524,0,-0.0754129494262943,-0.028255100459438,-0
57.52,16,2.56143322860486,-1.5270537968227,-1,0.123353325371637,0.046217004200158,0,-0.0754129494262943,-0.028255100459438,-0
57.53,16,2.5626629912111,-1.52659303953572,-1,0.122599195877374,0.0459344531955636,0,-0.0754129494262943,-0.028255100459438,-0
57.54,16,2.5638852125224,-1.52613510775879,-1,0.121845066383111,0.0456519021909693,0,-0.0754129494262943,-0.028255100459438,-0
57.55,16,2.56509989253876,-1.5256800014919,-1,0.121090936888848,0.0453693511863749,0,-0.0754129494262943,-0.028255100459438,-0
57.56,16,2.56630703126018,-1.52522772073506,-1,0.120336807394585,0.0450868001817805,0,-0.0754129494262943,-0.028255100459438,-0
57.57,16,2.56750662868666,-1.52477826548827,-1,0.119582677900322,0.0448042491771861,0,-0.0754129494262943,-0.028255100459438,-0
57.58,16,2.56869868481819,-1.52433163575152,-1,0.11882854840606,0.0445216981725917,0,-0.0754129494262943,-0.028255100459438,-0
57.59,16,2.56988319965478,-1.52388783152482,-1,0.118074418911797,0.0442391471679974,0,-0.0754129494262943,-0.028255100459438,-0
57.6,16,2.57106017319642,-1.52344685280816,-1,0.117320289417534,0.043956596163403,0,-0.0754129494262943,-0.028255100459438,-0
57.61,16,2.57222960544313,-1.52300869960155,-1,0.116566159923271,0.0436740451588086,0,-0.0754129494262943,-0.028255100459438,-0
57.62,16,2.57339149639489,-1.52257337190498,-1,0.115812030429008,0.0433914941542142,0,-0.0754129494262943,-0.028255100459438,-0
57.63,16,2.57454584605171,-1.52214086971846,-1,0.115057900934745,0.0431089431496198,0,-0.0754129494262943,-0.028255100459438,-0
57.64,16,2.57569265441358,-1.52171119304199,-1,0.114303771440482,0.0428263921450254,0,-0.0754129494262943,-0.028255100459438,-0
57.65,16,2.57683192148052,-1.52128434187556,-1,0.113549641946219,0.0425438411404311,0,-0.0754129494262943,-0.028255100459438,-0
57.66,16,2.57796364725251,-1.52086031621918,-1,0.112795512451956,0.0422612901358367,0,-0.0754129494262943,-0.028255100459438,-0
57.67,16,2.57908783172956,-1.52043911607285,-1,0.112041382957693,0.0419787391312423,0,-0.0754129494262943,-0.028255100459438,-0
57.68,16,2.58020447491166,-1.52002074143656,-1,0.11128725346343,0.0416961881266479,0,-0.0754129494262943,-0.028255100459438,-0
57.69,16,2.58131357679882,-1.51960519231031,-1,0.110533123969167,0.0414136371220536,0,-0.0754129494262943,-0.028255100459438,-0
57.7,16,2.58241513739104,-1.51919246869412,-1,0.109778994474904,0.0411310861174592,0,-0.0754129494262943,-0.028255100459438,-0
57.71,16,2.58350915668832,-1.51878257058796,-1,0.109024864980641,0.0408485351128648,0,-0.0754129494262943,-0.028255100459438,-0
57.72,16,2.58459563469066,-1.51837549799186,-1,0.108270735486378,0.0405659841082704,0,-0.0754129494262943,-0.028255100459438,-0
57.73,16,2.58567457139805,-1.5179712509058,-1,0.107516605992115,0.040283433103676,0,-0.0754129494262943,-0.028255100459438,-0
57.74,16,2.5867459668105,-1.51756982932979,-1,0.106762476497852,0.0400008820990817,0,-0.0754129494262943,-0.028255100459438,-0
57.75,16,2.58780982092801,-1.51717123326382,-1,0.106008347003589,0.0397183310944873,0,-0.0754129494262943,-0.028255100459438,-0
57.76,16,2.58886613375057,-1.5167754627079,-1,0.105254217509327,0.0394357800898929,0,-0.0754129494262943,-0.028255100459438,-0
57.77,16,2.58991490527819,-1.51638251766202,-1,0.104500088015064,0.0391532290852985,0,-0.0754129494262943,-0.028255100459438,-0
57.78,16,2.59095613551087,-1.51599239812619,-1,0.103745958520801,0.0388706780807041,0,-0.0754129494262943,-0.028255100459438,-0
57.79,16,2.59198982444861,-1.51560510410041,-1,0.102991829026538,0.0385881270761098,0,-0.0754129494262943,-0.028255100459438,-0
57.8,16,2.5930159720914,-1.51522063558467,-1,0.102237699532275,0.0383055760715154,0,-0.0754129494262943,-0.028255100459438,-0
57.81,16,2.59403457843925,-1.51483899257898,-1,0.101483570038012,0.038023025066921,0,-0.0754129494262943,-0.028255100459438,-0
57.82,16,2.59504564349216,-1.51446017508333,-1,0.100729440543749,0.0377404740623266,0,-0.0754129494262943,-0.028255100459438,-0
57.83,16,2.59604916725013,-1.51408418309773,-1,0.0999753110494859,0.0374579230577322,0,-0.0754129494262943,-0.028255100459438,-0
57.84,16,2.59704514971315,-1.51371101662217,-1,0.099221181555223,0.0371753720531379,0,-0.0754129494262943,-0.028255100459438,-0
57.85,16,2.59803359088123,-1.51334067565667,-1,0.09846705206096,0.0368928210485435,0,-0.0754129494262943,-0.028255100459438,-0
57.86,16,2.59901449075437,-1.5129731602012,-1,0.0977129225666971,0.0366102700439491,0,-0.0754129494262943,-0.028255100459438,-0
57.87,16,2.59998784933257,-1.51260847025579,-1,0.0969587930724342,0.0363277190393547,0,-0.0754129494262943,-0.028255100459438,-0
57.88,16,2.60095366661582,-1.51224660582042,-1,0.0962046635781712,0.0360451680347603,0,-0.0754129494262943,-0.028255100459438,-0
57.89,16,2.60191194260413,-1.51188756689509,-1,0.0954505340839082,0.0357626170301659,0,-0.0754129494262943,-0.028255100459438,-0
57.9,16,2.6028626772975,-1.51153135347981,-1,0.0946964045896453,0.0354800660255716,0,-0.0754129494262943,-0.028255100459438,-0
57.91,16,2.60380587069592,-1.51117796557458,-1,0.0939422750953824,0.0351975150209772,0,-0.0754129494262943,-0.028255100459438,-0
57.92,16,2.60474152279941,-1.51082740317939,-1,0.0931881456011195,0.0349149640163828,0,-0.0754129494262943,-0.028255100459438,-0
57.93,16,2.60566963360795,-1.51047966629425,-1,0.0924340161068565,0.0346324130117885,0,-0.0754129494262943,-0.028255100459438,-0
57.94,16,2.60659020312154,-1.51013475491916,-1,0.0916798866125936,0.0343498620071941,0,-0.0754129494262943,-0.028255100459438,-0
57.95,16,2.6075032313402,-1.50979266905411,-1,0.0909257571183305,0.0340673110025997,0,-0.0754129494262943,-0.028255100459438,-0
57.96,16,2.60840871826391,-1.50945340869911,-1,0.0901716276240676,0.0337847599980053,0,-0.0754129494262943,-0.028255100459438,-0
57.97,16,2.60930666389268,-1.50911697385415,-1,0.0894174981298047,0.0335022089934109,0,-0.0754129494262943,-0.028255100459438,-0
57.98,16,2.61019706822651,-1.50878336451924,-1,0.0886633686355418,0.0332196579888165,0,-0.0754129494262943,-0.028255100459438,-0
57.99,16,2.61107993126539,-1.50845258069437,-1,0.0879092391412788,0.0329371069842222,0,-0.0754129494262943,-0.028255100459438,-0
58,16,2.61195525300933,-1.50812462237955,-1,0.0871551096470159,0.0326545559796278,0,-0.0754129494262943,-0.028255100459438,-0
58.01,16,2.61282303345833,-1.50779948957478,-1,0.086400980152753,0.0323720049750334,0,-0.0754129494262943,-0.028255100459438,-0
58.02,16,2.61368327261239,-1.50747718228005,-1,0.0856468506584901,0.032089453970439,0,-0.0754129494262943,-0.028255100459438,-0
58.03,16,2.6145359704715,-1.50715770049537,-1,0.0848927211642271,0.0318069029658447,0,-0.0754129494262943,-0.028255100459438,-0
58.04,16,2.61538112703567,-1.50684104422074,-1,0.0841385916699641,0.0315243519612502,0,-0.0754129494262943,-0.028255100459438,-0
58.05,16,2.6162187423049,-1.50652721345615,-1,0.0833844621757011,0.0312418009566559,0,-0.0754129494262943,-0.028255100459438,-0
58.06,16,2.61704881627919,-1.5062162082016,-1,0.0826303326814382,0.0309592499520615,0,-0.0754129494262943,-0.028255100459438,-0
58.07,16,2.61787134895853,-1.5059080284571,-1,0.0818762031871753,0.0306766989474671,0,-0.0754129494262943,-0.028255100459438,-0
58.08,16,2.61868634034293,-1.50560267422265,-1,0.0811220736929124,0.0303941479428727,0,-0.0754129494262943,-0.028255100459438,-0
58.09,16,2.61949379043239,-1.50530014549825,-1,0.0803679441986494,0.0301115969382784,0,-0.0754129494262943,-0.028255100459438,-0
58.1,16,2.6202936992269,-1.50500044228389,-1,0.0796138147043865,0.029829045933684,0,-0.0754129494262943,-0.028255100459438,-0
58.11,16,2.62108606672648,-1.50470356457957,-1,0.0788596852101234,0.0295464949290896,0,-0.0754129494262943,-0.028255100459438,-0
58.12,16,2.62187089293111,-1.50440951238531,-1,0.0781055557158605,0.0292639439244952,0,-0.0754129494262943,-0.028255100459438,-0
58.13,16,2.62264817784079,-1.50411828570108,-1,0.0773514262215976,0.0289813929199008,0,-0.0754129494262943,-0.028255100459438,-0
58.14,16,2.62341792145554,-1.50382988452691,-1,0.0765972967273347,0.0286988419153065,0,-0.0754129494262943,-0.028255100459438,-0
58.15,16,2.62418012377534,-1.50354430886278,-1,0.0758431672330717,0.0284162909107121,0,-0.0754129494262943,-0.028255100459438,-0
58.16,16,2.6249347848002,-1.50326155870869,-1,0.0750890377388088,0.0281337399061177,0,-0.0754129494262943,-0.028255100459438,-0
58.17,16,2.62568190453012,-1.50298163406466,-1,0.0743349082445459,0.0278511889015233,0,-0.0754129494262943,-0.028255100459438,-0
58.18,16,2.62642148296509,-1.50270453493066,-1,0.073580778750283,0.027568637896929,0,-0.0754129494262943,-0.028255100459438,-0
58.19,16,2.62715352010512,-1.50243026130672,-1,0.07282664925602,0.0272860868923346,0,-0.0754129494262943,-0.028255100459438,-0
58.2,16,2.62787801595021,-1.50215881319282,-1,0.072072519761757,0.0270035358877402,0,-0.0754129494262943,-0.028255100459438,-0
58.21,16,2.62859497050036,-1.50189019058896,-1,0.071318390267494,0.0267209848831458,0,-0.0754129494262943,-0.028255100459438,-0
58.22,16,2.62930438375556,-1.50162439349515,-1,0.0705642607732311,0.0264384338785514,0,-0.0754129494262943,-0.028255100459438,-0
58.23,16,2.63000625571582,-1.50136142191139,-1,0.0698101312789682,0.026155882873957,0,-0.0754129494262943,-0.028255100459438,-0
58.24,16,2.63070058638114,-1.50110127583767,-1,0.0690560017847053,0.0258733318693627,0,-0.0754129494262943,-0.028255100459438,-0
58.25,16,2.63138737575151,-1.500843955274,-1,0.0683018722904423,0.0255907808647683,0,-0.0754129494262943,-0.028255100459438,-0
58.26,16,2.63206662382695,-1.50058946022038,-1,0.0675477427961794,0.0253082298601739,0,-0.0754129494262943,-0.028255100459438,-0
58.27,16,2.63273833060744,-1.5003377906768,-1,0.0667936133019165,0.0250256788555795,0,-0.0754129494262943,-0.028255100459438,-0
58.28,16,2.63340249609299,-1.50008894664327,-1,0.0660394838076534,0.0247431278509851,0,-0.0754129494262943,-0.028255100459438,-0
58.29,16,2.63405912028359,-1.49984292811978,-1,0.0652853543133905,0.0244605768463907,0,-0.0754129494262943,-0.028255100459438,-0
58.3,16,2.63470820317925,-1.49959973510634,-1,0.0645312248191276,0.0241780258417964,0,-0.0754129494262943,-0.028255100459438,-0
58.31,16,2.63534974477997,-1.49935936760294,-1,0.0637770953248646,0.023895474837202,0,-0.0754129494262943,-0.028255100459438,-0
58.32,16,2.63598374508575,-1.4991218256096,-1,0.0630229658306017,0.0236129238326076,0,-0.0754129494262943,-0.028255100459438,-0
58.33,16,2.63661020409659,-1.49888710912629,-1,0.0622688363363388,0.0233303728280133,0,-0.0754129494262943,-0.028255100459438,-0
58.34,16,2.63722912181248,-1.49865521815304,-1,0.0615147068420759,0.0230478218234189,0,-0.0754129494262943,-0.028255100459438,-0
58.35,16,2.63784049823343,-1.49842615268982,-1,0.0607605773478129,0.0227652708188245,0,-0.0754129494262943,-0.028255100459438,-0
58.36,16,2.63844433335943,-1.49819991273666,-1,0.0600064478535499,0.0224827198142301,0,-0.0754129494262943,-0.028255100459438,-0
58.37,16,2.6390406271905,-1.49797649829354,-1,0.0592523183592869,0.0222001688096357,0,-0.0754129494262943,-0.028255100459438,-0
58.38,16,2.63962937972662,-1.49775590936047,-1,0.058498188865024,0.0219176178050413,0,-0.0754129494262943,-0.028255100459438,-0
58.39,16,2.6402105909678,-1.49753814593744,-1,0.0577440593707611,0.021635066800447,0,-0.0754129494262943,-0.028255100459438,-0
58.4,16,2.64078426091404,-1.49732320802446,-1,0.0569899298764982,0.0213525157958526,0,-0.0754129494262943,-0.028255100459438,-0
58.41,16,2.64135038956533,-1.49711109562152,-1,0.0562358003822352,0.0210699647912582,0,-0.0754129494262943,-0.028255100459438,-0
58.42,16,2.64190897692168,-1.49690180872863,-1,0.0554816708879723,0.0207874137866638,0,-0.0754129494262943,-0.028255100459438,-0
58.43,16,2.64246002298309,-1.49669534734579,-1,0.0547275413937094,0.0205048627820695,0,-0.0754129494262943,-0.028255100459438,-0
58.44,16,2.64300352774955,-1.49649171147299,-1,0.0539734118994464,0.0202223117774751,0,-0.0754129494262943,-0.028255100459438,-0
58.45,16,2.64353949122108,-1.49629090111024,-1,0.0532192824051834,0.0199397607728807,0,-0.0754129494262943,-0.028255100459438,-0
58.46,16,2.64406791339766,-1.49609291625753,-1,0.0524651529109205,0.0196572097682863,0,-0.0754129494262943,-0.028255100459438,-0
58.47,16,2.6445887942793,-1.49589775691487,-1,0.0517110234166575,0.0193746587636919,0,-0.0754129494262943,-0.028255100459438,-0
58.48,16,2.64510213386599,-1.49570542308226,-1,0.0509568939223946,0.0190921077590975,0,-0.0754129494262943,-0.028255100459438,-0
58.49,16,2.64560793215774,-1.49551591475969,-1,0.0502027644281317,0.0188095567545032,0,-0.0754129494262943,-0.028255100459438,-0
58.5,16,2.64610618915455,-1.49532923194717,-1,0.0494486349338688,0.0185270057499088,0,-0.0754129494262943,-0.028255100459438,-0
58.51,16,2.64659690485642,-1.49514537464469,-1,0.0486945054396058,0.0182444547453144,0,-0.0754129494262943,-0.028255100459438,-0
58.52,16,2.64708007926335,-1.49496434285226,-1,0.0479403759453429,0.01796190374072,0,-0.0754129494262943,-0.028255100459438,-0
58.53,16,2.64755571237533,-1.49478613656988,-1,0.0471862464510798,0.0176793527361256,0,-0.0754129494262943,-0.028255100459438,-0
58.54,16,2.64802380419237,-1.49461075579754,-1,0.0464321169568169,0.0173968017315312,0,-0.0754129494262943,-0.028255100459438,-0
58.55,16,2.64848435471446,-1.49443820053525,-1,0.045677987462554,0.0171142507269369,0,-0.0754129494262943,-0.028255100459438,-0
58.56,16,2.64893736394162,-1.494268470783,-1,0.0449238579682911,0.0168316997223425,0,-0.0754129494262943,-0.028255100459438,-0
58.57,16,2.64938283187383,-1.4941015665408,-1,0.0441697284740281,0.0165491487177481,0,-0.0754129494262943,-0.028255100459438,-0
58.58,16,2.6498207585111,-1.49393748780865,-1,0.0434155989797652,0.0162665977131538,0,-0.0754129494262943,-0.028255100459438,-0
58.59,16,2.65025114385343,-1.49377623458654,-1,0.0426614694855023,0.0159840467085594,0,-0.0754129494262943,-0.028255100459438,-0
58.6,16,2.65067398790081,-1.49361780687448,-1,0.0419073399912393,0.015701495703965,0,-0.0754129494262943,-0.028255100459438,-0
58.61,16,2.65108929065325,-1.49346220467246,-1,0.0411532104969763,0.0154189446993706,0,-0.0754129494262943,-0.028255100459438,-0
58.62,16,2.65149705211075,-1.49330942798049,-1,0.0403990810027134,0.0151363936947762,0,-0.0754129494262943,-0.028255100459438,-0
58.63,16,2.6518972722733,-1.49315947679856,-1,0.0396449515084504,0.0148538426901818,0,-0.0754129494262943,-0.028255100459438,-0
58.64,16,2.65228995114092,-1.49301235112668,-1,0.0388908220141875,0.0145712916855875,0,-0.0754129494262943,-0.028255100459438,-0
58.65,16,2.65267508871359,-1.49286805096485,-1,0.0381366925199246,0.0142887406809931,0,-0.0754129494262943,-0.028255100459438,-0
58.66,16,2.65305268499132,-1.49272657631306,-1,0.0373825630256616,0.0140061896763987,0,-0.0754129494262943,-0.028255100459438,-0
58.67,16,2.6534227399741,-1.49258792717132,-1,0.0366284335313987,0.0137236386718043,0,-0.0754129494262943,-0.028255100459438,-0
58.68,16,2.65378525366194,-1.49245210353963,-1,0.0358743040371358,0.01344108766721,0,-0.0754129494262943,-0.028255100459438,-0
58.69,16,2.65414022605484,-1.49231910541798,-1,0.0351201745428729,0.0131585366626156,0,-0.0754129494262943,-0.028255100459438,-0
58.7,16,2.6544876571528,-1.49218893280638,-1,0.0343660450486098,0.0128759856580212,0,-0.0754129494262943,-0.028255100459438,-0
58.71,16,2.65482754695582,-1.49206158570482,-1,0.0336119155543469,0.0125934346534268,0,-0.0754129494262943,-0.028255100459438,-0
58.72,16,2.65515989546389,-1.49193706411331,-1,0.032857786060084,0.0123108836488324,0,-0.0754129494262943,-0.028255100459438,-0
58.73,16,2.65548470267702,-1.49181536803184,-1,0.032103656565821,0.012028332644238,0,-0.0754129494262943,-0.028255100459438,-0
58.74,16,2.65580196859521,-1.49169649746042,-1,0.0313495270715581,0.0117457816396437,0,-0.0754129494262943,-0.028255100459438,-0
58.75,16,2.65611169321845,-1.49158045239905,-1,0.0305953975772952,0.0114632306350493,0,-0.0754129494262943,-0.028255100459438,-0
58.76,16,2.65641387654675,-1.49146723284772,-1,0.0298412680830322,0.0111806796304549,0,-0.0754129494262943,-0.028255100459438,-0
58.77,16,2.65670851858011,-1.49135683880644,-1,0.0290871385887693,0.0108981286258606,0,-0.0754129494262943,-0.028255100459438,-0
58.78,16,2.65699561931853,-1.4912492702752,-1,0.0283330090945063,0.0106155776212661,0,-0.0754129494262943,-0.028255100459438,-0
58.79,16,2.657275178762,-1.49114452725401,-1,0.0275788796002433,0.0103330266166718,0,-0.0754129494262943,-0.028255100459438,-0
58.8,16,2.65754719691053,-1.49104260974287,-1,0.0268247501059804,0.0100504756120774,0,-0.0754129494262943,-0.028255100459438,-0
58.81,16,2.65781167376412,-1.49094351774177,-1,0.0260706206117175,0.00976792460748301,0,-0.0754129494262943,-0.028255100459438,-0
58.82,16,2.65806860932277,-1.49084725125072,-1,0.0253164911174545,0.00948537360288863,0,-0.0754129494262943,-0.028255100459438,-0
58.83,16,2.65831800358647,-1.49075381026972,-1,0.0245623616231916,0.00920282259829426,0,-0.0754129494262943,-0.028255100459438,-0
58.84,16,2.65855985655523,-1.49066319479876,-1,0.0238082321289287,0.00892027159369988,0,-0.0754129494262943,-0.028255100459438,-0
58.85,16,2.65879416822905,-1.49057540483784,-1,0.0230541026346658,0.00863772058910551,0,-0.0754129494262943,-0.028255100459438,-0
58.86,16,2.65902093860792,-1.49049044038697,-1,0.0222999731404027,0.00835516958451109,0,-0.0754129494262943,-0.028255100459438,-0
58.87,16,2.65924016769186,-1.49040830144615,-1,0.0215458436461398,0.00807261857991671,0,-0.0754129494262943,-0.028255100459438,-0
58.88,16,2.65945185548085,-1.49032898801537,-1,0.0207917141518768,0.00779006757532234,0,-0.0754129494262943,-0.028255100459438,-0
58.89,16,2.65965600197489,-1.49025250009464,-1,0.0200375846576139,0.00750751657072796,0,-0.0754129494262943,-0.028255100459438,-0
58.9,16,2.659852607174,-1.49017883768396,-1,0.019283455163351,0.00722496556613359,0,-0.0754129494262943,-0.028255100459438,-0
58.91,16,2.66004167107816,-1.49010800078332,-1,0.0185293256690881,0.00694241456153922,0,-0.0754129494262943,-0.028255100459438,-0
58.92,16,2.66022319368738,-1.49003998939273,-1,0.0177751961748251,0.00665986355694484,0,-0.0754129494262943,-0.028255100459438,-0
58.93,16,2.66039717500166,-1.48997480351218,-1,0.0170210666805622,0.00637731255235047,0,-0.0754129494262943,-0.028255100459438,-0
58.94,16,2.66056361502099,-1.48991244314168,-1,0.0162669371862993,0.0060947615477561,0,-0.0754129494262943,-0.028255100459438,-0
58.95,16,2.66072251374538,-1.48985290828123,-1,0.0155128076920362,0.00581221054316167,0,-0.0754129494262943,-0.028255100459438,-0
58.96,16,2.66087387117483,-1.48979619893082,-1,0.0147586781977733,0.0055296595385673,0,-0.0754129494262943,-0.028255100459438,-0
58.97,16,2.66101768730934,-1.48974231509046,-1,0.0140045487035104,0.00524710853397292,0,-0.0754129494262943,-0.028255100459438,-0
58.98,16,2.6611539621489,-1.48969125676014,-1,0.0132504192092474,0.00496455752937855,0,-0.0754129494262943,-0.028255100459438,-0
58.99,16,2.66128269569352,-1.48964302393987,-1,0.0124962897149845,0.00468200652478418,0,-0.0754129494262943,-0.028255100459438,-0
59,16,2.6614038879432,-1.48959761662964,-1,0.0117421602207216,0.0043994555201898,0,-0.0754129494262943,-0.028255100459438,-0
59.01,16,2.66151753889794,-1.48955503482947,-1,0.0109880307264587,0.00411690451559543,0,-0.0754129494262943,-0.028255100459438,-0
59.02,16,2.66162364855773,-1.48951527853933,-1,0.0102339012321957,0.00383435351100105,0,-0.0754129494262943,-0.028255100459438,-0
59.03,16,2.66172221692258,-1.48947834775925,-1,0.00947977173793267,0.00355180250640663,0,-0.0754129494262943,-0.028255100459438,-0
59.04,16,2.66181324399249,-1.4894442424892,-1,0.00872564224366974,0.00326925150181226,0,-0.0754129494262943,-0.028255100459438,-0
59.05,16,2.66189672976745,-1.48941296272921,-1,0.00797151274940682,0.00298670049721788,0,-0.0754129494262943,-0.028255100459438,-0
59.06,16,2.66197267424748,-1.48938450847926,-1,0.00721738325514389,0.00270414949262351,0,-0.0754129494262943,-0.028255100459438,-0
59.07,16,2.66204107743256,-1.48935887973936,-1,0.00646325376088096,0.00242159848802914,0,-0.0754129494262943,-0.028255100459438,-0
59.08,16,2.6621019393227,-1.4893360765095,-1,0.00570912426661804,0.00213904748343476,0,-0.0754129494262943,-0.028255100459438,-0
59.09,16,2.66215525991789,-1.48931609878969,-1,0.00495499477235511,0.00185649647884039,0,-0.0754129494262943,-0.028255100459438,-0
59.1,16,2.66220103921814,-1.48929894657992,-1,0.00420086527809218,0.00157394547424601,0,-0.0754129494262943,-0.028255100459438,-0
59.11,16,2.66223927722345,-1.4892846198802,-1,0.00344673578382912,0.00129139446965159,0,-0.0754129494262943,-0.028255100459438,-0
59.12,16,2.66226997393382,-1.48927311869053,-1,0.00269260628956619,0.00100884346505722,0,-0.0754129494262943,-0.028255100459438,-0
59.13,16,2.66229312934924,-1.4892644430109,-1,0.00193847679530327,0.000726292460462842,0,-0.0754129494262943,-0.028255100459438,-0
59.14,16,2.66230874346972,-1.48925859284132,-1,0.00118434730104034,0.000443741455868468,0,-0.0754129494262943,-0.028255100459438,-0
59.15,16,2.66231804345428,-1.48925510839999,-1,0,0,0,-0.0754129494262943,-0.028255100459438,-0
59.15,17,2.66231804345428,-1.48925510839999,-1,0,0,-0,0,0,-8
59.16,17,2.66231804345428,-1.48925510839999,-1.0004,0,0,-0.08,0,0,-8
59.17,17,2.66231804345428,-1.48925510839999,-1.0016,0,0,-0.16,0,0,-8
59.18,17,2.66231804345428,-1.48925510839999,-1.0036,0,0,-0.24,0,0,-8
59.19,17,2.66231804345428,-1.48925510839999,-1.0064,0,0,-0.32,0,0,-8
59.2,17,2.66231804345428,-1.48925510839999,-1.01,0,0,-0.4,0,0,-8
59.21,17,2.66231804345428,-1.48925510839999,-1.0144,0,0,-0.48,0,0,-8
59.22,17,2.66231804345428,-1.48925510839999,-1.0196,0,0,-0.56,0,0,-8
59.23,17,2.66231804345428,-1.48925510839999,-1.0256,0,0,-0.64,0,0,-8
59.24,17,2.66231804345428,-1.48925510839999,-1.0324,0,0,-0.72,0,0,-8
59.25,17,2.66231804345428,-1.48925510839999,-1.04,0,0,-0.8,0,0,-8
59.26,17,2.66231804345428,-1.48925510839999,-1.0484,0,0,-0.88,0,0,-8
59.27,17,2.66231804345428,-1.48925510839999,-1.0576,0,0,-0.96,0,0,-8
59.28,17,2.66231804345428,-1.48925510839999,-1.0676,0,0,-1.04,0,0,-8
59.29,17,2.66231804345428,-1.48925510839999,-1.0784,0,0,-1.12,0,0,-8
59.3,17,2.66231804345428,-1.48925510839999,-1.09,0,0,-1.2,0,0,-8
59.31,17,2.66231804345428,-1.48925510839999,-1.1024,0,0,-1.28,0,0,-8
59.32,17,2.66231804345428,-1.48925510839999,-1.1156,0,0,-1.36,0,0,-8
59.33,17,2.66231804345428,-1.48925510839999,-1.1296,0,0,-1.44,0,0,-8
59.34,17,2.66231804345428,-1.48925510839999,-1.1444,0,0,-1.52,0,0,-8
59.35,17,2.66231804345428,-1.48925510839999,-1.16,0,0,-1.6,0,0,-8
59.36,17,2.66231804345428,-1.48925510839999,-1.1764,0,0,-1.68,0,0,-8
59.37,17,2.66231804345428,-1.48925510839999,-1.1936,0,0,-1.76,0,0,-8
59.38,17,2.66231804345428,-1.48925510839999,-1.2116,0,0,-1.84,0,0,-8
59.39,17,2.66231804345428,-1.48925510839999,-1.2304,0,0,-1.92,0,0,-8
59.4,17,2.66231804345428,-1.48925510839999,-1.25,0,0,-2,0,0,-8
59.41,17,2.66231804345428,-1.48925510839999,-1.2704,0,0,-2.08,0,0,-8
59.42,17,2.66231804345428,-1.48925510839999,-1.2916,0,0,-2.16,0,0,-8
59.43,17,2.66231804345428,-1.48925510839999,-1.3136,0,0,-2.24,0,0,-8
59.44,17,2.66231804345428,-1.48925510839999,-1.3364,0,0,-2.32,0,0,-8
59.45,17,2.66231804345428,-1.48925510839999,-1.36,0,0,-2.4,0,0,-8
59.46,17,2.66231804345428,-1.48925510839999,-1.3844,0,0,-2.48,0,0,-8
59.47,17,2.66231804345428,-1.48925510839999,-1.4096,0,0,-2.56,0,0,-8
59.48,17,2.66231804345428,-1.48925510839999,-1.4356,0,0,-2.64,0,0,-8
59.49,17,2.66231804345428,-1.48925510839999,-1.4624,0,0,-2.72,0,0,-8
59.5,17,2.66231804345428,-1.48925510839999,-1.49,0,0,-2.8,0,0,-8
59.51,17,2.66231804345428,-1.48925510839999,-1.5184,0,0,-2.88,0,0,-8
59.52,17,2.66231804345428,-1.48925510839999,-1.5476,0,0,-2.96,0,0,-8
59.53,17,2.66231804345428,-1.48925510839999,-1.5776,0,0,-3.04,0,0,-8
59.54,17,2.66231804345428,-1.48925510839999,-1.6084,0,0,-3.12,0,0,-8
59.55,17,2.66231804345428,-1.48925510839999,-1.64,0,0,-3.2,0,0,-8
59.56,17,2.66231804345428,-1.48925510839999,-1.6724,0,0,-3.28,0,0,-8
59.57,17,2.66231804345428,-1.48925510839999,-1.7056,0,0,-3.36,0,0,-8
59.58,17,2.66231804345428,-1.48925510839999,-1.7396,0,0,-3.44,0,0,-8
59.59,17,2.66231804345428,-1.48925510839999,-1.7744,0,0,-3.52,0,0,-8
59.6,17,2.66231804345428,-1.48925510839999,-1.81,0,0,-3.6,0,0,-8
59.61,17,2.66231804345428,-1.48925510839999,-1.8464,0,0,-3.68,0,0,-8
59.62,17,2.66231804345428,-1.48925510839999,-1.8836,0,0,-3.76,0,0,-8
59.63,17,2.66231804345428,-1.48925510839999,-1.9216,0,0,-3.84,0,0,-8
59.64,17,2.66231804345428,-1.48925510839999,-1.9604,0,0,-3.92,0,0,-8
59.65,17,2.66231804345428,-1.48925510839999,-2,0,0,-4,0,0,-8
59.66,17,2.66231804345428,-1.48925510839999,-2.0396,0,0,-3.92,0,0,8
59.67,17,2.66231804345428,-1.48925510839999,-2.0784,0,0,-3.84,0,0,8
59.68,17,2.66231804345428,-1.48925510839999,-2.1164,0,0,-3.76,0,0,8
59.69,17,2.66231804345428,-1.48925510839999,-2.1536,0,0,-3.68,0,0,8
59.7,17,2.66231804345428,-1.48925510839999,-2.19,0,0,-3.6,0,0,8
59.71,17,2.66231804345428,-1.48925510839999,-2.2256,0,0,-3.52,0,0,8
59.72,17,2.66231804345428,-1.48925510839999,-2.2604,0,0,-3.44,0,0,8
59.73,17,2.66231804345428,-1.48925510839999,-2.2944,0,0,-3.36,0,0,8
59.74,17,2.66231804345428,-1.48925510839999,-2.3276,0,0,-3.28,0,0,8
59.75,17,2.66231804345428,-1.48925510839999,-2.36,0,0,-3.2,0,0,8
59.76,17,2.66231804345428,-1.48925510839999,-2.3916,0,0,-3.12,0,0,8
59.77,17,2.66231804345428,-1.48925510839999,-2.4224,0,0,-3.04,0,0,8
59.78,17,2.66231804345428,-1.48925510839999,-2.4524,0,0,-2.96,0,0,8
59.79,17,2.66231804345428,-1.48925510839999,-2.4816,0,0,-2.88,0,0,8
59.8,17,2.66231804345428,-1.48925510839999,-2.51,0,0,-2.8,0,0,8
59.81,17,2.66231804345428,-1.48925510839999,-2.5376,0,0,-2.72,0,0,8
59.82,17,2.66231804345428,-1.48925510839999,-2.5644,0,0,-2.64,0,0,8
59.83,17,2.66231804345428,-1.48925510839999,-2.5904,0,0,-2.56,0,0,8
59.84,17,2.66231804345428,-1.48925510839999,-2.6156,0,0,-2.48,0,0,8
59.85,17,2.66231804345428,-1.48925510839999,-2.64,0,0,-2.4,0,0,8
59.86,17,2.66231804345428,-1.48925510839999,-2.6636,0,0,-2.32,0,0,8
59.87,17,2.66231804345428,-1.48925510839999,-2.6864,0,0,-2.24,0,0,8
59.88,17,2.66231804345428,-1.48925510839999,-2.7084,0,0,-2.16,0,0,8
59.89,17,2.66231804345428,-1.48925510839999,-2.7296,0,0,-2.08,0,0,8
59.9,17,2.66231804345428,-1.48925510839999,-2.75,0,0,-2,0,0,8
59.91,17,2.66231804345428,-1.48925510839999,-2.7696,0,0,-1.92,0,0,8
59.92,17,2.66231804345428,-1.48925510839999,-2.7884,0,0,-1.84,0,0,8
59.93,17,2.66231804345428,-1.48925510839999,-2.8064,0,0,-1.76,0,0,8
59.94,17,2.66231804345428,-1.48925510839999,-2.8236,0,0,-1.68,0,0,8
59.95,17,2.66231804345428,-1.48925510839999,-2.84,0,0,-1.6,0,0,8
59.96,17,2.66231804345428,-1.48925510839999,-2.8556,0,0,-1.52,0,0,8
59.97,17,2.66231804345428,-1.48925510839999,-2.8704,0,0,-1.44,0,0,8
59.98,17,2.66231804345428,-1.48925510839999,-2.8844,0,0,-1.36,0,0,8
59.99,17,2.66231804345428,-1.48925510839999,-2.8976,0,0,-1.28,0,0,8
60,17,2.66231804345428,-1.48925510839999,-2.91,0,0,-1.2,0,0,8
60.01,17,2.66231804345428,-1.48925510839999,-2.9216,0,0,-1.12,0,0,8
60.02,17,2.66231804345428,-1.48925510839999,-2.9324,0,0,-1.04,0,0,8
60.03,17,2.66231804345428,-1.48925510839999,-2.9424,0,0,-0.96,0,0,8
60.04,17,2.66231804345428,-1.48925510839999,-2.9516,0,0,-0.88,0,0,8
60.05,17,2.66231804345428,-1.48925510839999,-2.96,0,0,-0.8,0,0,8
60.06,17,2.66231804345428,-1.48925510839999,-2.9676,0,0,-0.72,0,0,8
60.07,17,2.66231804345428,-1.48925510839999,-2.9744,0,0,-0.64,0,0,8
60.08,17,2.66231804345428,-1.48925510839999,-2.9804,0,0,-0.56,0,0,8
60.09,17,2.66231804345428,-1.48925510839999,-2.9856,0,0,-0.48,0,0,8
60.1,17,2.66231804345428,-1.48925510839999,-2.99,0,0,-0.4,0,0,8
60.11,17,2.66231804345428,-1.48925510839999,-2.9936,0,0,-0.32,0,0,8
60.12,17,2.66231804345428,-1.48925510839999,-2.9964,0,0,-0.24,0,0,8
60.13,17,2.66231804345428,-1.48925510839999,-2.9984,0,0,-0.16,0,0,8
60.14,17,2.66231804345428,-1.48925510839999,-2.9996,0,0,-0.0800000000000001,0,0,8
60.15,17,2.66231804345428,-1.48925510839999,-3,0,0,0,0,0,8
60.15,18,2.66231804345428,-1.48925510839999,-3,0,0,0,0,0,8
60.16,18,2.66231804345428,-1.48925510839999,-2.9996,0,0,0.08,0,0,8
60.17,18,2.66231804345428,-1.48925510839999,-2.9984,0,0,0.16,0,0,8
60.18,18,2.66231804345428,-1.48925510839999,-2.9964,0,0,0.24,0,0,8
60.19,18,2.66231804345428,-1.48925510839999,-2.9936,0,0,0.32,0,0,8
60.2,18,2.66231804345428,-1.48925510839999,-2.99,0,0,0.4,0,0,8
60.21,18,2.66231804345428,-1.48925510839999,-2.9856,0,0,0.48,0,0,8
60.22,18,2.66231804345428,-1.48925510839999,-2.9804,0,0,0.56,0,0,8
60.23,18,2.66231804345428,-1.48925510839999,-2.9744,0,0,0.64,0,0,8
60.24,18,2.66231804345428,-1.48925510839999,-2.9676,0,0,0.72,0,0,8
60.25,18,2.66231804345428,-1.48925510839999,-2.96,0,0,0.8,0,0,8
60.26,18,2.66231804345428,-1.48925510839999,-2.9516,0,0,0.88,0,0,8
60.27,18,2.66231804345428,-1.48925510839999,-2.9424,0,0,0.96,0,0,8
60.28,18,2.66231804345428,-1.48925510839999,-2.9324,0,0,1.04,0,0,8
60.29,18,2.66231804345428,-1.48925510839999,-2.9216,0,0,1.12,0,0,8
60.3,18,2.66231804345428,-1.48925510839999,-2.91,0,0,1.2,0,0,8
60.31,18,2.66231804345428,-1.48925510839999,-2.8976,0,0,1.28,0,0,8
60.32,18,2.66231804345428,-1.48925510839999,-2.8844,0,0,1.36,0,0,8
60.33,18,2.66231804345428,-1.48925510839999,-2.8704,0,0,1.44,0,0,8
60.34,18,2.66231804345428,-1.48925510839999,-2.8556,0,0,1.52,0,0,8
60.35,18,2.66231804345428,-1.48925510839999,-2.84,0,0,1.6,0,0,8
60.36,18,2.66231804345428,-1.48925510839999,-2.8236,0,0,1.68,0,0,8
60.37,18,2.66231804345428,-1.48925510839999,-2.8064,0,0,1.76,0,0,8
60.38,18,2.66231804345428,-1.48925510839999,-2.7884,0,0,1.84,0,0,8
60.39,18,2.66231804345428,-1.48925510839999,-2.7696,0,0,1.92,0,0,8
60.4,18,2.66231804345428,-1.48925510839999,-2.75,0,0,2,0,0,8
60.41,18,2.66231804345428,-1.48925510839999,-2.7296,0,0,2.08,0,0,8
60.42,18,2.66231804345428,-1.48925510839999,-2.7084,0,0,2.16,0,0,8
60.43,18,2.66231804345428,-1.48925510839999,-2.6864,0,0,2.24,0,0,8
60.44,18,2.66231804345428,-1.48925510839999,-2.6636,0,0,2.32,0,0,8
60.45,18,2.66231804345428,-1.48925510839999,-2.64,0,0,2.4,0,0,8
60.46,18,2.66231804345428,-1.48925510839999,-2.6156,0,0,2.48,0,0,8
60.47,18,2.66231804345428,-1.48925510839999,-2.5904,0,0,2.56,0,0,8
60.48,18,2.66231804345428,-1.48925510839999,-2.5644,0,0,2.64,0,0,8
60.49,18,2.66231804345428,-1.48925510839999,-2.5376,0,0,2.72,0,0,8
60.5,18,2.66231804345428,-1.48925510839999,-2.51,0,0,2.8,0,0,8
60.51,18,2.66231804345428,-1.48925510839999,-2.4816,0,0,2.88,0,0,8
60.52,18,2.66231804345428,-1.48925510839999,-2.4524,0,0,2.96,0,0,8
60.53,18,2.66231804345428,-1.48925510839999,-2.4224,0,0,3.04,0,0,8
60.54,18,2.66231804345428,-1.48925510839999,-2.3916,0,0,3.12,0,0,8
60.55,18,2.66231804345428,-1.48925510839999,-2.36,0,0,3.2,0,0,8
60.56,18,2.66231804345428,-1.48925510839999,-2.3276,0,0,3.28,0,0,8
60.57,18,2.66231804345428,-1.48925510839999,-2.2944,0,0,3.36,0,0,8
60.58,18,2.66231804345428,-1.48925510839999,-2.2604,0,0,3.44,0,0,8
60.59,18,2.66231804345428,-1.48925510839999,-2.2256,0,0,3.52,0,0,8
60.6,18,2.66231804345428,-1.48925510839999,-2.19,0,0,3.6,0,0,8
60.61,18,2.66231804345428,-1.48925510839999,-2.1536,0,0,3.68,0,0,8
60.62,18,2.66231804345428,-1.48925510839999,-2.1164,0,0,3.76,0,0,8
60.63,18,2.66231804345428,-1.48925510839999,-2.0784,0,0,3.84,0,0,8
60.64,18,2.66231804345428,-1.48925510839999,-2.0396,0,0,3.92,0,0,8
60.65,18,2.66231804345428,-1.48925510839999,-2,0,0,4,0,0,8
60.66,18,2.66231804345428,-1.48925510839999,-1.9604,0,0,3.92,0,0,-8
60.67,18,2.66231804345428,-1.48925510839999,-1.9216,0,0,3.84,0,0,-8
60.68,18,2.66231804345428,-1.48925510839999,-1.8836,0,0,3.76,0,0,-8
60.69,18,2.66231804345428,-1.48925510839999,-1.8464,0,0,3.68,0,0,-8
60.7,18,2.66231804345428,-1.48925510839999,-1.81,0,0,3.6,0,0,-8
60.71,18,2.66231804345428,-1.48925510839999,-1.7744,0,0,3.52,0,0,-8
60.72,18,2.66231804345428,-1.48925510839999,-1.7396,0,0,3.44,0,0,-8
60.73,18,2.66231804345428,-1.48925510839999,-1.7056,0,0,3.36,0,0,-8
60.74,18,2.66231804345428,-1.48925510839999,-1.6724,0,0,3.28,0,0,-8
60.75,18,2.66231804345428,-1.48925510839999,-1.64,0,0,3.2,0,0,-8
60.76,18,2.66231804345428,-1.48925510839999,-1.6084,0,0,3.12,0,0,-8
60.77,18,2.66231804345428,-1.48925510839999,-1.5776,0,0,3.04,0,0,-8
60.78,18,2.66231804345428,-1.48925510839999,-1.5476,0,0,2.96,0,0,-8
60.79,18,2.66231804345428,-1.48925510839999,-1.5184,0,0,2.88,0,0,-8
60.8,18,2.66231804345428,-1.48925510839999,-1.49,0,0,2.8,0,0,-8
60.81,18,2.66231804345428,-1.48925510839999,-1.4624,0,0,2.72,0,0,-8
60.82,18,2.66231804345428,-1.48925510839999,-1.4356,0,0,2.64,0,0,-8
60.83,18,2.66231804345428,-1.48925510839999,-1.4096,0,0,2.56,0,0,-8
60.84,18,2.66231804345428,-1.48925510839999,-1.3844,0,0,2.48,0,0,-8
60.85,18,2.66231804345428,-1.48925510839999,-1.36,0,0,2.4,0,0,-8
60.86,18,2.66231804345428,-1.48925510839999,-1.3364,0,0,2.32,0,0,-8
60.87,18,2.66231804345428,-1.48925510839999,-1.3136,0,0,2.24,0,0,-8
60.88,18,2.66231804345428,-1.48925510839999,-1.2916,0,0,2.16,0,0,-8
60.89,18,2.66231804345428,-1.48925510839999,-1.2704,0,0,2.08,0,0,-8
60.9,18,2.66231804345428,-1.48925510839999,-1.25,0,0,2,0,0,-8
60.91,18,2.66231804345428,-1.48925510839999,-1.2304,0,0,1.92,0,0,-8
60.92,18,2.66231804345428,-1.48925510839999,-1.2116,0,0,1.84,0,0,-8
60.93,18,2.66231804345428,-1.48925510839999,-1.1936,0,0,1.76,0,0,-8
60.94,18,2.66231804345428,-1.48925510839999,-1.1764,0,0,1.68,0,0,-8
60.95,18,2.66231804345428,-1.48925510839999,-1.16,0,0,1.6,0,0,-8
60.96,18,2.66231804345428,-1.48925510839999,-1.1444,0,0,1.52,0,0,-8
60.97,18,2.66231804345428,-1.48925510839999,-1.1296,0,0,1.44,0,0,-8
60.98,18,2.66231804345428,-1.48925510839999,-1.1156,0,0,1.36,0,0,-8
60.99,18,2.66231804345428,-1.48925510839999,-1.1024,0,0,1.28,0,0,-8
61,18,2.66231804345428,-1.48925510839999,-1.09,0,0,1.2,0,0,-8
61.01,18,2.66231804345428,-1.48925510839999,-1.0784,0,0,1.12,0,0,-8
61.02,18,2.66231804345428,-1.48925510839999,-1.0676,0,0,1.04,0,0,-8
61.03,18,2.66231804345428,-1.48925510839999,-1.0576,0,0,0.96,0,0,-8
61.04,18,2.66231804345428,-1.48925510839999,-1.0484,0,0,0.88,0,0,-8
61.05,18,2.66231804345428,-1.48925510839999,-1.04,0,0,0.8,0,0,-8
61.06,18,2.66231804345428,-1.48925510839999,-1.0324,0,0,0.72,0,0,-8
61.07,18,2.66231804345428,-1.48925510839999,-1.0256,0,0,0.64,0,0,-8
61.08,18,2.66231804345428,-1.48925510839999,-1.0196,0,0,0.56,0,0,-8
61.09,18,2.66231804345428,-1.48925510839999,-1.0144,0,0,0.48,0,0,-8
61.1,18,2.66231804345428,-1.48925510839999,-1.01,0,0,0.4,0,0,-8
61.11,18,2.66231804345428,-1.48925510839999,-1.0064,0,0,0.32,0,0,-8
61.12,18,2.66231804345428,-1.48925510839999,-1.0036,0,0,0.24,0,0,-8
61.13,18,2.66231804345428,-1.48925510839999,-1.0016,0,0,0.16,0,0,-8
61.14,18,2.66231804345428,-1.48925510839999,-1.0004,0,0,0.0800000000000001,0,0,-8
61.15,18,2.66231804345428,-1.48925510839999,-1,0,0,0,0,0,-8
61.15,19,2.66231804345428,-1.48925510839999,-1,0,-0,0,0.111615316710879,-0.0889715414801475,0.102281417430644
61.16,19,2.66232362422011,-1.48925955697706,-0.999994885929128,0.00111615316710879,-0.000889715414801475,0.00102281417430644,0.111615316710879,-0.0889715414801475,0.102281417430644
61.17,19,2.66234036651762,-1.48927290270829,-0.999979543716514,0.00223230633421758,-0.00177943082960295,0.00204562834861287,0.111615316710879,-0.0889715414801475,0.102281417430644
61.18,19,2.6623682703468,-1.48929514559366,-0.999953973362156,0.00334845950132637,-0.00266914624440443,0.00306844252291931,0.111615316710879,-0.0889715414801475,0.102281417430644
61.19,19,2.66240733570765,-1.48932628563317,-0.999918174866055,0.00446461266843516,-0.0035588616592059,0.00409125669722575,0.111615316710879,-0.0889715414801475,0.102281417430644
61.2,19,2.66245756260017,-1.48936632282684,-0.999872148228212,0.00558076583554395,-0.00444857707400738,0.00511407087153219,0.111615316710879,-0.0889715414801475,0.102281417430644
61.21,19,2.66251895102436,-1.48941525717465,-0.999815893448625,0.00669691900265274,-0.00533829248880885,0.00613688504583862,0.111615316710879,-0.0889715414801475,0.102281417430644
61.22,19,2.66259150098022,-1.48947308867662,-0.999749410527295,0.00781307216976153,-0.00622800790361033,0.00715969922014506,0.111615316710879,-0.0889715414801475,0.102281417430644
61.23,19,2.66267521246775,-1.48953981733273,-0.999672699464222,0.00892922533687032,-0.0071177233184118,0.00818251339445149,0.111615316710879,-0.0889715414801475,0.102281417430644
61.24,19,2.66277008548696,-1.48961544314298,-0.999585760259406,0.0100453785039791,-0.00800743873321328,0.00920532756875793,0.111615316710879,-0.0889715414801475,0.102281417430644
61.25,19,2.66287612003783,-1.48969996610739,-0.999488592912847,0.0111615316710879,-0.00889715414801475,0.0102281417430644,0.111615316710879,-0.0889715414801475,0.102281417430644
61.26,19,2.66299331612038,-1.48979338622594,-0.999381197424545,0.0122776848381967,-0.00978686956281623,0.0112509559173708,0.111615316710879,-0.0889715414801475,0.102281417430644
61.27,19,2.6631216737346,-1.48989570349865,-0.999263573794499,0.0133938380053055,-0.0106765849776177,0.0122737700916772,0.111615316710879,-0.0889715414801475,0.102281417430644
61.28,19,2.66326119288048,-1.4900069179255,-0.999135722022711,0.0145099911724143,-0.0115663003924192,0.0132965842659837,0.111615316710879,-0.0889715414801475,0.102281417430644
61.29,19,2.66341187355804,-1.4901270295065,-0.99899764210918,0.0156261443395231,-0.0124560158072207,0.0143193984402901,0.111615316710879,-0.0889715414801475,0.102281417430644
61.3,19,2.66357371576727,-1.49025603824164,-0.998849334053905,0.0167422975066319,-0.0133457312220221,0.0153422126145966,0.111615316710879,-0.0889715414801475,0.102281417430644
61.31,19,2.66374671950818,-1.49039394413094,-0.998690797856888,0.0178584506737406,-0.0142354466368236,0.016365026788903,0.111615316710879,-0.0889715414801475,0.102281417430644
61.32,19,2.66393088478075,-1.49054074717438,-0.998522033518127,0.0189746038408494,-0.0151251620516251,0.0173878409632094,0.111615316710879,-0.0889715414801475,0.102281417430644
61.33,19,2.66412621158499,-1.49069644737197,-0.998343041037624,0.0200907570079582,-0.0160148774664266,0.0184106551375159,0.111615316710879,-0.0889715414801475,0.102281417430644
61.34,19,2.66433269992091,-1.49086104472371,-0.998153820415377,0.021206910175067,-0.016904592881228,0.0194334693118223,0.111615316710879,-0.0889715414801475,0.102281417430644
61.35,19,2.6645503497885,-1.49103453922959,-0.997954371651387,0.0223230633421758,-0.0177943082960295,0.0204562834861287,0.111615316710879,-0.0889715414801475,0.102281417430644
61.36,19,2.66477916118775,-1.49121693088963,-0.997744694745654,0.0234392165092846,-0.018684023710831,0.0214790976604352,0.111615316710879,-0.0889715414801475,0.102281417430644
61.37,19,2.66501913411868,-1.49140821970381,-0.997524789698178,0.0245553696763934,-0.0195737391256325,0.0225019118347416,0.111615316710879,-0.0889715414801475,0.102281417430644
61.38,19,2.66527026858128,-1.49160840567214,-0.997294656508959,0.0256715228435022,-0.0204634545404339,0.023524726009048,0.111615316710879,-0.0889715414801475,0.102281417430644
61.39,19,2.66553256457555,-1.49181748879462,-0.997054295177997,0.026787676010611,-0.0213531699552354,0.0245475401833545,0.111615316710879,-0.0889715414801475,0.102281417430644
61.4,19,2.66580602210149,-1.49203546907124,-0.996803705705292,0.0279038291777198,-0.0222428853700369,0.0255703543576609,0.111615316710879,-0.0889715414801475,0.102281417430644
61.41,19,2.6660906411591,-1.49226234650202,-0.996542888090844,0.0290199823448285,-0.0231326007848384,0.0265931685319674,0.111615316710879,-0.0889715414801475,0.102281417430644
61.42,19,2.66638642174839,-1.49249812108694,-0.996271842334653,0.0301361355119373,-0.0240223161996398,0.0276159827062738,0.111615316710879,-0.0889715414801475,0.102281417430644
61.43,19,2.66669336386934,-1.49274279282601,-0.995990568436719,0.0312522886790461,-0.0249120316144413,0.0286387968805802,0.111615316710879,-0.0889715414801475,0.102281417430644
61.44,19,2.66701146752197,-1.49299636171923,-0.995699066397041,0.0323684418461549,-0.0258017470292428,0.0296616110548867,0.111615316710879,-0.0889715414801475,0.102281417430644
61.45,19,2.66734073270627,-1.4932588277666,-0.995397336215621,0.0334845950132637,-0.0266914624440443,0.0306844252291931,0.111615316710879,-0.0889715414801475,0.102281417430644
61.46,19,2.66768115942224,-1.49353019096811,-0.995085377892458,0.0346007481803725,-0.0275811778588457,0.0317072394034995,0.111615316710879,-0.0889715414801475,0.102281417430644
61.47,19,2.66803274766987,-1.49381045132377,-0.994763191427551,0.0357169013474813,-0.0284708932736472,0.032730053577806,0.111615316710879,-0.0889715414801475,0.102281417430644
61.48,19,2.66839549744918,-1.49409960883358,-0.994430776820901,0.0368330545145901,-0.0293606086884487,0.0337528677521124,0.111615316710879,-0.0889715414801475,0.102281417430644
61.49,19,2.66876940876017,-1.49439766349754,-0.994088134072509,0.0379492076816989,-0.0302503241032502,0.0347756819264189,0.111615316710879,-0.0889715414801475,0.102281417430644
61.5,19,2.66915448160282,-1.49470461531565,-0.993735263182373,0.0390653608488077,-0.0311400395180516,0.0357984961007253,0.111615316710879,-0.0889715414801475,0.102281417430644
61.51,19,2.66955071597714,-1.4950204642879,-0.993372164150494,0.0401815140159165,-0.0320297549328531,0.0368213102750317,0.111615316710879,-0.0889715414801475,0.102281417430644
61.52,19,2.66995811188314,-1.49534521041431,-0.992998836976872,0.0412976671830252,-0.0329194703476546,0.0378441244493382,0.111615316710879,-0.0889715414801475,0.102281417430644
61.53,19,2.6703766693208,-1.49567885369486,-0.992615281661507,0.042413820350134,-0.0338091857624561,0.0388669386236446,0.111615316710879,-0.0889715414801475,0.102281417430644
61.54,19,2.67080638829014,-1.49602139412956,-0.9922214982044,0.0435299735172428,-0.0346989011772575,0.039889752797951,0.111615316710879,-0.0889715414801475,0.102281417430644
61.55,19,2.67124726879115,-1.4963728317184,-0.991817486605548,0.0446461266843516,-0.035588616592059,0.0409125669722575,0.111615316710879,-0.0889715414801475,0.102281417430644
61.56,19,2.67169931082383,-1.4967331664614,-0.991403246864954,0.0457622798514604,-0.0364783320068605,0.0419353811465639,0.111615316710879,-0.0889715414801475,0.102281417430644
61.57,19,2.67216251438818,-1.49710239835854,-0.990978778982617,0.0468784330185692,-0.037368047421662,0.0429581953208703,0.111615316710879,-0.0889715414801475,0.102281417430644
61.58,19,2.6726368794842,-1.49748052740983,-0.990544082958537,0.047994586185678,-0.0382577628364634,0.0439810094951768,0.111615316710879,-0.0889715414801475,0.102281417430644
61.59,19,2.67312240611189,-1.49786755361527,-0.990099158792714,0.0491107393527868,-0.0391474782512649,0.0450038236694832,0.111615316710879,-0.0889715414801475,0.102281417430644
61.6,19,2.67361909427125,-1.49826347697486,-0.989644006485147,0.0502268925198956,-0.0400371936660664,0.0460266378437897,0.111615316710879,-0.0889715414801475,0.102281417430644
61.61,19,2.67412694396229,-1.49866829748859,-0.989178626035838,0.0513430456870044,-0.0409269090808679,0.0470494520180961,0.111615316710879,-0.0889715414801475,0.102281417430644
61.62,19,2.67464595518499,-1.49908201515647,-0.988703017444785,0.0524591988541131,-0.0418166244956693,0.0480722661924025,0.111615316710879,-0.0889715414801475,0.102281417430644
61.63,19,2.67517612793937,-1.4995046299785,-0.98821718071199,0.0535753520212219,-0.0427063399104708,0.049095080366709,0.111615316710879,-0.0889715414801475,0.102281417430644
61.64,19,2.67571746222542,-1.49993614195468,-0.987721115837451,0.0546915051883307,-0.0435960553252723,0.0501178945410154,0.111615316710879,-0.0889715414801475,0.102281417430644
61.65,19,2.67626995804314,-1.50037655108501,-0.98721482282117,0.0558076583554395,-0.0444857707400738,0.0511407087153218,0.111615316710879,-0.0889715414801475,0.102281417430644
61.66,19,2.67683361539253,-1.50082585736948,-0.986698301663145,0.0569238115225483,-0.0453754861548752,0.0521635228896283,0.111615316710879,-0.0889715414801475,0.102281417430644
61.67,19,2.67740843427359,-1.50128406080811,-0.986171552363377,0.0580399646896571,-0.0462652015696767,0.0531863370639347,0.111615316710879,-0.0889715414801475,0.102281417430644
61.68,19,2.67799441468632,-1.50175116140088,-0.985634574921866,0.0591561178567659,-0.0471549169844782,0.0542091512382412,0.111615316710879,-0.0889715414801475,0.102281417430644
61.69,19,2.67859155663072,-1.5022271591478,-0.985087369338612,0.0602722710238747,-0.0480446323992797,0.0552319654125476,0.111615316710879,-0.0889715414801475,0.102281417430644
61.7,19,2.6791998601068,-1.50271205404886,-0.984529935613615,0.0613884241909835,-0.0489343478140811,0.056254779586854,0.111615316710879,-0.0889715414801475,0.102281417430644
61.71,19,2.67981932511454,-1.50320584610408,-0.983962273746875,0.0625045773580923,-0.0498240632288826,0.0572775937611605,0.111615316710879,-0.0889715414801475,0.102281417430644
61.72,19,2.68044995165396,-1.50370853531344,-0.983384383738392,0.063620730525201,-0.0507137786436841,0.0583004079354669,0.111615316710879,-0.0889715414801475,0.102281417430644
61.73,19,2.68109173972505,-1.50422012167695,-0.982796265588166,0.0647368836923098,-0.0516034940584856,0.0593232221097733,0.111615316710879,-0.0889715414801475,0.102281417430644
61.74,19,2.68174468932781,-1.50474060519461,-0.982197919296196,0.0658530368594186,-0.052493209473287,0.0603460362840798,0.111615316710879,-0.0889715414801475,0.102281417430644
61.75,19,2.68240880046224,-1.50526998586642,-0.981589344862484,0.0669691900265274,-0.0533829248880885,0.0613688504583862,0.111615316710879,-0.0889715414801475,0.102281417430644
61.76,19,2.68308407312834,-1.50580826369237,-0.980970542287029,0.0680853431936362,-0.05427264030289,0.0623916646326926,0.111615316710879,-0.0889715414801475,0.102281417430644
61.77,19,2.68377050732611,-1.50635543867247,-0.98034151156983,0.069201496360745,-0.0551623557176915,0.0634144788069991,0.111615316710879,-0.0889715414801475,0.102281417430644
61.78,19,2.68446810305555,-1.50691151080673,-0.979702252710889,0.0703176495278538,-0.0560520711324929,0.0644372929813055,0.111615316710879,-0.0889715414801475,0.102281417430644
61.79,19,2.68517686031667,-1.50747648009512,-0.979052765710204,0.0714338026949626,-0.0569417865472944,0.065460107155612,0.111615316710879,-0.0889715414801475,0.102281417430644
61.8,19,2.68589677910945,-1.50805034653767,-0.978393050567776,0.0725499558620714,-0.0578315019620959,0.0664829213299184,0.111615316710879,-0.0889715414801475,0.102281417430644
61.81,19,2.68662785943391,-1.50863311013437,-0.977723107283606,0.0736661090291802,-0.0587212173768974,0.0675057355042248,0.111615316710879,-0.0889715414801475,0.102281417430644
61.82,19,2.68737010129003,-1.50922477088521,-0.977042935857692,0.074782262196289,-0.0596109327916988,0.0685285496785313,0.111615316710879,-0.0889715414801475,0.102281417430644
61.83,19,2.68812350467783,-1.5098253287902,-0.976352536290035,0.0758984153633977,-0.0605006482065003,0.0695513638528377,0.111615316710879,-0.0889715414801475,0.102281417430644
61.84,19,2.6888880695973,-1.51043478384934,-0.975651908580635,0.0770145685305065,-0.0613903636213018,0.0705741780271441,0.111615316710879,-0.0889715414801475,0.102281417430644
61.85,19,2.68966379604844,-1.51105313606263,-0.974941052729492,0.0781307216976153,-0.0622800790361033,0.0715969922014506,0.111615316710879,-0.0889715414801475,0.102281417430644
61.86,19,2.69045068403125,-1.51168038543006,-0.974219968736606,0.0792468748647241,-0.0631697944509047,0.072619806375757,0.111615316710879,-0.0889715414801475,0.102281417430644
61.87,19,2.69124873354574,-1.51231653195164,-0.973488656601977,0.0803630280318329,-0.0640595098657062,0.0736426205500634,0.111615316710879,-0.0889715414801475,0.102281417430644
61.88,19,2.69205794459189,-1.51296157562738,-0.972747116325605,0.0814791811989417,-0.0649492252805077,0.0746654347243699,0.111615316710879,-0.0889715414801475,0.102281417430644
61.89,19,2.69287831716972,-1.51361551645725,-0.97199534790749,0.0825953343660505,-0.0658389406953092,0.0756882488986763,0.111615316710879,-0.0889715414801475,0.102281417430644
61.9,19,2.69370985127921,-1.51427835444128,-0.971233351347631,0.0837114875331593,-0.0667286561101106,0.0767110630729828,0.111615316710879,-0.0889715414801475,0.102281417430644
61.91,19,2.69455254692038,-1.51495008957946,-0.97046112664603,0.0848276407002681,-0.0676183715249121,0.0777338772472892,0.111615316710879,-0.0889715414801475,0.102281417430644
61.92,19,2.69540640409322,-1.51563072187178,-0.969678673802686,0.0859437938673769,-0.0685080869397136,0.0787566914215956,0.111615316710879,-0.0889715414801475,0.102281417430644
61.93,19,2.69627142279773,-1.51632025131825,-0.968885992817598,0.0870599470344856,-0.0693978023545151,0.0797795055959021,0.111615316710879,-0.0889715414801475,0.102281417430644
61.94,19,2.69714760303391,-1.51701867791887,-0.968083083690768,0.0881761002015944,-0.0702875177693165,0.0808023197702085,0.111615316710879,-0.0889715414801475,0.102281417430644
61.95,19,2.69803494480176,-1.51772600167364,-0.967269946422194,0.0892922533687032,-0.071177233184118,0.081825133944515,0.111615316710879,-0.0889715414801475,0.102281417430644
61.96,19,2.69893344810128,-1.51844222258255,-0.966446581011877,0.090408406535812,-0.0720669485989195,0.0828479481188214,0.111615316710879,-0.0889715414801475,0.102281417430644
61.97,19,2.69984311293247,-1.51916734064562,-0.965612987459818,0.0915245597029208,-0.072956664013721,0.0838707622931278,0.111615316710879,-0.0889715414801475,0.102281417430644
61.98,19,2.70076393929534,-1.51990135586283,-0.964769165766015,0.0926407128700296,-0.0738463794285224,0.0848935764674343,0.111615316710879,-0.0889715414801475,0.102281417430644
61.99,19,2.70169592718988,-1.52064426823419,-0.963915115930469,0.0937568660371384,-0.0747360948433239,0.0859163906417407,0.111615316710879,-0.0889715414801475,0.102281417430644
62,19,2.70263907661608,-1.52139607775969,-0.96305083795318,0.0948730192042472,-0.0756258102581254,0.0869392048160471,0.111615316710879,-0.0889715414801475,0.102281417430644
62.01,19,2.70359338757396,-1.52215678443935,-0.962176331834148,0.095989172371356,-0.0765155256729269,0.0879620189903536,0.111615316710879,-0.0889715414801475,0.102281417430644
62.02,19,2.70455886006351,-1.52292638827315,-0.961291597573373,0.0971053255384648,-0.0774052410877283,0.08898483316466,0.111615316710879,-0.0889715414801475,0.102281417430644
62.03,19,2.70553549408473,-1.5237048892611,-0.960396635170855,0.0982214787055735,-0.0782949565025298,0.0900076473389664,0.111615316710879,-0.0889715414801475,0.102281417430644
62.04,19,2.70652328963762,-1.5244922874032,-0.959491444626594,0.0993376318726823,-0.0791846719173313,0.0910304615132729,0.111615316710879,-0.0889715414801475,0.102281417430644
62.05,19,2.70752224672218,-1.52528858269945,-0.958576025940589,0.100453785039791,-0.0800743873321328,0.0920532756875793,0.111615316710879,-0.0889715414801475,0.102281417430644
62.06,19,2.70853236533842,-1.52609377514985,-0.957650379112842,0.1015699382069,-0.0809641027469342,0.0930760898618858,0.111615316710879,-0.0889715414801475,0.102281417430644
62.07,19,2.70955364548632,-1.52690786475439,-0.956714504143352,0.102686091374009,-0.0818538181617357,0.0940989040361922,0.111615316710879,-0.0889715414801475,0.102281417430644
62.08,19,2.7105860871659,-1.52773085151308,-0.955768401032118,0.103802244541117,-0.0827435335765372,0.0951217182104986,0.111615316710879,-0.0889715414801475,0.102281417430644
62.09,19,2.71162969037714,-1.52856273542592,-0.954812069779142,0.104918397708226,-0.0836332489913387,0.0961445323848051,0.111615316710879,-0.0889715414801475,0.102281417430644
62.1,19,2.71268445512006,-1.52940351649291,-0.953845510384422,0.106034550875335,-0.0845229644061402,0.0971673465591115,0.111615316710879,-0.0889715414801475,0.102281417430644
62.11,19,2.71375038139465,-1.53025319471404,-0.952868722847959,0.107150704042444,-0.0854126798209416,0.0981901607334179,0.111615316710879,-0.0889715414801475,0.102281417430644
62.12,19,2.71482746920091,-1.53111177008933,-0.951881707169754,0.108266857209553,-0.0863023952357431,0.0992129749077244,0.111615316710879,-0.0889715414801475,0.102281417430644
62.13,19,2.71591571853884,-1.53197924261876,-0.950884463349805,0.109383010376661,-0.0871921106505446,0.100235789082031,0.111615316710879,-0.0889715414801475,0.102281417430644
62.14,19,2.71701512940844,-1.53285561230234,-0.949876991388113,0.11049916354377,-0.088081826065346,0.101258603256337,0.111615316710879,-0.0889715414801475,0.102281417430644
62.15,19,2.71812570180972,-1.53374087914006,-0.948859291284678,0.111615316710879,-0.0889715414801475,0.102281417430644,0.111615316710879,-0.0889715414801475,0.102281417430644
62.16,19,2.71924743574266,-1.53463504313194,-0.9478313630395,0.112731469877988,-0.089861256894949,0.10330423160495,0.111615316710879,-0.0889715414801475,0.102281417430644
62.17,19,2.72038033120728,-1.53553810427796,-0.946793206652579,0.113847623045097,-0.0907509723097505,0.104327045779257,0.111615316710879,-0.0889715414801475,0.102281417430644
62.18,19,2.72152438820356,-1.53645006257813,-0.945744822123915,0.114963776212205,-0.0916406877245519,0.105349859953563,0.111615316710879,-0.0889715414801475,0.102281417430644
62.19,19,2.72267960673152,-1.53737091803245,-0.944686209453508,0.116079929379314,-0.0925304031393534,0.106372674127869,0.111615316710879,-0.0889715414801475,0.102281417430644
62.2,19,2.72384598679115,-1.53830067064092,-0.943617368641358,0.117196082546423,-0.0934201185541549,0.107395488302176,0.111615316710879,-0.0889715414801475,0.102281417430644
62.21,19,2.72502352838245,-1.53923932040354,-0.942538299687464,0.118312235713532,-0.0943098339689564,0.108418302476482,0.111615316710879,-0.0889715414801475,0.102281417430644
62.22,19,2.72621223150542,-1.5401868673203,-0.941449002591828,0.119428388880641,-0.0951995493837579,0.109441116650789,0.111615316710879,-0.0889715414801475,0.102281417430644
62.23,19,2.72741209616006,-1.54114331139121,-0.940349477354449,0.120544542047749,-0.0960892647985593,0.110463930825095,0.111615316710879,-0.0889715414801475,0.102281417430644
62.24,19,2.72862312234638,-1.54210865261627,-0.939239723975326,0.121660695214858,-0.0969789802133608,0.111486744999402,0.111615316710879,-0.0889715414801475,0.102281417430644
62.25,19,2.72984531006436,-1.54308289099548,-0.938119742454461,0.122776848381967,-0.0978686956281623,0.112509559173708,0.111615316710879,-0.0889715414801475,0.102281417430644
62.26,19,2.73107865931401,-1.54406602652884,-0.936989532791852,0.123893001549076,-0.0987584110429638,0.113532373348014,0.111615316710879,-0.0889715414801475,0.102281417430644
62.27,19,2.73232317009534,-1.54505805921634,-0.9358490949875,0.125009154716185,-0.0996481264577652,0.114555187522321,0.111615316710879,-0.0889715414801475,0.102281417430644
62.28,19,2.73357884240834,-1.54605898905799,-0.934698429041406,0.126125307883293,-0.100537841872567,0.115578001696627,0.111615316710879,-0.0889715414801475,0.102281417430644
62.29,19,2.73484567625301,-1.54706881605379,-0.933537534953568,0.127241461050402,-0.101427557287368,0.116600815870934,0.111615316710879,-0.0889715414801475,0.102281417430644
62.3,19,2.73612367162935,-1.54808754020374,-0.932366412723987,0.128357614217511,-0.10231727270217,0.11762363004524,0.111615316710879,-0.0889715414801475,0.102281417430644
62.31,19,2.73741282853736,-1.54911516150783,-0.931185062352663,0.12947376738462,-0.103206988116971,0.118646444219547,0.111615316710879,-0.0889715414801475,0.102281417430644
62.32,19,2.73871314697704,-1.55015167996608,-0.929993483839596,0.130589920551728,-0.104096703531773,0.119669258393853,0.111615316710879,-0.0889715414801475,0.102281417430644
62.33,19,2.74002462694839,-1.55119709557847,-0.928791677184786,0.131706073718837,-0.104986418946574,0.12069207256816,0.111615316710879,-0.0889715414801475,0.102281417430644
62.34,19,2.74134726845142,-1.55225140834501,-0.927579642388233,0.132822226885946,-0.105876134361376,0.121714886742466,0.111615316710879,-0.0889715414801475,0.102281417430644
62.35,19,2.74268107148611,-1.5533146182657,-0.926357379449937,0.133938380053055,-0.106765849776177,0.122737700916772,0.111615316710879,-0.0889715414801475,0.102281417430644
62.36,19,2.74402603605248,-1.55438672534053,-0.925124888369897,0.135054533220164,-0.107655565190978,0.123760515091079,0.111615316710879,-0.0889715414801475,0.102281417430644
62.37,19,2.74538216215051,-1.55546772956952,-0.923882169148115,0.136170686387272,-0.10854528060578,0.124783329265385,0.111615316710879,-0.0889715414801475,0.102281417430644
62.38,19,2.74674944978022,-1.55655763095265,-0.92262922178459,0.137286839554381,-0.109434996020581,0.125806143439692,0.111615316710879,-0.0889715414801475,0.102281417430644
62.39,19,2.7481278989416,-1.55765642948993,-0.921366046279321,0.13840299272149,-0.110324711435383,0.126828957613998,0.111615316710879,-0.0889715414801475,0.102281417430644
62.4,19,2.74951750963465,-1.55876412518136,-0.92009264263231,0.139519145888599,-0.111214426850184,0.127851771788305,0.111615316710879,-0.0889715414801475,0.102281417430644
62.41,19,2.75091828185937,-1.55988071802693,-0.918809010843555,0.140635299055708,-0.112104142264986,0.128874585962611,0.111615316710879,-0.0889715414801475,0.102281417430644
62.42,19,2.75233021561577,-1.56100620802666,-0.917515150913057,0.141751452222816,-0.112993857679787,0.129897400136917,0.111615316710879,-0.0889715414801475,0.102281417430644
62.43,19,2.75375331090383,-1.56214059518053,-0.916211062840817,0.142867605389925,-0.113883573094589,0.130920214311224,0.111615316710879,-0.0889715414801475,0.102281417430644
62.44,19,2.75518756772356,-1.56328387948855,-0.914896746626833,0.143983758557034,-0.11477328850939,0.13194302848553,0.111615316710879,-0.0889715414801475,0.102281417430644
62.45,19,2.75663298607497,-1.56443606095071,-0.913572202271106,0.145099911724143,-0.115663003924192,0.132965842659837,0.111615316710879,-0.0889715414801475,0.102281417430644
62.46,19,2.75808956595805,-1.56559713956703,-0.912237429773636,0.146216064891252,-0.116552719338993,0.133988656834143,0.111615316710879,-0.0889715414801475,0.102281417430644
62.47,19,2.7595573073728,-1.56676711533749,-0.910892429134423,0.14733221805836,-0.117442434753795,0.13501147100845,0.111615316710879,-0.0889715414801475,0.102281417430644
62.48,19,2.76103621031921,-1.56794598826211,-0.909537200353467,0.148448371225469,-0.118332150168596,0.136034285182756,0.111615316710879,-0.0889715414801475,0.102281417430644
62.49,19,2.7625262747973,-1.56913375834087,-0.908171743430768,0.149564524392578,-0.119221865583398,0.137057099357063,0.111615316710879,-0.0889715414801475,0.102281417430644
62.5,19,2.76402750080707,-1.57033042557377,-0.906796058366326,0.150680677559687,-0.120111580998199,0.138079913531369,0.111615316710879,-0.0889715414801475,0.102281417430644
62.51,19,2.7655398883485,-1.57153598996083,-0.905410145160141,0.151796830726795,-0.121001296413001,0.139102727705675,0.111615316710879,-0.0889715414801475,0.102281417430644
62.52,19,2.7670634374216,-1.57275045150203,-0.904014003812212,0.152912983893904,-0.121891011827802,0.140125541879982,0.111615316710879,-0.0889715414801475,0.102281417430644
62.53,19,2.76859814802638,-1.57397381019739,-0.902607634322541,0.154029137061013,-0.122780727242604,0.141148356054288,0.111615316710879,-0.0889715414801475,0.102281417430644
62.54,19,2.77014402016282,-1.57520606604689,-0.901191036691127,0.155145290228122,-0.123670442657405,0.142171170228595,0.111615316710879,-0.0889715414801475,0.102281417430644
62.55,19,2.77170105383094,-1.57644721905053,-0.899764210917969,0.156261443395231,-0.124560158072207,0.143193984402901,0.111615316710879,-0.0889715414801475,0.102281417430644
62.56,19,2.77326924903073,-1.57769726920833,-0.898327157003069,0.157377596562339,-0.125449873487008,0.144216798577208,0.111615316710879,-0.0889715414801475,0.102281417430644
62.57,19,2.77484860576219,-1.57895621652027,-0.896879874946425,0.158493749729448,-0.126339588901809,0.145239612751514,0.111615316710879,-0.0889715414801475,0.102281417430644
62.58,19,2.77643912402532,-1.58022406098637,-0.895422364748038,0.159609902896557,-0.127229304316611,0.14626242692582,0.111615316710879,-0.0889715414801475,0.102281417430644
62.59,19,2.77804080382012,-1.58150080260661,-0.893954626407909,0.160726056063666,-0.128119019731412,0.147285241100127,0.111615316710879,-0.0889715414801475,0.102281417430644
62.6,19,2.77965364514659,-1.582786441381,-0.892476659926036,0.161842209230775,-0.129008735146214,0.148308055274433,0.111615316710879,-0.0889715414801475,0.102281417430644
62.61,19,2.78127764800473,-1.58408097730953,-0.89098846530242,0.162958362397883,-0.129898450561015,0.14933086944874,0.111615316710879,-0.0889715414801475,0.102281417430644
62.62,19,2.78291281239455,-1.58538441039222,-0.889490042537061,0.164074515564992,-0.130788165975817,0.150353683623046,0.111615316710879,-0.0889715414801475,0.102281417430644
62.63,19,2.78455913831603,-1.58669674062905,-0.887981391629959,0.165190668732101,-0.131677881390618,0.151376497797353,0.111615316710879,-0.0889715414801475,0.102281417430644
62.64,19,2.78621662576919,-1.58801796802003,-0.886462512581114,0.16630682189921,-0.13256759680542,0.152399311971659,0.111615316710879,-0.0889715414801475,0.102281417430644
62.65,19,2.78788527475402,-1.58934809256516,-0.884933405390526,0.167422975066319,-0.133457312220221,0.153422126145966,0.111615316710879,-0.0889715414801475,0.102281417430644
62.66,19,2.78956508527052,-1.59068711426443,-0.883394070058195,0.168539128233427,-0.134347027635023,0.154444940320272,0.111615316710879,-0.0889715414801475,0.102281417430644
62.67,19,2.79125605731869,-1.59203503311786,-0.88184450658412,0.169655281400536,-0.135236743049824,0.155467754494578,0.111615316710879,-0.0889715414801475,0.102281417430644
62.68,19,2.79295819089853,-1.59339184912543,-0.880284714968303,0.170771434567645,-0.136126458464626,0.156490568668885,0.111615316710879,-0.0889715414801475,0.102281417430644
62.69,19,2.79467148601004,-1.59475756228715,-0.878714695210743,0.171887587734754,-0.137016173879427,0.157513382843191,0.111615316710879,-0.0889715414801475,0.102281417430644
62.7,19,2.79639594265322,-1.59613217260302,-0.877134447311439,0.173003740901862,-0.137905889294229,0.158536197017498,0.111615316710879,-0.0889715414801475,0.102281417430644
62.71,19,2.79813156082808,-1.59751568007303,-0.875543971270393,0.174119894068971,-0.13879560470903,0.159559011191804,0.111615316710879,-0.0889715414801475,0.102281417430644
62.72,19,2.7998783405346,-1.5989080846972,-0.873943267087603,0.17523604723608,-0.139685320123832,0.160581825366111,0.111615316710879,-0.0889715414801475,0.102281417430644
62.73,19,2.8016362817728,-1.60030938647551,-0.87233233476307,0.176352200403189,-0.140575035538633,0.161604639540417,0.111615316710879,-0.0889715414801475,0.102281417430644
62.74,19,2.80340538454266,-1.60171958540797,-0.870711174296795,0.177468353570298,-0.141464750953435,0.162627453714723,0.111615316710879,-0.0889715414801475,0.102281417430644
62.75,19,2.8051856488442,-1.60313868149458,-0.869079785688776,0.178584506737406,-0.142354466368236,0.16365026788903,0.111615316710879,-0.0889715414801475,0.102281417430644
62.76,19,2.80697707467741,-1.60456667473534,-0.867438168939014,0.179700659904515,-0.143244181783038,0.164673082063336,0.111615316710879,-0.0889715414801475,0.102281417430644
62.77,19,2.80877966204229,-1.60600356513024,-0.865786324047509,0.180816813071624,-0.144133897197839,0.165695896237643,0.111615316710879,-0.0889715414801475,0.102281417430644
62.78,19,2.81059341093884,-1.60744935267929,-0.864124251014261,0.181932966238733,-0.14502361261264,0.166718710411949,0.111615316710879,-0.0889715414801475,0.102281417430644
62.79,19,2.81241832136707,-1.60890403738249,-0.86245194983927,0.183049119405842,-0.145913328027442,0.167741524586256,0.111615316710879,-0.0889715414801475,0.102281417430644
62.8,19,2.81425439332696,-1.61036761923984,-0.860769420522536,0.18416527257295,-0.146803043442243,0.168764338760562,0.111615316710879,-0.0889715414801475,0.102281417430644
62.81,19,2.81610162681853,-1.61184009825134,-0.859076663064059,0.185281425740059,-0.147692758857045,0.169787152934869,0.111615316710879,-0.0889715414801475,0.102281417430644
62.82,19,2.81796002184176,-1.61332147441698,-0.857373677463839,0.186397578907168,-0.148582474271846,0.170809967109175,0.111615316710879,-0.0889715414801475,0.102281417430644
62.83,19,2.81982957839667,-1.61481174773677,-0.855660463721876,0.187513732074277,-0.149472189686648,0.171832781283481,0.111615316710879,-0.0889715414801475,0.102281417430644
62.84,19,2.82171029648325,-1.61631091821071,-0.853937021838169,0.188629885241386,-0.150361905101449,0.172855595457788,0.111615316710879,-0.0889715414801475,0.102281417430644
62.85,19,2.8236021761015,-1.6178189858388,-0.85220335181272,0.189746038408494,-0.151251620516251,0.173878409632094,0.111615316710879,-0.0889715414801475,0.102281417430644
62.86,19,2.82550521725142,-1.61933595062104,-0.850459453645527,0.190862191575603,-0.152141335931052,0.174901223806401,0.111615316710879,-0.0889715414801475,0.102281417430644
62.87,19,2.82741941993301,-1.62086181255742,-0.848705327336592,0.191978344742712,-0.153031051345854,0.175924037980707,0.111615316710879,-0.0889715414801475,0.102281417430644
62.88,19,2.82934478414627,-1.62239657164796,-0.846940972885913,0.193094497909821,-0.153920766760655,0.176946852155014,0.111615316710879,-0.0889715414801475,0.102281417430644
62.89,19,2.83128130989121,-1.62394022789264,-0.845166390293492,0.19421065107693,-0.154810482175457,0.17796966632932,0.111615316710879,-0.0889715414801475,0.102281417430644
62.9,19,2.83322899716781,-1.62549278129147,-0.843381579559327,0.195326804244038,-0.155700197590258,0.178992480503626,0.111615316710879,-0.0889715414801475,0.102281417430644
62.91,19,2.83518784597609,-1.62705423184444,-0.841586540683419,0.196442957411147,-0.15658991300506,0.180015294677933,0.111615316710879,-0.0889715414801475,0.102281417430644
62.92,19,2.83715785631603,-1.62862457955157,-0.839781273665768,0.197559110578256,-0.157479628419861,0.181038108852239,0.111615316710879,-0.0889715414801475,0.102281417430644
62.93,19,2.83913902818765,-1.63020382441284,-0.837965778506374,0.198675263745365,-0.158369343834663,0.182060923026546,0.111615316710879,-0.0889715414801475,0.102281417430644
62.94,19,2.84113136159094,-1.63179196642826,-0.836140055205237,0.199791416912473,-0.159259059249464,0.183083737200852,0.111615316710879,-0.0889715414801475,0.102281417430644
62.95,19,2.8431348565259,-1.63338900559783,-0.834304103762357,0.200907570079582,-0.160148774664266,0.184106551375159,0.111615316710879,-0.0889715414801475,0.102281417430644
62.96,19,2.84514951299253,-1.63499494192155,-0.832457924177734,0.202023723246691,-0.161038490079067,0.185129365549465,0.111615316710879,-0.0889715414801475,0.102281417430644
62.97,19,2.84717533099084,-1.63660977539941,-0.830601516451368,0.2031398764138,-0.161928205493868,0.186152179723772,0.111615316710879,-0.0889715414801475,0.102281417430644
62.98,19,2.84921231052081,-1.63823350603142,-0.828734880583259,0.204256029580909,-0.16281792090867,0.187174993898078,0.111615316710879,-0.0889715414801475,0.102281417430644
62.99,19,2.85126045158245,-1.63986613381758,-0.826858016573406,0.205372182748017,-0.163707636323471,0.188197808072384,0.111615316710879,-0.0889715414801475,0.102281417430644
63,19,2.85331975417577,-1.64150765875789,-0.824970924421811,0.206488335915126,-0.164597351738273,0.189220622246691,0.111615316710879,-0.0889715414801475,0.102281417430644
63.01,19,2.85539021830076,-1.64315808085235,-0.823073604128473,0.207604489082235,-0.165487067153074,0.190243436420997,0.111615316710879,-0.0889715414801475,0.102281417430644
63.02,19,2.85747184395741,-1.64481740010095,-0.821166055693391,0.208720642249344,-0.166376782567876,0.191266250595304,0.111615316710879,-0.0889715414801475,0.102281417430644
63.03,19,2.85956463114574,-1.64648561650371,-0.819248279116567,0.209836795416453,-0.167266497982677,0.19228906476961,0.111615316710879,-0.0889715414801475,0.102281417430644
63.04,19,2.86166857986574,-1.64816273006061,-0.817320274397999,0.210952948583561,-0.168156213397479,0.193311878943917,0.111615316710879,-0.0889715414801475,0.102281417430644
63.05,19,2.86378369011741,-1.64984874077166,-0.815382041537688,0.21206910175067,-0.16904592881228,0.194334693118223,0.111615316710879,-0.0889715414801475,0.102281417430644
63.06,19,2.86590996190076,-1.65154364863685,-0.813433580535634,0.213185254917779,-0.169935644227082,0.195357507292529,0.111615316710879,-0.0889715414801475,0.102281417430644
63.07,19,2.86804739521577,-1.6532474536562,-0.811474891391838,0.214301408084888,-0.170825359641883,0.196380321466836,0.111615316710879,-0.0889715414801475,0.102281417430644
63.08,19,2.87019599006245,-1.65496015582969,-0.809505974106298,0.215417561251997,-0.171715075056685,0.197403135641142,0.111615316710879,-0.0889715414801475,0.102281417430644
63.09,19,2.87235574644081,-1.65668175515733,-0.807526828679015,0.216533714419105,-0.172604790471486,0.198425949815449,0.111615316710879,-0.0889715414801475,0.102281417430644
63.1,19,2.87452666435084,-1.65841225163912,-0.805537455109989,0.217649867586214,-0.173494505886288,0.199448763989755,0.111615316710879,-0.0889715414801475,0.102281417430644
63.11,19,2.87670874379253,-1.66015164527506,-0.80353785339922,0.218766020753323,-0.174384221301089,0.200471578164062,0.111615316710879,-0.0889715414801475,0.102281417430644
63.12,19,2.8789019847659,-1.66189993606514,-0.801528023546707,0.219882173920432,-0.175273936715891,0.201494392338368,0.111615316710879,-0.0889715414801475,0.102281417430644
63.13,19,2.88110638727094,-1.66365712400938,-0.799507965552452,0.22099832708754,-0.176163652130692,0.202517206512674,0.111615316710879,-0.0889715414801475,0.102281417430644
63.14,19,2.88332195130765,-1.66542320910776,-0.797477679416454,0.222114480254649,-0.177053367545494,0.203540020686981,0.111615316710879,-0.0889715414801475,0.102281417430644
63.15,19,2.88554867687604,-1.66719819136029,-0.795437165138713,0.223230633421758,-0.177943082960295,0.204562834861287,0.111615316710879,-0.0889715414801475,0.102281417430644
63.16,19,2.88778656397609,-1.66898207076696,-0.793386422719228,0.224346786588867,-0.178832798375097,0.205585649035594,0.111615316710879,-0.0889715414801475,0.102281417430644
63.17,19,2.89003561260781,-1.67077484732779,-0.791325452158001,0.225462939755976,-0.179722513789898,0.2066084632099,0.111615316710879,-0.0889715414801475,0.102281417430644
63.18,19,2.89229582277121,-1.67257652104276,-0.78925425345503,0.226579092923084,-0.180612229204699,0.207631277384207,0.111615316710879,-0.0889715414801475,0.102281417430644
63.19,19,2.89456719446627,-1.67438709191188,-0.787172826610317,0.227695246090193,-0.181501944619501,0.208654091558513,0.111615316710879,-0.0889715414801475,0.102281417430644
63.2,19,2.89684972769301,-1.67620655993515,-0.78508117162386,0.228811399257302,-0.182391660034302,0.20967690573282,0.111615316710879,-0.0889715414801475,0.102281417430644
63.21,19,2.89914342245142,-1.67803492511257,-0.78297928849566,0.229927552424411,-0.183281375449104,0.210699719907126,0.111615316710879,-0.0889715414801475,0.102281417430644
63.22,19,2.9014482787415,-1.67987218744413,-0.780867177225717,0.23104370559152,-0.184171090863905,0.211722534081432,0.111615316710879,-0.0889715414801475,0.102281417430644
63.23,19,2.90376429656325,-1.68171834692985,-0.778744837814032,0.232159858758628,-0.185060806278707,0.212745348255739,0.111615316710879,-0.0889715414801475,0.102281417430644
63.24,19,2.90609147591667,-1.68357340356971,-0.776612270260603,0.233276011925737,-0.185950521693508,0.213768162430045,0.111615316710879,-0.0889715414801475,0.102281417430644
63.25,19,2.90842981680177,-1.68543735736372,-0.774469474565431,0.234392165092846,-0.18684023710831,0.214790976604352,0.111615316710879,-0.0889715414801475,0.102281417430644
63.26,19,2.91077931921853,-1.68731020831187,-0.772316450728516,0.235508318259955,-0.187729952523111,0.215813790778658,0.111615316710879,-0.0889715414801475,0.102281417430644
63.27,19,2.91313998316696,-1.68919195641418,-0.770153198749857,0.236624471427064,-0.188619667937913,0.216836604952965,0.111615316710879,-0.0889715414801475,0.102281417430644
63.28,19,2.91551180864707,-1.69108260167063,-0.767979718629456,0.237740624594172,-0.189509383352714,0.217859419127271,0.111615316710879,-0.0889715414801475,0.102281417430644
63.29,19,2.91789479565885,-1.69298214408123,-0.765796010367312,0.238856777761281,-0.190399098767516,0.218882233301577,0.111615316710879,-0.0889715414801475,0.102281417430644
63.3,19,2.9202889442023,-1.69489058364598,-0.763602073963425,0.23997293092839,-0.191288814182317,0.219905047475884,0.111615316710879,-0.0889715414801475,0.102281417430644
63.31,19,2.92269425427742,-1.69680792036488,-0.761397909417794,0.241089084095499,-0.192178529597119,0.22092786165019,0.111615316710879,-0.0889715414801475,0.102281417430644
63.32,19,2.92511072588421,-1.69873415423792,-0.759183516730421,0.242205237262607,-0.19306824501192,0.221950675824497,0.111615316710879,-0.0889715414801475,0.102281417430644
63.33,19,2.92753835902267,-1.70066928526512,-0.756958895901304,0.243321390429716,-0.193957960426722,0.222973489998803,0.111615316710879,-0.0889715414801475,0.102281417430644
63.34,19,2.9299771536928,-1.70261331344646,-0.754724046930445,0.244437543596825,-0.194847675841523,0.22399630417311,0.111615316710879,-0.0889715414801475,0.102281417430644
63.35,19,2.9324271098946,-1.70456623878195,-0.752478969817842,0.245553696763934,-0.195737391256325,0.225019118347416,0.111615316710879,-0.0889715414801475,0.102281417430644
63.36,19,2.93488822762808,-1.70652806127158,-0.750223664563497,0.246669849931043,-0.196627106671126,0.226041932521723,0.111615316710879,-0.0889715414801475,0.102281417430644
63.37,19,2.93736050689323,-1.70849878091537,-0.747958131167408,0.247786003098151,-0.197516822085928,0.227064746696029,0.111615316710879,-0.0889715414801475,0.102281417430644
63.38,19,2.93984394769004,-1.7104783977133,-0.745682369629576,0.24890215626526,-0.198406537500729,0.228087560870335,0.111615316710879,-0.0889715414801475,0.102281417430644
63.39,19,2.94233855001853,-1.71246691166538,-0.743396379950001,0.250018309432369,-0.19929625291553,0.229110375044642,0.111615316710879,-0.0889715414801475,0.102281417430644
63.4,19,2.94484431387869,-1.71446432277161,-0.741100162128683,0.251134462599478,-0.200185968330332,0.230133189218948,0.111615316710879,-0.0889715414801475,0.102281417430644
63.41,19,2.94736123927052,-1.71647063103199,-0.738793716165622,0.252250615766587,-0.201075683745133,0.231156003393255,0.111615316710879,-0.0889715414801475,0.102281417430644
63.42,19,2.94988932619402,-1.71848583644652,-0.736477042060818,0.253366768933695,-0.201965399159935,0.232178817567561,0.111615316710879,-0.0889715414801475,0.102281417430644
63.43,19,2.95242857464919,-1.72050993901519,-0.734150139814271,0.254482922100804,-0.202855114574736,0.233201631741868,0.111615316710879,-0.0889715414801475,0.102281417430644
63.44,19,2.95497898463604,-1.72254293873801,-0.731813009425981,0.255599075267913,-0.203744829989538,0.234224445916174,0.111615316710879,-0.0889715414801475,0.102281417430644
63.45,19,2.95754055615455,-1.72458483561498,-0.729465650895947,0.256715228435022,-0.204634545404339,0.23524726009048,0.111615316710879,-0.0889715414801475,0.102281417430644
63.46,19,2.96011328920474,-1.7266356296461,-0.727108064224171,0.257831381602131,-0.205524260819141,0.236270074264787,0.111615316710879,-0.0889715414801475,0.102281417430644
63.47,19,2.9626971837866,-1.72869532083136,-0.724740249410652,0.258947534769239,-0.206413976233942,0.237292888439093,0.111615316710879,-0.0889715414801475,0.102281417430644
63.48,19,2.96529223990012,-1.73076390917078,-0.722362206455389,0.260063687936348,-0.207303691648744,0.2383157026134,0.111615316710879,-0.0889715414801475,0.102281417430644
63.49,19,2.96789845754532,-1.73284139466434,-0.719973935358384,0.261179841103457,-0.208193407063545,0.239338516787706,0.111615316710879,-0.0889715414801475,0.102281417430644
63.5,19,2.97051583672219,-1.73492777731205,-0.717575436119635,0.262295994270566,-0.209083122478347,0.240361330962013,0.111615316710879,-0.0889715414801475,0.102281417430644
63.51,19,2.97314437743073,-1.7370230571139,-0.715166708739144,0.263412147437674,-0.209972837893148,0.241384145136319,0.111615316710879,-0.0889715414801475,0.102281417430644
63.52,19,2.97578407967095,-1.73912723406991,-0.712747753216909,0.264528300604783,-0.21086255330795,0.242406959310626,0.111615316710879,-0.0889715414801475,0.102281417430644
63.53,19,2.97843494344283,-1.74124030818006,-0.710318569552931,0.265644453771892,-0.211752268722751,0.243429773484932,0.111615316710879,-0.0889715414801475,0.102281417430644
63.54,19,2.98109696874638,-1.74336227944437,-0.70787915774721,0.266760606939001,-0.212641984137553,0.244452587659238,0.111615316710879,-0.0889715414801475,0.102281417430644
63.55,19,2.98377015558161,-1.74549314786282,-0.705429517799746,0.26787676010611,-0.213531699552354,0.245475401833545,0.111615316710879,-0.0889715414801475,0.102281417430644
63.56,19,2.98645450394851,-1.74763291343541,-0.702969649710539,0.268992913273218,-0.214421414967156,0.246498216007851,0.111615316710879,-0.0889715414801475,0.102281417430644
63.57,19,2.98915001384707,-1.74978157616216,-0.700499553479589,0.270109066440327,-0.215311130381957,0.247521030182158,0.111615316710879,-0.0889715414801475,0.102281417430644
63.58,19,2.99185668527731,-1.75193913604305,-0.698019229106896,0.271225219607436,-0.216200845796758,0.248543844356464,0.111615316710879,-0.0889715414801475,0.102281417430644
63.59,19,2.99457451823922,-1.75410559307809,-0.69552867659246,0.272341372774545,-0.21709056121156,0.249566658530771,0.111615316710879,-0.0889715414801475,0.102281417430644
63.6,19,2.9973035127328,-1.75628094726728,-0.693027895936281,0.273457525941654,-0.217980276626361,0.250589472705077,0.111615316710879,-0.0889715414801475,0.102281417430644
63.61,19,3.00004366875806,-1.75846519861062,-0.690516887138358,0.274573679108762,-0.218869992041163,0.251612286879383,0.111615316710879,-0.0889715414801475,0.102281417430644
63.62,19,3.00279498631498,-1.76065834710811,-0.687995650198693,0.275689832275871,-0.219759707455964,0.25263510105369,0.111615316710879,-0.0889715414801475,0.102281417430644
63.63,19,3.00555746540357,-1.76286039275974,-0.685464185117284,0.27680598544298,-0.220649422870766,0.253657915227996,0.111615316710879,-0.0889715414801475,0.102281417430644
63.64,19,3.00833110602384,-1.76507133556552,-0.682922491894133,0.277922138610089,-0.221539138285567,0.254680729402303,0.111615316710879,-0.0889715414801475,0.102281417430644
63.65,19,3.01111590817577,-1.76729117552545,-0.680370570529238,0.279038291777198,-0.222428853700369,0.255703543576609,0.111615316710879,-0.0889715414801475,0.102281417430644
63.66,19,3.01391187185938,-1.76951991263953,-0.677808421022601,0.280154444944306,-0.22331856911517,0.256726357750916,0.111615316710879,-0.0889715414801475,0.102281417430644
63.67,19,3.01671899707466,-1.77175754690775,-0.67523604337422,0.281270598111415,-0.224208284529972,0.257749171925222,0.111615316710879,-0.0889715414801475,0.102281417430644
63.68,19,3.01953728382161,-1.77400407833013,-0.672653437584096,0.282386751278524,-0.225097999944773,0.258771986099529,0.111615316710879,-0.0889715414801475,0.102281417430644
63.69,19,3.02236673210023,-1.77625950690665,-0.67006060365223,0.283502904445633,-0.225987715359575,0.259794800273835,0.111615316710879,-0.0889715414801475,0.102281417430644
63.7,19,3.02520734191052,-1.77852383263732,-0.66745754157862,0.284619057612742,-0.226877430774376,0.260817614448141,0.111615316710879,-0.0889715414801475,0.102281417430644
63.71,19,3.02805911325249,-1.78079705552214,-0.664844251363267,0.28573521077985,-0.227767146189178,0.261840428622448,0.111615316710879,-0.0889715414801475,0.102281417430644
63.72,19,3.03092204612612,-1.7830791755611,-0.662220733006171,0.286851363946959,-0.228656861603979,0.262863242796754,0.111615316710879,-0.0889715414801475,0.102281417430644
63.73,19,3.03379614053143,-1.78537019275422,-0.659586986507332,0.287967517114068,-0.229546577018781,0.263886056971061,0.111615316710879,-0.0889715414801475,0.102281417430644
63.74,19,3.0366813964684,-1.78767010710148,-0.65694301186675,0.289083670281177,-0.230436292433582,0.264908871145367,0.111615316710879,-0.0889715414801475,0.102281417430644
63.75,19,3.03957781393705,-1.78997891860289,-0.654288809084424,0.290199823448285,-0.231326007848384,0.265931685319674,0.111615316710879,-0.0889715414801475,0.102281417430644
63.76,19,3.04248539293737,-1.79229662725845,-0.651624378160356,0.291315976615394,-0.232215723263185,0.26695449949398,0.111615316710879,-0.0889715414801475,0.102281417430644
63.77,19,3.04540413346936,-1.79462323306815,-0.648949719094545,0.292432129782503,-0.233105438677987,0.267977313668286,0.111615316710879,-0.0889715414801475,0.102281417430644
63.78,19,3.04833403553302,-1.79695873603201,-0.64626483188699,0.293548282949612,-0.233995154092788,0.269000127842593,0.111615316710879,-0.0889715414801475,0.102281417430644
63.79,19,3.05127509912835,-1.79930313615001,-0.643569716537693,0.294664436116721,-0.234884869507589,0.270022942016899,0.111615316710879,-0.0889715414801475,0.102281417430644
63.8,19,3.05422732425535,-1.80165643342216,-0.640864373046652,0.295780589283829,-0.235774584922391,0.271045756191206,0.111615316710879,-0.0889715414801475,0.102281417430644
63.81,19,3.05719071091403,-1.80401862784846,-0.638148801413869,0.296896742450938,-0.236664300337192,0.272068570365512,0.111615316710879,-0.0889715414801475,0.102281417430644
63.82,19,3.06016525910437,-1.8063897194289,-0.635423001639342,0.298012895618047,-0.237554015751994,0.273091384539819,0.111615316710879,-0.0889715414801475,0.102281417430644
63.83,19,3.06315096882639,-1.8087697081635,-0.632686973723072,0.299129048785156,-0.238443731166795,0.274114198714125,0.111615316710879,-0.0889715414801475,0.102281417430644
63.84,19,3.06614784008007,-1.81115859405224,-0.62994071766506,0.300245201952265,-0.239333446581597,0.275137012888432,0.111615316710879,-0.0889715414801475,0.102281417430644
63.85,19,3.06915587286543,-1.81355637709513,-0.627184233465304,0.301361355119373,-0.240223161996398,0.276159827062738,0.111615316710879,-0.0889715414801475,0.102281417430644
63.86,19,3.07217506718246,-1.81596305729217,-0.624417521123805,0.302477508286482,-0.2411128774112,0.277182641237044,0.111615316710879,-0.0889715414801475,0.102281417430644
63.87,19,3.07520542303116,-1.81837863464335,-0.621640580640563,0.303593661453591,-0.242002592826001,0.278205455411351,0.111615316710879,-0.0889715414801475,0.102281417430644
63.88,19,3.07824694041153,-1.82080310914869,-0.618853412015578,0.3047098146207,-0.242892308240803,0.279228269585657,0.111615316710879,-0.0889715414801475,0.102281417430644
63.89,19,3.08129961932358,-1.82323648080817,-0.61605601524885,0.305825967787809,-0.243782023655604,0.280251083759964,0.111615316710879,-0.0889715414801475,0.102281417430644
63.9,19,3.08436345976729,-1.8256787496218,-0.613248390340378,0.306942120954917,-0.244671739070406,0.28127389793427,0.111615316710879,-0.0889715414801475,0.102281417430644
63.91,19,3.08743846174267,-1.82812991558958,-0.610430537290164,0.308058274122026,-0.245561454485207,0.282296712108577,0.111615316710879,-0.0889715414801475,0.102281417430644
63.92,19,3.09052462524973,-1.8305899787115,-0.607602456098207,0.309174427289135,-0.246451169900009,0.283319526282883,0.111615316710879,-0.0889715414801475,0.102281417430644
63.93,19,3.09362195028846,-1.83305893898758,-0.604764146764507,0.310290580456244,-0.24734088531481,0.284342340457189,0.111615316710879,-0.0889715414801475,0.102281417430644
63.94,19,3.09673043685885,-1.8355367964178,-0.601915609289063,0.311406733623352,-0.248230600729612,0.285365154631496,0.111615316710879,-0.0889715414801475,0.102281417430644
63.95,19,3.09985008496092,-1.83802355100217,-0.599056843671877,0.312522886790461,-0.249120316144413,0.286387968805802,0.111615316710879,-0.0889715414801475,0.102281417430644
63.96,19,3.10298089459466,-1.84051920274069,-0.596187849912947,0.31363903995757,-0.250010031559215,0.287410782980109,0.111615316710879,-0.0889715414801475,0.102281417430644
63.97,19,3.10612286576007,-1.84302375163335,-0.593308628012275,0.314755193124679,-0.250899746974016,0.288433597154415,0.111615316710879,-0.0889715414801475,0.102281417430644
63.98,19,3.10927599845716,-1.84553719768017,-0.590419177969859,0.315871346291788,-0.251789462388817,0.289456411328722,0.111615316710879,-0.0889715414801475,0.102281417430644
63.99,19,3.11244029268591,-1.84805954088113,-0.5875194997857,0.316987499458896,-0.252679177803619,0.290479225503028,0.111615316710879,-0.0889715414801475,0.102281417430644
64,19,3.11561574844634,-1.85059078123624,-0.584609593459798,0.318103652626005,-0.25356889321842,0.291502039677335,0.111615316710879,-0.0889715414801475,0.102281417430644
64.01,19,3.11880236573843,-1.8531309187455,-0.581689458992154,0.319219805793114,-0.254458608633222,0.292524853851641,0.111615316710879,-0.0889715414801475,0.102281417430644
64.02,19,3.1220001445622,-1.8556799534089,-0.578759096382766,0.320335958960223,-0.255348324048023,0.293547668025947,0.111615316710879,-0.0889715414801475,0.102281417430644
64.03,19,3.12520908491764,-1.85823788522646,-0.575818505631635,0.321452112127332,-0.256238039462825,0.294570482200254,0.111615316710879,-0.0889715414801475,0.102281417430644
64.04,19,3.12842918680474,-1.86080471419816,-0.57286768673876,0.32256826529444,-0.257127754877626,0.29559329637456,0.111615316710879,-0.0889715414801475,0.102281417430644
64.05,19,3.13166045022352,-1.86338044032401,-0.569906639704143,0.323684418461549,-0.258017470292428,0.296616110548867,0.111615316710879,-0.0889715414801475,0.102281417430644
64.06,19,3.13490287517397,-1.86596506360401,-0.566935364527783,0.324800571628658,-0.258907185707229,0.297638924723173,0.111615316710879,-0.0889715414801475,0.102281417430644
64.07,19,3.1381564616561,-1.86855858403815,-0.56395386120968,0.325916724795767,-0.259796901122031,0.29866173889748,0.111615316710879,-0.0889715414801475,0.102281417430644
64.08,19,3.14142120966989,-1.87116100162645,-0.560962129749834,0.327032877962876,-0.260686616536832,0.299684553071786,0.111615316710879,-0.0889715414801475,0.102281417430644
64.09,19,3.14469711921535,-1.87377231636889,-0.557960170148244,0.328149031129984,-0.261576331951634,0.300707367246092,0.111615316710879,-0.0889715414801475,0.102281417430644
64.1,19,3.14798419029249,-1.87639252826548,-0.554947982404912,0.329265184297093,-0.262466047366435,0.301730181420399,0.111615316710879,-0.0889715414801475,0.102281417430644
64.11,19,3.1512824229013,-1.87902163731622,-0.551925566519836,0.330381337464202,-0.263355762781237,0.302752995594705,0.111615316710879,-0.0889715414801475,0.102281417430644
64.12,19,3.15459181704177,-1.88165964352111,-0.548892922493017,0.331497490631311,-0.264245478196038,0.303775809769012,0.111615316710879,-0.0889715414801475,0.102281417430644
64.13,19,3.15791237271392,-1.88430654688014,-0.545850050324456,0.33261364379842,-0.26513519361084,0.304798623943318,0.111615316710879,-0.0889715414801475,0.102281417430644
64.14,19,3.16124408991774,-1.88696234739332,-0.542796950014151,0.333729796965528,-0.266024909025641,0.305821438117625,0.111615316710879,-0.0889715414801475,0.102281417430644
64.15,19,3.16458696865323,-1.88962704506065,-0.539733621562103,0.334845950132637,-0.266914624440443,0.306844252291931,0.111615316710879,-0.0889715414801475,0.102281417430644
64.16,19,3.16794100892039,-1.89230063988213,-0.536660064968312,0.335962103299746,-0.267804339855244,0.307867066466238,0.111615316710879,-0.0889715414801475,0.102281417430644
64.17,19,3.17130621071923,-1.89498313185776,-0.533576280232779,0.337078256466855,-0.268694055270046,0.308889880640544,0.111615316710879,-0.0889715414801475,0.102281417430644
64.18,19,3.17468257404973,-1.89767452098753,-0.530482267355502,0.338194409633963,-0.269583770684847,0.30991269481485,0.111615316710879,-0.0889715414801475,0.102281417430644
64.19,19,3.17807009891191,-1.90037480727146,-0.527378026336482,0.339310562801072,-0.270473486099648,0.310935508989157,0.111615316710879,-0.0889715414801475,0.102281417430644
64.2,19,3.18146878530575,-1.90308399070953,-0.524263557175718,0.340426715968181,-0.27136320151445,0.311958323163463,0.111615316710879,-0.0889715414801475,0.102281417430644
64.21,19,3.18487863323127,-1.90580207130174,-0.521138859873212,0.34154286913529,-0.272252916929251,0.31298113733777,0.111615316710879,-0.0889715414801475,0.102281417430644
64.22,19,3.18829964268846,-1.90852904904811,-0.518003934428963,0.342659022302399,-0.273142632344053,0.314003951512076,0.111615316710879,-0.0889715414801475,0.102281417430644
64.23,19,3.19173181367732,-1.91126492394863,-0.514858780842971,0.343775175469507,-0.274032347758854,0.315026765686383,0.111615316710879,-0.0889715414801475,0.102281417430644
64.24,19,3.19517514619785,-1.91400969600329,-0.511703399115236,0.344891328636616,-0.274922063173656,0.316049579860689,0.111615316710879,-0.0889715414801475,0.102281417430644
64.25,19,3.19862964025005,-1.9167633652121,-0.508537789245757,0.346007481803725,-0.275811778588457,0.317072394034995,0.111615316710879,-0.0889715414801475,0.102281417430644
64.26,19,3.20209529583392,-1.91952593157506,-0.505361951234536,0.347123634970834,-0.276701494003259,0.318095208209302,0.111615316710879,-0.0889715414801475,0.102281417430644
64.27,19,3.20557211294947,-1.92229739509216,-0.502175885081571,0.348239788137943,-0.27759120941806,0.319118022383608,0.111615316710879,-0.0889715414801475,0.102281417430644
64.28,19,3.20905895649967,-1.92507685094736,-0.498980630960693,0.348644058694949,-0.27791346424555,0.319488485567467,-0.111615316710879,0.0889715414801475,-0.102281417430644
64.29,19,3.21253981632078,-1.92785153701274,-0.49579086017589,0.34752790552784,-0.277023748830748,0.31846567139316,-0.111615316710879,0.0889715414801475,-0.102281417430644
64.3,19,3.21600951461023,-1.93061732592397,-0.49261131753283,0.346411752360731,-0.276134033415947,0.317442857218854,-0.111615316710879,0.0889715414801475,-0.102281417430644
64.31,19,3.219468051368,-1.93337421768106,-0.489442003031513,0.345295599193622,-0.275244318001145,0.316420043044547,-0.111615316710879,0.0889715414801475,-0.102281417430644
64.32,19,3.2229154265941,-1.936122212284,-0.486282916671939,0.344179446026513,-0.274354602586344,0.315397228870241,-0.111615316710879,0.0889715414801475,-0.102281417430644
64.33,19,3.22635164028853,-1.93886130973279,-0.483134058454108,0.343063292859405,-0.273464887171543,0.314374414695934,-0.111615316710879,0.0889715414801475,-0.102281417430644
64.34,19,3.22977669245129,-1.94159151002743,-0.47999542837802,0.341947139692296,-0.272575171756741,0.313351600521628,-0.111615316710879,0.0889715414801475,-0.102281417430644
64.35,19,3.23319058308237,-1.94431281316792,-0.476867026443676,0.340830986525187,-0.27168545634194,0.312328786347321,-0.111615316710879,0.0889715414801475,-0.102281417430644
64.36,19,3.23659331218179,-1.94702521915427,-0.473748852651074,0.339714833358078,-0.270795740927138,0.311305972173015,-0.111615316710879,0.0889715414801475,-0.102281417430644
64.37,19,3.23998487974954,-1.94972872798646,-0.470640907000215,0.33859868019097,-0.269906025512337,0.310283157998709,-0.111615316710879,0.0889715414801475,-0.102281417430644
64.38,19,3.24336528578561,-1.95242333966451,-0.4675431894911,0.337482527023861,-0.269016310097535,0.309260343824402,-0.111615316710879,0.0889715414801475,-0.102281417430644
64.39,19,3.24673453029001,-1.95510905418842,-0.464455700123727,0.336366373856752,-0.268126594682734,0.308237529650096,-0.111615316710879,0.0889715414801475,-0.102281417430644
64.4,19,3.25009261326275,-1.95778587155817,-0.461378438898098,0.335250220689643,-0.267236879267932,0.307214715475789,-0.111615316710879,0.0889715414801475,-0.102281417430644
64.41,19,3.25343953470381,-1.96045379177377,-0.458311405814212,0.334134067522534,-0.266347163853131,0.306191901301483,-0.111615316710879,0.0889715414801475,-0.102281417430644
64.42,19,3.2567752946132,-1.96311281483523,-0.455254600872068,0.333017914355426,-0.265457448438329,0.305169087127176,-0.111615316710879,0.0889715414801475,-0.102281417430644
64.43,19,3.26009989299091,-1.96576294074254,-0.452208024071668,0.331901761188317,-0.264567733023528,0.30414627295287,-0.111615316710879,0.0889715414801475,-0.102281417430644
64.44,19,3.26341332983696,-1.9684041694957,-0.449171675413011,0.330785608021208,-0.263678017608726,0.303123458778564,-0.111615316710879,0.0889715414801475,-0.102281417430644
64.45,19,3.26671560515134,-1.97103650109471,-0.446145554896097,0.329669454854099,-0.262788302193925,0.302100644604257,-0.111615316710879,0.0889715414801475,-0.102281417430644
64.46,19,3.27000671893404,-1.97365993553958,-0.443129662520926,0.32855330168699,-0.261898586779123,0.301077830429951,-0.111615316710879,0.0889715414801475,-0.102281417430644
64.47,19,3.27328667118508,-1.9762744728303,-0.440123998287498,0.327437148519882,-0.261008871364322,0.300055016255644,-0.111615316710879,0.0889715414801475,-0.102281417430644
64.48,19,3.27655546190444,-1.97888011296687,-0.437128562195813,0.326320995352773,-0.26011915594952,0.299032202081338,-0.111615316710879,0.0889715414801475,-0.102281417430644
64.49,19,3.27981309109213,-1.98147685594929,-0.434143354245871,0.325204842185664,-0.259229440534719,0.298009387907031,-0.111615316710879,0.0889715414801475,-0.102281417430644
64.5,19,3.28305955874816,-1.98406470177756,-0.431168374437672,0.324088689018555,-0.258339725119917,0.296986573732725,-0.111615316710879,0.0889715414801475,-0.102281417430644
64.51,19,3.2862948648725,-1.98664365045169,-0.428203622771216,0.322972535851446,-0.257450009705116,0.295963759558418,-0.111615316710879,0.0889715414801475,-0.102281417430644
64.52,19,3.28951900946518,-1.98921370197166,-0.425249099246504,0.321856382684338,-0.256560294290315,0.294940945384112,-0.111615316710879,0.0889715414801475,-0.102281417430644
64.53,19,3.29273199252619,-1.99177485633749,-0.422304803863534,0.320740229517229,-0.255670578875513,0.293918131209806,-0.111615316710879,0.0889715414801475,-0.102281417430644
64.54,19,3.29593381405553,-1.99432711354917,-0.419370736622308,0.31962407635012,-0.254780863460712,0.292895317035499,-0.111615316710879,0.0889715414801475,-0.102281417430644
64.55,19,3.29912447405319,-1.99687047360671,-0.416446897522824,0.318507923183011,-0.25389114804591,0.291872502861193,-0.111615316710879,0.0889715414801475,-0.102281417430644
64.56,19,3.30230397251919,-1.99940493651009,-0.413533286565084,0.317391770015902,-0.253001432631109,0.290849688686886,-0.111615316710879,0.0889715414801475,-0.102281417430644
64.57,19,3.30547230945351,-2.00193050225933,-0.410629903749086,0.316275616848794,-0.252111717216307,0.28982687451258,-0.111615316710879,0.0889715414801475,-0.102281417430644
64.58,19,3.30862948485616,-2.00444717085442,-0.407736749074832,0.315159463681685,-0.251222001801506,0.288804060338273,-0.111615316710879,0.0889715414801475,-0.102281417430644
64.59,19,3.31177549872715,-2.00695494229536,-0.404853822542321,0.314043310514576,-0.250332286386704,0.287781246163967,-0.111615316710879,0.0889715414801475,-0.102281417430644
64.6,19,3.31491035106646,-2.00945381658215,-0.401981124151553,0.312927157347467,-0.249442570971903,0.286758431989661,-0.111615316710879,0.0889715414801475,-0.102281417430644
64.61,19,3.3180340418741,-2.0119437937148,-0.399118653902528,0.311811004180359,-0.248552855557101,0.285735617815354,-0.111615316710879,0.0889715414801475,-0.102281417430644
64.62,19,3.32114657115006,-2.01442487369329,-0.396266411795246,0.31069485101325,-0.2476631401423,0.284712803641048,-0.111615316710879,0.0889715414801475,-0.102281417430644
64.63,19,3.32424793889436,-2.01689705651764,-0.393424397829707,0.309578697846141,-0.246773424727498,0.283689989466741,-0.111615316710879,0.0889715414801475,-0.102281417430644
64.64,19,3.32733814510699,-2.01936034218784,-0.390592612005911,0.308462544679032,-0.245883709312697,0.282667175292435,-0.111615316710879,0.0889715414801475,-0.102281417430644
64.65,19,3.33041718978794,-2.0218147307039,-0.387771054323858,0.307346391511923,-0.244993993897895,0.281644361118128,-0.111615316710879,0.0889715414801475,-0.102281417430644
64.66,19,3.33348507293722,-2.0242602220658,-0.384959724783548,0.306230238344815,-0.244104278483094,0.280621546943822,-0.111615316710879,0.0889715414801475,-0.102281417430644
64.67,19,3.33654179455484,-2.02669681627356,-0.382158623384982,0.305114085177706,-0.243214563068292,0.279598732769515,-0.111615316710879,0.0889715414801475,-0.102281417430644
64.68,19,3.33958735464078,-2.02912451332717,-0.379367750128158,0.303997932010597,-0.242324847653491,0.278575918595209,-0.111615316710879,0.0889715414801475,-0.102281417430644
64.69,19,3.34262175319505,-2.03154331322663,-0.376587105013078,0.302881778843488,-0.241435132238689,0.277553104420903,-0.111615316710879,0.0889715414801475,-0.102281417430644
64.7,19,3.34564499021765,-2.03395321597194,-0.37381668803974,0.301765625676379,-0.240545416823888,0.276530290246596,-0.111615316710879,0.0889715414801475,-0.102281417430644
64.71,19,3.34865706570858,-2.03635422156311,-0.371056499208146,0.300649472509271,-0.239655701409086,0.27550747607229,-0.111615316710879,0.0889715414801475,-0.102281417430644
64.72,19,3.35165797966783,-2.03874633000012,-0.368306538518294,0.299533319342162,-0.238765985994285,0.274484661897983,-0.111615316710879,0.0889715414801475,-0.102281417430644
64.73,19,3.35464773209542,-2.04112954128299,-0.365566805970186,0.298417166175053,-0.237876270579484,0.273461847723677,-0.111615316710879,0.0889715414801475,-0.102281417430644
64.74,19,3.35762632299133,-2.04350385541171,-0.362837301563821,0.297301013007944,-0.236986555164682,0.27243903354937,-0.111615316710879,0.0889715414801475,-0.102281417430644
64.75,19,3.36059375235558,-2.04586927238629,-0.360118025299199,0.296184859840835,-0.236096839749881,0.271416219375064,-0.111615316710879,0.0889715414801475,-0.102281417430644
64.76,19,3.36355002018815,-2.04822579220671,-0.357408977176319,0.295068706673727,-0.235207124335079,0.270393405200758,-0.111615316710879,0.0889715414801475,-0.102281417430644
64.77,19,3.36649512648905,-2.05057341487299,-0.354710157195183,0.293952553506618,-0.234317408920278,0.269370591026451,-0.111615316710879,0.0889715414801475,-0.102281417430644
64.78,19,3.36942907125828,-2.05291214038512,-0.35202156535579,0.292836400339509,-0.233427693505476,0.268347776852145,-0.111615316710879,0.0889715414801475,-0.102281417430644
64.79,19,3.37235185449584,-2.0552419687431,-0.34934320165814,0.2917202471724,-0.232537978090675,0.267324962677838,-0.111615316710879,0.0889715414801475,-0.102281417430644
64.8,19,3.37526347620173,-2.05756289994693,-0.346675066102234,0.290604094005292,-0.231648262675873,0.266302148503532,-0.111615316710879,0.0889715414801475,-0.102281417430644
64.81,19,3.37816393637595,-2.05987493399661,-0.34401715868807,0.289487940838183,-0.230758547261072,0.265279334329225,-0.111615316710879,0.0889715414801475,-0.102281417430644
64.82,19,3.3810532350185,-2.06217807089215,-0.341369479415649,0.288371787671074,-0.22986883184627,0.264256520154919,-0.111615316710879,0.0889715414801475,-0.102281417430644
64.83,19,3.38393137212937,-2.06447231063354,-0.338732028284971,0.287255634503965,-0.228979116431469,0.263233705980612,-0.111615316710879,0.0889715414801475,-0.102281417430644
64.84,19,3.38679834770858,-2.06675765322078,-0.336104805296037,0.286139481336856,-0.228089401016667,0.262210891806306,-0.111615316710879,0.0889715414801475,-0.102281417430644
64.85,19,3.38965416175611,-2.06903409865387,-0.333487810448845,0.285023328169748,-0.227199685601866,0.261188077632,-0.111615316710879,0.0889715414801475,-0.102281417430644
64.86,19,3.39249881427197,-2.07130164693282,-0.330881043743397,0.283907175002639,-0.226309970187064,0.260165263457693,-0.111615316710879,0.0889715414801475,-0.102281417430644
64.87,19,3.39533230525616,-2.07356029805761,-0.328284505179692,0.28279102183553,-0.225420254772263,0.259142449283387,-0.111615316710879,0.0889715414801475,-0.102281417430644
64.88,19,3.39815463470868,-2.07581005202826,-0.325698194757729,0.281674868668421,-0.224530539357461,0.25811963510908,-0.111615316710879,0.0889715414801475,-0.102281417430644
64.89,19,3.40096580262953,-2.07805090884476,-0.32312211247751,0.280558715501312,-0.22364082394266,0.257096820934774,-0.111615316710879,0.0889715414801475,-0.102281417430644
64.9,19,3.40376580901871,-2.08028286850712,-0.320556258339034,0.279442562334204,-0.222751108527858,0.256074006760467,-0.111615316710879,0.0889715414801475,-0.102281417430644
64.91,19,3.40655465387621,-2.08250593101532,-0.318000632342301,0.278326409167095,-0.221861393113057,0.255051192586161,-0.111615316710879,0.0889715414801475,-0.102281417430644
64.92,19,3.40933233720205,-2.08472009636938,-0.31545523448731,0.277210255999986,-0.220971677698255,0.254028378411855,-0.111615316710879,0.0889715414801475,-0.102281417430644
64.93,19,3.41209885899621,-2.08692536456929,-0.312920064774064,0.276094102832877,-0.220081962283454,0.253005564237548,-0.111615316710879,0.0889715414801475,-0.102281417430644
64.94,19,3.41485421925871,-2.08912173561505,-0.310395123202559,0.274977949665768,-0.219192246868653,0.251982750063242,-0.111615316710879,0.0889715414801475,-0.102281417430644
64.95,19,3.41759841798953,-2.09130920950666,-0.307880409772799,0.27386179649866,-0.218302531453851,0.250959935888935,-0.111615316710879,0.0889715414801475,-0.102281417430644
64.96,19,3.42033145518868,-2.09348778624412,-0.305375924484781,0.272745643331551,-0.21741281603905,0.249937121714629,-0.111615316710879,0.0889715414801475,-0.102281417430644
64.97,19,3.42305333085616,-2.09565746582744,-0.302881667338506,0.271629490164442,-0.216523100624248,0.248914307540322,-0.111615316710879,0.0889715414801475,-0.102281417430644
64.98,19,3.42576404499197,-2.09781824825661,-0.300397638333974,0.270513336997333,-0.215633385209447,0.247891493366016,-0.111615316710879,0.0889715414801475,-0.102281417430644
64.99,19,3.42846359759611,-2.09997013353163,-0.297923837471186,0.269397183830225,-0.214743669794645,0.24686867919171,-0.111615316710879,0.0889715414801475,-0.102281417430644
65,19,3.43115198866857,-2.1021131216525,-0.29546026475014,0.268281030663116,-0.213853954379844,0.245845865017403,-0.111615316710879,0.0889715414801475,-0.102281417430644
65.01,19,3.43382921820937,-2.10424721261923,-0.293006920170838,0.267164877496007,-0.212964238965042,0.244823050843097,-0.111615316710879,0.0889715414801475,-0.102281417430644
65.02,19,3.43649528621849,-2.1063724064318,-0.290563803733278,0.266048724328898,-0.212074523550241,0.24380023666879,-0.111615316710879,0.0889715414801475,-0.102281417430644
65.03,19,3.43915019269595,-2.10848870309023,-0.288130915437462,0.264932571161789,-0.211184808135439,0.242777422494484,-0.111615316710879,0.0889715414801475,-0.102281417430644
65.04,19,3.44179393764173,-2.11059610259451,-0.285708255283389,0.263816417994681,-0.210295092720638,0.241754608320177,-0.111615316710879,0.0889715414801475,-0.102281417430644
65.05,19,3.44442652105584,-2.11269460494464,-0.283295823271058,0.262700264827572,-0.209405377305836,0.240731794145871,-0.111615316710879,0.0889715414801475,-0.102281417430644
65.06,19,3.44704794293828,-2.11478421014063,-0.280893619400471,0.261584111660463,-0.208515661891035,0.239708979971564,-0.111615316710879,0.0889715414801475,-0.102281417430644
65.07,19,3.44965820328905,-2.11686491818246,-0.278501643671627,0.260467958493354,-0.207625946476233,0.238686165797258,-0.111615316710879,0.0889715414801475,-0.102281417430644
65.08,19,3.45225730210815,-2.11893672907015,-0.276119896084526,0.259351805326245,-0.206736231061432,0.237663351622952,-0.111615316710879,0.0889715414801475,-0.102281417430644
65.09,19,3.45484523939557,-2.12099964280369,-0.273748376639168,0.258235652159137,-0.20584651564663,0.236640537448645,-0.111615316710879,0.0889715414801475,-0.102281417430644
65.1,19,3.45742201515133,-2.12305365938309,-0.271387085335553,0.257119498992028,-0.204956800231829,0.235617723274339,-0.111615316710879,0.0889715414801475,-0.102281417430644
65.11,19,3.45998762937541,-2.12509877880833,-0.269036022173681,0.256003345824919,-0.204067084817027,0.234594909100032,-0.111615316710879,0.0889715414801475,-0.102281417430644
65.12,19,3.46254208206783,-2.12713500107943,-0.266695187153553,0.25488719265781,-0.203177369402226,0.233572094925726,-0.111615316710879,0.0889715414801475,-0.102281417430644
65.13,19,3.46508537322857,-2.12916232619637,-0.264364580275167,0.253771039490701,-0.202287653987425,0.232549280751419,-0.111615316710879,0.0889715414801475,-0.102281417430644
65.14,19,3.46761750285764,-2.13118075415917,-0.262044201538524,0.252654886323593,-0.201397938572623,0.231526466577113,-0.111615316710879,0.0889715414801475,-0.102281417430644
65.15,19,3.47013847095504,-2.13319028496783,-0.259734050943624,0.251538733156484,-0.200508223157822,0.230503652402807,-0.111615316710879,0.0889715414801475,-0.102281417430644
65.16,19,3.47264827752077,-2.13519091862233,-0.257434128490468,0.250422579989375,-0.19961850774302,0.2294808382285,-0.111615316710879,0.0889715414801475,-0.102281417430644
65.17,19,3.47514692255483,-2.13718265512269,-0.255144434179055,0.249306426822266,-0.198728792328219,0.228458024054194,-0.111615316710879,0.0889715414801475,-0.102281417430644
65.18,19,3.47763440605722,-2.13916549446889,-0.252864968009384,0.248190273655158,-0.197839076913417,0.227435209879887,-0.111615316710879,0.0889715414801475,-0.102281417430644
65.19,19,3.48011072802793,-2.14113943666095,-0.250595729981457,0.247074120488049,-0.196949361498616,0.226412395705581,-0.111615316710879,0.0889715414801475,-0.102281417430644
65.2,19,3.48257588846698,-2.14310448169887,-0.248336720095272,0.24595796732094,-0.196059646083814,0.225389581531274,-0.111615316710879,0.0889715414801475,-0.102281417430644
65.21,19,3.48502988737435,-2.14506062958263,-0.246087938350831,0.244841814153831,-0.195169930669013,0.224366767356968,-0.111615316710879,0.0889715414801475,-0.102281417430644
65.22,19,3.48747272475005,-2.14700788031225,-0.243849384748133,0.243725660986722,-0.194280215254211,0.223343953182661,-0.111615316710879,0.0889715414801475,-0.102281417430644
65.23,19,3.48990440059409,-2.14894623388772,-0.241621059287178,0.242609507819614,-0.19339049983941,0.222321139008355,-0.111615316710879,0.0889715414801475,-0.102281417430644
65.24,19,3.49232491490645,-2.15087569030904,-0.239402961967966,0.241493354652505,-0.192500784424608,0.221298324834049,-0.111615316710879,0.0889715414801475,-0.102281417430644
65.25,19,3.49473426768714,-2.15279624957621,-0.237195092790497,0.240377201485396,-0.191611069009807,0.220275510659742,-0.111615316710879,0.0889715414801475,-0.102281417430644
65.26,19,3.49713245893615,-2.15470791168923,-0.234997451754771,0.239261048318287,-0.190721353595005,0.219252696485436,-0.111615316710879,0.0889715414801475,-0.102281417430644
65.27,19,3.4995194886535,-2.15661067664811,-0.232810038860788,0.238144895151178,-0.189831638180204,0.218229882311129,-0.111615316710879,0.0889715414801475,-0.102281417430644
65.28,19,3.50189535683918,-2.15850454445284,-0.230632854108549,0.23702874198407,-0.188941922765402,0.217207068136823,-0.111615316710879,0.0889715414801475,-0.102281417430644
65.29,19,3.50426006349318,-2.16038951510342,-0.228465897498052,0.235912588816961,-0.188052207350601,0.216184253962516,-0.111615316710879,0.0889715414801475,-0.102281417430644
65.3,19,3.50661360861552,-2.16226558859985,-0.226309169029298,0.234796435649852,-0.187162491935799,0.21516143978821,-0.111615316710879,0.0889715414801475,-0.102281417430644
65.31,19,3.50895599220618,-2.16413276494213,-0.224162668702288,0.233680282482743,-0.186272776520998,0.214138625613904,-0.111615316710879,0.0889715414801475,-0.102281417430644
65.32,19,3.51128721426517,-2.16599104413027,-0.22202639651702,0.232564129315634,-0.185383061106196,0.213115811439597,-0.111615316710879,0.0889715414801475,-0.102281417430644
65.33,19,3.51360727479249,-2.16784042616426,-0.219900352473496,0.231447976148526,-0.184493345691395,0.212092997265291,-0.111615316710879,0.0889715414801475,-0.102281417430644
65.34,19,3.51591617378814,-2.1696809110441,-0.217784536571714,0.230331822981417,-0.183603630276594,0.211070183090984,-0.111615316710879,0.0889715414801475,-0.102281417430644
65.35,19,3.51821391125212,-2.17151249876979,-0.215678948811676,0.229215669814308,-0.182713914861792,0.210047368916678,-0.111615316710879,0.0889715414801475,-0.102281417430644
65.36,19,3.52050048718443,-2.17333518934133,-0.213583589193381,0.228099516647199,-0.181824199446991,0.209024554742371,-0.111615316710879,0.0889715414801475,-0.102281417430644
65.37,19,3.52277590158507,-2.17514898275873,-0.211498457716829,0.226983363480091,-0.180934484032189,0.208001740568065,-0.111615316710879,0.0889715414801475,-0.102281417430644
65.38,19,3.52504015445403,-2.17695387902198,-0.209423554382019,0.225867210312982,-0.180044768617388,0.206978926393758,-0.111615316710879,0.0889715414801475,-0.102281417430644
65.39,19,3.52729324579133,-2.17874987813108,-0.207358879188953,0.224751057145873,-0.179155053202586,0.205956112219452,-0.111615316710879,0.0889715414801475,-0.102281417430644
65.4,19,3.52953517559695,-2.18053698008603,-0.20530443213763,0.223634903978764,-0.178265337787785,0.204933298045146,-0.111615316710879,0.0889715414801475,-0.102281417430644
65.41,19,3.5317659438709,-2.18231518488683,-0.203260213228051,0.222518750811655,-0.177375622372983,0.203910483870839,-0.111615316710879,0.0889715414801475,-0.102281417430644
65.42,19,3.53398555061318,-2.18408449253349,-0.201226222460214,0.221402597644547,-0.176485906958182,0.202887669696533,-0.111615316710879,0.0889715414801475,-0.102281417430644
65.43,19,3.53619399582379,-2.18584490302599,-0.19920245983412,0.220286444477438,-0.17559619154338,0.201864855522226,-0.111615316710879,0.0889715414801475,-0.102281417430644
65.44,19,3.53839127950273,-2.18759641636435,-0.197188925349769,0.219170291310329,-0.174706476128579,0.20084204134792,-0.111615316710879,0.0889715414801475,-0.102281417430644
65.45,19,3.54057740165,-2.18933903254857,-0.195185619007161,0.21805413814322,-0.173816760713777,0.199819227173613,-0.111615316710879,0.0889715414801475,-0.102281417430644
65.46,19,3.54275236226559,-2.19107275157863,-0.193192540806297,0.216937984976111,-0.172927045298976,0.198796412999307,-0.111615316710879,0.0889715414801475,-0.102281417430644
65.47,19,3.54491616134952,-2.19279757345455,-0.191209690747175,0.215821831809003,-0.172037329884174,0.197773598825001,-0.111615316710879,0.0889715414801475,-0.102281417430644
65.48,19,3.54706879890177,-2.19451349817631,-0.189237068829797,0.214705678641894,-0.171147614469373,0.196750784650694,-0.111615316710879,0.0889715414801475,-0.102281417430644
65.49,19,3.54921027492236,-2.19622052574393,-0.187274675054161,0.213589525474785,-0.170257899054571,0.195727970476388,-0.111615316710879,0.0889715414801475,-0.102281417430644
65.5,19,3.55134058941127,-2.1979186561574,-0.185322509420269,0.212473372307676,-0.16936818363977,0.194705156302081,-0.111615316710879,0.0889715414801475,-0.102281417430644
65.51,19,3.55345974236851,-2.19960788941673,-0.18338057192812,0.211357219140567,-0.168478468224969,0.193682342127775,-0.111615316710879,0.0889715414801475,-0.102281417430644
65.52,19,3.55556773379408,-2.2012882255219,-0.181448862577714,0.210241065973459,-0.167588752810167,0.192659527953468,-0.111615316710879,0.0889715414801475,-0.102281417430644
65.53,19,3.55766456368798,-2.20295966447293,-0.17952738136905,0.20912491280635,-0.166699037395366,0.191636713779162,-0.111615316710879,0.0889715414801475,-0.102281417430644
65.54,19,3.55975023205021,-2.20462220626981,-0.17761612830213,0.208008759639241,-0.165809321980564,0.190613899604856,-0.111615316710879,0.0889715414801475,-0.102281417430644
65.55,19,3.56182473888077,-2.20627585091254,-0.175715103376953,0.206892606472132,-0.164919606565763,0.189591085430549,-0.111615316710879,0.0889715414801475,-0.102281417430644
65.56,19,3.56388808417965,-2.20792059840113,-0.173824306593519,0.205776453305023,-0.164029891150961,0.188568271256243,-0.111615316710879,0.0889715414801475,-0.102281417430644
65.57,19,3.56594026794687,-2.20955644873556,-0.171943737951828,0.204660300137915,-0.16314017573616,0.187545457081936,-0.111615316710879,0.0889715414801475,-0.102281417430644
65.58,19,3.56798129018241,-2.21118340191585,-0.170073397451881,0.203544146970806,-0.162250460321358,0.18652264290763,-0.111615316710879,0.0889715414801475,-0.102281417430644
65.59,19,3.57001115088628,-2.21280145794199,-0.168213285093676,0.202427993803697,-0.161360744906557,0.185499828733323,-0.111615316710879,0.0889715414801475,-0.102281417430644
65.6,19,3.57202985005848,-2.21441061681398,-0.166363400877214,0.201311840636588,-0.160471029491755,0.184477014559017,-0.111615316710879,0.0889715414801475,-0.102281417430644
65.61,19,3.57403738769901,-2.21601087853182,-0.164523744802496,0.20019568746948,-0.159581314076954,0.18345420038471,-0.111615316710879,0.0889715414801475,-0.102281417430644
65.62,19,3.57603376380787,-2.21760224309552,-0.16269431686952,0.199079534302371,-0.158691598662152,0.182431386210404,-0.111615316710879,0.0889715414801475,-0.102281417430644
65.63,19,3.57801897838506,-2.21918471050507,-0.160875117078287,0.197963381135262,-0.157801883247351,0.181408572036098,-0.111615316710879,0.0889715414801475,-0.102281417430644
65.64,19,3.57999303143058,-2.22075828076047,-0.159066145428798,0.196847227968153,-0.156912167832549,0.180385757861791,-0.111615316710879,0.0889715414801475,-0.102281417430644
65.65,19,3.58195592294442,-2.22232295386172,-0.157267401921052,0.195731074801044,-0.156022452417748,0.179362943687485,-0.111615316710879,0.0889715414801475,-0.102281417430644
65.66,19,3.5839076529266,-2.22387872980882,-0.155478886555048,0.194614921633936,-0.155132737002946,0.178340129513178,-0.111615316710879,0.0889715414801475,-0.102281417430644
65.67,19,3.5858482213771,-2.22542560860178,-0.153700599330788,0.193498768466827,-0.154243021588145,0.177317315338872,-0.111615316710879,0.0889715414801475,-0.102281417430644
65.68,19,3.58777762829594,-2.22696359024058,-0.151932540248271,0.192382615299718,-0.153353306173343,0.176294501164565,-0.111615316710879,0.0889715414801475,-0.102281417430644
65.69,19,3.5896958736831,-2.22849267472524,-0.150174709307497,0.191266462132609,-0.152463590758542,0.175271686990259,-0.111615316710879,0.0889715414801475,-0.102281417430644
65.7,19,3.59160295753859,-2.23001286205576,-0.148427106508466,0.1901503089655,-0.15157387534374,0.174248872815952,-0.111615316710879,0.0889715414801475,-0.102281417430644
65.71,19,3.59349887986241,-2.23152415223212,-0.146689731851178,0.189034155798392,-0.150684159928939,0.173226058641646,-0.111615316710879,0.0889715414801475,-0.102281417430644
65.72,19,3.59538364065456,-2.23302654525433,-0.144962585335633,0.187918002631283,-0.149794444514137,0.17220324446734,-0.111615316710879,0.0889715414801475,-0.102281417430644
65.73,19,3.59725723991503,-2.2345200411224,-0.143245666961831,0.186801849464174,-0.148904729099336,0.171180430293033,-0.111615316710879,0.0889715414801475,-0.102281417430644
65.74,19,3.59911967764384,-2.23600463983632,-0.141538976729772,0.185685696297065,-0.148015013684535,0.170157616118727,-0.111615316710879,0.0889715414801475,-0.102281417430644
65.75,19,3.60097095384097,-2.23748034139609,-0.139842514639456,0.184569543129956,-0.147125298269733,0.16913480194442,-0.111615316710879,0.0889715414801475,-0.102281417430644
65.76,19,3.60281106850644,-2.23894714580172,-0.138156280690884,0.183453389962848,-0.146235582854932,0.168111987770114,-0.111615316710879,0.0889715414801475,-0.102281417430644
65.77,19,3.60464002164023,-2.24040505305319,-0.136480274884054,0.182337236795739,-0.14534586744013,0.167089173595807,-0.111615316710879,0.0889715414801475,-0.102281417430644
65.78,19,3.60645781324235,-2.24185406315052,-0.134814497218968,0.18122108362863,-0.144456152025329,0.166066359421501,-0.111615316710879,0.0889715414801475,-0.102281417430644
65.79,19,3.6082644433128,-2.2432941760937,-0.133158947695624,0.180104930461521,-0.143566436610527,0.165043545247195,-0.111615316710879,0.0889715414801475,-0.102281417430644
65.8,19,3.61005991185158,-2.24472539188273,-0.131513626314024,0.178988777294412,-0.142676721195726,0.164020731072888,-0.111615316710879,0.0889715414801475,-0.102281417430644
65.81,19,3.61184421885869,-2.24614771051761,-0.129878533074166,0.177872624127304,-0.141787005780924,0.162997916898582,-0.111615316710879,0.0889715414801475,-0.102281417430644
65.82,19,3.61361736433413,-2.24756113199835,-0.128253667976052,0.176756470960195,-0.140897290366123,0.161975102724275,-0.111615316710879,0.0889715414801475,-0.102281417430644
65.83,19,3.6153793482779,-2.24896565632493,-0.126639031019681,0.175640317793086,-0.140007574951321,0.160952288549969,-0.111615316710879,0.0889715414801475,-0.102281417430644
65.84,19,3.61713017068999,-2.25036128349737,-0.125034622205053,0.174524164625977,-0.13911785953652,0.159929474375662,-0.111615316710879,0.0889715414801475,-0.102281417430644
65.85,19,3.61886983157042,-2.25174801351567,-0.123440441532168,0.173408011458869,-0.138228144121718,0.158906660201356,-0.111615316710879,0.0889715414801475,-0.102281417430644
65.86,19,3.62059833091917,-2.25312584637981,-0.121856489001026,0.17229185829176,-0.137338428706917,0.157883846027049,-0.111615316710879,0.0889715414801475,-0.102281417430644
65.87,19,3.62231566873625,-2.2544947820898,-0.120282764611627,0.171175705124651,-0.136448713292115,0.156861031852743,-0.111615316710879,0.0889715414801475,-0.102281417430644
65.88,19,3.62402184502166,-2.25585482064565,-0.118719268363971,0.170059551957542,-0.135558997877314,0.155838217678437,-0.111615316710879,0.0889715414801475,-0.102281417430644
65.89,19,3.6257168597754,-2.25720596204735,-0.117166000258058,0.168943398790433,-0.134669282462512,0.15481540350413,-0.111615316710879,0.0889715414801475,-0.102281417430644
65.9,19,3.62740071299747,-2.2585482062949,-0.115622960293888,0.167827245623325,-0.133779567047711,0.153792589329824,-0.111615316710879,0.0889715414801475,-0.102281417430644
65.91,19,3.62907340468787,-2.2598815533883,-0.114090148471461,0.166711092456216,-0.132889851632909,0.152769775155517,-0.111615316710879,0.0889715414801475,-0.102281417430644
65.92,19,3.6307349348466,-2.26120600332756,-0.112567564790778,0.165594939289107,-0.132000136218108,0.151746960981211,-0.111615316710879,0.0889715414801475,-0.102281417430644
65.93,19,3.63238530347365,-2.26252155611267,-0.111055209251837,0.164478786121998,-0.131110420803306,0.150724146806904,-0.111615316710879,0.0889715414801475,-0.102281417430644
65.94,19,3.63402451056904,-2.26382821174363,-0.10955308185464,0.163362632954889,-0.130220705388505,0.149701332632598,-0.111615316710879,0.0889715414801475,-0.102281417430644
65.95,19,3.63565255613275,-2.26512597022044,-0.108061182599185,0.162246479787781,-0.129330989973704,0.148678518458292,-0.111615316710879,0.0889715414801475,-0.102281417430644
65.96,19,3.63726944016479,-2.2664148315431,-0.106579511485474,0.161130326620672,-0.128441274558902,0.147655704283985,-0.111615316710879,0.0889715414801475,-0.102281417430644
65.97,19,3.63887516266516,-2.26769479571161,-0.105108068513505,0.160014173453563,-0.127551559144101,0.146632890109679,-0.111615316710879,0.0889715414801475,-0.102281417430644
65.98,19,3.64046972363386,-2.26896586272598,-0.10364685368328,0.158898020286454,-0.126661843729299,0.145610075935372,-0.111615316710879,0.0889715414801475,-0.102281417430644
65.99,19,3.64205312307089,-2.2702280325862,-0.102195866994798,0.157781867119345,-0.125772128314498,0.144587261761066,-0.111615316710879,0.0889715414801475,-0.102281417430644
66,19,3.64362536097625,-2.27148130529227,-0.100755108448059,0.156665713952237,-0.124882412899696,0.143564447586759,-0.111615316710879,0.0889715414801475,-0.102281417430644
66.01,19,3.64518643734994,-2.27272568084419,-0.099324578043063,0.155549560785128,-0.123992697484895,0.142541633412453,-0.111615316710879,0.0889715414801475,-0.102281417430644
66.02,19,3.64673635219195,-2.27396115924197,-0.0979042757798099,0.154433407618019,-0.123102982070093,0.141518819238146,-0.111615316710879,0.0889715414801475,-0.102281417430644
66.03,19,3.6482751055023,-2.2751877404856,-0.0964942016583,0.15331725445091,-0.122213266655292,0.14049600506384,-0.111615316710879,0.0889715414801475,-0.102281417430644
66.04,19,3.64980269728097,-2.27640542457508,-0.0950943556785331,0.152201101283802,-0.12132355124049,0.139473190889534,-0.111615316710879,0.0889715414801475,-0.102281417430644
66.05,19,3.65131912752797,-2.27761421151041,-0.0937047378405092,0.151084948116693,-0.120433835825689,0.138450376715227,-0.111615316710879,0.0889715414801475,-0.102281417430644
66.06,19,3.6528243962433,-2.27881410129159,-0.0923253481442285,0.149968794949584,-0.119544120410887,0.137427562540921,-0.111615316710879,0.0889715414801475,-0.102281417430644
66.07,19,3.65431850342696,-2.28000509391862,-0.0909561865896909,0.148852641782475,-0.118654404996086,0.136404748366614,-0.111615316710879,0.0889715414801475,-0.102281417430644
66.08,19,3.65580144907895,-2.28118718939151,-0.0895972531768963,0.147736488615366,-0.117764689581284,0.135381934192308,-0.111615316710879,0.0889715414801475,-0.102281417430644
66.09,19,3.65727323319927,-2.28236038771025,-0.0882485479058448,0.146620335448258,-0.116874974166483,0.134359120018001,-0.111615316710879,0.0889715414801475,-0.102281417430644
66.1,19,3.65873385578792,-2.28352468887484,-0.0869100707765362,0.145504182281149,-0.115985258751681,0.133336305843695,-0.111615316710879,0.0889715414801475,-0.102281417430644
66.11,19,3.66018331684489,-2.28468009288528,-0.0855818217889708,0.14438802911404,-0.11509554333688,0.132313491669389,-0.111615316710879,0.0889715414801475,-0.102281417430644
66.12,19,3.6616216163702,-2.28582659974158,-0.0842638009431485,0.143271875946931,-0.114205827922078,0.131290677495082,-0.111615316710879,0.0889715414801475,-0.102281417430644
66.13,19,3.66304875436383,-2.28696420944372,-0.0829560082390691,0.142155722779822,-0.113316112507277,0.130267863320776,-0.111615316710879,0.0889715414801475,-0.102281417430644
66.14,19,3.6644647308258,-2.28809292199172,-0.0816584436767329,0.141039569612714,-0.112426397092475,0.129245049146469,-0.111615316710879,0.0889715414801475,-0.102281417430644
66.15,19,3.66586954575609,-2.28921273738557,-0.0803711072561398,0.139923416445605,-0.111536681677674,0.128222234972163,-0.111615316710879,0.0889715414801475,-0.102281417430644
66.16,19,3.66726319915471,-2.29032365562528,-0.0790939989772897,0.138807263278496,-0.110646966262873,0.127199420797856,-0.111615316710879,0.0889715414801475,-0.102281417430644
66.17,19,3.66864569102166,-2.29142567671083,-0.0778271188401827,0.137691110111387,-0.109757250848071,0.12617660662355,-0.111615316710879,0.0889715414801475,-0.102281417430644
66.18,19,3.67001702135694,-2.29251880064224,-0.0765704668448186,0.136574956944278,-0.10886753543327,0.125153792449243,-0.111615316710879,0.0889715414801475,-0.102281417430644
66.19,19,3.67137719016054,-2.2936030274195,-0.0753240429911978,0.13545880377717,-0.107977820018468,0.124130978274937,-0.111615316710879,0.0889715414801475,-0.102281417430644
66.2,19,3.67272619743248,-2.29467835704261,-0.07408784727932,0.134342650610061,-0.107088104603667,0.123108164100631,-0.111615316710879,0.0889715414801475,-0.102281417430644
66.21,19,3.67406404317274,-2.29574478951157,-0.0728618797091851,0.133226497442952,-0.106198389188865,0.122085349926324,-0.111615316710879,0.0889715414801475,-0.102281417430644
66.22,19,3.67539072738134,-2.29680232482638,-0.0716461402807934,0.132110344275843,-0.105308673774064,0.121062535752018,-0.111615316710879,0.0889715414801475,-0.102281417430644
66.23,19,3.67670625005826,-2.29785096298705,-0.0704406289941448,0.130994191108735,-0.104418958359262,0.120039721577711,-0.111615316710879,0.0889715414801475,-0.102281417430644
66.24,19,3.67801061120351,-2.29889070399357,-0.0692453458492392,0.129878037941626,-0.103529242944461,0.119016907403405,-0.111615316710879,0.0889715414801475,-0.102281417430644
66.25,19,3.67930381081709,-2.29992154784594,-0.0680602908460767,0.128761884774517,-0.102639527529659,0.117994093229098,-0.111615316710879,0.0889715414801475,-0.102281417430644
66.26,19,3.680585848899,-2.30094349454416,-0.0668854639846573,0.127645731607408,-0.101749812114858,0.116971279054792,-0.111615316710879,0.0889715414801475,-0.102281417430644
66.27,19,3.68185672544924,-2.30195654408824,-0.0657208652649809,0.126529578440299,-0.100860096700056,0.115948464880486,-0.111615316710879,0.0889715414801475,-0.102281417430644
66.28,19,3.68311644046781,-2.30296069647816,-0.0645664946870476,0.125413425273191,-0.0999703812852549,0.114925650706179,-0.111615316710879,0.0889715414801475,-0.102281417430644
66.29,19,3.68436499395471,-2.30395595171394,-0.0634223522508573,0.124297272106082,-0.0990806658704534,0.113902836531873,-0.111615316710879,0.0889715414801475,-0.102281417430644
66.3,19,3.68560238590993,-2.30494230979557,-0.06228843795641,0.123181118938973,-0.0981909504556519,0.112880022357566,-0.111615316710879,0.0889715414801475,-0.102281417430644
66.31,19,3.68682861633348,-2.30591977072306,-0.0611647518037059,0.122064965771864,-0.0973012350408504,0.11185720818326,-0.111615316710879,0.0889715414801475,-0.102281417430644
66.32,19,3.68804368522537,-2.30688833449639,-0.0600512937927449,0.120948812604755,-0.096411519626049,0.110834394008953,-0.111615316710879,0.0889715414801475,-0.102281417430644
66.33,19,3.68924759258558,-2.30784800111558,-0.0589480639235269,0.119832659437647,-0.0955218042112475,0.109811579834647,-0.111615316710879,0.0889715414801475,-0.102281417430644
66.34,19,3.69044033841412,-2.30879877058062,-0.057855062196052,0.118716506270538,-0.0946320887964461,0.108788765660341,-0.111615316710879,0.0889715414801475,-0.102281417430644
66.35,19,3.69162192271099,-2.30974064289151,-0.0567722886103201,0.117600353103429,-0.0937423733816445,0.107765951486034,-0.111615316710879,0.0889715414801475,-0.102281417430644
66.36,19,3.69279234547619,-2.31067361804825,-0.0556997431663313,0.11648419993632,-0.0928526579668431,0.106743137311728,-0.111615316710879,0.0889715414801475,-0.102281417430644
66.37,19,3.69395160670972,-2.31159769605084,-0.0546374258640855,0.115368046769211,-0.0919629425520416,0.105720323137421,-0.111615316710879,0.0889715414801475,-0.102281417430644
66.38,19,3.69509970641157,-2.31251287689929,-0.0535853367035828,0.114251893602103,-0.0910732271372401,0.104697508963115,-0.111615316710879,0.0889715414801475,-0.102281417430644
66.39,19,3.69623664458176,-2.31341916059359,-0.0525434756848232,0.113135740434994,-0.0901835117224386,0.103674694788808,-0.111615316710879,0.0889715414801475,-0.102281417430644
66.4,19,3.69736242122027,-2.31431654713374,-0.0515118428078067,0.112019587267885,-0.0892937963076372,0.102651880614502,-0.111615316710879,0.0889715414801475,-0.102281417430644
66.41,19,3.69847703632712,-2.31520503651974,-0.0504904380725332,0.110903434100776,-0.0884040808928357,0.101629066440195,-0.111615316710879,0.0889715414801475,-0.102281417430644
66.42,19,3.69958048990229,-2.31608462875159,-0.0494792614790028,0.109787280933668,-0.0875143654780342,0.100606252265889,-0.111615316710879,0.0889715414801475,-0.102281417430644
66.43,19,3.70067278194579,-2.3169553238293,-0.0484783130272154,0.108671127766559,-0.0866246500632327,0.0995834380915826,-0.111615316710879,0.0889715414801475,-0.102281417430644
66.44,19,3.70175391245762,-2.31781712175286,-0.0474875927171711,0.10755497459945,-0.0857349346484313,0.0985606239172761,-0.111615316710879,0.0889715414801475,-0.102281417430644
66.45,19,3.70282388143778,-2.31867002252227,-0.0465071005488699,0.106438821432341,-0.0848452192336298,0.0975378097429697,-0.111615316710879,0.0889715414801475,-0.102281417430644
66.46,19,3.70388268888627,-2.31951402613753,-0.0455368365223118,0.105322668265232,-0.0839555038188284,0.0965149955686633,-0.111615316710879,0.0889715414801475,-0.102281417430644
66.47,19,3.70493033480308,-2.32034913259865,-0.0445768006374966,0.104206515098124,-0.0830657884040268,0.0954921813943568,-0.111615316710879,0.0889715414801475,-0.102281417430644
66.48,19,3.70596681918823,-2.32117534190561,-0.0436269928944246,0.103090361931015,-0.0821760729892254,0.0944693672200504,-0.111615316710879,0.0889715414801475,-0.102281417430644
66.49,19,3.7069921420417,-2.32199265405843,-0.0426874132930956,0.101974208763906,-0.0812863575744239,0.093446553045744,-0.111615316710879,0.0889715414801475,-0.102281417430644
66.5,19,3.70800630336351,-2.3228010690571,-0.0417580618335097,0.100858055596797,-0.0803966421596224,0.0924237388714376,-0.111615316710879,0.0889715414801475,-0.102281417430644
66.51,19,3.70900930315364,-2.32360058690162,-0.0408389385156668,0.0997419024296883,-0.0795069267448209,0.0914009246971311,-0.111615316710879,0.0889715414801475,-0.102281417430644
66.52,19,3.7100011414121,-2.324391207592,-0.0399300433395671,0.0986257492625796,-0.0786172113300194,0.0903781105228246,-0.111615316710879,0.0889715414801475,-0.102281417430644
66.53,19,3.71098181813889,-2.32517293112822,-0.0390313763052104,0.0975095960954708,-0.077727495915218,0.0893552963485182,-0.111615316710879,0.0889715414801475,-0.102281417430644
66.54,19,3.71195133333401,-2.3259457575103,-0.0381429374125967,0.096393442928362,-0.0768377805004165,0.0883324821742118,-0.111615316710879,0.0889715414801475,-0.102281417430644
66.55,19,3.71290968699746,-2.32670968673823,-0.0372647266617261,0.0952772897612532,-0.075948065085615,0.0873096679999053,-0.111615316710879,0.0889715414801475,-0.102281417430644
66.56,19,3.71385687912924,-2.32746471881201,-0.0363967440525986,0.0941611365941444,-0.0750583496708136,0.0862868538255989,-0.111615316710879,0.0889715414801475,-0.102281417430644
66.57,19,3.71479290972934,-2.32821085373165,-0.0355389895852142,0.0930449834270357,-0.0741686342560121,0.0852640396512925,-0.111615316710879,0.0889715414801475,-0.102281417430644
66.58,19,3.71571777879778,-2.32894809149713,-0.0346914632595728,0.0919288302599269,-0.0732789188412106,0.0842412254769861,-0.111615316710879,0.0889715414801475,-0.102281417430644
66.59,19,3.71663148633454,-2.32967643210847,-0.0338541650756745,0.0908126770928181,-0.0723892034264092,0.0832184113026797,-0.111615316710879,0.0889715414801475,-0.102281417430644
66.6,19,3.71753403233963,-2.33039587556566,-0.0330270950335192,0.0896965239257093,-0.0714994880116076,0.0821955971283731,-0.111615316710879,0.0889715414801475,-0.102281417430644
66.61,19,3.71842541681305,-2.3311064218687,-0.032210253133107,0.0885803707586005,-0.0706097725968062,0.0811727829540667,-0.111615316710879,0.0889715414801475,-0.102281417430644
66.62,19,3.7193056397548,-2.3318080710176,-0.0314036393744379,0.0874642175914917,-0.0697200571820047,0.0801499687797603,-0.111615316710879,0.0889715414801475,-0.102281417430644
66.63,19,3.72017470116488,-2.33250082301234,-0.0306072537575117,0.0863480644243829,-0.0688303417672032,0.0791271546054538,-0.111615316710879,0.0889715414801475,-0.102281417430644
66.64,19,3.72103260104329,-2.33318467785294,-0.0298210962823287,0.0852319112572741,-0.0679406263524017,0.0781043404311474,-0.111615316710879,0.0889715414801475,-0.102281417430644
66.65,19,3.72187933939003,-2.33385963553939,-0.0290451669488888,0.0841157580901653,-0.0670509109376003,0.077081526256841,-0.111615316710879,0.0889715414801475,-0.102281417430644
66.66,19,3.7227149162051,-2.33452569607169,-0.028279465757192,0.0829996049230566,-0.0661611955227988,0.0760587120825346,-0.111615316710879,0.0889715414801475,-0.102281417430644
66.67,19,3.72353933148849,-2.33518285944985,-0.0275239927072382,0.0818834517559478,-0.0652714801079974,0.0750358979082281,-0.111615316710879,0.0889715414801475,-0.102281417430644
66.68,19,3.72435258524021,-2.33583112567385,-0.0267787477990274,0.0807672985888389,-0.0643817646931958,0.0740130837339216,-0.111615316710879,0.0889715414801475,-0.102281417430644
66.69,19,3.72515467746027,-2.33647049474371,-0.0260437310325597,0.0796511454217302,-0.0634920492783944,0.0729902695596152,-0.111615316710879,0.0889715414801475,-0.102281417430644
66.7,19,3.72594560814865,-2.33710096665942,-0.0253189424078351,0.0785349922546214,-0.0626023338635929,0.0719674553853088,-0.111615316710879,0.0889715414801475,-0.102281417430644
66.71,19,3.72672537730536,-2.33772254142098,-0.0246043819248535,0.0774188390875126,-0.0617126184487915,0.0709446412110024,-0.111615316710879,0.0889715414801475,-0.102281417430644
66.72,19,3.7274939849304,-2.3383352190284,-0.023900049583615,0.0763026859204038,-0.0608229030339899,0.0699218270366959,-0.111615316710879,0.0889715414801475,-0.102281417430644
66.73,19,3.72825143102377,-2.33893899948166,-0.0232059453841196,0.075186532753295,-0.0599331876191885,0.0688990128623895,-0.111615316710879,0.0889715414801475,-0.102281417430644
66.74,19,3.72899771558547,-2.33953388278078,-0.0225220693263672,0.0740703795861862,-0.059043472204387,0.0678761986880831,-0.111615316710879,0.0889715414801475,-0.102281417430644
66.75,19,3.72973283861549,-2.34011986892575,-0.021848421410358,0.0729542264190775,-0.0581537567895856,0.0668533845137766,-0.111615316710879,0.0889715414801475,-0.102281417430644
66.76,19,3.73045680011385,-2.34069695791657,-0.0211850016360917,0.0718380732519686,-0.057264041374784,0.0658305703394701,-0.111615316710879,0.0889715414801475,-0.102281417430644
66.77,19,3.73116960008053,-2.34126514975325,-0.0205318100035685,0.0707219200848598,-0.0563743259599826,0.0648077561651637,-0.111615316710879,0.0889715414801475,-0.102281417430644
66.78,19,3.73187123851554,-2.34182444443577,-0.0198888465127884,0.0696057669177511,-0.0554846105451811,0.0637849419908573,-0.111615316710879,0.0889715414801475,-0.102281417430644
66.79,19,3.73256171541889,-2.34237484196415,-0.0192561111637514,0.0684896137506423,-0.0545948951303797,0.0627621278165509,-0.111615316710879,0.0889715414801475,-0.102281417430644
66.8,19,3.73324103079056,-2.34291634233838,-0.0186336039564574,0.0673734605835334,-0.0537051797155781,0.0617393136422444,-0.111615316710879,0.0889715414801475,-0.102281417430644
66.81,19,3.73390918463056,-2.34344894555846,-0.0180213248909065,0.0662573074164247,-0.0528154643007767,0.060716499467938,-0.111615316710879,0.0889715414801475,-0.102281417430644
66.82,19,3.73456617693889,-2.3439726516244,-0.0174192739670987,0.0651411542493159,-0.0519257488859752,0.0596936852936316,-0.111615316710879,0.0889715414801475,-0.102281417430644
66.83,19,3.73521200771554,-2.34448746053618,-0.0168274511850339,0.0640250010822071,-0.0510360334711738,0.0586708711193251,-0.111615316710879,0.0889715414801475,-0.102281417430644
66.84,19,3.73584667696053,-2.34499337229382,-0.0162458565447122,0.0629088479150984,-0.0501463180563723,0.0576480569450187,-0.111615316710879,0.0889715414801475,-0.102281417430644
66.85,19,3.73647018467384,-2.34549038689731,-0.0156744900461335,0.0617926947479895,-0.0492566026415708,0.0566252427707122,-0.111615316710879,0.0889715414801475,-0.102281417430644
66.86,19,3.73708253085549,-2.34597850434665,-0.0151133516892979,0.0606765415808807,-0.0483668872267693,0.0556024285964058,-0.111615316710879,0.0889715414801475,-0.102281417430644
66.87,19,3.73768371550546,-2.34645772464185,-0.0145624414742054,0.059560388413772,-0.0474771718119679,0.0545796144220994,-0.111615316710879,0.0889715414801475,-0.102281417430644
66.88,19,3.73827373862376,-2.34692804778289,-0.0140217594008559,0.0584442352466631,-0.0465874563971663,0.0535568002477929,-0.111615316710879,0.0889715414801475,-0.102281417430644
66.89,19,3.7388526002104,-2.34738947376979,-0.0134913054692495,0.0573280820795543,-0.0456977409823649,0.0525339860734865,-0.111615316710879,0.0889715414801475,-0.102281417430644
66.9,19,3.73942030026536,-2.34784200260254,-0.0129710796793862,0.0562119289124456,-0.0448080255675634,0.0515111718991801,-0.111615316710879,0.0889715414801475,-0.102281417430644
66.91,19,3.73997683878864,-2.34828563428114,-0.0124610820312659,0.0550957757453368,-0.043918310152762,0.0504883577248736,-0.111615316710879,0.0889715414801475,-0.102281417430644
66.92,19,3.74052221578026,-2.34872036880559,-0.0119613125248887,0.053979622578228,-0.0430285947379605,0.0494655435505672,-0.111615316710879,0.0889715414801475,-0.102281417430644
66.93,19,3.74105643124021,-2.3491462061759,-0.0114717711602546,0.0528634694111192,-0.042138879323159,0.0484427293762607,-0.111615316710879,0.0889715414801475,-0.102281417430644
66.94,19,3.74157948516849,-2.34956314639206,-0.0109924579373635,0.0517473162440104,-0.0412491639083575,0.0474199152019543,-0.111615316710879,0.0889715414801475,-0.102281417430644
66.95,19,3.74209137756509,-2.34997118945407,-0.0105233728562155,0.0506311630769016,-0.040359448493556,0.0463971010276479,-0.111615316710879,0.0889715414801475,-0.102281417430644
66.96,19,3.74259210843002,-2.35037033536193,-0.0100645159168106,0.0495150099097929,-0.0394697330787546,0.0453742868533415,-0.111615316710879,0.0889715414801475,-0.102281417430644
66.97,19,3.74308167776329,-2.35076058411564,-0.00961588711914865,0.048398856742684,-0.0385800176639531,0.044351472679035,-0.111615316710879,0.0889715414801475,-0.102281417430644
66.98,19,3.74356008556488,-2.35114193571521,-0.00917748646322984,0.0472827035755752,-0.0376903022491516,0.0433286585047285,-0.111615316710879,0.0889715414801475,-0.102281417430644
66.99,19,3.7440273318348,-2.35151439016062,-0.00874931394905409,0.0461665504084665,-0.0368005868343501,0.0423058443304221,-0.111615316710879,0.0889715414801475,-0.102281417430644
67,19,3.74448341657305,-2.35187794745189,-0.00833136957662142,0.0450503972413577,-0.0359108714195487,0.0412830301561157,-0.111615316710879,0.0889715414801475,-0.102281417430644
67.01,19,3.74492833977962,-2.35223260758901,-0.00792365334593176,0.0439342440742488,-0.0350211560047472,0.0402602159818092,-0.111615316710879,0.0889715414801475,-0.102281417430644
67.02,19,3.74536210145453,-2.35257837057199,-0.00752616525698521,0.0428180909071401,-0.0341314405899457,0.0392374018075028,-0.111615316710879,0.0889715414801475,-0.102281417430644
67.03,19,3.74578470159777,-2.35291523640081,-0.00713890530978172,0.0417019377400313,-0.0332417251751442,0.0382145876331964,-0.111615316710879,0.0889715414801475,-0.102281417430644
67.04,19,3.74619614020933,-2.35324320507549,-0.0067618735043213,0.0405857845729225,-0.0323520097603428,0.03719177345889,-0.111615316710879,0.0889715414801475,-0.102281417430644
67.05,19,3.74659641728923,-2.35356227659602,-0.00639506984060391,0.0394696314058137,-0.0314622943455412,0.0361689592845835,-0.111615316710879,0.0889715414801475,-0.102281417430644
67.06,19,3.74698553283745,-2.3538724509624,-0.00603849431862961,0.0383534782387049,-0.0305725789307398,0.035146145110277,-0.111615316710879,0.0889715414801475,-0.102281417430644
67.07,19,3.747363486854,-2.35417372817464,-0.00569214693839838,0.0372373250715961,-0.0296828635159383,0.0341233309359706,-0.111615316710879,0.0889715414801475,-0.102281417430644
67.08,19,3.74773027933888,-2.35446610823272,-0.00535602769991021,0.0361211719044874,-0.0287931481011369,0.0331005167616642,-0.111615316710879,0.0889715414801475,-0.102281417430644
67.09,19,3.74808591029209,-2.35474959113666,-0.00503013660316508,0.0350050187373785,-0.0279034326863353,0.0320777025873577,-0.111615316710879,0.0889715414801475,-0.102281417430644
67.1,19,3.74843037971363,-2.35502417688645,-0.00471447364816304,0.0338888655702697,-0.0270137172715339,0.0310548884130513,-0.111615316710879,0.0889715414801475,-0.102281417430644
67.11,19,3.74876368760349,-2.35528986548209,-0.00440903883490407,0.032772712403161,-0.0261240018567324,0.0300320742387449,-0.111615316710879,0.0889715414801475,-0.102281417430644
67.12,19,3.74908583396169,-2.35554665692358,-0.00411383216338816,0.0316565592360522,-0.025234286441931,0.0290092600644385,-0.111615316710879,0.0889715414801475,-0.102281417430644
67.13,19,3.74939681878822,-2.35579455121093,-0.00382885363361529,0.0305404060689433,-0.0243445710271294,0.027986445890132,-0.111615316710879,0.0889715414801475,-0.102281417430644
67.14,19,3.74969664208307,-2.35603354834412,-0.00355410324558551,0.0294242529018346,-0.023454855612328,0.0269636317158255,-0.111615316710879,0.0889715414801475,-0.102281417430644
67.15,19,3.74998530384625,-2.35626364832317,-0.00328958099929879,0.0283080997347258,-0.0225651401975265,0.0259408175415191,-0.111615316710879,0.0889715414801475,-0.102281417430644
67.16,19,3.75026280407776,-2.35648485114808,-0.00303528689475513,0.027191946567617,-0.0216754247827251,0.0249180033672127,-0.111615316710879,0.0889715414801475,-0.102281417430644
67.17,19,3.7505291427776,-2.35669715681883,-0.00279122093195454,0.0260757934005083,-0.0207857093679236,0.0238951891929063,-0.111615316710879,0.0889715414801475,-0.102281417430644
67.18,19,3.75078431994577,-2.35690056533543,-0.002557383110897,0.0249596402333994,-0.0198959939531221,0.0228723750185998,-0.111615316710879,0.0889715414801475,-0.102281417430644
67.19,19,3.75102833558227,-2.35709507669789,-0.00233377343158254,0.0238434870662906,-0.0190062785383206,0.0218495608442934,-0.111615316710879,0.0889715414801475,-0.102281417430644
67.2,19,3.7512611896871,-2.3572806909062,-0.00212039189401114,0.0227273338991819,-0.0181165631235192,0.020826746669987,-0.111615316710879,0.0889715414801475,-0.102281417430644
67.21,19,3.75148288226026,-2.35745740796036,-0.00191723849818281,0.0216111807320731,-0.0172268477087177,0.0198039324956806,-0.111615316710879,0.0889715414801475,-0.102281417430644
67.22,19,3.75169341330174,-2.35762522786037,-0.00172431324409752,0.0204950275649642,-0.0163371322939162,0.018781118321374,-0.111615316710879,0.0889715414801475,-0.102281417430644
67.23,19,3.75189278281156,-2.35778415060624,-0.00154161613175532,0.0193788743978555,-0.0154474168791147,0.0177583041470676,-0.111615316710879,0.0889715414801475,-0.102281417430644
67.24,19,3.7520809907897,-2.35793417619796,-0.00136914716115618,0.0182627212307467,-0.0145577014643133,0.0167354899727612,-0.111615316710879,0.0889715414801475,-0.102281417430644
67.25,19,3.75225803723617,-2.35807530463553,-0.0012069063323001,0.0171465680636379,-0.0136679860495118,0.0157126757984548,-0.111615316710879,0.0889715414801475,-0.102281417430644
67.26,19,3.75242392215097,-2.35820753591895,-0.00105489364518707,0.0160304148965291,-0.0127782706347103,0.0146898616241483,-0.111615316710879,0.0889715414801475,-0.102281417430644
67.27,19,3.7525786455341,-2.35833087004822,-0.000913109099817126,0.0149142617294203,-0.0118885552199088,0.0136670474498419,-0.111615316710879,0.0889715414801475,-0.102281417430644
67.28,19,3.75272220738556,-2.35844530702335,-0.000781552696190242,0.0137981085623115,-0.0109988398051074,0.0126442332755355,-0.111615316710879,0.0889715414801475,-0.102281417430644
67.29,19,3.75285460770535,-2.35855084684432,-0.000660224434306422,0.0126819553952028,-0.0101091243903059,0.0116214191012291,-0.111615316710879,0.0889715414801475,-0.102281417430644
67.3,19,3.75297584649346,-2.35864748951115,-0.000549124314165656,0.0115658022280939,-0.00921940897550436,0.0105986049269225,-0.111615316710879,0.0889715414801475,-0.102281417430644
67.31,19,3.75308592374991,-2.35873523502383,-0.000448252335767965,0.0104496490609851,-0.00832969356070291,0.00957579075261613,-0.111615316710879,0.0889715414801475,-0.102281417430644
67.32,19,3.75318483947468,-2.35881408338237,-0.000357608499113338,0.00933349589387638,-0.00743997814590145,0.00855297657830971,-0.111615316710879,0.0889715414801475,-0.102281417430644
67.33,19,3.75327259366779,-2.35888403458675,-0.000277192804201774,0.00821734272676762,-0.0065502627311,0.0075301624040033,-0.111615316710879,0.0889715414801475,-0.102281417430644
67.34,19,3.75334918632922,-2.35894508863699,-0.000207005251033269,0.00710118955965875,-0.00566054731629846,0.00650734822969679,-0.111615316710879,0.0889715414801475,-0.102281417430644
67.35,19,3.75341461745898,-2.35899724553308,-0.000147045839607835,0.00598503639254998,-0.004770831901497,0.00548453405539038,-0.111615316710879,0.0889715414801475,-0.102281417430644
67.36,19,3.75346888705707,-2.35904050527502,-9.7314569925464e-05,0.00486888322544122,-0.00388111648669555,0.00446171988108396,-0.111615316710879,0.0889715414801475,-0.102281417430644
67.37,19,3.75351199512349,-2.35907486786281,-5.78114419861573e-05,0.00375273005833245,-0.00299140107189409,0.00343890570677755,-0.111615316710879,0.0889715414801475,-0.102281417430644
67.38,19,3.75354394165824,-2.35910033329646,-2.85364557899123e-05,0.00263657689122359,-0.00210168565709256,0.00241609153247104,-0.111615316710879,0.0889715414801475,-0.102281417430644
67.39,19,3.75356472666131,-2.35911690157595,-9.48961133673441e-06,0.00152042372411482,-0.0012119702422911,0.00139327735816463,-0.111615316710879,0.0889715414801475,-0.102281417430644
67.4,19,3.75357508226648,-2.35912515630462,0,0,0,0,-0.111615316710879,0.0889715414801475,-0.102281417430644
