time_s,q1_rad,q2_rad,q3_cm,dq1_rad_s,dq2_rad_s,dq3_cm_s,ddq1_rad_s2,ddq2_rad_s2,ddq3_cm_s2
0,3.75357508226648,-2.35912515630462,0,-0,0,-0,-0.0450051770684963,0.00440227677582231,-0.0166293048740709
0.01,3.75357283200763,-2.35912493619078,-8.31465243703545e-07,-0.000450051770684963,4.40227677582231e-05,-0.000166293048740709,-0.0450051770684963,0.00440227677582231,-0.0166293048740709
0.02,3.75356608123107,-2.35912427584927,-3.32586097481418e-06,-0.000900103541369927,8.80455355164461e-05,-0.000332586097481418,-0.0450051770684963,0.00440227677582231,-0.0166293048740709
0.03,3.7535548299368,-2.35912317528007,-7.4831871933319e-06,-0.00135015531205489,0.000132068303274669,-0.000498879146222127,-0.0450051770684963,0.00440227677582231,-0.0166293048740709
0.04,3.75353907812483,-2.3591216344832,-1.33034438992567e-05,-0.00180020708273985,0.000176091071032892,-0.000665172194962836,-0.0450051770684963,0.00440227677582231,-0.0166293048740709
0.05,3.75351882579514,-2.35911965345865,-2.07866310925886e-05,-0.00225025885342482,0.000220113838791115,-0.000831465243703545,-0.0450051770684963,0.00440227677582231,-0.0166293048740709
0.06,3.75349407294776,-2.35911723220642,-2.99327487733276e-05,-0.00270031062410978,0.000264136606549338,-0.000997758292444254,-0.0450051770684963,0.00440227677582231,-0.0166293048740709
0.07,3.75346481958266,-2.35911437072652,-4.07417969414737e-05,-0.00315036239479474,0.000308159374307561,-0.00116405134118496,-0.0450051770684963,0.00440227677582231,-0.0166293048740709
0.08,3.75343106569986,-2.35911106901894,-5.32137755970269e-05,-0.00360041416547971,0.000352182142065784,-0.00133034438992567,-0.0450051770684963,0.00440227677582231,-0.0166293048740709
0.09,3.75339281129935,-2.35910732708368,-6.73486847399871e-05,-0.00405046593616467,0.000396204909824008,-0.00149663743866638,-0.0450051770684963,0.00440227677582231,-0.0166293048740709
0.1,3.75335005638114,-2.35910314492074,-8.31465243703545e-05,-0.00450051770684963,0.000440227677582231,-0.00166293048740709,-0.0450051770684963,0.00440227677582231,-0.0166293048740709
0.11,3.75330280094522,-2.35909852253013,-0.000100607294488129,-0.0049505694775346,0.000484250445340454,-0.0018292235361478,-0.0450051770684963,0.00440227677582231,-0.0166293048740709
0.12,3.75325104499159,-2.35909345991183,-0.00011973099509331,-0.00540062124821956,0.000528273213098677,-0.00199551658488851,-0.0450051770684963,0.00440227677582231,-0.0166293048740709
0.13,3.75319478852025,-2.35908795706586,-0.000140517626185899,-0.00585067301890452,0.0005722959808569,-0.00216180963362922,-0.0450051770684963,0.00440227677582231,-0.0166293048740709
0.14,3.75313403153121,-2.35908201399222,-0.000162967187765895,-0.00630072478958949,0.000616318748615123,-0.00232810268236993,-0.0450051770684963,0.00440227677582231,-0.0166293048740709
0.15,3.75306877402446,-2.35907563069089,-0.000187079679833298,-0.00675077656027445,0.000660341516373346,-0.00249439573111063,-0.0450051770684963,0.00440227677582231,-0.0166293048740709
0.16,3.752999016,-2.35906880716189,-0.000212855102388107,-0.00720082833095941,0.000704364284131569,-0.00266068877985134,-0.0450051770684963,0.00440227677582231,-0.0166293048740709
0.17,3.75292475745784,-2.35906154340521,-0.000240293455430324,-0.00765088010164438,0.000748387051889792,-0.00282698182859205,-0.0450051770684963,0.00440227677582231,-0.0166293048740709
0.18,3.75284599839797,-2.35905383942085,-0.000269394738959948,-0.00810093187232934,0.000792409819648015,-0.00299327487733276,-0.0450051770684963,0.00440227677582231,-0.0166293048740709
0.19,3.75276273882039,-2.35904569520882,-0.00030015895297698,-0.0085509836430143,0.000836432587406238,-0.00315956792607347,-0.0450051770684963,0.00440227677582231,-0.0166293048740709
0.2,3.75267497872511,-2.3590371107691,-0.000332586097481418,-0.00900103541369927,0.000880455355164461,-0.00332586097481418,-0.0450051770684963,0.00440227677582231,-0.0166293048740709
0.21,3.75258271811212,-2.35902808610171,-0.000366676172473263,-0.00945108718438423,0.000924478122922684,-0.00349215402355489,-0.0450051770684963,0.00440227677582231,-0.0166293048740709
0.22,3.75248595698142,-2.35901862120665,-0.000402429177952516,-0.00990113895506919,0.000968500890680907,-0.0036584470722956,-0.0450051770684963,0.00440227677582231,-0.0166293048740709
0.23,3.75238469533302,-2.3590087160839,-0.000439845113919175,-0.0103511907257542,0.00101252365843913,-0.00382474012103631,-0.0450051770684963,0.00440227677582231,-0.0166293048740709
0.24,3.75227893316691,-2.35899837073348,-0.000478923980373242,-0.0108012424964391,0.00105654642619735,-0.00399103316977701,-0.0450051770684963,0.00440227677582231,-0.0166293048740709
0.25,3.75216867048309,-2.35898758515538,-0.000519665777314715,-0.0112512942671241,0.00110056919395558,-0.00415732621851772,-0.0450051770684963,0.00440227677582231,-0.0166293048740709
0.26,3.75205390728156,-2.3589763593496,-0.000562070504743596,-0.011701346037809,0.0011445919617138,-0.00432361926725843,-0.0450051770684963,0.00440227677582231,-0.0166293048740709
0.27,3.75193464356233,-2.35896469331614,-0.000606138162659884,-0.012151397808494,0.00118861472947202,-0.00448991231599914,-0.0450051770684963,0.00440227677582231,-0.0166293048740709
0.28,3.7518108793254,-2.35895258705501,-0.000651868751063579,-0.012601449579179,0.00123263749723025,-0.00465620536473985,-0.0450051770684963,0.00440227677582231,-0.0166293048740709
0.29,3.75168261457075,-2.3589400405662,-0.000699262269954681,-0.0130515013498639,0.00127666026498847,-0.00482249841348056,-0.0450051770684963,0.00440227677582231,-0.0166293048740709
0.3,3.7515498492984,-2.35892705384971,-0.00074831871933319,-0.0135015531205489,0.00132068303274669,-0.00498879146222127,-0.0450051770684963,0.00440227677582231,-0.0166293048740709
0.31,3.75141258350834,-2.35891362690554,-0.000799038099199106,-0.0139516048912339,0.00136470580050491,-0.00515508451096198,-0.0450051770684963,0.00440227677582231,-0.0166293048740709
0.32,3.75127081720057,-2.3588997597337,-0.00085142040955243,-0.0144016566619188,0.00140872856826314,-0.00532137755970269,-0.0450051770684963,0.00440227677582231,-0.0166293048740709
0.33,3.7511245503751,-2.35888545233418,-0.00090546565039316,-0.0148517084326038,0.00145275133602136,-0.00548767060844339,-0.0450051770684963,0.00440227677582231,-0.0166293048740709
0.34,3.75097378303192,-2.35887070470698,-0.000961173821721298,-0.0153017602032888,0.00149677410377958,-0.0056539636571841,-0.0450051770684963,0.00440227677582231,-0.0166293048740709
0.35,3.75081851517103,-2.3588555168521,-0.00101854492353684,-0.0157518119739737,0.00154079687153781,-0.00582025670592481,-0.0450051770684963,0.00440227677582231,-0.0166293048740709
0.36,3.75065874679244,-2.35883988876955,-0.00107757895583979,-0.0162018637446587,0.00158481963929603,-0.00598654975466552,-0.0450051770684963,0.00440227677582231,-0.0166293048740709
0.37,3.75049447789614,-2.35882382045932,-0.00113827591863015,-0.0166519155153436,0.00162884240705425,-0.00615284280340623,-0.0450051770684963,0.00440227677582231,-0.0166293048740709
0.38,3.75032570848213,-2.35880731192141,-0.00120063581190792,-0.0171019672860286,0.00167286517481248,-0.00631913585214694,-0.0450051770684963,0.00440227677582231,-0.0166293048740709
0.39,3.75015243855042,-2.35879036315582,-0.00126465863567309,-0.0175520190567136,0.0017168879425707,-0.00648542890088765,-0.0450051770684963,0.00440227677582231,-0.0166293048740709
0.4,3.749974668101,-2.35877297416255,-0.00133034438992567,-0.0180020708273985,0.00176091071032892,-0.00665172194962836,-0.0450051770684963,0.00440227677582231,-0.0166293048740709
0.41,3.74979239713387,-2.35875514494161,-0.00139769307466566,-0.0184521225980835,0.00180493347808715,-0.00681801499836907,-0.0450051770684963,0.00440227677582231,-0.0166293048740709
0.42,3.74960562564904,-2.35873687549299,-0.00146670468989305,-0.0189021743687685,0.00184895624584537,-0.00698430804710978,-0.0450051770684963,0.00440227677582231,-0.0166293048740709
0.43,3.7494143536465,-2.3587181658167,-0.00153737923560785,-0.0193522261394534,0.00189297901360359,-0.00715060109585048,-0.0450051770684963,0.00440227677582231,-0.0166293048740709
0.44,3.74921858112625,-2.35869901591272,-0.00160971671181006,-0.0198022779101384,0.00193700178136181,-0.00731689414459119,-0.0450051770684963,0.00440227677582231,-0.0166293048740709
0.45,3.74901830808829,-2.35867942578107,-0.00168371711849968,-0.0202523296808234,0.00198102454912004,-0.0074831871933319,-0.0450051770684963,0.00440227677582231,-0.0166293048740709
0.46,3.74881353453263,-2.35865939542174,-0.0017593804556767,-0.0207023814515083,0.00202504731687826,-0.00764948024207261,-0.0450051770684963,0.00440227677582231,-0.0166293048740709
0.47,3.74860426045926,-2.35863892483473,-0.00183670672334113,-0.0211524332221933,0.00206907008463648,-0.00781577329081332,-0.0450051770684963,0.00440227677582231,-0.0166293048740709
0.48,3.74839048586819,-2.35861801402005,-0.00191569592149297,-0.0216024849928782,0.00211309285239471,-0.00798206633955403,-0.0450051770684963,0.00440227677582231,-0.0166293048740709
0.49,3.74817221075941,-2.35859666297768,-0.00199634805013221,-0.0220525367635632,0.00215711562015293,-0.00814835938829474,-0.0450051770684963,0.00440227677582231,-0.0166293048740709
0.5,3.74794943513292,-2.35857487170764,-0.00207866310925886,-0.0225025885342482,0.00220113838791115,-0.00831465243703545,-0.0450051770684963,0.00440227677582231,-0.0166293048740709
0.51,3.74772215898872,-2.35855264020992,-0.00216264109887292,-0.0229526403049331,0.00224516115566938,-0.00848094548577616,-0.0450051770684963,0.00440227677582231,-0.0166293048740709
0.52,3.74749038232682,-2.35852996848453,-0.00224828201897438,-0.0234026920756181,0.0022891839234276,-0.00864723853451686,-0.0450051770684963,0.00440227677582231,-0.0166293048740709
0.53,3.74725410514721,-2.35850685653146,-0.00233558586956326,-0.0238527438463031,0.00233320669118582,-0.00881353158325757,-0.0450051770684963,0.00440227677582231,-0.0166293048740709
0.54,3.74701332744989,-2.35848330435071,-0.00242455265063954,-0.024302795616988,0.00237722945894405,-0.00897982463199828,-0.0450051770684963,0.00440227677582231,-0.0166293048740709
0.55,3.74676804923487,-2.35845931194228,-0.00251518236220322,-0.024752847387673,0.00242125222670227,-0.00914611768073899,-0.0450051770684963,0.00440227677582231,-0.0166293048740709
0.56,3.74651827050214,-2.35843487930617,-0.00260747500425432,-0.0252028991583579,0.00246527499446049,-0.0093124107294797,-0.0450051770684963,0.00440227677582231,-0.0166293048740709
0.57,3.7462639912517,-2.35841000644239,-0.00270143057679282,-0.0256529509290429,0.00250929776221871,-0.00947870377822041,-0.0450051770684963,0.00440227677582231,-0.0166293048740709
0.58,3.74600521148356,-2.35838469335093,-0.00279704907981872,-0.0261030026997279,0.00255332052997694,-0.00964499682696112,-0.0450051770684963,0.00440227677582231,-0.0166293048740709
0.59,3.74574193119771,-2.35835894003179,-0.00289433051333204,-0.0265530544704128,0.00259734329773516,-0.00981128987570183,-0.0450051770684963,0.00440227677582231,-0.0166293048740709
0.6,3.74547415039415,-2.35833274648497,-0.00299327487733276,-0.0270031062410978,0.00264136606549338,-0.00997758292444254,-0.0450051770684963,0.00440227677582231,-0.0166293048740709
0.61,3.74520186907289,-2.35830611271048,-0.00309388217182089,-0.0274531580117828,0.00268538883325161,-0.0101438759731832,-0.0450051770684963,0.00440227677582231,-0.0166293048740709
0.62,3.74492508723392,-2.35827903870831,-0.00319615239679643,-0.0279032097824677,0.00272941160100983,-0.010310169021924,-0.0450051770684963,0.00440227677582231,-0.0166293048740709
0.63,3.74464380487724,-2.35825152447846,-0.00330008555225937,-0.0283532615531527,0.00277343436876805,-0.0104764620706647,-0.0450051770684963,0.00440227677582231,-0.0166293048740709
0.64,3.74435802200285,-2.35822357002093,-0.00340568163820972,-0.0288033133238377,0.00281745713652628,-0.0106427551194054,-0.0450051770684963,0.00440227677582231,-0.0166293048740709
0.65,3.74406773861076,-2.35819517533573,-0.00351294065464748,-0.0292533650945226,0.0028614799042845,-0.0108090481681461,-0.0450051770684963,0.00440227677582231,-0.0166293048740709
0.66,3.74377295470096,-2.35816634042285,-0.00362186260157264,-0.0297034168652076,0.00290550267204272,-0.0109753412168868,-0.0450051770684963,0.00440227677582231,-0.0166293048740709
0.67,3.74347367027346,-2.35813706528229,-0.00373244747898521,-0.0301534686358925,0.00294952543980094,-0.0111416342656275,-0.0450051770684963,0.00440227677582231,-0.0166293048740709
0.68,3.74316988532824,-2.35810734991405,-0.00384469528688519,-0.0306035204065775,0.00299354820755917,-0.0113079273143682,-0.0450051770684963,0.00440227677582231,-0.0166293048740709
0.69,3.74286159986532,-2.35807719431814,-0.00395860602527258,-0.0310535721772625,0.00303757097531739,-0.0114742203631089,-0.0450051770684963,0.00440227677582231,-0.0166293048740709
0.7,3.7425488138847,-2.35804659849454,-0.00407417969414737,-0.0315036239479474,0.00308159374307561,-0.0116405134118496,-0.0450051770684963,0.00440227677582231,-0.0166293048740709
0.71,3.74223152738637,-2.35801556244327,-0.00419141629350957,-0.0319536757186324,0.00312561651083384,-0.0118068064605903,-0.0450051770684963,0.00440227677582231,-0.0166293048740709
0.72,3.74190974037033,-2.35798408616433,-0.00431031582335918,-0.0324037274893174,0.00316963927859206,-0.011973099509331,-0.0450051770684963,0.00440227677582231,-0.0166293048740709
0.73,3.74158345283658,-2.3579521696577,-0.00443087828369619,-0.0328537792600023,0.00321366204635028,-0.0121393925580718,-0.0450051770684963,0.00440227677582231,-0.0166293048740709
0.74,3.74125266478513,-2.3579198129234,-0.00455310367452061,-0.0333038310306873,0.00325768481410851,-0.0123056856068125,-0.0450051770684963,0.00440227677582231,-0.0166293048740709
0.75,3.74091737621597,-2.35788701596142,-0.00467699199583244,-0.0337538828013723,0.00330170758186673,-0.0124719786555532,-0.0450051770684963,0.00440227677582231,-0.0166293048740709
0.76,3.7405775871291,-2.35785377877176,-0.00480254324763167,-0.0342039345720572,0.00334573034962495,-0.0126382717042939,-0.0450051770684963,0.00440227677582231,-0.0166293048740709
0.77,3.74023329752452,-2.35782010135443,-0.00492975742991832,-0.0346539863427422,0.00338975311738318,-0.0128045647530346,-0.0450051770684963,0.00440227677582231,-0.0166293048740709
0.78,3.73988450740224,-2.35778598370942,-0.00505863454269237,-0.0351040381134271,0.0034337758851414,-0.0129708578017753,-0.0450051770684963,0.00440227677582231,-0.0166293048740709
0.79,3.73953121676226,-2.35775142583673,-0.00518917458595382,-0.0355540898841121,0.00347779865289962,-0.013137150850516,-0.0450051770684963,0.00440227677582231,-0.0166293048740709
0.8,3.73917342560456,-2.35771642773636,-0.00532137755970269,-0.0360041416547971,0.00352182142065784,-0.0133034438992567,-0.0450051770684963,0.00440227677582231,-0.0166293048740709
0.81,3.73881113392916,-2.35768098940831,-0.00545524346393896,-0.036454193425482,0.00356584418841607,-0.0134697369479974,-0.0450051770684963,0.00440227677582231,-0.0166293048740709
0.82,3.73844434173605,-2.35764511085259,-0.00559077229866264,-0.036904245196167,0.00360986695617429,-0.0136360299967381,-0.0450051770684963,0.00440227677582231,-0.0166293048740709
0.83,3.73807304902524,-2.35760879206919,-0.00572796406387372,-0.037354296966852,0.00365388972393251,-0.0138023230454788,-0.0450051770684963,0.00440227677582231,-0.0166293048740709
0.84,3.73769725579671,-2.35757203305811,-0.00586681875957221,-0.0378043487375369,0.00369791249169074,-0.0139686160942196,-0.0450051770684963,0.00440227677582231,-0.0166293048740709
0.85,3.73731696205049,-2.35753483381935,-0.00600733638575811,-0.0382544005082219,0.00374193525944896,-0.0141349091429603,-0.0450051770684963,0.00440227677582231,-0.0166293048740709
0.86,3.73693216778655,-2.35749719435292,-0.00614951694243142,-0.0387044522789068,0.00378595802720718,-0.014301202191701,-0.0450051770684963,0.00440227677582231,-0.0166293048740709
0.87,3.73654287300491,-2.35745911465881,-0.00629336042959213,-0.0391545040495918,0.00382998079496541,-0.0144674952404417,-0.0450051770684963,0.00440227677582231,-0.0166293048740709
0.88,3.73614907770556,-2.35742059473702,-0.00643886684724025,-0.0396045558202768,0.00387400356272363,-0.0146337882891824,-0.0450051770684963,0.00440227677582231,-0.0166293048740709
0.89,3.7357507818885,-2.35738163458756,-0.00658603619537578,-0.0400546075909617,0.00391802633048185,-0.0148000813379231,-0.0450051770684963,0.00440227677582231,-0.0166293048740709
0.9,3.73534798555374,-2.35734223421041,-0.00673486847399871,-0.0405046593616467,0.00396204909824008,-0.0149663743866638,-0.0450051770684963,0.00440227677582231,-0.0166293048740709
0.91,3.73494068870127,-2.35730239360559,-0.00688536368310905,-0.0409547111323317,0.0040060718659983,-0.0151326674354045,-0.0450051770684963,0.00440227677582231,-0.0166293048740709
0.92,3.73452889133109,-2.35726211277309,-0.0070375218227068,-0.0414047629030166,0.00405009463375652,-0.0152989604841452,-0.0450051770684963,0.00440227677582231,-0.0166293048740709
0.93,3.73411259344321,-2.35722139171292,-0.00719134289279196,-0.0418548146737016,0.00409411740151474,-0.0154652535328859,-0.0450051770684963,0.00440227677582231,-0.0166293048740709
0.94,3.73369179503762,-2.35718023042506,-0.00734682689336452,-0.0423048664443866,0.00413814016927297,-0.0156315465816266,-0.0450051770684963,0.00440227677582231,-0.0166293048740709
0.95,3.73326649611432,-2.35713862890953,-0.00750397382442449,-0.0427549182150715,0.00418216293703119,-0.0157978396303673,-0.0450051770684963,0.00440227677582231,-0.0166293048740709
0.96,3.73283669667332,-2.35709658716632,-0.00766278368597187,-0.0432049699857565,0.00422618570478941,-0.0159641326791081,-0.0450051770684963,0.00440227677582231,-0.0166293048740709
0.97,3.73240239671461,-2.35705410519543,-0.00782325647800665,-0.0436550217564414,0.00427020847254764,-0.0161304257278488,-0.0450051770684963,0.00440227677582231,-0.0166293048740709
0.98,3.73196359623819,-2.35701118299687,-0.00798539220052884,-0.0441050735271264,0.00431423124030586,-0.0162967187765895,-0.0450051770684963,0.00440227677582231,-0.0166293048740709
0.99,3.73152029524406,-2.35696782057063,-0.00814919085353844,-0.0445551252978114,0.00435825400806408,-0.0164630118253302,-0.0450051770684963,0.00440227677582231,-0.0166293048740709
1,3.73107249373223,-2.35692401791671,-0.00831465243703545,-0.0450051770684963,0.00440227677582231,-0.0166293048740709,-0.0450051770684963,0.00440227677582231,-0.0166293048740709
1.01,3.73062019170269,-2.35687977503511,-0.00848177695101986,-0.0454552288391813,0.00444629954358053,-0.0167955979228116,-0.0450051770684963,0.00440227677582231,-0.0166293048740709
1.02,3.73016338915545,-2.35683509192584,-0.00865056439549168,-0.0459052806098663,0.00449032231133875,-0.0169618909715523,-0.0450051770684963,0.00440227677582231,-0.0166293048740709
1.03,3.7297020860905,-2.35678996858889,-0.0088210147704509,-0.0463553323805512,0.00453434507909698,-0.017128184020293,-0.0450051770684963,0.00440227677582231,-0.0166293048740709
1.04,3.72923628250784,-2.35674440502426,-0.00899312807589754,-0.0468053841512362,0.0045783678468552,-0.0172944770690337,-0.0450051770684963,0.00440227677582231,-0.0166293048740709
1.05,3.72876597840747,-2.35669840123195,-0.00916690431183158,-0.0472554359219212,0.00462239061461342,-0.0174607701177744,-0.0450051770684963,0.00440227677582231,-0.0166293048740709
1.06,3.7282911737894,-2.35665195721196,-0.00934234347825303,-0.0477054876926061,0.00466641338237164,-0.0176270631665151,-0.0450051770684963,0.00440227677582231,-0.0166293048740709
1.07,3.72781186865362,-2.3566050729643,-0.00951944557516188,-0.0481555394632911,0.00471043615012987,-0.0177933562152559,-0.0450051770684963,0.00440227677582231,-0.0166293048740709
1.08,3.72732806300013,-2.35655774848896,-0.00969821060255815,-0.048605591233976,0.00475445891788809,-0.0179596492639966,-0.0450051770684963,0.00440227677582231,-0.0166293048740709
1.09,3.72683975682894,-2.35650998378594,-0.00987863856044181,-0.049055643004661,0.00479848168564631,-0.0181259423127373,-0.0450051770684963,0.00440227677582231,-0.0166293048740709
1.1,3.72634695014004,-2.35646177885525,-0.0100607294488129,-0.049505694775346,0.00484250445340454,-0.018292235361478,-0.0450051770684963,0.00440227677582231,-0.0166293048740709
1.11,3.72584964293343,-2.35641313369688,-0.0102444832676714,-0.0499557465460309,0.00488652722116276,-0.0184585284102187,-0.0450051770684963,0.00440227677582231,-0.0166293048740709
1.12,3.72534783520912,-2.35636404831082,-0.0104299000170173,-0.0504057983167159,0.00493054998892098,-0.0186248214589594,-0.0450051770684963,0.00440227677582231,-0.0166293048740709
1.13,3.7248415269671,-2.3563145226971,-0.0106169796968506,-0.0508558500874009,0.00497457275667921,-0.0187911145077001,-0.0450051770684963,0.00440227677582231,-0.0166293048740709
1.14,3.72433071820737,-2.35626455685569,-0.0108057223071713,-0.0513059018580858,0.00501859552443743,-0.0189574075564408,-0.0450051770684963,0.00440227677582231,-0.0166293048740709
1.15,3.72381540892994,-2.35621415078661,-0.0109961278479794,-0.0517559536287708,0.00506261829219565,-0.0191237006051815,-0.0450051770684963,0.00440227677582231,-0.0166293048740709
1.16,3.7232955991348,-2.35616330448985,-0.0111881963192749,-0.0522060053994557,0.00510664105995387,-0.0192899936539222,-0.0450051770684963,0.00440227677582231,-0.0166293048740709
1.17,3.72277128882195,-2.35611201796541,-0.0113819277210578,-0.0526560571701407,0.0051506638277121,-0.0194562867026629,-0.0450051770684963,0.00440227677582231,-0.0166293048740709
1.18,3.72224247799139,-2.35606029121329,-0.0115773220533282,-0.0531061089408257,0.00519468659547032,-0.0196225797514037,-0.0450051770684963,0.00440227677582231,-0.0166293048740709
1.19,3.72170916664313,-2.3560081242335,-0.0117743793160859,-0.0535561607115106,0.00523870936322854,-0.0197888728001444,-0.0450051770684963,0.00440227677582231,-0.0166293048740709
1.2,3.72117135477716,-2.35595551702603,-0.011973099509331,-0.0540062124821956,0.00528273213098677,-0.0199551658488851,-0.0450051770684963,0.00440227677582231,-0.0166293048740709
1.21,3.72062904239349,-2.35590246959088,-0.0121734826330636,-0.0544562642528806,0.00532675489874499,-0.0201214588976258,-0.0450051770684963,0.00440227677582231,-0.0166293048740709
1.22,3.7200822294921,-2.35584898192805,-0.0123755286872836,-0.0549063160235655,0.00537077766650321,-0.0202877519463665,-0.0450051770684963,0.00440227677582231,-0.0166293048740709
1.23,3.71953091607302,-2.35579505403755,-0.0125792376719909,-0.0553563677942505,0.00541480043426144,-0.0204540449951072,-0.0450051770684963,0.00440227677582231,-0.0166293048740709
1.24,3.71897510213622,-2.35574068591937,-0.0127846095871857,-0.0558064195649355,0.00545882320201966,-0.0206203380438479,-0.0450051770684963,0.00440227677582231,-0.0166293048740709
1.25,3.71841478768172,-2.35568587757351,-0.0129916444328679,-0.0562564713356204,0.00550284596977788,-0.0207866310925886,-0.0450051770684963,0.00440227677582231,-0.0166293048740709
1.26,3.71784997270951,-2.35563062899997,-0.0132003422090375,-0.0567065231063054,0.00554686873753611,-0.0209529241413293,-0.0450051770684963,0.00440227677582231,-0.0166293048740709
1.27,3.71728065721959,-2.35557494019876,-0.0134107029156945,-0.0571565748769903,0.00559089150529433,-0.02111921719007,-0.0450051770684963,0.00440227677582231,-0.0166293048740709
1.28,3.71670684121197,-2.35551881116987,-0.0136227265528389,-0.0576066266476753,0.00563491427305255,-0.0212855102388107,-0.0450051770684963,0.00440227677582231,-0.0166293048740709
1.29,3.71612852468664,-2.3554622419133,-0.0138364131204707,-0.0580566784183603,0.00567893704081077,-0.0214518032875515,-0.0450051770684963,0.00440227677582231,-0.0166293048740709
1.3,3.7155457076436,-2.35540523242905,-0.0140517626185899,-0.0585067301890452,0.005722959808569,-0.0216180963362922,-0.0450051770684963,0.00440227677582231,-0.0166293048740709
1.31,3.71495839008286,-2.35534778271713,-0.0142687750471965,-0.0589567819597302,0.00576698257632722,-0.0217843893850329,-0.0450051770684963,0.00440227677582231,-0.0166293048740709
1.32,3.71436657200441,-2.35528989277752,-0.0144874504062906,-0.0594068337304152,0.00581100534408544,-0.0219506824337736,-0.0450051770684963,0.00440227677582231,-0.0166293048740709
1.33,3.71377025340825,-2.35523156261024,-0.014707788695872,-0.0598568855011001,0.00585502811184367,-0.0221169754825143,-0.0450051770684963,0.00440227677582231,-0.0166293048740709
1.34,3.71316943429438,-2.35517279221529,-0.0149297899159408,-0.0603069372717851,0.00589905087960189,-0.022283268531255,-0.0450051770684963,0.00440227677582231,-0.0166293048740709
1.35,3.71256411466281,-2.35511358159265,-0.0151534540664971,-0.0607569890424701,0.00594307364736011,-0.0224495615799957,-0.0450051770684963,0.00440227677582231,-0.0166293048740709
1.36,3.71195429451353,-2.35505393074234,-0.0153787811475408,-0.061207040813155,0.00598709641511834,-0.0226158546287364,-0.0450051770684963,0.00440227677582231,-0.0166293048740709
1.37,3.71133997384655,-2.35499383966435,-0.0156057711590718,-0.06165709258384,0.00603111918287656,-0.0227821476774771,-0.0450051770684963,0.00440227677582231,-0.0166293048740709
1.38,3.71072115266186,-2.35493330835868,-0.0158344241010903,-0.0621071443545249,0.00607514195063478,-0.0229484407262178,-0.0450051770684963,0.00440227677582231,-0.0166293048740709
1.39,3.71009783095946,-2.35487233682534,-0.0160647399735962,-0.0625571961252099,0.00611916471839301,-0.0231147337749585,-0.0450051770684963,0.00440227677582231,-0.0166293048740709
1.4,3.70947000873935,-2.35481092506431,-0.0162967187765895,-0.0630072478958949,0.00616318748615123,-0.0232810268236993,-0.0450051770684963,0.00440227677582231,-0.0166293048740709
1.41,3.70883768600154,-2.35474907307561,-0.0165303605100702,-0.0634572996665798,0.00620721025390945,-0.02344731987244,-0.0450051770684963,0.00440227677582231,-0.0166293048740709
1.42,3.70820086274602,-2.35468678085924,-0.0167656651740383,-0.0639073514372648,0.00625123302166767,-0.0236136129211807,-0.0450051770684963,0.00440227677582231,-0.0166293048740709
1.43,3.7075595389728,-2.35462404841518,-0.0170026327684938,-0.0643574032079497,0.0062952557894259,-0.0237799059699214,-0.0450051770684963,0.00440227677582231,-0.0166293048740709
1.44,3.70691371468186,-2.35456087574345,-0.0172412632934367,-0.0648074549786347,0.00633927855718412,-0.0239461990186621,-0.0450051770684963,0.00440227677582231,-0.0166293048740709
1.45,3.70626338987322,-2.35449726284404,-0.017481556748867,-0.0652575067493197,0.00638330132494234,-0.0241124920674028,-0.0450051770684963,0.00440227677582231,-0.0166293048740709
1.46,3.70560856454688,-2.35443320971695,-0.0177235131347848,-0.0657075585200046,0.00642732409270057,-0.0242787851161435,-0.0450051770684963,0.00440227677582231,-0.0166293048740709
1.47,3.70494923870282,-2.35436871636218,-0.0179671324511899,-0.0661576102906896,0.00647134686045879,-0.0244450781648842,-0.0450051770684963,0.00440227677582231,-0.0166293048740709
1.48,3.70428541234106,-2.35430378277974,-0.0182124146980824,-0.0666076620613746,0.00651536962821701,-0.0246113712136249,-0.0450051770684963,0.00440227677582231,-0.0166293048740709
1.49,3.7036170854616,-2.35423840896962,-0.0184593598754624,-0.0670577138320595,0.00655939239597524,-0.0247776642623656,-0.0450051770684963,0.00440227677582231,-0.0166293048740709
1.5,3.70294425806442,-2.35417259493182,-0.0187079679833298,-0.0675077656027445,0.00660341516373346,-0.0249439573111063,-0.0450051770684963,0.00440227677582231,-0.0166293048740709
1.51,3.70226693014954,-2.35410634066634,-0.0189582390216845,-0.0679578173734295,0.00664743793149168,-0.025110250359847,-0.0450051770684963,0.00440227677582231,-0.0166293048740709
1.52,3.70158510171695,-2.35403964617319,-0.0192101729905267,-0.0684078691441144,0.00669146069924991,-0.0252765434085878,-0.0450051770684963,0.00440227677582231,-0.0166293048740709
1.53,3.70089877276666,-2.35397251145236,-0.0194637698898563,-0.0688579209147994,0.00673548346700813,-0.0254428364573285,-0.0450051770684963,0.00440227677582231,-0.0166293048740709
1.54,3.70020794329866,-2.35390493650385,-0.0197190297196733,-0.0693079726854844,0.00677950623476635,-0.0256091295060692,-0.0450051770684963,0.00440227677582231,-0.0166293048740709
1.55,3.69951261331295,-2.35383692132766,-0.0199759524799777,-0.0697580244561693,0.00682352900252457,-0.0257754225548099,-0.0450051770684963,0.00440227677582231,-0.0166293048740709
1.56,3.69881278280953,-2.3537684659238,-0.0202345381707695,-0.0702080762268543,0.0068675517702828,-0.0259417156035506,-0.0450051770684963,0.00440227677582231,-0.0166293048740709
1.57,3.69810845178841,-2.35369957029226,-0.0204947867920487,-0.0706581279975392,0.00691157453804102,-0.0261080086522913,-0.0450051770684963,0.00440227677582231,-0.0166293048740709
1.58,3.69739962024958,-2.35363023443304,-0.0207566983438153,-0.0711081797682242,0.00695559730579924,-0.026274301701032,-0.0450051770684963,0.00440227677582231,-0.0166293048740709
1.59,3.69668628819305,-2.35356045834614,-0.0210202728260693,-0.0715582315389092,0.00699962007355747,-0.0264405947497727,-0.0450051770684963,0.00440227677582231,-0.0166293048740709
1.6,3.6959684556188,-2.35349024203157,-0.0212855102388107,-0.0720082833095941,0.00704364284131569,-0.0266068877985134,-0.0450051770684963,0.00440227677582231,-0.0166293048740709
1.61,3.69524612252686,-2.35341958548932,-0.0215524105820396,-0.0724583350802791,0.00708766560907391,-0.0267731808472541,-0.0450051770684963,0.00440227677582231,-0.0166293048740709
1.62,3.6945192889172,-2.35334848871939,-0.0218209738557558,-0.0729083868509641,0.00713168837683214,-0.0269394738959948,-0.0450051770684963,0.00440227677582231,-0.0166293048740709
1.63,3.69378795478984,-2.35327695172178,-0.0220912000599595,-0.073358438621649,0.00717571114459036,-0.0271057669447356,-0.0450051770684963,0.00440227677582231,-0.0166293048740709
1.64,3.69305212014477,-2.35320497449649,-0.0223630891946505,-0.073808490392334,0.00721973391234858,-0.0272720599934763,-0.0450051770684963,0.00440227677582231,-0.0166293048740709
1.65,3.69231178498199,-2.35313255704353,-0.022636641259829,-0.074258542163019,0.0072637566801068,-0.027438353042217,-0.0450051770684963,0.00440227677582231,-0.0166293048740709
1.66,3.69156694930151,-2.35305969936289,-0.0229118562554949,-0.0747085939337039,0.00730777944786503,-0.0276046460909577,-0.0450051770684963,0.00440227677582231,-0.0166293048740709
1.67,3.69081761310332,-2.35298640145457,-0.0231887341816482,-0.0751586457043889,0.00735180221562325,-0.0277709391396984,-0.0450051770684963,0.00440227677582231,-0.0166293048740709
1.68,3.69006377638742,-2.35291266331858,-0.0234672750382888,-0.0756086974750738,0.00739582498338147,-0.0279372321884391,-0.0450051770684963,0.00440227677582231,-0.0166293048740709
1.69,3.68930543915381,-2.35283848495491,-0.0237474788254169,-0.0760587492457588,0.0074398477511397,-0.0281035252371798,-0.0450051770684963,0.00440227677582231,-0.0166293048740709
1.7,3.6885426014025,-2.35276386636356,-0.0240293455430324,-0.0765088010164438,0.00748387051889792,-0.0282698182859205,-0.0450051770684963,0.00440227677582231,-0.0166293048740709
1.71,3.68777526313349,-2.35268880754453,-0.0243128751911353,-0.0769588527871287,0.00752789328665614,-0.0284361113346612,-0.0450051770684963,0.00440227677582231,-0.0166293048740709
1.72,3.68700342434676,-2.35261330849782,-0.0245980677697257,-0.0774089045578137,0.00757191605441437,-0.0286024043834019,-0.0450051770684963,0.00440227677582231,-0.0166293048740709
1.73,3.68622708504233,-2.35253736922344,-0.0248849232788034,-0.0778589563284987,0.00761593882217259,-0.0287686974321426,-0.0450051770684963,0.00440227677582231,-0.0166293048740709
1.74,3.68544624522019,-2.35246098972138,-0.0251734417183685,-0.0783090080991836,0.00765996158993081,-0.0289349904808834,-0.0450051770684963,0.00440227677582231,-0.0166293048740709
1.75,3.68466090488034,-2.35238416999164,-0.0254636230884211,-0.0787590598698686,0.00770398435768904,-0.0291012835296241,-0.0450051770684963,0.00440227677582231,-0.0166293048740709
1.76,3.68387106402279,-2.35230691003423,-0.025755467388961,-0.0792091116405536,0.00774800712544726,-0.0292675765783648,-0.0450051770684963,0.00440227677582231,-0.0166293048740709
1.77,3.68307672264753,-2.35222920984913,-0.0260489746199884,-0.0796591634112385,0.00779202989320548,-0.0294338696271055,-0.0450051770684963,0.00440227677582231,-0.0166293048740709
1.78,3.68227788075457,-2.35215106943636,-0.0263441447815031,-0.0801092151819235,0.00783605266096371,-0.0296001626758462,-0.0450051770684963,0.00440227677582231,-0.0166293048740709
1.79,3.6814745383439,-2.35207248879591,-0.0266409778735053,-0.0805592669526084,0.00788007542872193,-0.0297664557245869,-0.0450051770684963,0.00440227677582231,-0.0166293048740709
1.8,3.68066669541552,-2.35199346792779,-0.0269394738959948,-0.0810093187232934,0.00792409819648015,-0.0299327487733276,-0.0450051770684963,0.00440227677582231,-0.0166293048740709
1.81,3.67985435196943,-2.35191400683198,-0.0272396328489718,-0.0814593704939784,0.00796812096423837,-0.0300990418220683,-0.0450051770684963,0.00440227677582231,-0.0166293048740709
1.82,3.67903750800564,-2.3518341055085,-0.0275414547324362,-0.0819094222646633,0.0080121437319966,-0.030265334870809,-0.0450051770684963,0.00440227677582231,-0.0166293048740709
1.83,3.67821616352414,-2.35175376395734,-0.027844939546388,-0.0823594740353483,0.00805616649975482,-0.0304316279195497,-0.0450051770684963,0.00440227677582231,-0.0166293048740709
1.84,3.67739031852493,-2.35167298217851,-0.0281500872908272,-0.0828095258060333,0.00810018926751304,-0.0305979209682904,-0.0450051770684963,0.00440227677582231,-0.0166293048740709
1.85,3.67655997300802,-2.35159176017199,-0.0284568979657538,-0.0832595775767182,0.00814421203527127,-0.0307642140170312,-0.0450051770684963,0.00440227677582231,-0.0166293048740709
1.86,3.67572512697339,-2.3515100979378,-0.0287653715711678,-0.0837096293474032,0.00818823480302949,-0.0309305070657719,-0.0450051770684963,0.00440227677582231,-0.0166293048740709
1.87,3.67488578042107,-2.35142799547593,-0.0290755081070693,-0.0841596811180882,0.00823225757078771,-0.0310968001145126,-0.0450051770684963,0.00440227677582231,-0.0166293048740709
1.88,3.67404193335103,-2.35134545278639,-0.0293873075734581,-0.0846097328887731,0.00827628033854593,-0.0312630931632533,-0.0450051770684963,0.00440227677582231,-0.0166293048740709
1.89,3.67319358576329,-2.35126246986916,-0.0297007699703343,-0.0850597846594581,0.00832030310630416,-0.031429386211994,-0.0450051770684963,0.00440227677582231,-0.0166293048740709
1.9,3.67234073765784,-2.35117904672426,-0.030015895297698,-0.085509836430143,0.00836432587406238,-0.0315956792607347,-0.0450051770684963,0.00440227677582231,-0.0166293048740709
1.91,3.67148338903469,-2.35109518335168,-0.030332683555549,-0.085959888200828,0.0084083486418206,-0.0317619723094754,-0.0450051770684963,0.00440227677582231,-0.0166293048740709
1.92,3.67062153989383,-2.35101087975142,-0.0306511347438875,-0.086409939971513,0.00845237140957883,-0.0319282653582161,-0.0450051770684963,0.00440227677582231,-0.0166293048740709
1.93,3.66975519023526,-2.35092613592349,-0.0309712488627133,-0.0868599917421979,0.00849639417733705,-0.0320945584069568,-0.0450051770684963,0.00440227677582231,-0.0166293048740709
1.94,3.66888434005898,-2.35084095186788,-0.0312930259120266,-0.0873100435128829,0.00854041694509527,-0.0322608514556975,-0.0450051770684963,0.00440227677582231,-0.0166293048740709
1.95,3.668008989365,-2.35075532758459,-0.0316164658918273,-0.0877600952835678,0.0085844397128535,-0.0324271445044382,-0.0450051770684963,0.00440227677582231,-0.0166293048740709
1.96,3.66712913815331,-2.35066926307362,-0.0319415688021154,-0.0882101470542528,0.00862846248061172,-0.0325934375531789,-0.0450051770684963,0.00440227677582231,-0.0166293048740709
1.97,3.66624478642392,-2.35058275833498,-0.0322683346428909,-0.0886601988249378,0.00867248524836994,-0.0327597306019197,-0.0450051770684963,0.00440227677582231,-0.0166293048740709
1.98,3.66535593417681,-2.35049581336865,-0.0325967634141538,-0.0891102505956227,0.00871650801612817,-0.0329260236506604,-0.0450051770684963,0.00440227677582231,-0.0166293048740709
1.99,3.664462581412,-2.35040842817465,-0.0329268551159041,-0.0895603023663077,0.00876053078388639,-0.0330923166994011,-0.0450051770684963,0.00440227677582231,-0.0166293048740709
2,3.66356472812949,-2.35032060275298,-0.0332586097481418,-0.0900103541369927,0.00880455355164461,-0.0332586097481418,-0.0450051770684963,0.00440227677582231,-0.0166293048740709
2.01,3.66266237432926,-2.35023233710362,-0.0335920273108669,-0.0904604059076776,0.00884857631940284,-0.0334249027968825,-0.0450051770684963,0.00440227677582231,-0.0166293048740709
2.02,3.66175552001133,-2.35014363122659,-0.0339271078040794,-0.0909104576783626,0.00889259908716106,-0.0335911958456232,-0.0450051770684963,0.00440227677582231,-0.0166293048740709
2.03,3.6608441651757,-2.35005448512188,-0.0342638512277794,-0.0913605094490476,0.00893662185491928,-0.0337574888943639,-0.0450051770684963,0.00440227677582231,-0.0166293048740709
2.04,3.65992830982235,-2.34996489878949,-0.0346022575819667,-0.0918105612197325,0.0089806446226775,-0.0339237819431046,-0.0450051770684963,0.00440227677582231,-0.0166293048740709
2.05,3.6590079539513,-2.34987487222942,-0.0349423268666415,-0.0922606129904175,0.00902466739043573,-0.0340900749918453,-0.0450051770684963,0.00440227677582231,-0.0166293048740709
2.06,3.65808309756254,-2.34978440544168,-0.0352840590818036,-0.0927106647611025,0.00906869015819395,-0.034256368040586,-0.0450051770684963,0.00440227677582231,-0.0166293048740709
2.07,3.65715374065608,-2.34969349842626,-0.0356274542274532,-0.0931607165317874,0.00911271292595217,-0.0344226610893267,-0.0450051770684963,0.00440227677582231,-0.0166293048740709
2.08,3.65621988323191,-2.34960215118316,-0.0359725123035902,-0.0936107683024724,0.0091567356937104,-0.0345889541380675,-0.0450051770684963,0.00440227677582231,-0.0166293048740709
2.09,3.65528152529003,-2.34951036371239,-0.0363192333102145,-0.0940608200731573,0.00920075846146862,-0.0347552471868082,-0.0450051770684963,0.00440227677582231,-0.0166293048740709
2.1,3.65433866683045,-2.34941813601393,-0.0366676172473263,-0.0945108718438423,0.00924478122922684,-0.0349215402355489,-0.0450051770684963,0.00440227677582231,-0.0166293048740709
2.11,3.65339130785315,-2.3493254680878,-0.0370176641149255,-0.0949609236145273,0.00928880399698506,-0.0350878332842896,-0.0450051770684963,0.00440227677582231,-0.0166293048740709
2.12,3.65243944835815,-2.34923235993399,-0.0373693739130121,-0.0954109753852122,0.00933282676474329,-0.0352541263330303,-0.0450051770684963,0.00440227677582231,-0.0166293048740709
2.13,3.65148308834545,-2.34913881155251,-0.0377227466415861,-0.0958610271558972,0.00937684953250151,-0.035420419381771,-0.0450051770684963,0.00440227677582231,-0.0166293048740709
2.14,3.65052222781504,-2.34904482294334,-0.0380777823006475,-0.0963110789265822,0.00942087230025974,-0.0355867124305117,-0.0450051770684963,0.00440227677582231,-0.0166293048740709
2.15,3.64955686676692,-2.3489503941065,-0.0384344808901963,-0.0967611306972671,0.00946489506801796,-0.0357530054792524,-0.0450051770684963,0.00440227677582231,-0.0166293048740709
2.16,3.64858700520109,-2.34885552504198,-0.0387928424102326,-0.0972111824679521,0.00950891783577618,-0.0359192985279931,-0.0450051770684963,0.00440227677582231,-0.0166293048740709
2.17,3.64761264311756,-2.34876021574979,-0.0391528668607562,-0.097661234238637,0.0095529406035344,-0.0360855915767338,-0.0450051770684963,0.00440227677582231,-0.0166293048740709
2.18,3.64663378051632,-2.34866446622991,-0.0395145542417673,-0.098111286009322,0.00959696337129263,-0.0362518846254746,-0.0450051770684963,0.00440227677582231,-0.0166293048740709
2.19,3.64565041739737,-2.34856827648236,-0.0398779045532657,-0.098561337780007,0.00964098613905085,-0.0364181776742153,-0.0450051770684963,0.00440227677582231,-0.0166293048740709
2.2,3.64466255376072,-2.34847164650713,-0.0402429177952516,-0.0990113895506919,0.00968500890680907,-0.036584470722956,-0.0450051770684963,0.00440227677582231,-0.0166293048740709
2.21,3.64367018960636,-2.34837457630422,-0.0406095939677248,-0.0994614413213769,0.0097290316745673,-0.0367507637716967,-0.0450051770684963,0.00440227677582231,-0.0166293048740709
2.22,3.64267332493429,-2.34827706587364,-0.0409779330706855,-0.0999114930920619,0.00977305444232552,-0.0369170568204374,-0.0450051770684963,0.00440227677582231,-0.0166293048740709
2.23,3.64167195974452,-2.34817911521538,-0.0413479351041336,-0.100361544862747,0.00981707721008374,-0.0370833498691781,-0.0450051770684963,0.00440227677582231,-0.0166293048740709
2.24,3.64066609403704,-2.34808072432944,-0.0417196000680691,-0.100811596633432,0.00986109997784197,-0.0372496429179188,-0.0450051770684963,0.00440227677582231,-0.0166293048740709
2.25,3.63965572781185,-2.34798189321582,-0.0420929279624919,-0.101261648404117,0.00990512274560019,-0.0374159359666595,-0.0450051770684963,0.00440227677582231,-0.0166293048740709
2.26,3.63864086106895,-2.34788262187453,-0.0424679187874023,-0.101711700174802,0.00994914551335841,-0.0375822290154002,-0.0450051770684963,0.00440227677582231,-0.0166293048740709
2.27,3.63762149380835,-2.34778291030555,-0.0428445725427999,-0.102161751945487,0.00999316828111663,-0.0377485220641409,-0.0450051770684963,0.00440227677582231,-0.0166293048740709
2.28,3.63659762603004,-2.3476827585089,-0.0432228892286851,-0.102611803716172,0.0100371910488749,-0.0379148151128816,-0.0450051770684963,0.00440227677582231,-0.0166293048740709
2.29,3.63556925773403,-2.34758216648458,-0.0436028688450576,-0.103061855486857,0.0100812138166331,-0.0380811081616223,-0.0450051770684963,0.00440227677582231,-0.0166293048740709
2.3,3.63453638892031,-2.34748113423257,-0.0439845113919175,-0.103511907257542,0.0101252365843913,-0.0382474012103631,-0.0450051770684963,0.00440227677582231,-0.0166293048740709
2.31,3.63349901958888,-2.34737966175289,-0.0443678168692648,-0.103961959028227,0.0101692593521495,-0.0384136942591038,-0.0450051770684963,0.00440227677582231,-0.0166293048740709
2.32,3.63245714973974,-2.34727774904553,-0.0447527852770996,-0.104412010798911,0.0102132821199077,-0.0385799873078445,-0.0450051770684963,0.00440227677582231,-0.0166293048740709
2.33,3.6314107793729,-2.34717539611049,-0.0451394166154217,-0.104862062569596,0.010257304887666,-0.0387462803565852,-0.0450051770684963,0.00440227677582231,-0.0166293048740709
2.34,3.63035990848835,-2.34707260294777,-0.0455277108842313,-0.105312114340281,0.0103013276554242,-0.0389125734053259,-0.0450051770684963,0.00440227677582231,-0.0166293048740709
2.35,3.62930453708609,-2.34696936955738,-0.0459176680835283,-0.105762166110966,0.0103453504231824,-0.0390788664540666,-0.0450051770684963,0.00440227677582231,-0.0166293048740709
2.36,3.62824466516613,-2.34686569593931,-0.0463092882133126,-0.106212217881651,0.0103893731909406,-0.0392451595028073,-0.0450051770684963,0.00440227677582231,-0.0166293048740709
2.37,3.62718029272846,-2.34676158209356,-0.0467025712735844,-0.106662269652336,0.0104333959586989,-0.039411452551548,-0.0450051770684963,0.00440227677582231,-0.0166293048740709
2.38,3.62611141977308,-2.34665702802014,-0.0470975172643436,-0.107112321423021,0.0104774187264571,-0.0395777456002887,-0.0450051770684963,0.00440227677582231,-0.0166293048740709
2.39,3.6250380463,-2.34655203371903,-0.0474941261855902,-0.107562373193706,0.0105214414942153,-0.0397440386490294,-0.0450051770684963,0.00440227677582231,-0.0166293048740709
2.4,3.62396017230921,-2.34644659919025,-0.0478923980373242,-0.108012424964391,0.0105654642619735,-0.0399103316977701,-0.0450051770684963,0.00440227677582231,-0.0166293048740709
2.41,3.62287779780071,-2.34634072443379,-0.0482923328195456,-0.108462476735076,0.0106094870297318,-0.0400766247465109,-0.0450051770684963,0.00440227677582231,-0.0166293048740709
2.42,3.62179092277451,-2.34623440944966,-0.0486939305322544,-0.108912528505761,0.01065350979749,-0.0402429177952516,-0.0450051770684963,0.00440227677582231,-0.0166293048740709
2.43,3.6206995472306,-2.34612765423784,-0.0490971911754506,-0.109362580276446,0.0106975325652482,-0.0404092108439923,-0.0450051770684963,0.00440227677582231,-0.0166293048740709
2.44,3.61960367116898,-2.34602045879835,-0.0495021147491342,-0.109812632047131,0.0107415553330064,-0.040575503892733,-0.0450051770684963,0.00440227677582231,-0.0166293048740709
2.45,3.61850329458966,-2.34591282313118,-0.0499087012533053,-0.110262683817816,0.0107855781007647,-0.0407417969414737,-0.0450051770684963,0.00440227677582231,-0.0166293048740709
2.46,3.61739841749262,-2.34580474723634,-0.0503169506879637,-0.110712735588501,0.0108296008685229,-0.0409080899902144,-0.0450051770684963,0.00440227677582231,-0.0166293048740709
2.47,3.61628903987789,-2.34569623111381,-0.0507268630531096,-0.111162787359186,0.0108736236362811,-0.0410743830389551,-0.0450051770684963,0.00440227677582231,-0.0166293048740709
2.48,3.61517516174544,-2.34558727476361,-0.0511384383487428,-0.111612839129871,0.0109176464040393,-0.0412406760876958,-0.0450051770684963,0.00440227677582231,-0.0166293048740709
2.49,3.61405678309529,-2.34547787818573,-0.0515516765748635,-0.112062890900556,0.0109616691717975,-0.0414069691364365,-0.0450051770684963,0.00440227677582231,-0.0166293048740709
2.5,3.61293390392743,-2.34536804138018,-0.0519665777314715,-0.112512942671241,0.0110056919395558,-0.0415732621851772,-0.0450051770684963,0.00440227677582231,-0.0166293048740709
2.51,3.61180652424186,-2.34525776434694,-0.052383141818567,-0.112962994441926,0.011049714707314,-0.0417395552339179,-0.0450051770684963,0.00440227677582231,-0.0166293048740709
2.52,3.61067464403859,-2.34514704708603,-0.0528013688361499,-0.113413046212611,0.0110937374750722,-0.0419058482826586,-0.0450051770684963,0.00440227677582231,-0.0166293048740709
2.53,3.60953826331761,-2.34503588959744,-0.0532212587842202,-0.113863097983296,0.0111377602428304,-0.0420721413313994,-0.0450051770684963,0.00440227677582231,-0.0166293048740709
2.54,3.60839738207892,-2.34492429188117,-0.0536428116627779,-0.114313149753981,0.0111817830105887,-0.0422384343801401,-0.0450051770684963,0.00440227677582231,-0.0166293048740709
2.55,3.60725200032253,-2.34481225393723,-0.054066027471823,-0.114763201524666,0.0112258057783469,-0.0424047274288808,-0.0450051770684963,0.00440227677582231,-0.0166293048740709
2.56,3.60610211804843,-2.34469977576561,-0.0544909062113555,-0.115213253295351,0.0112698285461051,-0.0425710204776215,-0.0450051770684963,0.00440227677582231,-0.0166293048740709
2.57,3.60494773525662,-2.34458685736631,-0.0549174478813754,-0.115663305066036,0.0113138513138633,-0.0427373135263622,-0.0450051770684963,0.00440227677582231,-0.0166293048740709
2.58,3.60378885194711,-2.34447349873933,-0.0553456524818828,-0.116113356836721,0.0113578740816215,-0.0429036065751029,-0.0450051770684963,0.00440227677582231,-0.0166293048740709
2.59,3.60262546811989,-2.34435969988467,-0.0557755200128775,-0.116563408607405,0.0114018968493798,-0.0430698996238436,-0.0450051770684963,0.00440227677582231,-0.0166293048740709
2.6,3.60145758377496,-2.34424546080234,-0.0562070504743596,-0.11701346037809,0.011445919617138,-0.0432361926725843,-0.0450051770684963,0.00440227677582231,-0.0166293048740709
2.61,3.60028519891233,-2.34413078149233,-0.0566402438663292,-0.117463512148775,0.0114899423848962,-0.043402485721325,-0.0450051770684963,0.00440227677582231,-0.0166293048740709
2.62,3.59910831353199,-2.34401566195464,-0.0570751001887861,-0.11791356391946,0.0115339651526544,-0.0435687787700657,-0.0450051770684963,0.00440227677582231,-0.0166293048740709
2.63,3.59792692763394,-2.34390010218928,-0.0575116194417305,-0.118363615690145,0.0115779879204127,-0.0437350718188064,-0.0450051770684963,0.00440227677582231,-0.0166293048740709
2.64,3.59674104121818,-2.34378410219623,-0.0579498016251623,-0.11881366746083,0.0116220106881709,-0.0439013648675472,-0.0450051770684963,0.00440227677582231,-0.0166293048740709
2.65,3.59555065428472,-2.34366766197551,-0.0583896467390814,-0.119263719231515,0.0116660334559291,-0.0440676579162879,-0.0450051770684963,0.00440227677582231,-0.0166293048740709
2.66,3.59435576683355,-2.34355078152712,-0.058831154783488,-0.1197137710022,0.0117100562236873,-0.0442339509650286,-0.0450051770684963,0.00440227677582231,-0.0166293048740709
2.67,3.59315637886468,-2.34343346085104,-0.059274325758382,-0.120163822772885,0.0117540789914456,-0.0444002440137693,-0.0450051770684963,0.00440227677582231,-0.0166293048740709
2.68,3.5919524903781,-2.34331569994729,-0.0597191596637634,-0.12061387454357,0.0117981017592038,-0.04456653706251,-0.0450051770684963,0.00440227677582231,-0.0166293048740709
2.69,3.59074410137381,-2.34319749881586,-0.0601656564996322,-0.121063926314255,0.011842124526962,-0.0447328301112507,-0.0450051770684963,0.00440227677582231,-0.0166293048740709
2.7,3.58953121185181,-2.34307885745675,-0.0606138162659884,-0.12151397808494,0.0118861472947202,-0.0448991231599914,-0.0450051770684963,0.00440227677582231,-0.0166293048740709
2.71,3.58831382181211,-2.34295977586996,-0.061063638962832,-0.121964029855625,0.0119301700624784,-0.0450654162087321,-0.0450051770684963,0.00440227677582231,-0.0166293048740709
2.72,3.5870919312547,-2.3428402540555,-0.0615151245901631,-0.12241408162631,0.0119741928302367,-0.0452317092574728,-0.0450051770684963,0.00440227677582231,-0.0166293048740709
2.73,3.58586554017958,-2.34272029201336,-0.0619682731479815,-0.122864133396995,0.0120182155979949,-0.0453980023062135,-0.0450051770684963,0.00440227677582231,-0.0166293048740709
2.74,3.58463464858676,-2.34259988974354,-0.0624230846362873,-0.12331418516768,0.0120622383657531,-0.0455642953549543,-0.0450051770684963,0.00440227677582231,-0.0166293048740709
2.75,3.58339925647623,-2.34247904724604,-0.0628795590550806,-0.123764236938365,0.0121062611335113,-0.045730588403695,-0.0450051770684963,0.00440227677582231,-0.0166293048740709
2.76,3.58215936384799,-2.34235776452087,-0.0633376964043612,-0.12421428870905,0.0121502839012696,-0.0458968814524357,-0.0450051770684963,0.00440227677582231,-0.0166293048740709
2.77,3.58091497070205,-2.34223604156802,-0.0637974966841293,-0.124664340479735,0.0121943066690278,-0.0460631745011764,-0.0450051770684963,0.00440227677582231,-0.0166293048740709
2.78,3.5796660770384,-2.34211387838749,-0.0642589598943848,-0.12511439225042,0.012238329436786,-0.0462294675499171,-0.0450051770684963,0.00440227677582231,-0.0166293048740709
2.79,3.57841268285704,-2.34199127497928,-0.0647220860351276,-0.125564444021105,0.0122823522045442,-0.0463957605986578,-0.0450051770684963,0.00440227677582231,-0.0166293048740709
2.8,3.57715478815797,-2.3418682313434,-0.0651868751063579,-0.12601449579179,0.0123263749723025,-0.0465620536473985,-0.0450051770684963,0.00440227677582231,-0.0166293048740709
2.81,3.5758923929412,-2.34174474747984,-0.0656533271080756,-0.126464547562475,0.0123703977400607,-0.0467283466961392,-0.0450051770684963,0.00440227677582231,-0.0166293048740709
2.82,3.57462549720672,-2.3416208233886,-0.0661214420402807,-0.12691459933316,0.0124144205078189,-0.0468946397448799,-0.0450051770684963,0.00440227677582231,-0.0166293048740709
2.83,3.57335410095454,-2.34149645906968,-0.0665912199029732,-0.127364651103845,0.0124584432755771,-0.0470609327936206,-0.0450051770684963,0.00440227677582231,-0.0166293048740709
2.84,3.57207820418465,-2.34137165452308,-0.0670626606961531,-0.12781470287453,0.0125024660433353,-0.0472272258423613,-0.0450051770684963,0.00440227677582231,-0.0166293048740709
2.85,3.57079780689705,-2.34124640974881,-0.0675357644198204,-0.128264754645215,0.0125464888110936,-0.047393518891102,-0.0450051770684963,0.00440227677582231,-0.0166293048740709
2.86,3.56951290909174,-2.34112072474686,-0.0680105310739751,-0.128714806415899,0.0125905115788518,-0.0475598119398428,-0.0450051770684963,0.00440227677582231,-0.0166293048740709
2.87,3.56822351076873,-2.34099459951724,-0.0684869606586173,-0.129164858186584,0.01263453434661,-0.0477261049885835,-0.0450051770684963,0.00440227677582231,-0.0166293048740709
2.88,3.56692961192801,-2.34086803405993,-0.0689650531737468,-0.129614909957269,0.0126785571143682,-0.0478923980373242,-0.0450051770684963,0.00440227677582231,-0.0166293048740709
2.89,3.56563121256959,-2.34074102837495,-0.0694448086193638,-0.130064961727954,0.0127225798821265,-0.0480586910860649,-0.0450051770684963,0.00440227677582231,-0.0166293048740709
2.9,3.56432831269345,-2.34061358246229,-0.0699262269954681,-0.130515013498639,0.0127666026498847,-0.0482249841348056,-0.0450051770684963,0.00440227677582231,-0.0166293048740709
2.91,3.56302091229961,-2.34048569632195,-0.0704093083020599,-0.130965065269324,0.0128106254176429,-0.0483912771835463,-0.0450051770684963,0.00440227677582231,-0.0166293048740709
2.92,3.56170901138807,-2.34035736995394,-0.070894052539139,-0.131415117040009,0.0128546481854011,-0.048557570232287,-0.0450051770684963,0.00440227677582231,-0.0166293048740709
2.93,3.56039260995881,-2.34022860335824,-0.0713804597067056,-0.131865168810694,0.0128986709531594,-0.0487238632810277,-0.0450051770684963,0.00440227677582231,-0.0166293048740709
2.94,3.55907170801185,-2.34009939653487,-0.0718685298047596,-0.132315220581379,0.0129426937209176,-0.0488901563297684,-0.0450051770684963,0.00440227677582231,-0.0166293048740709
2.95,3.55774630554719,-2.33996974948382,-0.072358262833301,-0.132765272352064,0.0129867164886758,-0.0490564493785091,-0.0450051770684963,0.00440227677582231,-0.0166293048740709
2.96,3.55641640256481,-2.3398396622051,-0.0728496587923298,-0.133215324122749,0.013030739256434,-0.0492227424272498,-0.0450051770684963,0.00440227677582231,-0.0166293048740709
2.97,3.55508199906473,-2.33970913469869,-0.073342717681846,-0.133665375893434,0.0130747620241922,-0.0493890354759906,-0.0450051770684963,0.00440227677582231,-0.0166293048740709
2.98,3.55374309504694,-2.33957816696461,-0.0738374395018496,-0.134115427664119,0.0131187847919505,-0.0495553285247313,-0.0450051770684963,0.00440227677582231,-0.0166293048740709
2.99,3.55239969051145,-2.33944675900286,-0.0743338242523406,-0.134565479434804,0.0131628075597087,-0.049721621573472,-0.0450051770684963,0.00440227677582231,-0.0166293048740709
3,3.55105178545825,-2.33931491081342,-0.074831871933319,-0.135015531205489,0.0132068303274669,-0.0498879146222127,-0.0450051770684963,0.00440227677582231,-0.0166293048740709
3.01,3.54969937988734,-2.33918262239631,-0.0753315825447849,-0.135465582976174,0.0132508530952251,-0.0500542076709534,-0.0450051770684963,0.00440227677582231,-0.0166293048740709
3.02,3.54834247379872,-2.33904989375152,-0.0758329560867381,-0.135915634746859,0.0132948758629834,-0.0502205007196941,-0.0450051770684963,0.00440227677582231,-0.0166293048740709
3.03,3.5469810671924,-2.33891672487905,-0.0763359925591787,-0.136365686517544,0.0133388986307416,-0.0503867937684348,-0.0450051770684963,0.00440227677582231,-0.0166293048740709
3.04,3.54561516006837,-2.3387831157789,-0.0768406919621068,-0.136815738288229,0.0133829213984998,-0.0505530868171755,-0.0450051770684963,0.00440227677582231,-0.0166293048740709
3.05,3.54424475242664,-2.33864906645108,-0.0773470542955223,-0.137265790058914,0.013426944166258,-0.0507193798659162,-0.0450051770684963,0.00440227677582231,-0.0166293048740709
3.06,3.54286984426719,-2.33851457689558,-0.0778550795594251,-0.137715841829599,0.0134709669340163,-0.0508856729146569,-0.0450051770684963,0.00440227677582231,-0.0166293048740709
3.07,3.54149043559004,-2.3383796471124,-0.0783647677538154,-0.138165893600284,0.0135149897017745,-0.0510519659633976,-0.0450051770684963,0.00440227677582231,-0.0166293048740709
3.08,3.54010652639519,-2.33824427710154,-0.0788761188786931,-0.138615945370969,0.0135590124695327,-0.0512182590121384,-0.0450051770684963,0.00440227677582231,-0.0166293048740709
3.09,3.53871811668263,-2.33810846686301,-0.0793891329340582,-0.139065997141654,0.0136030352372909,-0.0513845520608791,-0.0450051770684963,0.00440227677582231,-0.0166293048740709
3.1,3.53732520645235,-2.33797221639679,-0.0799038099199107,-0.139516048912339,0.0136470580050491,-0.0515508451096198,-0.0450051770684963,0.00440227677582231,-0.0166293048740709
3.11,3.53592779570438,-2.3378355257029,-0.0804201498362505,-0.139966100683024,0.0136910807728074,-0.0517171381583605,-0.0450051770684963,0.00440227677582231,-0.0166293048740709
3.12,3.53452588443869,-2.33769839478134,-0.0809381526830779,-0.140416152453709,0.0137351035405656,-0.0518834312071012,-0.0450051770684963,0.00440227677582231,-0.0166293048740709
3.13,3.5331194726553,-2.33756082363209,-0.0814578184603926,-0.140866204224394,0.0137791263083238,-0.0520497242558419,-0.0450051770684963,0.00440227677582231,-0.0166293048740709
3.14,3.53170856035421,-2.33742281225517,-0.0819791471681947,-0.141316255995078,0.013823149076082,-0.0522160173045826,-0.0450051770684963,0.00440227677582231,-0.0166293048740709
3.15,3.5302931475354,-2.33728436065057,-0.0825021388064842,-0.141766307765763,0.0138671718438403,-0.0523823103533233,-0.0450051770684963,0.00440227677582231,-0.0166293048740709
3.16,3.52887323419889,-2.33714546881829,-0.0830267933752612,-0.142216359536448,0.0139111946115985,-0.052548603402064,-0.0450051770684963,0.00440227677582231,-0.0166293048740709
3.17,3.52744882034467,-2.33700613675834,-0.0835531108745255,-0.142666411307133,0.0139552173793567,-0.0527148964508047,-0.0450051770684963,0.00440227677582231,-0.0166293048740709
3.18,3.52601990597275,-2.33686636447071,-0.0840810913042773,-0.143116463077818,0.0139992401471149,-0.0528811894995454,-0.0450051770684963,0.00440227677582231,-0.0166293048740709
3.19,3.52458649108312,-2.3367261519554,-0.0846107346645164,-0.143566514848503,0.0140432629148732,-0.0530474825482861,-0.0450051770684963,0.00440227677582231,-0.0166293048740709
3.2,3.52314857567578,-2.33658549921241,-0.085142040955243,-0.144016566619188,0.0140872856826314,-0.0532137755970269,-0.0450051770684963,0.00440227677582231,-0.0166293048740709
3.21,3.52170615975073,-2.33644440624175,-0.0856750101764569,-0.144466618389873,0.0141313084503896,-0.0533800686457676,-0.0450051770684963,0.00440227677582231,-0.0166293048740709
3.22,3.52025924330798,-2.3363028730434,-0.0862096423281583,-0.144916670160558,0.0141753312181478,-0.0535463616945083,-0.0450051770684963,0.00440227677582231,-0.0166293048740709
3.23,3.51880782634752,-2.33616089961738,-0.0867459374103471,-0.145366721931243,0.014219353985906,-0.053712654743249,-0.0450051770684963,0.00440227677582231,-0.0166293048740709
3.24,3.51735190886936,-2.33601848596368,-0.0872838954230233,-0.145816773701928,0.0142633767536643,-0.0538789477919897,-0.0450051770684963,0.00440227677582231,-0.0166293048740709
3.25,3.51589149087348,-2.33587563208231,-0.0878235163661869,-0.146266825472613,0.0143073995214225,-0.0540452408407304,-0.0450051770684963,0.00440227677582231,-0.0166293048740709
3.26,3.5144265723599,-2.33573233797326,-0.0883648002398379,-0.146716877243298,0.0143514222891807,-0.0542115338894711,-0.0450051770684963,0.00440227677582231,-0.0166293048740709
3.27,3.51295715332862,-2.33558860363653,-0.0889077470439763,-0.147166929013983,0.0143954450569389,-0.0543778269382118,-0.0450051770684963,0.00440227677582231,-0.0166293048740709
3.28,3.51148323377962,-2.33544442907212,-0.0894523567786022,-0.147616980784668,0.0144394678246972,-0.0545441199869525,-0.0450051770684963,0.00440227677582231,-0.0166293048740709
3.29,3.51000481371292,-2.33529981428003,-0.0899986294437154,-0.148067032555353,0.0144834905924554,-0.0547104130356932,-0.0450051770684963,0.00440227677582231,-0.0166293048740709
3.3,3.50852189312852,-2.33515475926027,-0.090546565039316,-0.148517084326038,0.0145275133602136,-0.054876706084434,-0.0450051770684963,0.00440227677582231,-0.0166293048740709
3.31,3.5070344720264,-2.33500926401283,-0.0910961635654041,-0.148967136096723,0.0145715361279718,-0.0550429991331747,-0.0450051770684963,0.00440227677582231,-0.0166293048740709
3.32,3.50554255040658,-2.33486332853771,-0.0916474250219795,-0.149417187867408,0.0146155588957301,-0.0552092921819154,-0.0450051770684963,0.00440227677582231,-0.0166293048740709
3.33,3.50404612826906,-2.33471695283491,-0.0922003494090424,-0.149867239638093,0.0146595816634883,-0.0553755852306561,-0.0450051770684963,0.00440227677582231,-0.0166293048740709
3.34,3.50254520561382,-2.33457013690444,-0.0927549367265926,-0.150317291408778,0.0147036044312465,-0.0555418782793968,-0.0450051770684963,0.00440227677582231,-0.0166293048740709
3.35,3.50103978244088,-2.33442288074629,-0.0933111869746303,-0.150767343179463,0.0147476271990047,-0.0557081713281375,-0.0450051770684963,0.00440227677582231,-0.0166293048740709
3.36,3.49952985875023,-2.33427518436046,-0.0938691001531554,-0.151217394950148,0.0147916499667629,-0.0558744643768782,-0.0450051770684963,0.00440227677582231,-0.0166293048740709
3.37,3.49801543454188,-2.33412704774695,-0.0944286762621679,-0.151667446720833,0.0148356727345212,-0.0560407574256189,-0.0450051770684963,0.00440227677582231,-0.0166293048740709
3.38,3.49649650981582,-2.33397847090577,-0.0949899153016677,-0.152117498491518,0.0148796955022794,-0.0562070504743596,-0.0450051770684963,0.00440227677582231,-0.0166293048740709
3.39,3.49497308457205,-2.33382945383691,-0.0955528172716551,-0.152567550262203,0.0149237182700376,-0.0563733435231003,-0.0450051770684963,0.00440227677582231,-0.0166293048740709
3.4,3.49344515881057,-2.33367999654037,-0.0961173821721298,-0.153017602032888,0.0149677410377958,-0.056539636571841,-0.0450051770684963,0.00440227677582231,-0.0166293048740709
3.41,3.49191273253139,-2.33353009901615,-0.0966836100030919,-0.153467653803572,0.0150117638055541,-0.0567059296205817,-0.0450051770684963,0.00440227677582231,-0.0166293048740709
3.42,3.4903758057345,-2.33337976126426,-0.0972515007645414,-0.153917705574257,0.0150557865733123,-0.0568722226693225,-0.0450051770684963,0.00440227677582231,-0.0166293048740709
3.43,3.4888343784199,-2.33322898328468,-0.0978210544564783,-0.154367757344942,0.0150998093410705,-0.0570385157180632,-0.0450051770684963,0.00440227677582231,-0.0166293048740709
3.44,3.4872884505876,-2.33307776507744,-0.0983922710789027,-0.154817809115627,0.0151438321088287,-0.0572048087668039,-0.0450051770684963,0.00440227677582231,-0.0166293048740709
3.45,3.48573802223759,-2.33292610664251,-0.0989651506318144,-0.155267860886312,0.015187854876587,-0.0573711018155446,-0.0450051770684963,0.00440227677582231,-0.0166293048740709
3.46,3.48418309336987,-2.3327740079799,-0.0995396931152136,-0.155717912656997,0.0152318776443452,-0.0575373948642853,-0.0450051770684963,0.00440227677582231,-0.0166293048740709
3.47,3.48262366398445,-2.33262146908962,-0.1001158985291,-0.156167964427682,0.0152759004121034,-0.057703687913026,-0.0450051770684963,0.00440227677582231,-0.0166293048740709
3.48,3.48105973408132,-2.33246848997166,-0.100693766873474,-0.156618016198367,0.0153199231798616,-0.0578699809617667,-0.0450051770684963,0.00440227677582231,-0.0166293048740709
3.49,3.47949130366048,-2.33231507062602,-0.101273298148335,-0.157068067969052,0.0153639459476198,-0.0580362740105074,-0.0450051770684963,0.00440227677582231,-0.0166293048740709
3.5,3.47791837272194,-2.33216121105271,-0.101854492353684,-0.157518119739737,0.0154079687153781,-0.0582025670592481,-0.0450051770684963,0.00440227677582231,-0.0166293048740709
3.51,3.47634094126569,-2.33200691125172,-0.10243734948952,-0.157968171510422,0.0154519914831363,-0.0583688601079888,-0.0450051770684963,0.00440227677582231,-0.0166293048740709
3.52,3.47475900929173,-2.33185217122305,-0.103021869555844,-0.158418223281107,0.0154960142508945,-0.0585351531567295,-0.0450051770684963,0.00440227677582231,-0.0166293048740709
3.53,3.47317257680007,-2.3316969909667,-0.103608052552655,-0.158868275051792,0.0155400370186527,-0.0587014462054703,-0.0450051770684963,0.00440227677582231,-0.0166293048740709
3.54,3.4715816437907,-2.33154137048267,-0.104195898479953,-0.159318326822477,0.015584059786411,-0.058867739254211,-0.0450051770684963,0.00440227677582231,-0.0166293048740709
3.55,3.46998621026362,-2.33138530977097,-0.104785407337739,-0.159768378593162,0.0156280825541692,-0.0590340323029517,-0.0450051770684963,0.00440227677582231,-0.0166293048740709
3.56,3.46838627621883,-2.33122880883159,-0.105376579126012,-0.160218430363847,0.0156721053219274,-0.0592003253516924,-0.0450051770684963,0.00440227677582231,-0.0166293048740709
3.57,3.46678184165634,-2.33107186766453,-0.105969413844773,-0.160668482134532,0.0157161280896856,-0.0593666184004331,-0.0450051770684963,0.00440227677582231,-0.0166293048740709
3.58,3.46517290657614,-2.3309144862698,-0.106563911494021,-0.161118533905217,0.0157601508574439,-0.0595329114491738,-0.0450051770684963,0.00440227677582231,-0.0166293048740709
3.59,3.46355947097824,-2.33075666464738,-0.107160072073757,-0.161568585675902,0.0158041736252021,-0.0596992044979145,-0.0450051770684963,0.00440227677582231,-0.0166293048740709
3.6,3.46194153486262,-2.33059840279729,-0.107757895583979,-0.162018637446587,0.0158481963929603,-0.0598654975466552,-0.0450051770684963,0.00440227677582231,-0.0166293048740709
3.61,3.4603190982293,-2.33043970071952,-0.10835738202469,-0.162468689217272,0.0158922191607185,-0.0600317905953959,-0.0450051770684963,0.00440227677582231,-0.0166293048740709
3.62,3.45869216107828,-2.33028055841408,-0.108958531395887,-0.162918740987957,0.0159362419284767,-0.0601980836441366,-0.0450051770684963,0.00440227677582231,-0.0166293048740709
3.63,3.45706072340955,-2.33012097588095,-0.109561343697572,-0.163368792758642,0.015980264696235,-0.0603643766928773,-0.0450051770684963,0.00440227677582231,-0.0166293048740709
3.64,3.45542478522311,-2.32996095312015,-0.110165818929745,-0.163818844529327,0.0160242874639932,-0.0605306697416181,-0.0450051770684963,0.00440227677582231,-0.0166293048740709
3.65,3.45378434651896,-2.32980049013167,-0.110771957092405,-0.164268896300012,0.0160683102317514,-0.0606969627903588,-0.0450051770684963,0.00440227677582231,-0.0166293048740709
3.66,3.45213940729711,-2.32963958691552,-0.111379758185552,-0.164718948070697,0.0161123329995096,-0.0608632558390995,-0.0450051770684963,0.00440227677582231,-0.0166293048740709
3.67,3.45048996755754,-2.32947824347168,-0.111989222209187,-0.165168999841382,0.0161563557672679,-0.0610295488878402,-0.0450051770684963,0.00440227677582231,-0.0166293048740709
3.68,3.44883602730028,-2.32931645980017,-0.112600349163309,-0.165619051612067,0.0162003785350261,-0.0611958419365809,-0.0450051770684963,0.00440227677582231,-0.0166293048740709
3.69,3.4471775865253,-2.32915423590098,-0.113213139047918,-0.166069103382751,0.0162444013027843,-0.0613621349853216,-0.0450051770684963,0.00440227677582231,-0.0166293048740709
3.7,3.44551464523262,-2.32899157177412,-0.113827591863015,-0.166519155153436,0.0162884240705425,-0.0615284280340623,-0.0450051770684963,0.00440227677582231,-0.0166293048740709
3.71,3.44384720342223,-2.32882846741957,-0.1144437076086,-0.166969206924121,0.0163324468383008,-0.061694721082803,-0.0450051770684963,0.00440227677582231,-0.0166293048740709
3.72,3.44217526109414,-2.32866492283735,-0.115061486284671,-0.167419258694806,0.016376469606059,-0.0618610141315437,-0.0450051770684963,0.00440227677582231,-0.0166293048740709
3.73,3.44049881824834,-2.32850093802745,-0.11568092789123,-0.167869310465491,0.0164204923738172,-0.0620273071802844,-0.0450051770684963,0.00440227677582231,-0.0166293048740709
3.74,3.43881787488483,-2.32833651298987,-0.116302032428277,-0.168319362236176,0.0164645151415754,-0.0621936002290251,-0.0450051770684963,0.00440227677582231,-0.0166293048740709
3.75,3.43713243100362,-2.32817164772462,-0.116924799895811,-0.168769414006861,0.0165085379093336,-0.0623598932777659,-0.0450051770684963,0.00440227677582231,-0.0166293048740709
3.76,3.43544248660469,-2.32800634223169,-0.117549230293832,-0.169219465777546,0.0165525606770919,-0.0625261863265066,-0.0450051770684963,0.00440227677582231,-0.0166293048740709
3.77,3.43374804168806,-2.32784059651108,-0.118175323622341,-0.169669517548231,0.0165965834448501,-0.0626924793752473,-0.0450051770684963,0.00440227677582231,-0.0166293048740709
3.78,3.43204909625373,-2.32767441056279,-0.118803079881337,-0.170119569318916,0.0166406062126083,-0.062858772423988,-0.0450051770684963,0.00440227677582231,-0.0166293048740709
3.79,3.43034565030169,-2.32750778438683,-0.119432499070821,-0.170569621089601,0.0166846289803665,-0.0630250654727287,-0.0450051770684963,0.00440227677582231,-0.0166293048740709
3.8,3.42863770383194,-2.32734071798318,-0.120063581190792,-0.171019672860286,0.0167286517481248,-0.0631913585214694,-0.0450051770684963,0.00440227677582231,-0.0166293048740709
3.81,3.42692525684448,-2.32717321135186,-0.12069632624125,-0.171469724630971,0.016772674515883,-0.0633576515702101,-0.0450051770684963,0.00440227677582231,-0.0166293048740709
3.82,3.42520830933932,-2.32700526449287,-0.121330734222196,-0.171919776401656,0.0168166972836412,-0.0635239446189508,-0.0450051770684963,0.00440227677582231,-0.0166293048740709
3.83,3.42348686131645,-2.32683687740619,-0.121966805133629,-0.172369828172341,0.0168607200513994,-0.0636902376676915,-0.0450051770684963,0.00440227677582231,-0.0166293048740709
3.84,3.42176091277587,-2.32666805009184,-0.12260453897555,-0.172819879943026,0.0169047428191577,-0.0638565307164322,-0.0450051770684963,0.00440227677582231,-0.0166293048740709
3.85,3.42003046371759,-2.32649878254981,-0.123243935747958,-0.173269931713711,0.0169487655869159,-0.0640228237651729,-0.0450051770684963,0.00440227677582231,-0.0166293048740709
3.86,3.4182955141416,-2.3263290747801,-0.123884995450853,-0.173719983484396,0.0169927883546741,-0.0641891168139136,-0.0450051770684963,0.00440227677582231,-0.0166293048740709
3.87,3.4165560640479,-2.32615892678271,-0.124527718084236,-0.174170035255081,0.0170368111224323,-0.0643554098626544,-0.0450051770684963,0.00440227677582231,-0.0166293048740709
3.88,3.41481211343649,-2.32598833855765,-0.125172103648106,-0.174620087025766,0.0170808338901905,-0.0645217029113951,-0.0450051770684963,0.00440227677582231,-0.0166293048740709
3.89,3.41306366230738,-2.32581731010491,-0.125818152142464,-0.175070138796451,0.0171248566579488,-0.0646879959601358,-0.0450051770684963,0.00440227677582231,-0.0166293048740709
3.9,3.41131071066057,-2.32564584142449,-0.126465863567309,-0.175520190567136,0.017168879425707,-0.0648542890088765,-0.0450051770684963,0.00440227677582231,-0.0166293048740709
3.91,3.40955325849604,-2.3254739325164,-0.127115237922642,-0.175970242337821,0.0172129021934652,-0.0650205820576172,-0.0450051770684963,0.00440227677582231,-0.0166293048740709
3.92,3.40779130581381,-2.32530158338062,-0.127766275208461,-0.176420294108506,0.0172569249612234,-0.0651868751063579,-0.0450051770684963,0.00440227677582231,-0.0166293048740709
3.93,3.40602485261387,-2.32512879401717,-0.128418975424769,-0.176870345879191,0.0173009477289817,-0.0653531681550986,-0.0450051770684963,0.00440227677582231,-0.0166293048740709
3.94,3.40425389889623,-2.32495556442604,-0.129073338571563,-0.177320397649876,0.0173449704967399,-0.0655194612038393,-0.0450051770684963,0.00440227677582231,-0.0166293048740709
3.95,3.40247844466087,-2.32478189460724,-0.129729364648846,-0.177770449420561,0.0173889932644981,-0.06568575425258,-0.0450051770684963,0.00440227677582231,-0.0166293048740709
3.96,3.40069848990781,-2.32460778456075,-0.130387053656615,-0.178220501191245,0.0174330160322563,-0.0658520473013207,-0.0450051770684963,0.00440227677582231,-0.0166293048740709
3.97,3.39891403463705,-2.32443323428659,-0.131046405594872,-0.17867055296193,0.0174770388000146,-0.0660183403500614,-0.0450051770684963,0.00440227677582231,-0.0166293048740709
3.98,3.39712507884858,-2.32425824378475,-0.131707420463616,-0.179120604732615,0.0175210615677728,-0.0661846333988022,-0.0450051770684963,0.00440227677582231,-0.0166293048740709
3.99,3.3953316225424,-2.32408281305524,-0.132370098262848,-0.1795706565033,0.017565084335531,-0.0663509264475429,-0.0450051770684963,0.00440227677582231,-0.0166293048740709
4,3.39353366571851,-2.32390694209804,-0.133034438992567,-0.180020708273985,0.0176091071032892,-0.0665172194962836,-0.0450051770684963,0.00440227677582231,-0.0166293048740709
4.01,3.39173120837692,-2.32373063091317,-0.133700442652774,-0.18047076004467,0.0176531298710474,-0.0666835125450243,-0.0450051770684963,0.00440227677582231,-0.0166293048740709
4.02,3.38992425051762,-2.32355387950062,-0.134368109243468,-0.180920811815355,0.0176971526388057,-0.066849805593765,-0.0450051770684963,0.00440227677582231,-0.0166293048740709
4.03,3.38811279214061,-2.32337668786039,-0.135037438764649,-0.18137086358604,0.0177411754065639,-0.0670160986425057,-0.0450051770684963,0.00440227677582231,-0.0166293048740709
4.04,3.3862968332459,-2.32319905599249,-0.135708431216318,-0.181820915356725,0.0177851981743221,-0.0671823916912464,-0.0450051770684963,0.00440227677582231,-0.0166293048740709
4.05,3.38447637383347,-2.32302098389691,-0.136381086598474,-0.18227096712741,0.0178292209420803,-0.0673486847399871,-0.0450051770684963,0.00440227677582231,-0.0166293048740709
4.06,3.38265141390335,-2.32284247157365,-0.137055404911118,-0.182721018898095,0.0178732437098386,-0.0675149777887278,-0.0450051770684963,0.00440227677582231,-0.0166293048740709
4.07,3.38082195345551,-2.32266351902271,-0.137731386154248,-0.18317107066878,0.0179172664775968,-0.0676812708374685,-0.0450051770684963,0.00440227677582231,-0.0166293048740709
4.08,3.37898799248997,-2.3224841262441,-0.138409030327867,-0.183621122439465,0.017961289245355,-0.0678475638862092,-0.0450051770684963,0.00440227677582231,-0.0166293048740709
4.09,3.37714953100672,-2.3223042932378,-0.139088337431973,-0.18407117421015,0.0180053120131132,-0.0680138569349499,-0.0450051770684963,0.00440227677582231,-0.0166293048740709
4.1,3.37530656900577,-2.32212402000383,-0.139769307466566,-0.184521225980835,0.0180493347808715,-0.0681801499836907,-0.0450051770684963,0.00440227677582231,-0.0166293048740709
4.11,3.37345910648711,-2.32194330654219,-0.140451940431646,-0.18497127775152,0.0180933575486297,-0.0683464430324314,-0.0450051770684963,0.00440227677582231,-0.0166293048740709
4.12,3.37160714345074,-2.32176215285286,-0.141136236327214,-0.185421329522205,0.0181373803163879,-0.0685127360811721,-0.0450051770684963,0.00440227677582231,-0.0166293048740709
4.13,3.36975067989666,-2.32158055893586,-0.14182219515327,-0.18587138129289,0.0181814030841461,-0.0686790291299128,-0.0450051770684963,0.00440227677582231,-0.0166293048740709
4.14,3.36788971582488,-2.32139852479118,-0.142509816909813,-0.186321433063575,0.0182254258519043,-0.0688453221786535,-0.0450051770684963,0.00440227677582231,-0.0166293048740709
4.15,3.36602425123539,-2.32121605041882,-0.143199101596843,-0.18677148483426,0.0182694486196626,-0.0690116152273942,-0.0450051770684963,0.00440227677582231,-0.0166293048740709
4.16,3.3641542861282,-2.32103313581879,-0.143890049214361,-0.187221536604945,0.0183134713874208,-0.0691779082761349,-0.0450051770684963,0.00440227677582231,-0.0166293048740709
4.17,3.36227982050329,-2.32084978099107,-0.144582659762366,-0.18767158837563,0.018357494155179,-0.0693442013248756,-0.0450051770684963,0.00440227677582231,-0.0166293048740709
4.18,3.36040085436068,-2.32066598593568,-0.145276933240858,-0.188121640146315,0.0184015169229372,-0.0695104943736163,-0.0450051770684963,0.00440227677582231,-0.0166293048740709
4.19,3.35851738770037,-2.32048175065261,-0.145972869649838,-0.188571691917,0.0184455396906955,-0.069676787422357,-0.0450051770684963,0.00440227677582231,-0.0166293048740709
4.2,3.35662942052234,-2.32029707514187,-0.146670468989305,-0.189021743687685,0.0184895624584537,-0.0698430804710978,-0.0450051770684963,0.00440227677582231,-0.0166293048740709
4.21,3.35473695282661,-2.32011195940344,-0.14736973125926,-0.18947179545837,0.0185335852262119,-0.0700093735198385,-0.0450051770684963,0.00440227677582231,-0.0166293048740709
4.22,3.35283998461317,-2.31992640343734,-0.148070656459702,-0.189921847229055,0.0185776079939701,-0.0701756665685792,-0.0450051770684963,0.00440227677582231,-0.0166293048740709
4.23,3.35093851588203,-2.31974040724357,-0.148773244590632,-0.19037189899974,0.0186216307617284,-0.0703419596173199,-0.0450051770684963,0.00440227677582231,-0.0166293048740709
4.24,3.34903254663318,-2.31955397082211,-0.149477495652048,-0.190821950770424,0.0186656535294866,-0.0705082526660606,-0.0450051770684963,0.00440227677582231,-0.0166293048740709
4.25,3.34712207686662,-2.31936709417298,-0.150183409643953,-0.191272002541109,0.0187096762972448,-0.0706745457148013,-0.0450051770684963,0.00440227677582231,-0.0166293048740709
4.26,3.34520710658236,-2.31917977729616,-0.150890986566344,-0.191722054311794,0.018753699065003,-0.070840838763542,-0.0450051770684963,0.00440227677582231,-0.0166293048740709
4.27,3.34328763578039,-2.31899202019168,-0.151600226419224,-0.192172106082479,0.0187977218327612,-0.0710071318122827,-0.0450051770684963,0.00440227677582231,-0.0166293048740709
4.28,3.34136366446071,-2.31880382285951,-0.15231112920259,-0.192622157853164,0.0188417446005195,-0.0711734248610234,-0.0450051770684963,0.00440227677582231,-0.0166293048740709
4.29,3.33943519262332,-2.31861518529966,-0.153023694916444,-0.193072209623849,0.0188857673682777,-0.0713397179097641,-0.0450051770684963,0.00440227677582231,-0.0166293048740709
4.3,3.33750222026823,-2.31842610751214,-0.153737923560785,-0.193522261394534,0.0189297901360359,-0.0715060109585048,-0.0450051770684963,0.00440227677582231,-0.0166293048740709
4.31,3.33556474739543,-2.31823658949694,-0.154453815135614,-0.193972313165219,0.0189738129037941,-0.0716723040072456,-0.0450051770684963,0.00440227677582231,-0.0166293048740709
4.32,3.33362277400493,-2.31804663125407,-0.15517136964093,-0.194422364935904,0.0190178356715524,-0.0718385970559863,-0.0450051770684963,0.00440227677582231,-0.0166293048740709
4.33,3.33167630009671,-2.31785623278351,-0.155890587076734,-0.194872416706589,0.0190618584393106,-0.072004890104727,-0.0450051770684963,0.00440227677582231,-0.0166293048740709
4.34,3.3297253256708,-2.31766539408528,-0.156611467443025,-0.195322468477274,0.0191058812070688,-0.0721711831534677,-0.0450051770684963,0.00440227677582231,-0.0166293048740709
4.35,3.32776985072717,-2.31747411515937,-0.157334010739803,-0.195772520247959,0.019149903974827,-0.0723374762022084,-0.0450051770684963,0.00440227677582231,-0.0166293048740709
4.36,3.32580987526584,-2.31728239600578,-0.158058216967069,-0.196222572018644,0.0191939267425853,-0.0725037692509491,-0.0450051770684963,0.00440227677582231,-0.0166293048740709
4.37,3.3238453992868,-2.31709023662452,-0.158784086124822,-0.196672623789329,0.0192379495103435,-0.0726700622996898,-0.0450051770684963,0.00440227677582231,-0.0166293048740709
4.38,3.32187642279005,-2.31689763701558,-0.159511618213063,-0.197122675560014,0.0192819722781017,-0.0728363553484305,-0.0450051770684963,0.00440227677582231,-0.0166293048740709
4.39,3.3199029457756,-2.31670459717896,-0.160240813231791,-0.197572727330699,0.0193259950458599,-0.0730026483971712,-0.0450051770684963,0.00440227677582231,-0.0166293048740709
4.4,3.31792496824344,-2.31651111711466,-0.160971671181006,-0.198022779101384,0.0193700178136181,-0.0731689414459119,-0.0450051770684963,0.00440227677582231,-0.0166293048740709
4.41,3.31594249019357,-2.31631719682269,-0.161704192060709,-0.198472830872069,0.0194140405813764,-0.0733352344946526,-0.0450051770684963,0.00440227677582231,-0.0166293048740709
4.42,3.31395551162599,-2.31612283630303,-0.162438375870899,-0.198922882642754,0.0194580633491346,-0.0735015275433933,-0.0450051770684963,0.00440227677582231,-0.0166293048740709
4.43,3.31196403254071,-2.3159280355557,-0.163174222611577,-0.199372934413439,0.0195020861168928,-0.073667820592134,-0.0450051770684963,0.00440227677582231,-0.0166293048740709
4.44,3.30996805293773,-2.3157327945807,-0.163911732282742,-0.199822986184124,0.019546108884651,-0.0738341136408748,-0.0450051770684963,0.00440227677582231,-0.0166293048740709
4.45,3.30796757281703,-2.31553711337801,-0.164650904884394,-0.200273037954809,0.0195901316524093,-0.0740004066896155,-0.0450051770684963,0.00440227677582231,-0.0166293048740709
4.46,3.30596259217863,-2.31534099194765,-0.165391740416534,-0.200723089725494,0.0196341544201675,-0.0741666997383562,-0.0450051770684963,0.00440227677582231,-0.0166293048740709
4.47,3.30395311102252,-2.31514443028961,-0.166134238879162,-0.201173141496179,0.0196781771879257,-0.0743329927870969,-0.0450051770684963,0.00440227677582231,-0.0166293048740709
4.48,3.30193912934871,-2.31494742840389,-0.166878400272276,-0.201623193266864,0.0197221999556839,-0.0744992858358376,-0.0450051770684963,0.00440227677582231,-0.0166293048740709
4.49,3.29992064715718,-2.31474998629049,-0.167624224595878,-0.202073245037549,0.0197662227234422,-0.0746655788845783,-0.0450051770684963,0.00440227677582231,-0.0166293048740709
4.5,3.29789766444795,-2.31455210394942,-0.168371711849968,-0.202523296808233,0.0198102454912004,-0.074831871933319,-0.0450051770684963,0.00440227677582231,-0.0166293048740709
4.51,3.29587018122102,-2.31435378138067,-0.169120862034545,-0.202973348578918,0.0198542682589586,-0.0749981649820597,-0.0450051770684963,0.00440227677582231,-0.0166293048740709
4.52,3.29383819747638,-2.31415501858424,-0.169871675149609,-0.203423400349603,0.0198982910267168,-0.0751644580308004,-0.0450051770684963,0.00440227677582231,-0.0166293048740709
4.53,3.29180171321403,-2.31395581556013,-0.170624151195161,-0.203873452120288,0.019942313794475,-0.0753307510795412,-0.0450051770684963,0.00440227677582231,-0.0166293048740709
4.54,3.28976072843397,-2.31375617230835,-0.1713782901712,-0.204323503890973,0.0199863365622333,-0.0754970441282819,-0.0450051770684963,0.00440227677582231,-0.0166293048740709
4.55,3.28771524313621,-2.31355608882889,-0.172134092077726,-0.204773555661658,0.0200303593299915,-0.0756633371770226,-0.0450051770684963,0.00440227677582231,-0.0166293048740709
4.56,3.28566525732074,-2.31335556512175,-0.17289155691474,-0.205223607432343,0.0200743820977497,-0.0758296302257633,-0.0450051770684963,0.00440227677582231,-0.0166293048740709
4.57,3.28361077098756,-2.31315460118693,-0.173650684682242,-0.205673659203028,0.0201184048655079,-0.075995923274504,-0.0450051770684963,0.00440227677582231,-0.0166293048740709
4.58,3.28155178413668,-2.31295319702444,-0.17441147538023,-0.206123710973713,0.0201624276332662,-0.0761622163232447,-0.0450051770684963,0.00440227677582231,-0.0166293048740709
4.59,3.27948829676809,-2.31275135263427,-0.175173929008706,-0.206573762744398,0.0202064504010244,-0.0763285093719854,-0.0450051770684963,0.00440227677582231,-0.0166293048740709
4.6,3.27742030888179,-2.31254906801642,-0.17593804556767,-0.207023814515083,0.0202504731687826,-0.0764948024207261,-0.0450051770684963,0.00440227677582231,-0.0166293048740709
4.61,3.27534782047778,-2.31234634317089,-0.176703825057121,-0.207473866285768,0.0202944959365408,-0.0766610954694668,-0.0450051770684963,0.00440227677582231,-0.0166293048740709
4.62,3.27327083155607,-2.31214317809769,-0.177471267477059,-0.207923918056453,0.0203385187042991,-0.0768273885182075,-0.0450051770684963,0.00440227677582231,-0.0166293048740709
4.63,3.27118934211666,-2.31193957279681,-0.178240372827485,-0.208373969827138,0.0203825414720573,-0.0769936815669482,-0.0450051770684963,0.00440227677582231,-0.0166293048740709
4.64,3.26910335215953,-2.31173552726825,-0.179011141108398,-0.208824021597823,0.0204265642398155,-0.0771599746156889,-0.0450051770684963,0.00440227677582231,-0.0166293048740709
4.65,3.2670128616847,-2.31153104151201,-0.179783572319799,-0.209274073368508,0.0204705870075737,-0.0773262676644297,-0.0450051770684963,0.00440227677582231,-0.0166293048740709
4.66,3.26491787069216,-2.3113261155281,-0.180557666461687,-0.209724125139193,0.0205146097753319,-0.0774925607131704,-0.0450051770684963,0.00440227677582231,-0.0166293048740709
4.67,3.26281837918191,-2.31112074931651,-0.181333423534062,-0.210174176909878,0.0205586325430902,-0.0776588537619111,-0.0450051770684963,0.00440227677582231,-0.0166293048740709
4.68,3.26071438715396,-2.31091494287724,-0.182110843536925,-0.210624228680563,0.0206026553108484,-0.0778251468106518,-0.0450051770684963,0.00440227677582231,-0.0166293048740709
4.69,3.2586058946083,-2.31070869621029,-0.182889926470275,-0.211074280451248,0.0206466780786066,-0.0779914398593925,-0.0450051770684963,0.00440227677582231,-0.0166293048740709
4.7,3.25649290154494,-2.31050200931566,-0.183670672334113,-0.211524332221933,0.0206907008463648,-0.0781577329081332,-0.0450051770684963,0.00440227677582231,-0.0166293048740709
4.71,3.25437540796386,-2.31029488219336,-0.184453081128438,-0.211974383992618,0.0207347236141231,-0.0783240259568739,-0.0450051770684963,0.00440227677582231,-0.0166293048740709
4.72,3.25225341386509,-2.31008731484338,-0.18523715285325,-0.212424435763303,0.0207787463818813,-0.0784903190056146,-0.0450051770684963,0.00440227677582231,-0.0166293048740709
4.73,3.2501269192486,-2.30987930726572,-0.18602288750855,-0.212874487533988,0.0208227691496395,-0.0786566120543553,-0.0450051770684963,0.00440227677582231,-0.0166293048740709
4.74,3.24799592411441,-2.30967085946039,-0.186810285094338,-0.213324539304673,0.0208667919173977,-0.078822905103096,-0.0450051770684963,0.00440227677582231,-0.0166293048740709
4.75,3.24586042846251,-2.30946197142738,-0.187599345610612,-0.213774591075358,0.020910814685156,-0.0789891981518367,-0.0450051770684963,0.00440227677582231,-0.0166293048740709
4.76,3.2437204322929,-2.30925264316668,-0.188390069057374,-0.214224642846043,0.0209548374529142,-0.0791554912005775,-0.0450051770684963,0.00440227677582231,-0.0166293048740709
4.77,3.24157593560558,-2.30904287467832,-0.189182455434624,-0.214674694616728,0.0209988602206724,-0.0793217842493182,-0.0450051770684963,0.00440227677582231,-0.0166293048740709
4.78,3.23942693840056,-2.30883266596227,-0.189976504742361,-0.215124746387412,0.0210428829884306,-0.0794880772980589,-0.0450051770684963,0.00440227677582231,-0.0166293048740709
4.79,3.23727344067784,-2.30862201701855,-0.190772216980585,-0.215574798158097,0.0210869057561888,-0.0796543703467996,-0.0450051770684963,0.00440227677582231,-0.0166293048740709
4.8,3.2351154424374,-2.30841092784715,-0.191569592149297,-0.216024849928782,0.0211309285239471,-0.0798206633955403,-0.0450051770684963,0.00440227677582231,-0.0166293048740709
4.81,3.23295294367926,-2.30819939844807,-0.192368630248496,-0.216474901699467,0.0211749512917053,-0.079986956444281,-0.0450051770684963,0.00440227677582231,-0.0166293048740709
4.82,3.23078594440341,-2.30798742882131,-0.193169331278182,-0.216924953470152,0.0212189740594635,-0.0801532494930217,-0.0450051770684963,0.00440227677582231,-0.0166293048740709
4.83,3.22861444460986,-2.30777501896688,-0.193971695238356,-0.217375005240837,0.0212629968272217,-0.0803195425417624,-0.0450051770684963,0.00440227677582231,-0.0166293048740709
4.84,3.2264384442986,-2.30756216888477,-0.194775722129018,-0.217825057011522,0.02130701959498,-0.0804858355905031,-0.0450051770684963,0.00440227677582231,-0.0166293048740709
4.85,3.22425794346963,-2.30734887857498,-0.195581411950166,-0.218275108782207,0.0213510423627382,-0.0806521286392438,-0.0450051770684963,0.00440227677582231,-0.0166293048740709
4.86,3.22207294212295,-2.30713514803751,-0.196388764701802,-0.218725160552892,0.0213950651304964,-0.0808184216879845,-0.0450051770684963,0.00440227677582231,-0.0166293048740709
4.87,3.21988344025857,-2.30692097727237,-0.197197780383926,-0.219175212323577,0.0214390878982546,-0.0809847147367252,-0.0450051770684963,0.00440227677582231,-0.0166293048740709
4.88,3.21768943787648,-2.30670636627955,-0.198008458996537,-0.219625264094262,0.0214831106660129,-0.081151007785466,-0.0450051770684963,0.00440227677582231,-0.0166293048740709
4.89,3.21549093497668,-2.30649131505905,-0.198820800539635,-0.220075315864947,0.0215271334337711,-0.0813173008342067,-0.0450051770684963,0.00440227677582231,-0.0166293048740709
4.9,3.21328793155918,-2.30627582361087,-0.199634805013221,-0.220525367635632,0.0215711562015293,-0.0814835938829474,-0.0450051770684963,0.00440227677582231,-0.0166293048740709
4.91,3.21108042762397,-2.30605989193502,-0.200450472417294,-0.220975419406317,0.0216151789692875,-0.0816498869316881,-0.0450051770684963,0.00440227677582231,-0.0166293048740709
4.92,3.20886842317106,-2.30584352003149,-0.201267802751855,-0.221425471177002,0.0216592017370457,-0.0818161799804288,-0.0450051770684963,0.00440227677582231,-0.0166293048740709
4.93,3.20665191820043,-2.30562670790028,-0.202086796016903,-0.221875522947687,0.021703224504804,-0.0819824730291695,-0.0450051770684963,0.00440227677582231,-0.0166293048740709
4.94,3.2044309127121,-2.30540945554139,-0.202907452212438,-0.222325574718372,0.0217472472725622,-0.0821487660779102,-0.0450051770684963,0.00440227677582231,-0.0166293048740709
4.95,3.20220540670606,-2.30519176295483,-0.203729771338461,-0.222775626489057,0.0217912700403204,-0.0823150591266509,-0.0450051770684963,0.00440227677582231,-0.0166293048740709
4.96,3.19997540018232,-2.30497363014059,-0.204553753394971,-0.223225678259742,0.0218352928080786,-0.0824813521753916,-0.0450051770684963,0.00440227677582231,-0.0166293048740709
4.97,3.19774089314087,-2.30475505709867,-0.205379398381969,-0.223675730030427,0.0218793155758369,-0.0826476452241323,-0.0450051770684963,0.00440227677582231,-0.0166293048740709
4.98,3.19550188558171,-2.30453604382907,-0.206206706299454,-0.224125781801112,0.0219233383435951,-0.0828139382728731,-0.0450051770684963,0.00440227677582231,-0.0166293048740709
4.99,3.19325837750485,-2.30431659033179,-0.207035677147426,-0.224575833571797,0.0219673611113533,-0.0829802313216138,-0.0450051770684963,0.00440227677582231,-0.0166293048740709
5,3.19101036891028,-2.30409669660684,-0.207866310925886,-0.225025885342482,0.0220113838791115,-0.0831465243703545,-0.0450051770684963,0.00440227677582231,-0.0166293048740709
5.01,3.188757859798,-2.30387636265421,-0.208698607634833,-0.225475937113167,0.0220554066468698,-0.0833128174190952,-0.0450051770684963,0.00440227677582231,-0.0166293048740709
5.02,3.18650085016801,-2.3036555884739,-0.209532567274268,-0.225925988883852,0.022099429414628,-0.0834791104678359,-0.0450051770684963,0.00440227677582231,-0.0166293048740709
5.03,3.18423934002032,-2.30343437406592,-0.21036818984419,-0.226376040654537,0.0221434521823862,-0.0836454035165766,-0.0450051770684963,0.00440227677582231,-0.0166293048740709
5.04,3.18197332935492,-2.30321271943026,-0.2112054753446,-0.226826092425222,0.0221874749501444,-0.0838116965653173,-0.0450051770684963,0.00440227677582231,-0.0166293048740709
5.05,3.17970281817182,-2.30299062456692,-0.212044423775496,-0.227276144195906,0.0222314977179026,-0.083977989614058,-0.0450051770684963,0.00440227677582231,-0.0166293048740709
5.06,3.177427806471,-2.3027680894759,-0.212885035136881,-0.227726195966591,0.0222755204856609,-0.0841442826627987,-0.0450051770684963,0.00440227677582231,-0.0166293048740709
5.07,3.17514829425248,-2.3025451141572,-0.213727309428752,-0.228176247737276,0.0223195432534191,-0.0843105757115394,-0.0450051770684963,0.00440227677582231,-0.0166293048740709
5.08,3.17286428151626,-2.30232169861083,-0.214571246651112,-0.228626299507961,0.0223635660211773,-0.0844768687602801,-0.0450051770684963,0.00440227677582231,-0.0166293048740709
5.09,3.17057576826233,-2.30209784283678,-0.215416846803958,-0.229076351278646,0.0224075887889355,-0.0846431618090208,-0.0450051770684963,0.00440227677582231,-0.0166293048740709
5.1,3.16828275449069,-2.30187354683505,-0.216264109887292,-0.229526403049331,0.0224516115566938,-0.0848094548577616,-0.0450051770684963,0.00440227677582231,-0.0166293048740709
5.11,3.16598524020134,-2.30164881060565,-0.217113035901113,-0.229976454820016,0.022495634324452,-0.0849757479065023,-0.0450051770684963,0.00440227677582231,-0.0166293048740709
5.12,3.16368322539428,-2.30142363414856,-0.217963624845422,-0.230426506590701,0.0225396570922102,-0.085142040955243,-0.0450051770684963,0.00440227677582231,-0.0166293048740709
5.13,3.16137671006952,-2.3011980174638,-0.218815876720218,-0.230876558361386,0.0225836798599684,-0.0853083340039837,-0.0450051770684963,0.00440227677582231,-0.0166293048740709
5.14,3.15906569422706,-2.30097196055136,-0.219669791525502,-0.231326610132071,0.0226277026277267,-0.0854746270527244,-0.0450051770684963,0.00440227677582231,-0.0166293048740709
5.15,3.15675017786688,-2.30074546341125,-0.220525369261273,-0.231776661902756,0.0226717253954849,-0.0856409201014651,-0.0450051770684963,0.00440227677582231,-0.0166293048740709
5.16,3.154430160989,-2.30051852604345,-0.221382609927531,-0.232226713673441,0.0227157481632431,-0.0858072131502058,-0.0450051770684963,0.00440227677582231,-0.0166293048740709
5.17,3.15210564359341,-2.30029114844798,-0.222241513524277,-0.232676765444126,0.0227597709310013,-0.0859735061989465,-0.0450051770684963,0.00440227677582231,-0.0166293048740709
5.18,3.14977662568012,-2.30006333062483,-0.22310208005151,-0.233126817214811,0.0228037936987595,-0.0861397992476872,-0.0450051770684963,0.00440227677582231,-0.0166293048740709
5.19,3.14744310724912,-2.29983507257401,-0.223964309509231,-0.233576868985496,0.0228478164665178,-0.0863060922964279,-0.0450051770684963,0.00440227677582231,-0.0166293048740709
5.2,3.14510508830041,-2.2996063742955,-0.224828201897438,-0.234026920756181,0.022891839234276,-0.0864723853451686,-0.0450051770684963,0.00440227677582231,-0.0166293048740709
5.21,3.14276256883399,-2.29937723578932,-0.225693757216134,-0.234476972526866,0.0229358620020342,-0.0866386783939093,-0.0450051770684963,0.00440227677582231,-0.0166293048740709
5.22,3.14041554884987,-2.29914765705546,-0.226560975465317,-0.234927024297551,0.0229798847697924,-0.0868049714426501,-0.0450051770684963,0.00440227677582231,-0.0166293048740709
5.23,3.13806402834804,-2.29891763809393,-0.227429856644987,-0.235377076068236,0.0230239075375507,-0.0869712644913908,-0.0450051770684963,0.00440227677582231,-0.0166293048740709
5.24,3.13570800732851,-2.29868717890471,-0.228300400755144,-0.235827127838921,0.0230679303053089,-0.0871375575401315,-0.0450051770684963,0.00440227677582231,-0.0166293048740709
5.25,3.13334748579126,-2.29845627948782,-0.229172607795789,-0.236277179609606,0.0231119530730671,-0.0873038505888722,-0.0450051770684963,0.00440227677582231,-0.0166293048740709
5.26,3.13098246373632,-2.29822493984325,-0.230046477766922,-0.236727231380291,0.0231559758408253,-0.0874701436376129,-0.0450051770684963,0.00440227677582231,-0.0166293048740709
5.27,3.12861294116366,-2.297993159971,-0.230922010668542,-0.237177283150976,0.0231999986085836,-0.0876364366863536,-0.0450051770684963,0.00440227677582231,-0.0166293048740709
5.28,3.1262389180733,-2.29776093987108,-0.231799206500649,-0.237627334921661,0.0232440213763418,-0.0878027297350943,-0.0450051770684963,0.00440227677582231,-0.0166293048740709
5.29,3.12386039446523,-2.29752827954348,-0.232678065263244,-0.238077386692346,0.0232880441441,-0.087969022783835,-0.0450051770684963,0.00440227677582231,-0.0166293048740709
5.3,3.12147737033945,-2.2972951789882,-0.233558586956326,-0.238527438463031,0.0233320669118582,-0.0881353158325757,-0.0450051770684963,0.00440227677582231,-0.0166293048740709
5.31,3.11908984569597,-2.29706163820524,-0.234440771579895,-0.238977490233716,0.0233760896796164,-0.0883016088813165,-0.0450051770684963,0.00440227677582231,-0.0166293048740709
5.32,3.11669782053477,-2.2968276571946,-0.235324619133952,-0.239427542004401,0.0234201124473747,-0.0884679019300572,-0.0450051770684963,0.00440227677582231,-0.0166293048740709
5.33,3.11430129485588,-2.29659323595629,-0.236210129618496,-0.239877593775085,0.0234641352151329,-0.0886341949787979,-0.0450051770684963,0.00440227677582231,-0.0166293048740709
5.34,3.11190026865927,-2.2963583744903,-0.237097303033528,-0.24032764554577,0.0235081579828911,-0.0888004880275386,-0.0450051770684963,0.00440227677582231,-0.0166293048740709
5.35,3.10949474194496,-2.29612307279663,-0.237986139379047,-0.240777697316455,0.0235521807506493,-0.0889667810762793,-0.0450051770684963,0.00440227677582231,-0.0166293048740709
5.36,3.10708471471294,-2.29588733087529,-0.238876638655054,-0.24122774908714,0.0235962035184076,-0.08913307412502,-0.0450051770684963,0.00440227677582231,-0.0166293048740709
5.37,3.10467018696322,-2.29565114872627,-0.239768800861547,-0.241677800857825,0.0236402262861658,-0.0892993671737607,-0.0450051770684963,0.00440227677582231,-0.0166293048740709
5.38,3.10225115869579,-2.29541452634956,-0.240662625998529,-0.24212785262851,0.023684249053924,-0.0894656602225014,-0.0450051770684963,0.00440227677582231,-0.0166293048740709
5.39,3.09982762991065,-2.29517746374519,-0.241558114065997,-0.242577904399195,0.0237282718216822,-0.0896319532712421,-0.0450051770684963,0.00440227677582231,-0.0166293048740709
5.4,3.0973996006078,-2.29493996091313,-0.242455265063954,-0.24302795616988,0.0237722945894405,-0.0897982463199828,-0.0450051770684963,0.00440227677582231,-0.0166293048740709
5.41,3.09496707078725,-2.2947020178534,-0.243354078992397,-0.243478007940565,0.0238163173571987,-0.0899645393687235,-0.0450051770684963,0.00440227677582231,-0.0166293048740709
5.42,3.09253004044899,-2.29446363456599,-0.244254555851328,-0.24392805971125,0.0238603401249569,-0.0901308324174642,-0.0450051770684963,0.00440227677582231,-0.0166293048740709
5.43,3.09008850959303,-2.2942248110509,-0.245156695640746,-0.244378111481935,0.0239043628927151,-0.0902971254662049,-0.0450051770684963,0.00440227677582231,-0.0166293048740709
5.44,3.08764247821935,-2.29398554730813,-0.246060498360652,-0.24482816325262,0.0239483856604733,-0.0904634185149457,-0.0450051770684963,0.00440227677582231,-0.0166293048740709
5.45,3.08519194632797,-2.29374584333769,-0.246965964011045,-0.245278215023305,0.0239924084282316,-0.0906297115636864,-0.0450051770684963,0.00440227677582231,-0.0166293048740709
5.46,3.08273691391889,-2.29350569913957,-0.247873092591926,-0.24572826679399,0.0240364311959898,-0.0907960046124271,-0.0450051770684963,0.00440227677582231,-0.0166293048740709
5.47,3.08027738099209,-2.29326511471377,-0.248781884103294,-0.246178318564675,0.024080453963748,-0.0909622976611678,-0.0450051770684963,0.00440227677582231,-0.0166293048740709
5.48,3.07781334754759,-2.29302409006029,-0.249692338545149,-0.24662837033536,0.0241244767315062,-0.0911285907099085,-0.0450051770684963,0.00440227677582231,-0.0166293048740709
5.49,3.07534481358539,-2.29278262517914,-0.250604455917492,-0.247078422106045,0.0241684994992645,-0.0912948837586492,-0.0450051770684963,0.00440227677582231,-0.0166293048740709
5.5,3.07287177910547,-2.29254072007031,-0.251518236220322,-0.24752847387673,0.0242125222670227,-0.0914611768073899,-0.0450051770684963,0.00440227677582231,-0.0166293048740709
5.51,3.07039424410785,-2.2922983747338,-0.25243367945364,-0.247978525647415,0.0242565450347809,-0.0916274698561306,-0.0450051770684963,0.00440227677582231,-0.0166293048740709
5.52,3.06791220859252,-2.29205558916961,-0.253350785617445,-0.2484285774181,0.0243005678025391,-0.0917937629048713,-0.0450051770684963,0.00440227677582231,-0.0166293048740709
5.53,3.06542567255949,-2.29181236337775,-0.254269554711737,-0.248878629188785,0.0243445905702974,-0.091960055953612,-0.0450051770684963,0.00440227677582231,-0.0166293048740709
5.54,3.06293463600875,-2.29156869735821,-0.255189986736517,-0.24932868095947,0.0243886133380556,-0.0921263490023528,-0.0450051770684963,0.00440227677582231,-0.0166293048740709
5.55,3.0604390989403,-2.29132459111099,-0.256112081691784,-0.249778732730155,0.0244326361058138,-0.0922926420510935,-0.0450051770684963,0.00440227677582231,-0.0166293048740709
5.56,3.05793906135415,-2.29108004463609,-0.257035839577539,-0.25022878450084,0.024476658873572,-0.0924589350998342,-0.0450051770684963,0.00440227677582231,-0.0166293048740709
5.57,3.05543452325028,-2.29083505793352,-0.257961260393781,-0.250678836271525,0.0245206816413302,-0.0926252281485749,-0.0450051770684963,0.00440227677582231,-0.0166293048740709
5.58,3.05292548462872,-2.29058963100326,-0.25888834414051,-0.25112888804221,0.0245647044090885,-0.0927915211973156,-0.0450051770684963,0.00440227677582231,-0.0166293048740709
5.59,3.05041194548944,-2.29034376384533,-0.259817090817727,-0.251578939812894,0.0246087271768467,-0.0929578142460563,-0.0450051770684963,0.00440227677582231,-0.0166293048740709
5.6,3.04789390583246,-2.29009745645973,-0.260747500425432,-0.252028991583579,0.0246527499446049,-0.093124107294797,-0.0450051770684963,0.00440227677582231,-0.0166293048740709
5.61,3.04537136565777,-2.28985070884644,-0.261679572963623,-0.252479043354264,0.0246967727123631,-0.0932904003435377,-0.0450051770684963,0.00440227677582231,-0.0166293048740709
5.62,3.04284432496537,-2.28960352100548,-0.262613308432302,-0.252929095124949,0.0247407954801214,-0.0934566933922784,-0.0450051770684963,0.00440227677582231,-0.0166293048740709
5.63,3.04031278375527,-2.28935589293684,-0.263548706831469,-0.253379146895634,0.0247848182478796,-0.0936229864410191,-0.0450051770684963,0.00440227677582231,-0.0166293048740709
5.64,3.03777674202746,-2.28910782464052,-0.264485768161123,-0.253829198666319,0.0248288410156378,-0.0937892794897598,-0.0450051770684963,0.00440227677582231,-0.0166293048740709
5.65,3.03523619978194,-2.28885931611653,-0.265424492421264,-0.254279250437004,0.024872863783396,-0.0939555725385006,-0.0450051770684963,0.00440227677582231,-0.0166293048740709
5.66,3.03269115701872,-2.28861036736485,-0.266364879611893,-0.254729302207689,0.0249168865511542,-0.0941218655872413,-0.0450051770684963,0.00440227677582231,-0.0166293048740709
5.67,3.03014161373779,-2.2883609783855,-0.267306929733009,-0.255179353978374,0.0249609093189125,-0.094288158635982,-0.0450051770684963,0.00440227677582231,-0.0166293048740709
5.68,3.02758756993915,-2.28811114917848,-0.268250642784612,-0.255629405749059,0.0250049320866707,-0.0944544516847227,-0.0450051770684963,0.00440227677582231,-0.0166293048740709
5.69,3.02502902562281,-2.28786087974377,-0.269196018766703,-0.256079457519744,0.0250489548544289,-0.0946207447334634,-0.0450051770684963,0.00440227677582231,-0.0166293048740709
5.7,3.02246598078876,-2.28761017008139,-0.270143057679282,-0.256529509290429,0.0250929776221871,-0.0947870377822041,-0.0450051770684963,0.00440227677582231,-0.0166293048740709
5.71,3.019898435437,-2.28735902019133,-0.271091759522347,-0.256979561061114,0.0251370003899454,-0.0949533308309448,-0.0450051770684963,0.00440227677582231,-0.0166293048740709
5.72,3.01732638956753,-2.28710743007359,-0.272042124295901,-0.257429612831799,0.0251810231577036,-0.0951196238796855,-0.0450051770684963,0.00440227677582231,-0.0166293048740709
5.73,3.01474984318036,-2.28685539972817,-0.272994151999941,-0.257879664602484,0.0252250459254618,-0.0952859169284262,-0.0450051770684963,0.00440227677582231,-0.0166293048740709
5.74,3.01216879627549,-2.28660292915508,-0.273947842634469,-0.258329716373169,0.02526906869322,-0.0954522099771669,-0.0450051770684963,0.00440227677582231,-0.0166293048740709
5.75,3.0095832488529,-2.28635001835431,-0.274903196199484,-0.258779768143854,0.0253130914609783,-0.0956185030259076,-0.0450051770684963,0.00440227677582231,-0.0166293048740709
5.76,3.00699320091261,-2.28609666732586,-0.275860212694987,-0.259229819914539,0.0253571142287365,-0.0957847960746483,-0.0450051770684963,0.00440227677582231,-0.0166293048740709
5.77,3.00439865245461,-2.28584287606973,-0.276818892120977,-0.259679871685224,0.0254011369964947,-0.0959510891233891,-0.0450051770684963,0.00440227677582231,-0.0166293048740709
5.78,3.0017996034789,-2.28558864458593,-0.277779234477455,-0.260129923455909,0.0254451597642529,-0.0961173821721298,-0.0450051770684963,0.00440227677582231,-0.0166293048740709
5.79,2.99919605398549,-2.28533397287445,-0.27874123976442,-0.260579975226594,0.0254891825320111,-0.0962836752208705,-0.0450051770684963,0.00440227677582231,-0.0166293048740709
5.8,2.99658800397437,-2.28507886093529,-0.279704907981872,-0.261030026997279,0.0255332052997694,-0.0964499682696112,-0.0450051770684963,0.00440227677582231,-0.0166293048740709
5.81,2.99397545344555,-2.28482330876845,-0.280670239129812,-0.261480078767964,0.0255772280675276,-0.0966162613183519,-0.0450051770684963,0.00440227677582231,-0.0166293048740709
5.82,2.99135840239901,-2.28456731637394,-0.28163723320824,-0.261930130538649,0.0256212508352858,-0.0967825543670926,-0.0450051770684963,0.00440227677582231,-0.0166293048740709
5.83,2.98873685083477,-2.28431088375175,-0.282605890217154,-0.262380182309334,0.025665273603044,-0.0969488474158333,-0.0450051770684963,0.00440227677582231,-0.0166293048740709
5.84,2.98611079875283,-2.28405401090188,-0.283576210156556,-0.262830234080019,0.0257092963708023,-0.097115140464574,-0.0450051770684963,0.00440227677582231,-0.0166293048740709
5.85,2.98348024615317,-2.28379669782433,-0.284548193026446,-0.263280285850704,0.0257533191385605,-0.0972814335133147,-0.0450051770684963,0.00440227677582231,-0.0166293048740709
5.86,2.98084519303581,-2.28353894451911,-0.285521838826822,-0.263730337621389,0.0257973419063187,-0.0974477265620554,-0.0450051770684963,0.00440227677582231,-0.0166293048740709
5.87,2.97820563940074,-2.2832807509862,-0.286497147557687,-0.264180389392074,0.0258413646740769,-0.0976140196107961,-0.0450051770684963,0.00440227677582231,-0.0166293048740709
5.88,2.97556158524797,-2.28302211722563,-0.287474119219038,-0.264630441162758,0.0258853874418352,-0.0977803126595368,-0.0450051770684963,0.00440227677582231,-0.0166293048740709
5.89,2.97291303057749,-2.28276304323737,-0.288452753810877,-0.265080492933443,0.0259294102095934,-0.0979466057082776,-0.0450051770684963,0.00440227677582231,-0.0166293048740709
5.9,2.9702599753893,-2.28250352902143,-0.289433051333204,-0.265530544704128,0.0259734329773516,-0.0981128987570183,-0.0450051770684963,0.00440227677582231,-0.0166293048740709
5.91,2.96760241968341,-2.28224357457782,-0.290415011786018,-0.265980596474813,0.0260174557451098,-0.098279191805759,-0.0450051770684963,0.00440227677582231,-0.0166293048740709
5.92,2.9649403634598,-2.28198317990653,-0.291398635169319,-0.266430648245498,0.026061478512868,-0.0984454848544997,-0.0450051770684963,0.00440227677582231,-0.0166293048740709
5.93,2.9622738067185,-2.28172234500756,-0.292383921483108,-0.266880700016183,0.0261055012806263,-0.0986117779032404,-0.0450051770684963,0.00440227677582231,-0.0166293048740709
5.94,2.95960274945948,-2.28146106988092,-0.293370870727384,-0.267330751786868,0.0261495240483845,-0.0987780709519811,-0.0450051770684963,0.00440227677582231,-0.0166293048740709
5.95,2.95692719168276,-2.2811993545266,-0.294359482902147,-0.267780803557553,0.0261935468161427,-0.0989443640007218,-0.0450051770684963,0.00440227677582231,-0.0166293048740709
5.96,2.95424713338833,-2.2809371989446,-0.295349758007398,-0.268230855328238,0.0262375695839009,-0.0991106570494625,-0.0450051770684963,0.00440227677582231,-0.0166293048740709
5.97,2.95156257457619,-2.28067460313492,-0.296341696043137,-0.268680907098923,0.0262815923516592,-0.0992769500982032,-0.0450051770684963,0.00440227677582231,-0.0166293048740709
5.98,2.94887351524635,-2.28041156709756,-0.297335297009362,-0.269130958869608,0.0263256151194174,-0.0994432431469439,-0.0450051770684963,0.00440227677582231,-0.0166293048740709
5.99,2.9461799553988,-2.28014809083253,-0.298330560906076,-0.269581010640293,0.0263696378871756,-0.0996095361956846,-0.0450051770684963,0.00440227677582231,-0.0166293048740709
6,2.94348189503355,-2.27988417433982,-0.299327487733276,-0.270031062410978,0.0264136606549338,-0.0997758292444254,-0.0450051770684963,0.00440227677582231,-0.0166293048740709
6.01,2.94077933415058,-2.27961981761943,-0.300326077490964,-0.270481114181663,0.0264576834226921,-0.0999421222931661,-0.0450051770684963,0.00440227677582231,-0.0166293048740709
6.02,2.93807227274991,-2.27935502067137,-0.301326330179139,-0.270931165952348,0.0265017061904503,-0.100108415341907,-0.0450051770684963,0.00440227677582231,-0.0166293048740709
6.03,2.93536071083154,-2.27908978349562,-0.302328245797802,-0.271381217723033,0.0265457289582085,-0.100274708390647,-0.0450051770684963,0.00440227677582231,-0.0166293048740709
6.04,2.93264464839545,-2.2788241060922,-0.303331824346952,-0.271831269493718,0.0265897517259667,-0.100441001439388,-0.0450051770684963,0.00440227677582231,-0.0166293048740709
6.05,2.92992408544166,-2.2785579884611,-0.30433706582659,-0.272281321264403,0.0266337744937249,-0.100607294488129,-0.0450051770684963,0.00440227677582231,-0.0166293048740709
6.06,2.92719902197016,-2.27829143060233,-0.305343970236715,-0.272731373035088,0.0266777972614832,-0.10077358753687,-0.0450051770684963,0.00440227677582231,-0.0166293048740709
6.07,2.92446945798096,-2.27802443251587,-0.306352537577327,-0.273181424805773,0.0267218200292414,-0.10093988058561,-0.0450051770684963,0.00440227677582231,-0.0166293048740709
6.08,2.92173539347405,-2.27775699420174,-0.307362767848427,-0.273631476576458,0.0267658427969996,-0.101106173634351,-0.0450051770684963,0.00440227677582231,-0.0166293048740709
6.09,2.91899682844943,-2.27748911565993,-0.308374661050014,-0.274081528347143,0.0268098655647578,-0.101272466683092,-0.0450051770684963,0.00440227677582231,-0.0166293048740709
6.1,2.91625376290711,-2.27722079689045,-0.309388217182089,-0.274531580117828,0.0268538883325161,-0.101438759731832,-0.0450051770684963,0.00440227677582231,-0.0166293048740709
6.11,2.91350619684707,-2.27695203789328,-0.310403436244651,-0.274981631888513,0.0268979111002743,-0.101605052780573,-0.0450051770684963,0.00440227677582231,-0.0166293048740709
6.12,2.91075413026934,-2.27668283866844,-0.3114203182377,-0.275431683659198,0.0269419338680325,-0.101771345829314,-0.0450051770684963,0.00440227677582231,-0.0166293048740709
6.13,2.90799756317389,-2.27641319921592,-0.312438863161237,-0.275881735429883,0.0269859566357907,-0.101937638878055,-0.0450051770684963,0.00440227677582231,-0.0166293048740709
6.14,2.90523649556074,-2.27614311953573,-0.313459071015262,-0.276331787200568,0.027029979403549,-0.102103931926795,-0.0450051770684963,0.00440227677582231,-0.0166293048740709
6.15,2.90247092742988,-2.27587259962785,-0.314480941799773,-0.276781838971252,0.0270740021713072,-0.102270224975536,-0.0450051770684963,0.00440227677582231,-0.0166293048740709
6.16,2.89970085878131,-2.2756016394923,-0.315504475514772,-0.277231890741937,0.0271180249390654,-0.102436518024277,-0.0450051770684963,0.00440227677582231,-0.0166293048740709
6.17,2.89692628961504,-2.27533023912907,-0.316529672160259,-0.277681942512622,0.0271620477068236,-0.102602811073017,-0.0450051770684963,0.00440227677582231,-0.0166293048740709
6.18,2.89414721993106,-2.27505839853816,-0.317556531736233,-0.278131994283307,0.0272060704745818,-0.102769104121758,-0.0450051770684963,0.00440227677582231,-0.0166293048740709
6.19,2.89136364972937,-2.27478611771958,-0.318585054242694,-0.278582046053992,0.0272500932423401,-0.102935397170499,-0.0450051770684963,0.00440227677582231,-0.0166293048740709
6.2,2.88857557900998,-2.27451339667332,-0.319615239679643,-0.279032097824677,0.0272941160100983,-0.10310169021924,-0.0450051770684963,0.00440227677582231,-0.0166293048740709
6.21,2.88578300777288,-2.27424023539938,-0.320647088047079,-0.279482149595362,0.0273381387778565,-0.10326798326798,-0.0450051770684963,0.00440227677582231,-0.0166293048740709
6.22,2.88298593601807,-2.27396663389776,-0.321680599345002,-0.279932201366047,0.0273821615456147,-0.103434276316721,-0.0450051770684963,0.00440227677582231,-0.0166293048740709
6.23,2.88018436374556,-2.27369259216846,-0.322715773573413,-0.280382253136732,0.027426184313373,-0.103600569365462,-0.0450051770684963,0.00440227677582231,-0.0166293048740709
6.24,2.87737829095534,-2.27341811021149,-0.323752610732311,-0.280832304907417,0.0274702070811312,-0.103766862414202,-0.0450051770684963,0.00440227677582231,-0.0166293048740709
6.25,2.87456771764741,-2.27314318802684,-0.324791110821697,-0.281282356678102,0.0275142298488894,-0.103933155462943,-0.0450051770684963,0.00440227677582231,-0.0166293048740709
6.26,2.87175264382178,-2.27286782561451,-0.32583127384157,-0.281732408448787,0.0275582526166476,-0.104099448511684,-0.0450051770684963,0.00440227677582231,-0.0166293048740709
6.27,2.86893306947844,-2.27259202297451,-0.326873099791931,-0.282182460219472,0.0276022753844059,-0.104265741560425,-0.0450051770684963,0.00440227677582231,-0.0166293048740709
6.28,2.86610899461739,-2.27231578010683,-0.327916588672779,-0.282632511990157,0.0276462981521641,-0.104432034609165,-0.0450051770684963,0.00440227677582231,-0.0166293048740709
6.29,2.86328041923863,-2.27203909701147,-0.328961740484114,-0.283082563760842,0.0276903209199223,-0.104598327657906,-0.0450051770684963,0.00440227677582231,-0.0166293048740709
6.3,2.86044734334217,-2.27176197368843,-0.330008555225937,-0.283532615531527,0.0277343436876805,-0.104764620706647,-0.0450051770684963,0.00440227677582231,-0.0166293048740709
6.31,2.857609766928,-2.27148441013771,-0.331057032898247,-0.283982667302212,0.0277783664554388,-0.104930913755387,-0.0450051770684963,0.00440227677582231,-0.0166293048740709
6.32,2.85476768999613,-2.27120640635932,-0.332107173501045,-0.284432719072897,0.027822389223197,-0.105097206804128,-0.0450051770684963,0.00440227677582231,-0.0166293048740709
6.33,2.85192111254654,-2.27092796235325,-0.33315897703433,-0.284882770843582,0.0278664119909552,-0.105263499852869,-0.0450051770684963,0.00440227677582231,-0.0166293048740709
6.34,2.84907003457925,-2.2706490781195,-0.334212443498102,-0.285332822614267,0.0279104347587134,-0.105429792901609,-0.0450051770684963,0.00440227677582231,-0.0166293048740709
6.35,2.84621445609426,-2.27036975365807,-0.335267572892362,-0.285782874384952,0.0279544575264716,-0.10559608595035,-0.0450051770684963,0.00440227677582231,-0.0166293048740709
6.36,2.84335437709156,-2.27008998896897,-0.336324365217109,-0.286232926155637,0.0279984802942299,-0.105762378999091,-0.0450051770684963,0.00440227677582231,-0.0166293048740709
6.37,2.84048979757115,-2.26980978405219,-0.337382820472344,-0.286682977926322,0.0280425030619881,-0.105928672047832,-0.0450051770684963,0.00440227677582231,-0.0166293048740709
6.38,2.83762071753303,-2.26952913890773,-0.338442938658066,-0.287133029697007,0.0280865258297463,-0.106094965096572,-0.0450051770684963,0.00440227677582231,-0.0166293048740709
6.39,2.83474713697721,-2.26924805353559,-0.339504719774275,-0.287583081467692,0.0281305485975045,-0.106261258145313,-0.0450051770684963,0.00440227677582231,-0.0166293048740709
6.4,2.83186905590367,-2.26896652793578,-0.340568163820972,-0.288033133238377,0.0281745713652628,-0.106427551194054,-0.0450051770684963,0.00440227677582231,-0.0166293048740709
6.41,2.82898647431244,-2.26868456210829,-0.341633270798156,-0.288483185009062,0.028218594133021,-0.106593844242794,-0.0450051770684963,0.00440227677582231,-0.0166293048740709
6.42,2.82609939220349,-2.26840215605312,-0.342700040705828,-0.288933236779746,0.0282626169007792,-0.106760137291535,-0.0450051770684963,0.00440227677582231,-0.0166293048740709
6.43,2.82320780957684,-2.26811930977027,-0.343768473543987,-0.289383288550431,0.0283066396685374,-0.106926430340276,-0.0450051770684963,0.00440227677582231,-0.0166293048740709
6.44,2.82031172643249,-2.26783602325975,-0.344838569312633,-0.289833340321116,0.0283506624362957,-0.107092723389017,-0.0450051770684963,0.00440227677582231,-0.0166293048740709
6.45,2.81741114277042,-2.26755229652155,-0.345910328011767,-0.290283392091801,0.0283946852040539,-0.107259016437757,-0.0450051770684963,0.00440227677582231,-0.0166293048740709
6.46,2.81450605859065,-2.26726812955567,-0.346983749641388,-0.290733443862486,0.0284387079718121,-0.107425309486498,-0.0450051770684963,0.00440227677582231,-0.0166293048740709
6.47,2.81159647389317,-2.26698352236211,-0.348058834201497,-0.291183495633171,0.0284827307395703,-0.107591602535239,-0.0450051770684963,0.00440227677582231,-0.0166293048740709
6.48,2.80868238867799,-2.26669847494088,-0.349135581692093,-0.291633547403856,0.0285267535073285,-0.107757895583979,-0.0450051770684963,0.00440227677582231,-0.0166293048740709
6.49,2.80576380294509,-2.26641298729196,-0.350213992113177,-0.292083599174541,0.0285707762750868,-0.10792418863272,-0.0450051770684963,0.00440227677582231,-0.0166293048740709
6.5,2.80284071669449,-2.26612705941537,-0.351294065464748,-0.292533650945226,0.028614799042845,-0.108090481681461,-0.0450051770684963,0.00440227677582231,-0.0166293048740709
6.51,2.79991312992619,-2.26584069131111,-0.352375801746806,-0.292983702715911,0.0286588218106032,-0.108256774730202,-0.0450051770684963,0.00440227677582231,-0.0166293048740709
6.52,2.79698104264018,-2.26555388297916,-0.353459200959352,-0.293433754486596,0.0287028445783614,-0.108423067778942,-0.0450051770684963,0.00440227677582231,-0.0166293048740709
6.53,2.79404445483646,-2.26526663441954,-0.354544263102385,-0.293883806257281,0.0287468673461197,-0.108589360827683,-0.0450051770684963,0.00440227677582231,-0.0166293048740709
6.54,2.79110336651503,-2.26497894563224,-0.355630988175905,-0.294333858027966,0.0287908901138779,-0.108755653876424,-0.0450051770684963,0.00440227677582231,-0.0166293048740709
6.55,2.7881577776759,-2.26469081661726,-0.356719376179913,-0.294783909798651,0.0288349128816361,-0.108921946925164,-0.0450051770684963,0.00440227677582231,-0.0166293048740709
6.56,2.78520768831906,-2.26440224737461,-0.357809427114409,-0.295233961569336,0.0288789356493943,-0.109088239973905,-0.0450051770684963,0.00440227677582231,-0.0166293048740709
6.57,2.78225309844451,-2.26411323790427,-0.358901140979391,-0.295684013340021,0.0289229584171526,-0.109254533022646,-0.0450051770684963,0.00440227677582231,-0.0166293048740709
6.58,2.77929400805226,-2.26382378820626,-0.359994517774861,-0.296134065110706,0.0289669811849108,-0.109420826071386,-0.0450051770684963,0.00440227677582231,-0.0166293048740709
6.59,2.7763304171423,-2.26353389828058,-0.361089557500819,-0.296584116881391,0.029011003952669,-0.109587119120127,-0.0450051770684963,0.00440227677582231,-0.0166293048740709
6.6,2.77336232571463,-2.26324356812721,-0.362186260157264,-0.297034168652076,0.0290550267204272,-0.109753412168868,-0.0450051770684963,0.00440227677582231,-0.0166293048740709
6.61,2.77038973376926,-2.26295279774617,-0.363284625744196,-0.297484220422761,0.0290990494881854,-0.109919705217609,-0.0450051770684963,0.00440227677582231,-0.0166293048740709
6.62,2.76741264130617,-2.26266158713745,-0.364384654261616,-0.297934272193446,0.0291430722559437,-0.110085998266349,-0.0450051770684963,0.00440227677582231,-0.0166293048740709
6.63,2.76443104832539,-2.26236993630105,-0.365486345709523,-0.298384323964131,0.0291870950237019,-0.11025229131509,-0.0450051770684963,0.00440227677582231,-0.0166293048740709
6.64,2.76144495482689,-2.26207784523697,-0.366589700087918,-0.298834375734816,0.0292311177914601,-0.110418584363831,-0.0450051770684963,0.00440227677582231,-0.0166293048740709
6.65,2.75845436081069,-2.26178531394522,-0.3676947173968,-0.299284427505501,0.0292751405592183,-0.110584877412571,-0.0450051770684963,0.00440227677582231,-0.0166293048740709
6.66,2.75545926627678,-2.26149234242579,-0.368801397636169,-0.299734479276186,0.0293191633269766,-0.110751170461312,-0.0450051770684963,0.00440227677582231,-0.0166293048740709
6.67,2.75245967122517,-2.26119893067868,-0.369909740806026,-0.300184531046871,0.0293631860947348,-0.110917463510053,-0.0450051770684963,0.00440227677582231,-0.0166293048740709
6.68,2.74945557565584,-2.26090507870389,-0.371019746906371,-0.300634582817556,0.029407208862493,-0.111083756558794,-0.0450051770684963,0.00440227677582231,-0.0166293048740709
6.69,2.74644697956882,-2.26061078650143,-0.372131415937202,-0.30108463458824,0.0294512316302512,-0.111250049607534,-0.0450051770684963,0.00440227677582231,-0.0166293048740709
6.7,2.74343388296408,-2.26031605407129,-0.373244747898521,-0.301534686358925,0.0294952543980095,-0.111416342656275,-0.0450051770684963,0.00440227677582231,-0.0166293048740709
6.71,2.74041628584164,-2.26002088141347,-0.374359742790328,-0.30198473812961,0.0295392771657677,-0.111582635705016,-0.0450051770684963,0.00440227677582231,-0.0166293048740709
6.72,2.73739418820149,-2.25972526852797,-0.375476400612621,-0.302434789900295,0.0295832999335259,-0.111748928753756,-0.0450051770684963,0.00440227677582231,-0.0166293048740709
6.73,2.73436759004363,-2.2594292154148,-0.376594721365403,-0.30288484167098,0.0296273227012841,-0.111915221802497,-0.0450051770684963,0.00440227677582231,-0.0166293048740709
6.74,2.73133649136807,-2.25913272207395,-0.377714705048671,-0.303334893441665,0.0296713454690423,-0.112081514851238,-0.0450051770684963,0.00440227677582231,-0.0166293048740709
6.75,2.7283008921748,-2.25883578850542,-0.378836351662428,-0.30378494521235,0.0297153682368006,-0.112247807899979,-0.0450051770684963,0.00440227677582231,-0.0166293048740709
6.76,2.72526079246382,-2.25853841470921,-0.379959661206671,-0.304234996983035,0.0297593910045588,-0.112414100948719,-0.0450051770684963,0.00440227677582231,-0.0166293048740709
6.77,2.72221619223514,-2.25824060068533,-0.381084633681402,-0.30468504875372,0.029803413772317,-0.11258039399746,-0.0450051770684963,0.00440227677582231,-0.0166293048740709
6.78,2.71916709148875,-2.25794234643377,-0.38221126908662,-0.305135100524405,0.0298474365400752,-0.112746687046201,-0.0450051770684963,0.00440227677582231,-0.0166293048740709
6.79,2.71611349022465,-2.25764365195453,-0.383339567422326,-0.30558515229509,0.0298914593078335,-0.112912980094941,-0.0450051770684963,0.00440227677582231,-0.0166293048740709
6.8,2.71305538844284,-2.25734451724761,-0.384469528688519,-0.306035204065775,0.0299354820755917,-0.113079273143682,-0.0450051770684963,0.00440227677582231,-0.0166293048740709
6.81,2.70999278614333,-2.25704494231301,-0.3856011528852,-0.30648525583646,0.0299795048433499,-0.113245566192423,-0.0450051770684963,0.00440227677582231,-0.0166293048740709
6.82,2.70692568332612,-2.25674492715074,-0.386734440012368,-0.306935307607145,0.0300235276111081,-0.113411859241163,-0.0450051770684963,0.00440227677582231,-0.0166293048740709
6.83,2.70385407999119,-2.25644447176079,-0.387869390070023,-0.30738535937783,0.0300675503788663,-0.113578152289904,-0.0450051770684963,0.00440227677582231,-0.0166293048740709
6.84,2.70077797613856,-2.25614357614316,-0.389006003058166,-0.307835411148515,0.0301115731466246,-0.113744445338645,-0.0450051770684963,0.00440227677582231,-0.0166293048740709
6.85,2.69769737176822,-2.25584224029786,-0.390144278976796,-0.3082854629192,0.0301555959143828,-0.113910738387386,-0.0450051770684963,0.00440227677582231,-0.0166293048740709
6.86,2.69461226688018,-2.25554046422488,-0.391284217825913,-0.308735514689885,0.030199618682141,-0.114077031436126,-0.0450051770684963,0.00440227677582231,-0.0166293048740709
6.87,2.69152266147442,-2.25523824792422,-0.392425819605518,-0.30918556646057,0.0302436414498992,-0.114243324484867,-0.0450051770684963,0.00440227677582231,-0.0166293048740709
6.88,2.68842855555096,-2.25493559139588,-0.393569084315611,-0.309635618231255,0.0302876642176575,-0.114409617533608,-0.0450051770684963,0.00440227677582231,-0.0166293048740709
6.89,2.6853299491098,-2.25463249463986,-0.39471401195619,-0.31008567000194,0.0303316869854157,-0.114575910582348,-0.0450051770684963,0.00440227677582231,-0.0166293048740709
6.9,2.68222684215092,-2.25432895765617,-0.395860602527258,-0.310535721772625,0.0303757097531739,-0.114742203631089,-0.0450051770684963,0.00440227677582231,-0.0166293048740709
6.91,2.67911923467434,-2.2540249804448,-0.397008856028812,-0.31098577354331,0.0304197325209321,-0.11490849667983,-0.0450051770684963,0.00440227677582231,-0.0166293048740709
6.92,2.67600712668006,-2.25372056300575,-0.398158772460854,-0.311435825313995,0.0304637552886904,-0.115074789728571,-0.0450051770684963,0.00440227677582231,-0.0166293048740709
6.93,2.67289051816807,-2.25341570533903,-0.399310351823384,-0.31188587708468,0.0305077780564486,-0.115241082777311,-0.0450051770684963,0.00440227677582231,-0.0166293048740709
6.94,2.66976940913836,-2.25311040744462,-0.4004635941164,-0.312335928855365,0.0305518008242068,-0.115407375826052,-0.0450051770684963,0.00440227677582231,-0.0166293048740709
6.95,2.66664379959096,-2.25280466932254,-0.401618499339905,-0.31278598062605,0.030595823591965,-0.115573668874793,-0.0450051770684963,0.00440227677582231,-0.0166293048740709
6.96,2.66351368952584,-2.25249849097278,-0.402775067493896,-0.313236032396734,0.0306398463597232,-0.115739961923533,-0.0450051770684963,0.00440227677582231,-0.0166293048740709
6.97,2.66037907894302,-2.25219187239535,-0.403933298578375,-0.313686084167419,0.0306838691274815,-0.115906254972274,-0.0450051770684963,0.00440227677582231,-0.0166293048740709
6.98,2.6572399678425,-2.25188481359023,-0.405093192593342,-0.314136135938104,0.0307278918952397,-0.116072548021015,-0.0450051770684963,0.00440227677582231,-0.0166293048740709
6.99,2.65409635622426,-2.25157731455744,-0.406254749538796,-0.314586187708789,0.0307719146629979,-0.116238841069756,-0.0450051770684963,0.00440227677582231,-0.0166293048740709
7,2.65094824408832,-2.25126937529697,-0.407417969414737,-0.315036239479474,0.0308159374307561,-0.116405134118496,-0.0450051770684963,0.00440227677582231,-0.0166293048740709
7.01,2.64779563143467,-2.25096099580883,-0.408582852221166,-0.315486291250159,0.0308599601985144,-0.116571427167237,-0.0450051770684963,0.00440227677582231,-0.0166293048740709
7.02,2.64463851826332,-2.250652176093,-0.409749397958082,-0.315936343020844,0.0309039829662726,-0.116737720215978,-0.0450051770684963,0.00440227677582231,-0.0166293048740709
7.03,2.64147690457425,-2.2503429161495,-0.410917606625485,-0.316386394791529,0.0309480057340308,-0.116904013264718,-0.0450051770684963,0.00440227677582231,-0.0166293048740709
7.04,2.63831079036749,-2.25003321597832,-0.412087478223376,-0.316836446562214,0.030992028501789,-0.117070306313459,-0.0450051770684963,0.00440227677582231,-0.0166293048740709
7.05,2.63514017564301,-2.24972307557947,-0.413259012751754,-0.317286498332899,0.0310360512695473,-0.1172365993622,-0.0450051770684963,0.00440227677582231,-0.0166293048740709
7.06,2.63196506040083,-2.24941249495293,-0.41443221021062,-0.317736550103584,0.0310800740373055,-0.117402892410941,-0.0450051770684963,0.00440227677582231,-0.0166293048740709
7.07,2.62878544464094,-2.24910147409872,-0.415607070599973,-0.318186601874269,0.0311240968050637,-0.117569185459681,-0.0450051770684963,0.00440227677582231,-0.0166293048740709
7.08,2.62560132836334,-2.24879001301683,-0.416783593919814,-0.318636653644954,0.0311681195728219,-0.117735478508422,-0.0450051770684963,0.00440227677582231,-0.0166293048740709
7.09,2.62241271156804,-2.24847811170726,-0.417961780170142,-0.319086705415639,0.0312121423405801,-0.117901771557163,-0.0450051770684963,0.00440227677582231,-0.0166293048740709
7.1,2.61921959425503,-2.24816577017002,-0.419141629350957,-0.319536757186324,0.0312561651083384,-0.118068064605903,-0.0450051770684963,0.00440227677582231,-0.0166293048740709
7.11,2.61602197642431,-2.2478529884051,-0.42032314146226,-0.319986808957009,0.0313001878760966,-0.118234357654644,-0.0450051770684963,0.00440227677582231,-0.0166293048740709
7.12,2.61281985807589,-2.2475397664125,-0.42150631650405,-0.320436860727694,0.0313442106438548,-0.118400650703385,-0.0450051770684963,0.00440227677582231,-0.0166293048740709
7.13,2.60961323920976,-2.24722610419222,-0.422691154476327,-0.320886912498379,0.031388233411613,-0.118566943752125,-0.0450051770684963,0.00440227677582231,-0.0166293048740709
7.14,2.60640211982592,-2.24691200174427,-0.423877655379092,-0.321336964269064,0.0314322561793713,-0.118733236800866,-0.0450051770684963,0.00440227677582231,-0.0166293048740709
7.15,2.60318649992438,-2.24659745906863,-0.425065819212345,-0.321787016039749,0.0314762789471295,-0.118899529849607,-0.0450051770684963,0.00440227677582231,-0.0166293048740709
7.16,2.59996637950513,-2.24628247616532,-0.426255645976084,-0.322237067810434,0.0315203017148877,-0.119065822898348,-0.0450051770684963,0.00440227677582231,-0.0166293048740709
7.17,2.59674175856817,-2.24596705303433,-0.427447135670312,-0.322687119581119,0.0315643244826459,-0.119232115947088,-0.0450051770684963,0.00440227677582231,-0.0166293048740709
7.18,2.5935126371135,-2.24565118967567,-0.428640288295026,-0.323137171351804,0.0316083472504042,-0.119398408995829,-0.0450051770684963,0.00440227677582231,-0.0166293048740709
7.19,2.59027901514113,-2.24533488608933,-0.429835103850228,-0.323587223122489,0.0316523700181624,-0.11956470204457,-0.0450051770684963,0.00440227677582231,-0.0166293048740709
7.2,2.58704089265105,-2.24501814227531,-0.431031582335918,-0.324037274893174,0.0316963927859206,-0.11973099509331,-0.0450051770684963,0.00440227677582231,-0.0166293048740709
7.21,2.58379826964327,-2.24470095823361,-0.432229723752094,-0.324487326663859,0.0317404155536788,-0.119897288142051,-0.0450051770684963,0.00440227677582231,-0.0166293048740709
7.22,2.58055114611778,-2.24438333396423,-0.433429528098759,-0.324937378434544,0.031784438321437,-0.120063581190792,-0.0450051770684963,0.00440227677582231,-0.0166293048740709
7.23,2.57729952207458,-2.24406526946718,-0.43463099537591,-0.325387430205229,0.0318284610891953,-0.120229874239533,-0.0450051770684963,0.00440227677582231,-0.0166293048740709
7.24,2.57404339751367,-2.24374676474245,-0.435834125583549,-0.325837481975913,0.0318724838569535,-0.120396167288273,-0.0450051770684963,0.00440227677582231,-0.0166293048740709
7.25,2.57078277243506,-2.24342781979004,-0.437038918721676,-0.326287533746598,0.0319165066247117,-0.120562460337014,-0.0450051770684963,0.00440227677582231,-0.0166293048740709
7.26,2.56751764683874,-2.24310843460995,-0.43824537479029,-0.326737585517283,0.0319605293924699,-0.120728753385755,-0.0450051770684963,0.00440227677582231,-0.0166293048740709
7.27,2.56424802072471,-2.24278860920219,-0.439453493789391,-0.327187637287968,0.0320045521602282,-0.120895046434495,-0.0450051770684963,0.00440227677582231,-0.0166293048740709
7.28,2.56097389409298,-2.24246834356675,-0.440663275718979,-0.327637689058653,0.0320485749279864,-0.121061339483236,-0.0450051770684963,0.00440227677582231,-0.0166293048740709
7.29,2.55769526694354,-2.24214763770363,-0.441874720579055,-0.328087740829338,0.0320925976957446,-0.121227632531977,-0.0450051770684963,0.00440227677582231,-0.0166293048740709
7.3,2.55441213927639,-2.24182649161283,-0.443087828369619,-0.328537792600023,0.0321366204635028,-0.121393925580718,-0.0450051770684963,0.00440227677582231,-0.0166293048740709
7.31,2.55112451109154,-2.24150490529436,-0.44430259909067,-0.328987844370708,0.0321806432312611,-0.121560218629458,-0.0450051770684963,0.00440227677582231,-0.0166293048740709
7.32,2.54783238238898,-2.24118287874821,-0.445519032742208,-0.329437896141393,0.0322246659990193,-0.121726511678199,-0.0450051770684963,0.00440227677582231,-0.0166293048740709
7.33,2.54453575316871,-2.24086041197438,-0.446737129324234,-0.329887947912078,0.0322686887667775,-0.12189280472694,-0.0450051770684963,0.00440227677582231,-0.0166293048740709
7.34,2.54123462343074,-2.24053750497287,-0.447956888836747,-0.330337999682763,0.0323127115345357,-0.12205909777568,-0.0450051770684963,0.00440227677582231,-0.0166293048740709
7.35,2.53792899317506,-2.24021415774369,-0.449178311279747,-0.330788051453448,0.032356734302294,-0.122225390824421,-0.0450051770684963,0.00440227677582231,-0.0166293048740709
7.36,2.53461886240167,-2.23989037028683,-0.450401396653235,-0.331238103224133,0.0324007570700522,-0.122391683873162,-0.0450051770684963,0.00440227677582231,-0.0166293048740709
7.37,2.53130423111058,-2.23956614260229,-0.451626144957211,-0.331688154994818,0.0324447798378104,-0.122557976921902,-0.0450051770684963,0.00440227677582231,-0.0166293048740709
7.38,2.52798509930177,-2.23924147469007,-0.452852556191673,-0.332138206765503,0.0324888026055686,-0.122724269970643,-0.0450051770684963,0.00440227677582231,-0.0166293048740709
7.39,2.52466146697527,-2.23891636655018,-0.454080630356624,-0.332588258536188,0.0325328253733268,-0.122890563019384,-0.0450051770684963,0.00440227677582231,-0.0166293048740709
7.4,2.52133333413105,-2.23859081818261,-0.455310367452061,-0.333038310306873,0.0325768481410851,-0.123056856068125,-0.0450051770684963,0.00440227677582231,-0.0166293048740709
7.41,2.51800070076913,-2.23826482958736,-0.456541767477986,-0.333488362077558,0.0326208709088433,-0.123223149116865,-0.0450051770684963,0.00440227677582231,-0.0166293048740709
7.42,2.5146635668895,-2.23793840076443,-0.457774830434398,-0.333938413848243,0.0326648936766015,-0.123389442165606,-0.0450051770684963,0.00440227677582231,-0.0166293048740709
7.43,2.51132193249216,-2.23761153171382,-0.459009556321298,-0.334388465618928,0.0327089164443597,-0.123555735214347,-0.0450051770684963,0.00440227677582231,-0.0166293048740709
7.44,2.50797579757712,-2.23728422243554,-0.460245945138685,-0.334838517389613,0.032752939212118,-0.123722028263087,-0.0450051770684963,0.00440227677582231,-0.0166293048740709
7.45,2.50462516214437,-2.23695647292958,-0.46148399688656,-0.335288569160298,0.0327969619798762,-0.123888321311828,-0.0450051770684963,0.00440227677582231,-0.0166293048740709
7.46,2.50127002619391,-2.23662828319594,-0.462723711564922,-0.335738620930983,0.0328409847476344,-0.124054614360569,-0.0450051770684963,0.00440227677582231,-0.0166293048740709
7.47,2.49791038972575,-2.23629965323463,-0.463965089173771,-0.336188672701668,0.0328850075153926,-0.12422090740931,-0.0450051770684963,0.00440227677582231,-0.0166293048740709
7.48,2.49454625273988,-2.23597058304564,-0.465208129713108,-0.336638724472353,0.0329290302831508,-0.12438720045805,-0.0450051770684963,0.00440227677582231,-0.0166293048740709
7.49,2.4911776152363,-2.23564107262897,-0.466452833182932,-0.337088776243038,0.0329730530509091,-0.124553493506791,-0.0450051770684963,0.00440227677582231,-0.0166293048740709
7.5,2.48780447721502,-2.23531112198462,-0.467699199583244,-0.337538828013722,0.0330170758186673,-0.124719786555532,-0.0450051770684963,0.00440227677582231,-0.0166293048740709
7.51,2.48442683867603,-2.23498073111259,-0.468947228914043,-0.337988879784407,0.0330610985864255,-0.124886079604272,-0.0450051770684963,0.00440227677582231,-0.0166293048740709
7.52,2.48104469961933,-2.23464990001289,-0.470196921175329,-0.338438931555092,0.0331051213541837,-0.125052372653013,-0.0450051770684963,0.00440227677582231,-0.0166293048740709
7.53,2.47765806004493,-2.23431862868551,-0.471448276367103,-0.338888983325777,0.033149144121942,-0.125218665701754,-0.0450051770684963,0.00440227677582231,-0.0166293048740709
7.54,2.47426691995282,-2.23398691713045,-0.472701294489364,-0.339339035096462,0.0331931668897002,-0.125384958750495,-0.0450051770684963,0.00440227677582231,-0.0166293048740709
7.55,2.470871279343,-2.23365476534772,-0.473955975542113,-0.339789086867147,0.0332371896574584,-0.125551251799235,-0.0450051770684963,0.00440227677582231,-0.0166293048740709
7.56,2.46747113821547,-2.2333221733373,-0.475212319525349,-0.340239138637832,0.0332812124252166,-0.125717544847976,-0.0450051770684963,0.00440227677582231,-0.0166293048740709
7.57,2.46406649657024,-2.23298914109921,-0.476470326439073,-0.340689190408517,0.0333252351929749,-0.125883837896717,-0.0450051770684963,0.00440227677582231,-0.0166293048740709
7.58,2.4606573544073,-2.23265566863344,-0.477729996283283,-0.341139242179202,0.0333692579607331,-0.126050130945457,-0.0450051770684963,0.00440227677582231,-0.0166293048740709
7.59,2.45724371172666,-2.23232175594,-0.478991329057982,-0.341589293949887,0.0334132807284913,-0.126216423994198,-0.0450051770684963,0.00440227677582231,-0.0166293048740709
7.6,2.45382556852831,-2.23198740301887,-0.480254324763167,-0.342039345720572,0.0334573034962495,-0.126382717042939,-0.0450051770684963,0.00440227677582231,-0.0166293048740709
7.61,2.45040292481225,-2.23165260987007,-0.481518983398841,-0.342489397491257,0.0335013262640078,-0.12654901009168,-0.0450051770684963,0.00440227677582231,-0.0166293048740709
7.62,2.44697578057848,-2.23131737649359,-0.482785304965001,-0.342939449261942,0.033545349031766,-0.12671530314042,-0.0450051770684963,0.00440227677582231,-0.0166293048740709
7.63,2.44354413582701,-2.23098170288944,-0.484053289461649,-0.343389501032627,0.0335893717995242,-0.126881596189161,-0.0450051770684963,0.00440227677582231,-0.0166293048740709
7.64,2.44010799055783,-2.2306455890576,-0.485322936888784,-0.343839552803312,0.0336333945672824,-0.127047889237902,-0.0450051770684963,0.00440227677582231,-0.0166293048740709
7.65,2.43666734477094,-2.23030903499809,-0.486594247246407,-0.344289604573997,0.0336774173350406,-0.127214182286642,-0.0450051770684963,0.00440227677582231,-0.0166293048740709
7.66,2.43322219846635,-2.2299720407109,-0.487867220534517,-0.344739656344682,0.0337214401027989,-0.127380475335383,-0.0450051770684963,0.00440227677582231,-0.0166293048740709
7.67,2.42977255164405,-2.22963460619603,-0.489141856753115,-0.345189708115367,0.0337654628705571,-0.127546768384124,-0.0450051770684963,0.00440227677582231,-0.0166293048740709
7.68,2.42631840430404,-2.22929673145349,-0.4904181559022,-0.345639759886052,0.0338094856383153,-0.127713061432864,-0.0450051770684963,0.00440227677582231,-0.0166293048740709
7.69,2.42285975644633,-2.22895841648327,-0.491696117981772,-0.346089811656737,0.0338535084060735,-0.127879354481605,-0.0450051770684963,0.00440227677582231,-0.0166293048740709
7.7,2.41939660807091,-2.22861966128537,-0.492975742991832,-0.346539863427422,0.0338975311738318,-0.128045647530346,-0.0450051770684963,0.00440227677582231,-0.0166293048740709
7.71,2.41592895917778,-2.22828046585979,-0.494257030932379,-0.346989915198107,0.03394155394159,-0.128211940579087,-0.0450051770684963,0.00440227677582231,-0.0166293048740709
7.72,2.41245680976694,-2.22794083020654,-0.495539981803413,-0.347439966968792,0.0339855767093482,-0.128378233627827,-0.0450051770684963,0.00440227677582231,-0.0166293048740709
7.73,2.4089801598384,-2.2276007543256,-0.496824595604935,-0.347890018739477,0.0340295994771064,-0.128544526676568,-0.0450051770684963,0.00440227677582231,-0.0166293048740709
7.74,2.40549900939215,-2.22726023821699,-0.498110872336945,-0.348340070510162,0.0340736222448646,-0.128710819725309,-0.0450051770684963,0.00440227677582231,-0.0166293048740709
7.75,2.4020133584282,-2.22691928188071,-0.499398811999442,-0.348790122280847,0.0341176450126229,-0.128877112774049,-0.0450051770684963,0.00440227677582231,-0.0166293048740709
7.76,2.3985244886563,-2.2265780106899,-0.500687941003744,-0.348759825948468,0.0341146815126633,-0.128865918351974,0.0450051770684963,-0.00440227677582231,0.0166293048740709
7.77,2.39503914065567,-2.22623708398861,-0.50197576872202,-0.348309774177783,0.0340706587449051,-0.128699625303233,0.0450051770684963,-0.00440227677582231,0.0166293048740709
7.78,2.39155829317275,-2.225896597515,-0.503261933509809,-0.347859722407098,0.0340266359771469,-0.128533332254493,0.0450051770684963,-0.00440227677582231,0.0166293048740709
7.79,2.38808194620753,-2.22555655126907,-0.50454643536711,-0.347409670636413,0.0339826132093887,-0.128367039205752,0.0450051770684963,-0.00440227677582231,0.0166293048740709
7.8,2.38461009976002,-2.22521694525081,-0.505829274293923,-0.346959618865729,0.0339385904416305,-0.128200746157011,0.0450051770684963,-0.00440227677582231,0.0166293048740709
7.81,2.38114275383022,-2.22487777946024,-0.50711045029025,-0.346509567095044,0.0338945676738722,-0.12803445310827,0.0450051770684963,-0.00440227677582231,0.0166293048740709
7.82,2.37767990841812,-2.22453905389734,-0.508389963356089,-0.346059515324359,0.033850544906114,-0.12786816005953,0.0450051770684963,-0.00440227677582231,0.0166293048740709
7.83,2.37422156352373,-2.22420076856211,-0.509667813491441,-0.345609463553674,0.0338065221383558,-0.127701867010789,0.0450051770684963,-0.00440227677582231,0.0166293048740709
7.84,2.37076771914705,-2.22386292345457,-0.510944000696305,-0.345159411782989,0.0337624993705976,-0.127535573962048,0.0450051770684963,-0.00440227677582231,0.0166293048740709
7.85,2.36731837528807,-2.2235255185747,-0.512218524970681,-0.344709360012304,0.0337184766028393,-0.127369280913308,0.0450051770684963,-0.00440227677582231,0.0166293048740709
7.86,2.3638735319468,-2.22318855392251,-0.513491386314571,-0.344259308241619,0.0336744538350811,-0.127202987864567,0.0450051770684963,-0.00440227677582231,0.0166293048740709
7.87,2.36043318912324,-2.222852029498,-0.514762584727973,-0.343809256470934,0.0336304310673229,-0.127036694815826,0.0450051770684963,-0.00440227677582231,0.0166293048740709
7.88,2.35699734681738,-2.22251594530117,-0.516032120210887,-0.343359204700249,0.0335864082995647,-0.126870401767085,0.0450051770684963,-0.00440227677582231,0.0166293048740709
7.89,2.35356600502923,-2.22218030133201,-0.517299992763314,-0.342909152929564,0.0335423855318064,-0.126704108718345,0.0450051770684963,-0.00440227677582231,0.0166293048740709
7.9,2.35013916375879,-2.22184509759053,-0.518566202385254,-0.342459101158879,0.0334983627640482,-0.126537815669604,0.0450051770684963,-0.00440227677582231,0.0166293048740709
7.91,2.34671682300606,-2.22151033407673,-0.519830749076707,-0.342009049388194,0.03345433999629,-0.126371522620863,0.0450051770684963,-0.00440227677582231,0.0166293048740709
7.92,2.34329898277103,-2.2211760107906,-0.521093632837672,-0.341558997617509,0.0334103172285318,-0.126205229572123,0.0450051770684963,-0.00440227677582231,0.0166293048740709
7.93,2.33988564305371,-2.22084212773216,-0.522354853668149,-0.341108945846824,0.0333662944607735,-0.126038936523382,0.0450051770684963,-0.00440227677582231,0.0166293048740709
7.94,2.33647680385409,-2.22050868490139,-0.523614411568139,-0.340658894076139,0.0333222716930153,-0.125872643474641,0.0450051770684963,-0.00440227677582231,0.0166293048740709
7.95,2.33307246517218,-2.2201756822983,-0.524872306537642,-0.340208842305454,0.0332782489252571,-0.125706350425901,0.0450051770684963,-0.00440227677582231,0.0166293048740709
7.96,2.32967262700798,-2.21984311992288,-0.526128538576657,-0.339758790534769,0.0332342261574989,-0.12554005737716,0.0450051770684963,-0.00440227677582231,0.0166293048740709
7.97,2.32627728936149,-2.21951099777515,-0.527383107685185,-0.339308738764084,0.0331902033897407,-0.125373764328419,0.0450051770684963,-0.00440227677582231,0.0166293048740709
7.98,2.3228864522327,-2.21917931585509,-0.528636013863226,-0.338858686993399,0.0331461806219824,-0.125207471279678,0.0450051770684963,-0.00440227677582231,0.0166293048740709
7.99,2.31950011562162,-2.21884807416271,-0.529887257110779,-0.338408635222714,0.0331021578542242,-0.125041178230938,0.0450051770684963,-0.00440227677582231,0.0166293048740709
8,2.31611827952825,-2.218517272698,-0.531136837427844,-0.337958583452029,0.033058135086466,-0.124874885182197,0.0450051770684963,-0.00440227677582231,0.0166293048740709
8.01,2.31274094395258,-2.21818691146098,-0.532384754814422,-0.337508531681344,0.0330141123187078,-0.124708592133456,0.0450051770684963,-0.00440227677582231,0.0166293048740709
8.02,2.30936810889462,-2.21785699045163,-0.533631009270513,-0.337058479910659,0.0329700895509495,-0.124542299084716,0.0450051770684963,-0.00440227677582231,0.0166293048740709
8.03,2.30599977435436,-2.21752750966996,-0.534875600796117,-0.336608428139974,0.0329260667831913,-0.124376006035975,0.0450051770684963,-0.00440227677582231,0.0166293048740709
8.04,2.30263594033182,-2.21719846911597,-0.536118529391233,-0.336158376369289,0.0328820440154331,-0.124209712987234,0.0450051770684963,-0.00440227677582231,0.0166293048740709
8.05,2.29927660682698,-2.21686986878965,-0.537359795055862,-0.335708324598604,0.0328380212476749,-0.124043419938493,0.0450051770684963,-0.00440227677582231,0.0166293048740709
8.06,2.29592177383985,-2.21654170869101,-0.538599397790003,-0.33525827282792,0.0327939984799167,-0.123877126889753,0.0450051770684963,-0.00440227677582231,0.0166293048740709
8.07,2.29257144137042,-2.21621398882005,-0.539837337593657,-0.334808221057235,0.0327499757121584,-0.123710833841012,0.0450051770684963,-0.00440227677582231,0.0166293048740709
8.08,2.2892256094187,-2.21588670917677,-0.541073614466823,-0.33435816928655,0.0327059529444002,-0.123544540792271,0.0450051770684963,-0.00440227677582231,0.0166293048740709
8.09,2.28588427798469,-2.21555986976116,-0.542308228409502,-0.333908117515865,0.032661930176642,-0.123378247743531,0.0450051770684963,-0.00440227677582231,0.0166293048740709
8.1,2.28254744706839,-2.21523347057324,-0.543541179421694,-0.33345806574518,0.0326179074088838,-0.12321195469479,0.0450051770684963,-0.00440227677582231,0.0166293048740709
8.11,2.27921511666979,-2.21490751161299,-0.544772467503398,-0.333008013974495,0.0325738846411255,-0.123045661646049,0.0450051770684963,-0.00440227677582231,0.0166293048740709
8.12,2.27588728678889,-2.21458199288041,-0.546002092654615,-0.33255796220381,0.0325298618733673,-0.122879368597308,0.0450051770684963,-0.00440227677582231,0.0166293048740709
8.13,2.27256395742571,-2.21425691437552,-0.547230054875344,-0.332107910433125,0.0324858391056091,-0.122713075548568,0.0450051770684963,-0.00440227677582231,0.0166293048740709
8.14,2.26924512858023,-2.2139322760983,-0.548456354165586,-0.33165785866244,0.0324418163378509,-0.122546782499827,0.0450051770684963,-0.00440227677582231,0.0166293048740709
8.15,2.26593080025246,-2.21360807804876,-0.54968099052534,-0.331207806891755,0.0323977935700926,-0.122380489451086,0.0450051770684963,-0.00440227677582231,0.0166293048740709
8.16,2.2626209724424,-2.2132843202269,-0.550903963954608,-0.33075775512107,0.0323537708023344,-0.122214196402346,0.0450051770684963,-0.00440227677582231,0.0166293048740709
8.17,2.25931564515004,-2.21296100263271,-0.552125274453387,-0.330307703350385,0.0323097480345762,-0.122047903353605,0.0450051770684963,-0.00440227677582231,0.0166293048740709
8.18,2.25601481837539,-2.21263812526621,-0.55334492202168,-0.3298576515797,0.032265725266818,-0.121881610304864,0.0450051770684963,-0.00440227677582231,0.0166293048740709
8.19,2.25271849211845,-2.21231568812738,-0.554562906659485,-0.329407599809015,0.0322217024990597,-0.121715317256124,0.0450051770684963,-0.00440227677582231,0.0166293048740709
8.2,2.24942666637921,-2.21199369121623,-0.555779228366802,-0.32895754803833,0.0321776797313015,-0.121549024207383,0.0450051770684963,-0.00440227677582231,0.0166293048740709
8.21,2.24613934115768,-2.21167213453275,-0.556993887143633,-0.328507496267645,0.0321336569635433,-0.121382731158642,0.0450051770684963,-0.00440227677582231,0.0166293048740709
8.22,2.24285651645386,-2.21135101807696,-0.558206882989975,-0.32805744449696,0.0320896341957851,-0.121216438109901,0.0450051770684963,-0.00440227677582231,0.0166293048740709
8.23,2.23957819226774,-2.21103034184884,-0.559418215905831,-0.327607392726275,0.0320456114280269,-0.121050145061161,0.0450051770684963,-0.00440227677582231,0.0166293048740709
8.24,2.23630436859933,-2.2107101058484,-0.560627885891198,-0.32715734095559,0.0320015886602686,-0.12088385201242,0.0450051770684963,-0.00440227677582231,0.0166293048740709
8.25,2.23303504544863,-2.21039031007563,-0.561835892946079,-0.326707289184905,0.0319575658925104,-0.120717558963679,0.0450051770684963,-0.00440227677582231,0.0166293048740709
8.26,2.22977022281563,-2.21007095453055,-0.563042237070472,-0.32625723741422,0.0319135431247522,-0.120551265914939,0.0450051770684963,-0.00440227677582231,0.0166293048740709
8.27,2.22650990070034,-2.20975203921314,-0.564246918264378,-0.325807185643535,0.031869520356994,-0.120384972866198,0.0450051770684963,-0.00440227677582231,0.0166293048740709
8.28,2.22325407910276,-2.20943356412341,-0.565449936527796,-0.32535713387285,0.0318254975892357,-0.120218679817457,0.0450051770684963,-0.00440227677582231,0.0166293048740709
8.29,2.22000275802289,-2.20911552926135,-0.566651291860727,-0.324907082102165,0.0317814748214775,-0.120052386768716,0.0450051770684963,-0.00440227677582231,0.0166293048740709
8.3,2.21675593746072,-2.20879793462698,-0.56785098426317,-0.32445703033148,0.0317374520537193,-0.119886093719976,0.0450051770684963,-0.00440227677582231,0.0166293048740709
8.31,2.21351361741626,-2.20848078022028,-0.569049013735126,-0.324006978560795,0.0316934292859611,-0.119719800671235,0.0450051770684963,-0.00440227677582231,0.0166293048740709
8.32,2.2102757978895,-2.20816406604126,-0.570245380276595,-0.32355692679011,0.0316494065182028,-0.119553507622494,0.0450051770684963,-0.00440227677582231,0.0166293048740709
8.33,2.20704247888045,-2.20784779208991,-0.571440083887576,-0.323106875019425,0.0316053837504446,-0.119387214573754,0.0450051770684963,-0.00440227677582231,0.0166293048740709
8.34,2.20381366038911,-2.20753195836625,-0.57263312456807,-0.322656823248741,0.0315613609826864,-0.119220921525013,0.0450051770684963,-0.00440227677582231,0.0166293048740709
8.35,2.20058934241548,-2.20721656487026,-0.573824502318076,-0.322206771478056,0.0315173382149282,-0.119054628476272,0.0450051770684963,-0.00440227677582231,0.0166293048740709
8.36,2.19736952495955,-2.20690161160195,-0.575014217137595,-0.321756719707371,0.03147331544717,-0.118888335427531,0.0450051770684963,-0.00440227677582231,0.0166293048740709
8.37,2.19415420802133,-2.20658709856132,-0.576202269026627,-0.321306667936686,0.0314292926794117,-0.118722042378791,0.0450051770684963,-0.00440227677582231,0.0166293048740709
8.38,2.19094339160082,-2.20627302574836,-0.577388657985171,-0.320856616166001,0.0313852699116535,-0.11855574933005,0.0450051770684963,-0.00440227677582231,0.0166293048740709
8.39,2.18773707569801,-2.20595939316308,-0.578573384013228,-0.320406564395316,0.0313412471438953,-0.118389456281309,0.0450051770684963,-0.00440227677582231,0.0166293048740709
8.4,2.18453526031291,-2.20564620080548,-0.579756447110797,-0.319956512624631,0.0312972243761371,-0.118223163232569,0.0450051770684963,-0.00440227677582231,0.0166293048740709
8.41,2.18133794544552,-2.20533344867556,-0.580937847277879,-0.319506460853946,0.0312532016083788,-0.118056870183828,0.0450051770684963,-0.00440227677582231,0.0166293048740709
8.42,2.17814513109583,-2.20502113677332,-0.582117584514474,-0.319056409083261,0.0312091788406206,-0.117890577135087,0.0450051770684963,-0.00440227677582231,0.0166293048740709
8.43,2.17495681726386,-2.20470926509875,-0.583295658820581,-0.318606357312576,0.0311651560728624,-0.117724284086347,0.0450051770684963,-0.00440227677582231,0.0166293048740709
8.44,2.17177300394958,-2.20439783365186,-0.584472070196201,-0.318156305541891,0.0311211333051042,-0.117557991037606,0.0450051770684963,-0.00440227677582231,0.0166293048740709
8.45,2.16859369115302,-2.20408684243265,-0.585646818641333,-0.317706253771206,0.031077110537346,-0.117391697988865,0.0450051770684963,-0.00440227677582231,0.0166293048740709
8.46,2.16541887887416,-2.20377629144111,-0.586819904155978,-0.317256202000521,0.0310330877695877,-0.117225404940124,0.0450051770684963,-0.00440227677582231,0.0166293048740709
8.47,2.16224856711301,-2.20346618067725,-0.587991326740136,-0.316806150229836,0.0309890650018295,-0.117059111891384,0.0450051770684963,-0.00440227677582231,0.0166293048740709
8.48,2.15908275586956,-2.20315651014107,-0.589161086393806,-0.316356098459151,0.0309450422340713,-0.116892818842643,0.0450051770684963,-0.00440227677582231,0.0166293048740709
8.49,2.15592144514382,-2.20284727983257,-0.590329183116989,-0.315906046688466,0.0309010194663131,-0.116726525793902,0.0450051770684963,-0.00440227677582231,0.0166293048740709
8.5,2.15276463493579,-2.20253848975175,-0.591495616909684,-0.315455994917781,0.0308569966985548,-0.116560232745162,0.0450051770684963,-0.00440227677582231,0.0166293048740709
8.51,2.14961232524547,-2.2022301398986,-0.592660387771892,-0.315005943147096,0.0308129739307966,-0.116393939696421,0.0450051770684963,-0.00440227677582231,0.0166293048740709
8.52,2.14646451607285,-2.20192223027313,-0.593823495703612,-0.314555891376411,0.0307689511630384,-0.11622764664768,0.0450051770684963,-0.00440227677582231,0.0166293048740709
8.53,2.14332120741794,-2.20161476087534,-0.594984940704846,-0.314105839605726,0.0307249283952802,-0.116061353598939,0.0450051770684963,-0.00440227677582231,0.0166293048740709
8.54,2.14018239928074,-2.20130773170523,-0.596144722775591,-0.313655787835041,0.0306809056275219,-0.115895060550199,0.0450051770684963,-0.00440227677582231,0.0166293048740709
8.55,2.13704809166124,-2.20100114276279,-0.597302841915849,-0.313205736064356,0.0306368828597637,-0.115728767501458,0.0450051770684963,-0.00440227677582231,0.0166293048740709
8.56,2.13391828455945,-2.20069499404803,-0.59845929812562,-0.312755684293671,0.0305928600920055,-0.115562474452717,0.0450051770684963,-0.00440227677582231,0.0166293048740709
8.57,2.13079297797537,-2.20038928556095,-0.599614091404904,-0.312305632522986,0.0305488373242473,-0.115396181403977,0.0450051770684963,-0.00440227677582231,0.0166293048740709
8.58,2.12767217190899,-2.20008401730155,-0.6007672217537,-0.311855580752301,0.0305048145564891,-0.115229888355236,0.0450051770684963,-0.00440227677582231,0.0166293048740709
8.59,2.12455586636032,-2.19977918926982,-0.601918689172009,-0.311405528981616,0.0304607917887308,-0.115063595306495,0.0450051770684963,-0.00440227677582231,0.0166293048740709
8.6,2.12144406132936,-2.19947480146577,-0.60306849365983,-0.310955477210931,0.0304167690209726,-0.114897302257754,0.0450051770684963,-0.00440227677582231,0.0166293048740709
8.61,2.1183367568161,-2.1991708538894,-0.604216635217164,-0.310505425440247,0.0303727462532144,-0.114731009209014,0.0450051770684963,-0.00440227677582231,0.0166293048740709
8.62,2.11523395282055,-2.19886734654071,-0.60536311384401,-0.310055373669561,0.0303287234854562,-0.114564716160273,0.0450051770684963,-0.00440227677582231,0.0166293048740709
8.63,2.11213564934271,-2.19856427941969,-0.606507929540369,-0.309605321898877,0.0302847007176979,-0.114398423111532,0.0450051770684963,-0.00440227677582231,0.0166293048740709
8.64,2.10904184638257,-2.19826165252635,-0.607651082306241,-0.309155270128192,0.0302406779499397,-0.114232130062792,0.0450051770684963,-0.00440227677582231,0.0166293048740709
8.65,2.10595254394015,-2.19795946586069,-0.608792572141625,-0.308705218357507,0.0301966551821815,-0.114065837014051,0.0450051770684963,-0.00440227677582231,0.0166293048740709
8.66,2.10286774201542,-2.19765771942271,-0.609932399046522,-0.308255166586822,0.0301526324144233,-0.11389954396531,0.0450051770684963,-0.00440227677582231,0.0166293048740709
8.67,2.09978744060841,-2.1973564132124,-0.611070563020931,-0.307805114816137,0.030108609646665,-0.11373325091657,0.0450051770684963,-0.00440227677582231,0.0166293048740709
8.68,2.0967116397191,-2.19705554722978,-0.612207064064853,-0.307355063045452,0.0300645868789068,-0.113566957867829,0.0450051770684963,-0.00440227677582231,0.0166293048740709
8.69,2.0936403393475,-2.19675512147483,-0.613341902178288,-0.306905011274767,0.0300205641111486,-0.113400664819088,0.0450051770684963,-0.00440227677582231,0.0166293048740709
8.7,2.09057353949361,-2.19645513594755,-0.614475077361235,-0.306454959504082,0.0299765413433904,-0.113234371770347,0.0450051770684963,-0.00440227677582231,0.0166293048740709
8.71,2.08751124015742,-2.19615559064796,-0.615606589613695,-0.306004907733397,0.0299325185756321,-0.113068078721607,0.0450051770684963,-0.00440227677582231,0.0166293048740709
8.72,2.08445344133894,-2.19585648557604,-0.616736438935667,-0.305554855962712,0.0298884958078739,-0.112901785672866,0.0450051770684963,-0.00440227677582231,0.0166293048740709
8.73,2.08140014303816,-2.1955578207318,-0.617864625327152,-0.305104804192027,0.0298444730401157,-0.112735492624125,0.0450051770684963,-0.00440227677582231,0.0166293048740709
8.74,2.0783513452551,-2.19525959611524,-0.618991148788149,-0.304654752421342,0.0298004502723575,-0.112569199575385,0.0450051770684963,-0.00440227677582231,0.0166293048740709
8.75,2.07530704798974,-2.19496181172635,-0.62011600931866,-0.304204700650657,0.0297564275045993,-0.112402906526644,0.0450051770684963,-0.00440227677582231,0.0166293048740709
8.76,2.07226725124208,-2.19466446756515,-0.621239206918682,-0.303754648879972,0.029712404736841,-0.112236613477903,0.0450051770684963,-0.00440227677582231,0.0166293048740709
8.77,2.06923195501214,-2.19436756363162,-0.622360741588218,-0.303304597109287,0.0296683819690828,-0.112070320429162,0.0450051770684963,-0.00440227677582231,0.0166293048740709
8.78,2.0662011592999,-2.19407109992577,-0.623480613327266,-0.302854545338602,0.0296243592013246,-0.111904027380422,0.0450051770684963,-0.00440227677582231,0.0166293048740709
8.79,2.06317486410537,-2.19377507644759,-0.624598822135826,-0.302404493567917,0.0295803364335664,-0.111737734331681,0.0450051770684963,-0.00440227677582231,0.0166293048740709
8.8,2.06015306942854,-2.19347949319709,-0.625715368013899,-0.301954441797232,0.0295363136658081,-0.11157144128294,0.0450051770684963,-0.00440227677582231,0.0166293048740709
8.81,2.05713577526942,-2.19318435017427,-0.626830250961485,-0.301504390026547,0.0294922908980499,-0.1114051482342,0.0450051770684963,-0.00440227677582231,0.0166293048740709
8.82,2.05412298162801,-2.19288964737913,-0.627943470978583,-0.301054338255862,0.0294482681302917,-0.111238855185459,0.0450051770684963,-0.00440227677582231,0.0166293048740709
8.83,2.0511146885043,-2.19259538481167,-0.629055028065194,-0.300604286485177,0.0294042453625335,-0.111072562136718,0.0450051770684963,-0.00440227677582231,0.0166293048740709
8.84,2.04811089589831,-2.19230156247188,-0.630164922221318,-0.300154234714492,0.0293602225947753,-0.110906269087977,0.0450051770684963,-0.00440227677582231,0.0166293048740709
8.85,2.04511160381001,-2.19200818035977,-0.631273153446954,-0.299704182943807,0.029316199827017,-0.110739976039237,0.0450051770684963,-0.00440227677582231,0.0166293048740709
8.86,2.04211681223943,-2.19171523847534,-0.632379721742102,-0.299254131173122,0.0292721770592588,-0.110573682990496,0.0450051770684963,-0.00440227677582231,0.0166293048740709
8.87,2.03912652118655,-2.19142273681859,-0.633484627106764,-0.298804079402437,0.0292281542915006,-0.110407389941755,0.0450051770684963,-0.00440227677582231,0.0166293048740709
8.88,2.03614073065138,-2.19113067538951,-0.634587869540937,-0.298354027631753,0.0291841315237424,-0.110241096893015,0.0450051770684963,-0.00440227677582231,0.0166293048740709
8.89,2.03315944063392,-2.19083905418811,-0.635689449044624,-0.297903975861068,0.0291401087559841,-0.110074803844274,0.0450051770684963,-0.00440227677582231,0.0166293048740709
8.9,2.03018265113416,-2.19054787321439,-0.636789365617823,-0.297453924090383,0.0290960859882259,-0.109908510795533,0.0450051770684963,-0.00440227677582231,0.0166293048740709
8.91,2.02721036215211,-2.19025713246835,-0.637887619260534,-0.297003872319698,0.0290520632204677,-0.109742217746792,0.0450051770684963,-0.00440227677582231,0.0166293048740709
8.92,2.02424257368777,-2.18996683194998,-0.638984209972759,-0.296553820549013,0.0290080404527095,-0.109575924698052,0.0450051770684963,-0.00440227677582231,0.0166293048740709
8.93,2.02127928574113,-2.18967697165929,-0.640079137754496,-0.296103768778328,0.0289640176849512,-0.109409631649311,0.0450051770684963,-0.00440227677582231,0.0166293048740709
8.94,2.0183204983122,-2.18938755159628,-0.641172402605745,-0.295653717007643,0.028919994917193,-0.10924333860057,0.0450051770684963,-0.00440227677582231,0.0166293048740709
8.95,2.01536621140098,-2.18909857176095,-0.642264004526507,-0.295203665236958,0.0288759721494348,-0.10907704555183,0.0450051770684963,-0.00440227677582231,0.0166293048740709
8.96,2.01241642500746,-2.1888100321533,-0.643353943516782,-0.294753613466273,0.0288319493816766,-0.108910752503089,0.0450051770684963,-0.00440227677582231,0.0166293048740709
8.97,2.00947113913165,-2.18852193277332,-0.644442219576569,-0.294303561695588,0.0287879266139184,-0.108744459454348,0.0450051770684963,-0.00440227677582231,0.0166293048740709
8.98,2.00653035377355,-2.18823427362102,-0.645528832705869,-0.293853509924903,0.0287439038461601,-0.108578166405608,0.0450051770684963,-0.00440227677582231,0.0166293048740709
8.99,2.00359406893315,-2.18794705469639,-0.646613782904681,-0.293403458154218,0.0286998810784019,-0.108411873356867,0.0450051770684963,-0.00440227677582231,0.0166293048740709
9,2.00066228461046,-2.18766027599945,-0.647697070173006,-0.292953406383533,0.0286558583106437,-0.108245580308126,0.0450051770684963,-0.00440227677582231,0.0166293048740709
9.01,1.99773500080548,-2.18737393753018,-0.648778694510843,-0.292503354612848,0.0286118355428855,-0.108079287259385,0.0450051770684963,-0.00440227677582231,0.0166293048740709
9.02,1.99481221751821,-2.18708803928859,-0.649858655918194,-0.292053302842163,0.0285678127751272,-0.107912994210645,0.0450051770684963,-0.00440227677582231,0.0166293048740709
9.03,1.99189393474864,-2.18680258127468,-0.650936954395056,-0.291603251071478,0.028523790007369,-0.107746701161904,0.0450051770684963,-0.00440227677582231,0.0166293048740709
9.04,1.98898015249678,-2.18651756348844,-0.652013589941432,-0.291153199300793,0.0284797672396108,-0.107580408113163,0.0450051770684963,-0.00440227677582231,0.0166293048740709
9.05,1.98607087076262,-2.18623298592989,-0.65308856255732,-0.290703147530108,0.0284357444718526,-0.107414115064423,0.0450051770684963,-0.00440227677582231,0.0166293048740709
9.06,1.98316608954618,-2.18594884859901,-0.65416187224272,-0.290253095759423,0.0283917217040944,-0.107247822015682,0.0450051770684963,-0.00440227677582231,0.0166293048740709
9.07,1.98026580884743,-2.1856651514958,-0.655233518997633,-0.289803043988738,0.0283476989363361,-0.107081528966941,0.0450051770684963,-0.00440227677582231,0.0166293048740709
9.08,1.9773700286664,-2.18538189462028,-0.656303502822059,-0.289352992218053,0.0283036761685779,-0.1069152359182,0.0450051770684963,-0.00440227677582231,0.0166293048740709
9.09,1.97447874900307,-2.18509907797243,-0.657371823715997,-0.288902940447368,0.0282596534008197,-0.10674894286946,0.0450051770684963,-0.00440227677582231,0.0166293048740709
9.1,1.97159196985745,-2.18481670155226,-0.658438481679448,-0.288452888676683,0.0282156306330615,-0.106582649820719,0.0450051770684963,-0.00440227677582231,0.0166293048740709
9.11,1.96870969122954,-2.18453476535977,-0.659503476712411,-0.288002836905998,0.0281716078653032,-0.106416356771978,0.0450051770684963,-0.00440227677582231,0.0166293048740709
9.12,1.96583191311933,-2.18425326939496,-0.660566808814888,-0.287552785135313,0.028127585097545,-0.106250063723238,0.0450051770684963,-0.00440227677582231,0.0166293048740709
9.13,1.96295863552683,-2.18397221365782,-0.661628477986876,-0.287102733364628,0.0280835623297868,-0.106083770674497,0.0450051770684963,-0.00440227677582231,0.0166293048740709
9.14,1.96008985845204,-2.18369159814836,-0.662688484228378,-0.286652681593943,0.0280395395620286,-0.105917477625756,0.0450051770684963,-0.00440227677582231,0.0166293048740709
9.15,1.95722558189496,-2.18341142286658,-0.663746827539391,-0.286202629823259,0.0279955167942703,-0.105751184577016,0.0450051770684963,-0.00440227677582231,0.0166293048740709
9.16,1.95436580585558,-2.18313168781248,-0.664803507919918,-0.285752578052574,0.0279514940265121,-0.105584891528275,0.0450051770684963,-0.00440227677582231,0.0166293048740709
9.17,1.9515105303339,-2.18285239298605,-0.665858525369957,-0.285302526281889,0.0279074712587539,-0.105418598479534,0.0450051770684963,-0.00440227677582231,0.0166293048740709
9.18,1.94865975532994,-2.1825735383873,-0.666911879889509,-0.284852474511204,0.0278634484909957,-0.105252305430793,0.0450051770684963,-0.00440227677582231,0.0166293048740709
9.19,1.94581348084368,-2.18229512401623,-0.667963571478573,-0.284402422740519,0.0278194257232374,-0.105086012382053,0.0450051770684963,-0.00440227677582231,0.0166293048740709
9.2,1.94297170687513,-2.18201714987284,-0.66901360013715,-0.283952370969834,0.0277754029554792,-0.104919719333312,0.0450051770684963,-0.00440227677582231,0.0166293048740709
9.21,1.94013443342428,-2.18173961595712,-0.670061965865239,-0.283502319199149,0.027731380187721,-0.104753426284571,0.0450051770684963,-0.00440227677582231,0.0166293048740709
9.22,1.93730166049114,-2.18146252226908,-0.671108668662841,-0.283052267428464,0.0276873574199628,-0.104587133235831,0.0450051770684963,-0.00440227677582231,0.0166293048740709
9.23,1.93447338807571,-2.18118586880872,-0.672153708529956,-0.282602215657779,0.0276433346522045,-0.10442084018709,0.0450051770684963,-0.00440227677582231,0.0166293048740709
9.24,1.93164961617799,-2.18090965557604,-0.673197085466583,-0.282152163887094,0.0275993118844463,-0.104254547138349,0.0450051770684963,-0.00440227677582231,0.0166293048740709
9.25,1.92883034479797,-2.18063388257103,-0.674238799472723,-0.281702112116409,0.0275552891166881,-0.104088254089608,0.0450051770684963,-0.00440227677582231,0.0166293048740709
9.26,1.92601557393566,-2.1803585497937,-0.675278850548375,-0.281252060345724,0.0275112663489299,-0.103921961040868,0.0450051770684963,-0.00440227677582231,0.0166293048740709
9.27,1.92320530359106,-2.18008365724405,-0.67631723869354,-0.280802008575039,0.0274672435811717,-0.103755667992127,0.0450051770684963,-0.00440227677582231,0.0166293048740709
9.28,1.92039953376416,-2.17980920492208,-0.677353963908218,-0.280351956804354,0.0274232208134134,-0.103589374943386,0.0450051770684963,-0.00440227677582231,0.0166293048740709
9.29,1.91759826445497,-2.17953519282779,-0.678389026192408,-0.279901905033669,0.0273791980456552,-0.103423081894646,0.0450051770684963,-0.00440227677582231,0.0166293048740709
9.3,1.91480149566349,-2.17926162096117,-0.679422425546111,-0.279451853262984,0.027335175277897,-0.103256788845905,0.0450051770684963,-0.00440227677582231,0.0166293048740709
9.31,1.91200922738971,-2.17898848932223,-0.680454161969326,-0.279001801492299,0.0272911525101388,-0.103090495797164,0.0450051770684963,-0.00440227677582231,0.0166293048740709
9.32,1.90922145963364,-2.17871579791096,-0.681484235462054,-0.278551749721614,0.0272471297423805,-0.102924202748423,0.0450051770684963,-0.00440227677582231,0.0166293048740709
9.33,1.90643819239528,-2.17844354672738,-0.682512646024294,-0.278101697950929,0.0272031069746223,-0.102757909699683,0.0450051770684963,-0.00440227677582231,0.0166293048740709
9.34,1.90365942567462,-2.17817173577147,-0.683539393656047,-0.277651646180244,0.0271590842068641,-0.102591616650942,0.0450051770684963,-0.00440227677582231,0.0166293048740709
9.35,1.90088515947167,-2.17790036504324,-0.684564478357313,-0.277201594409559,0.0271150614391059,-0.102425323602201,0.0450051770684963,-0.00440227677582231,0.0166293048740709
9.36,1.89811539378643,-2.17762943454269,-0.685587900128091,-0.276751542638874,0.0270710386713477,-0.102259030553461,0.0450051770684963,-0.00440227677582231,0.0166293048740709
9.37,1.8953501286189,-2.17735894426982,-0.686609658968382,-0.276301490868189,0.0270270159035894,-0.10209273750472,0.0450051770684963,-0.00440227677582231,0.0166293048740709
9.38,1.89258936396907,-2.17708889422462,-0.687629754878186,-0.275851439097504,0.0269829931358312,-0.101926444455979,0.0450051770684963,-0.00440227677582231,0.0166293048740709
9.39,1.88983309983695,-2.1768192844071,-0.688648187857502,-0.275401387326819,0.026938970368073,-0.101760151407238,0.0450051770684963,-0.00440227677582231,0.0166293048740709
9.4,1.88708133622253,-2.17655011481726,-0.689664957906331,-0.274951335556134,0.0268949476003148,-0.101593858358498,0.0450051770684963,-0.00440227677582231,0.0166293048740709
9.41,1.88433407312582,-2.17628138545509,-0.690680065024672,-0.274501283785449,0.0268509248325565,-0.101427565309757,0.0450051770684963,-0.00440227677582231,0.0166293048740709
9.42,1.88159131054682,-2.17601309632061,-0.691693509212526,-0.274051232014765,0.0268069020647983,-0.101261272261016,0.0450051770684963,-0.00440227677582231,0.0166293048740709
9.43,1.87885304848553,-2.1757452474138,-0.692705290469892,-0.27360118024408,0.0267628792970401,-0.101094979212276,0.0450051770684963,-0.00440227677582231,0.0166293048740709
9.44,1.87611928694194,-2.17547783873467,-0.693715408796771,-0.273151128473395,0.0267188565292819,-0.100928686163535,0.0450051770684963,-0.00440227677582231,0.0166293048740709
9.45,1.87339002591606,-2.17521087028321,-0.694723864193163,-0.27270107670271,0.0266748337615236,-0.100762393114794,0.0450051770684963,-0.00440227677582231,0.0166293048740709
9.46,1.87066526540789,-2.17494434205943,-0.695730656659067,-0.272251024932025,0.0266308109937654,-0.100596100066053,0.0450051770684963,-0.00440227677582231,0.0166293048740709
9.47,1.86794500541742,-2.17467825406334,-0.696735786194484,-0.27180097316134,0.0265867882260072,-0.100429807017313,0.0450051770684963,-0.00440227677582231,0.0166293048740709
9.48,1.86522924594466,-2.17441260629491,-0.697739252799414,-0.271350921390655,0.026542765458249,-0.100263513968572,0.0450051770684963,-0.00440227677582231,0.0166293048740709
9.49,1.86251798698961,-2.17414739875417,-0.698741056473855,-0.27090086961997,0.0264987426904908,-0.100097220919831,0.0450051770684963,-0.00440227677582231,0.0166293048740709
9.5,1.85981122855226,-2.1738826314411,-0.69974119721781,-0.270450817849285,0.0264547199227325,-0.0999309278710907,0.0450051770684963,-0.00440227677582231,0.0166293048740709
9.51,1.85710897063262,-2.17361830435572,-0.700739675031277,-0.2700007660786,0.0264106971549743,-0.09976463482235,0.0450051770684963,-0.00440227677582231,0.0166293048740709
9.52,1.85441121323069,-2.17335441749801,-0.701736489914257,-0.269550714307915,0.0263666743872161,-0.0995983417736093,0.0450051770684963,-0.00440227677582231,0.0166293048740709
9.53,1.85171795634646,-2.17309097086797,-0.70273164186675,-0.26910066253723,0.0263226516194579,-0.0994320487248685,0.0450051770684963,-0.00440227677582231,0.0166293048740709
9.54,1.84902919997994,-2.17282796446562,-0.703725130888754,-0.268650610766545,0.0262786288516996,-0.0992657556761278,0.0450051770684963,-0.00440227677582231,0.0166293048740709
9.55,1.84634494413113,-2.17256539829094,-0.704716956980272,-0.26820055899586,0.0262346060839414,-0.0990994626273871,0.0450051770684963,-0.00440227677582231,0.0166293048740709
9.56,1.84366518880003,-2.17230327234394,-0.705707120141302,-0.267750507225175,0.0261905833161832,-0.0989331695786464,0.0450051770684963,-0.00440227677582231,0.0166293048740709
9.57,1.84098993398663,-2.17204158662461,-0.706695620371845,-0.26730045545449,0.026146560548425,-0.0987668765299057,0.0450051770684963,-0.00440227677582231,0.0166293048740709
9.58,1.83831917969094,-2.17178034113297,-0.7076824576719,-0.266850403683805,0.0261025377806667,-0.098600583481165,0.0450051770684963,-0.00440227677582231,0.0166293048740709
9.59,1.83565292591295,-2.171519535869,-0.708667632041468,-0.26640035191312,0.0260585150129085,-0.0984342904324243,0.0450051770684963,-0.00440227677582231,0.0166293048740709
9.6,1.83299117265267,-2.17125917083271,-0.709651143480549,-0.265950300142435,0.0260144922451503,-0.0982679973836836,0.0450051770684963,-0.00440227677582231,0.0166293048740709
9.61,1.8303339199101,-2.1709992460241,-0.710632991989142,-0.26550024837175,0.0259704694773921,-0.0981017043349429,0.0450051770684963,-0.00440227677582231,0.0166293048740709
9.62,1.82768116768524,-2.17073976144316,-0.711613177567248,-0.265050196601065,0.0259264467096338,-0.0979354112862021,0.0450051770684963,-0.00440227677582231,0.0166293048740709
9.63,1.82503291597808,-2.17048071708991,-0.712591700214866,-0.26460014483038,0.0258824239418756,-0.0977691182374615,0.0450051770684963,-0.00440227677582231,0.0166293048740709
9.64,1.82238916478863,-2.17022211296433,-0.713568559931997,-0.264150093059695,0.0258384011741174,-0.0976028251887207,0.0450051770684963,-0.00440227677582231,0.0166293048740709
9.65,1.81974991411689,-2.16996394906642,-0.71454375671864,-0.26370004128901,0.0257943784063592,-0.09743653213998,0.0450051770684963,-0.00440227677582231,0.0166293048740709
9.66,1.81711516396285,-2.1697062253962,-0.715517290574796,-0.263249989518325,0.025750355638601,-0.0972702390912393,0.0450051770684963,-0.00440227677582231,0.0166293048740709
9.67,1.81448491432652,-2.16944894195365,-0.716489161500465,-0.26279993774764,0.0257063328708427,-0.0971039460424986,0.0450051770684963,-0.00440227677582231,0.0166293048740709
9.68,1.8118591652079,-2.16919209873878,-0.717459369495646,-0.262349885976955,0.0256623101030845,-0.0969376529937579,0.0450051770684963,-0.00440227677582231,0.0166293048740709
9.69,1.80923791660698,-2.16893569575159,-0.71842791456034,-0.26189983420627,0.0256182873353263,-0.0967713599450172,0.0450051770684963,-0.00440227677582231,0.0166293048740709
9.7,1.80662116852377,-2.16867973299207,-0.719394796694547,-0.261449782435586,0.0255742645675681,-0.0966050668962765,0.0450051770684963,-0.00440227677582231,0.0166293048740709
9.71,1.80400892095827,-2.16842421046024,-0.720360015898266,-0.260999730664901,0.0255302417998098,-0.0964387738475358,0.0450051770684963,-0.00440227677582231,0.0166293048740709
9.72,1.80140117391047,-2.16816912815608,-0.721323572171497,-0.260549678894216,0.0254862190320516,-0.0962724807987951,0.0450051770684963,-0.00440227677582231,0.0166293048740709
9.73,1.79879792738039,-2.1679144860796,-0.722285465514242,-0.260099627123531,0.0254421962642934,-0.0961061877500543,0.0450051770684963,-0.00440227677582231,0.0166293048740709
9.74,1.796199181368,-2.16766028423079,-0.723245695926499,-0.259649575352846,0.0253981734965352,-0.0959398947013136,0.0450051770684963,-0.00440227677582231,0.0166293048740709
9.75,1.79360493587333,-2.16740652260967,-0.724204263408268,-0.259199523582161,0.025354150728777,-0.0957736016525729,0.0450051770684963,-0.00440227677582231,0.0166293048740709
9.76,1.79101519089636,-2.16715320121622,-0.72516116795955,-0.258749471811476,0.0253101279610187,-0.0956073086038322,0.0450051770684963,-0.00440227677582231,0.0166293048740709
9.77,1.7884299464371,-2.16690032005045,-0.726116409580345,-0.258299420040791,0.0252661051932605,-0.0954410155550915,0.0450051770684963,-0.00440227677582231,0.0166293048740709
9.78,1.78584920249554,-2.16664787911235,-0.727069988270652,-0.257849368270106,0.0252220824255023,-0.0952747225063508,0.0450051770684963,-0.00440227677582231,0.0166293048740709
9.79,1.7832729590717,-2.16639587840194,-0.728021904030472,-0.257399316499421,0.0251780596577441,-0.0951084294576101,0.0450051770684963,-0.00440227677582231,0.0166293048740709
9.8,1.78070121616556,-2.1661443179192,-0.728972156859804,-0.256949264728736,0.0251340368899858,-0.0949421364088694,0.0450051770684963,-0.00440227677582231,0.0166293048740709
9.81,1.77813397377712,-2.16589319766414,-0.729920746758649,-0.256499212958051,0.0250900141222276,-0.0947758433601287,0.0450051770684963,-0.00440227677582231,0.0166293048740709
9.82,1.7755712319064,-2.16564251763675,-0.730867673727007,-0.256049161187366,0.0250459913544694,-0.094609550311388,0.0450051770684963,-0.00440227677582231,0.0166293048740709
9.83,1.77301299055338,-2.16539227783705,-0.731812937764877,-0.255599109416681,0.0250019685867112,-0.0944432572626473,0.0450051770684963,-0.00440227677582231,0.0166293048740709
9.84,1.77045924971806,-2.16514247826502,-0.73275653887226,-0.255149057645996,0.0249579458189529,-0.0942769642139066,0.0450051770684963,-0.00440227677582231,0.0166293048740709
9.85,1.76791000940046,-2.16489311892067,-0.733698477049155,-0.254699005875311,0.0249139230511947,-0.0941106711651659,0.0450051770684963,-0.00440227677582231,0.0166293048740709
9.86,1.76536526960056,-2.16464419980399,-0.734638752295563,-0.254248954104626,0.0248699002834365,-0.0939443781164252,0.0450051770684963,-0.00440227677582231,0.0166293048740709
9.87,1.76282503031836,-2.164395720915,-0.735577364611484,-0.253798902333941,0.0248258775156783,-0.0937780850676844,0.0450051770684963,-0.00440227677582231,0.0166293048740709
9.88,1.76028929155388,-2.16414768225368,-0.736514313996917,-0.253348850563256,0.0247818547479201,-0.0936117920189437,0.0450051770684963,-0.00440227677582231,0.0166293048740709
9.89,1.7577580533071,-2.16390008382004,-0.737449600451862,-0.252898798792571,0.0247378319801618,-0.093445498970203,0.0450051770684963,-0.00440227677582231,0.0166293048740709
9.9,1.75523131557803,-2.16365292561408,-0.738383223976321,-0.252448747021886,0.0246938092124036,-0.0932792059214623,0.0450051770684963,-0.00440227677582231,0.0166293048740709
9.91,1.75270907836666,-2.16340620763579,-0.739315184570292,-0.251998695251201,0.0246497864446454,-0.0931129128727216,0.0450051770684963,-0.00440227677582231,0.0166293048740709
9.92,1.750191341673,-2.16315992988518,-0.740245482233775,-0.251548643480516,0.0246057636768872,-0.0929466198239809,0.0450051770684963,-0.00440227677582231,0.0166293048740709
9.93,1.74767810549705,-2.16291409236225,-0.741174116966771,-0.251098591709831,0.0245617409091289,-0.0927803267752402,0.0450051770684963,-0.00440227677582231,0.0166293048740709
9.94,1.7451693698388,-2.162668695067,-0.74210108876928,-0.250648539939146,0.0245177181413707,-0.0926140337264995,0.0450051770684963,-0.00440227677582231,0.0166293048740709
9.95,1.74266513469827,-2.16242373799943,-0.743026397641301,-0.250198488168461,0.0244736953736125,-0.0924477406777588,0.0450051770684963,-0.00440227677582231,0.0166293048740709
9.96,1.74016540007544,-2.16217922115953,-0.743950043582835,-0.249748436397776,0.0244296726058543,-0.092281447629018,0.0450051770684963,-0.00440227677582231,0.0166293048740709
9.97,1.73767016597031,-2.16193514454731,-0.744872026593881,-0.249298384627092,0.024385649838096,-0.0921151545802774,0.0450051770684963,-0.00440227677582231,0.0166293048740709
9.98,1.73517943238289,-2.16169150816277,-0.745792346674441,-0.248848332856407,0.0243416270703378,-0.0919488615315366,0.0450051770684963,-0.00440227677582231,0.0166293048740709
9.99,1.73269319931318,-2.1614483120059,-0.746711003824512,-0.248398281085722,0.0242976043025796,-0.0917825684827959,0.0450051770684963,-0.00440227677582231,0.0166293048740709
10,1.73021146676118,-2.16120555607672,-0.747627998044097,-0.247948229315037,0.0242535815348214,-0.0916162754340552,0.0450051770684963,-0.00440227677582231,0.0166293048740709
10.01,1.72773423472688,-2.16096324037521,-0.748543329333193,-0.247498177544352,0.0242095587670632,-0.0914499823853145,0.0450051770684963,-0.00440227677582231,0.0166293048740709
10.02,1.72526150321029,-2.16072136490138,-0.749456997691803,-0.247048125773667,0.0241655359993049,-0.0912836893365738,0.0450051770684963,-0.00440227677582231,0.0166293048740709
10.03,1.72279327221141,-2.16047992965522,-0.750369003119925,-0.246598074002982,0.0241215132315467,-0.0911173962878331,0.0450051770684963,-0.00440227677582231,0.0166293048740709
10.04,1.72032954173023,-2.16023893463674,-0.751279345617559,-0.246148022232297,0.0240774904637885,-0.0909511032390924,0.0450051770684963,-0.00440227677582231,0.0166293048740709
10.05,1.71787031176676,-2.15999837984594,-0.752188025184707,-0.245697970461612,0.0240334676960303,-0.0907848101903517,0.0450051770684963,-0.00440227677582231,0.0166293048740709
10.06,1.715415582321,-2.15975826528282,-0.753095041821366,-0.245247918690927,0.023989444928272,-0.090618517141611,0.0450051770684963,-0.00440227677582231,0.0166293048740709
10.07,1.71296535339294,-2.15951859094738,-0.754000395527539,-0.244797866920242,0.0239454221605138,-0.0904522240928703,0.0450051770684963,-0.00440227677582231,0.0166293048740709
10.08,1.7105196249826,-2.15927935683961,-0.754904086303224,-0.244347815149557,0.0239013993927556,-0.0902859310441295,0.0450051770684963,-0.00440227677582231,0.0166293048740709
10.09,1.70807839708995,-2.15904056295952,-0.755806114148421,-0.243897763378872,0.0238573766249974,-0.0901196379953888,0.0450051770684963,-0.00440227677582231,0.0166293048740709
10.1,1.70564166971502,-2.15880220930711,-0.756706479063132,-0.243447711608187,0.0238133538572391,-0.0899533449466481,0.0450051770684963,-0.00440227677582231,0.0166293048740709
10.11,1.70320944285779,-2.15856429588238,-0.757605181047354,-0.242997659837502,0.0237693310894809,-0.0897870518979074,0.0450051770684963,-0.00440227677582231,0.0166293048740709
10.12,1.70078171651827,-2.15832682268532,-0.75850222010109,-0.242547608066817,0.0237253083217227,-0.0896207588491667,0.0450051770684963,-0.00440227677582231,0.0166293048740709
10.13,1.69835849069645,-2.15808978971595,-0.759397596224338,-0.242097556296132,0.0236812855539645,-0.089454465800426,0.0450051770684963,-0.00440227677582231,0.0166293048740709
10.14,1.69593976539235,-2.15785319697424,-0.760291309417098,-0.241647504525447,0.0236372627862063,-0.0892881727516853,0.0450051770684963,-0.00440227677582231,0.0166293048740709
10.15,1.69352554060594,-2.15761704446022,-0.761183359679371,-0.241197452754762,0.023593240018448,-0.0891218797029446,0.0450051770684963,-0.00440227677582231,0.0166293048740709
10.16,1.69111581633725,-2.15738133217388,-0.762073747011157,-0.240747400984077,0.0235492172506898,-0.0889555866542039,0.0450051770684963,-0.00440227677582231,0.0166293048740709
10.17,1.68871059258626,-2.15714606011521,-0.762962471412456,-0.240297349213392,0.0235051944829316,-0.0887892936054632,0.0450051770684963,-0.00440227677582231,0.0166293048740709
10.18,1.68630986935298,-2.15691122828422,-0.763849532883267,-0.239847297442707,0.0234611717151734,-0.0886230005567225,0.0450051770684963,-0.00440227677582231,0.0166293048740709
10.19,1.68391364663741,-2.1566768366809,-0.76473493142359,-0.239397245672022,0.0234171489474151,-0.0884567075079817,0.0450051770684963,-0.00440227677582231,0.0166293048740709
10.2,1.68152192443954,-2.15644288530527,-0.765618667033426,-0.238947193901337,0.0233731261796569,-0.088290414459241,0.0450051770684963,-0.00440227677582231,0.0166293048740709
10.21,1.67913470275938,-2.15620937415731,-0.766500739712775,-0.238497142130652,0.0233291034118987,-0.0881241214105003,0.0450051770684963,-0.00440227677582231,0.0166293048740709
10.22,1.67675198159693,-2.15597630323703,-0.767381149461636,-0.238047090359967,0.0232850806441405,-0.0879578283617596,0.0450051770684963,-0.00440227677582231,0.0166293048740709
10.23,1.67437376095218,-2.15574367254443,-0.76825989628001,-0.237597038589282,0.0232410578763822,-0.0877915353130189,0.0450051770684963,-0.00440227677582231,0.0166293048740709
10.24,1.67200004082514,-2.1555114820795,-0.769136980167897,-0.237146986818597,0.023197035108624,-0.0876252422642782,0.0450051770684963,-0.00440227677582231,0.0166293048740709
10.25,1.66963082121581,-2.15527973184226,-0.770012401125296,-0.236696935047913,0.0231530123408658,-0.0874589492155375,0.0450051770684963,-0.00440227677582231,0.0166293048740709
10.26,1.66726610212419,-2.15504842183269,-0.770886159152207,-0.236246883277228,0.0231089895731076,-0.0872926561667968,0.0450051770684963,-0.00440227677582231,0.0166293048740709
10.27,1.66490588355027,-2.15481755205079,-0.771758254248632,-0.235796831506543,0.0230649668053494,-0.0871263631180561,0.0450051770684963,-0.00440227677582231,0.0166293048740709
10.28,1.66255016549405,-2.15458712249658,-0.772628686414568,-0.235346779735858,0.0230209440375911,-0.0869600700693153,0.0450051770684963,-0.00440227677582231,0.0166293048740709
10.29,1.66019894795555,-2.15435713317004,-0.773497455650018,-0.234896727965173,0.0229769212698329,-0.0867937770205747,0.0450051770684963,-0.00440227677582231,0.0166293048740709
10.3,1.65785223093475,-2.15412758407118,-0.77436456195498,-0.234446676194488,0.0229328985020747,-0.0866274839718339,0.0450051770684963,-0.00440227677582231,0.0166293048740709
10.31,1.65551001443166,-2.1538984752,-0.775230005329454,-0.233996624423803,0.0228888757343165,-0.0864611909230933,0.0450051770684963,-0.00440227677582231,0.0166293048740709
10.32,1.65317229844627,-2.1536698065565,-0.776093785773442,-0.233546572653118,0.0228448529665582,-0.0862948978743525,0.0450051770684963,-0.00440227677582231,0.0166293048740709
10.33,1.6508390829786,-2.15344157814067,-0.776955903286942,-0.233096520882433,0.0228008301988,-0.0861286048256118,0.0450051770684963,-0.00440227677582231,0.0166293048740709
10.34,1.64851036802863,-2.15321378995252,-0.777816357869954,-0.232646469111748,0.0227568074310418,-0.0859623117768711,0.0450051770684963,-0.00440227677582231,0.0166293048740709
10.35,1.64618615359636,-2.15298644199205,-0.778675149522479,-0.232196417341063,0.0227127846632836,-0.0857960187281304,0.0450051770684963,-0.00440227677582231,0.0166293048740709
10.36,1.6438664396818,-2.15275953425925,-0.779532278244517,-0.231746365570378,0.0226687618955253,-0.0856297256793897,0.0450051770684963,-0.00440227677582231,0.0166293048740709
10.37,1.64155122628495,-2.15253306675414,-0.780387744036067,-0.231296313799693,0.0226247391277671,-0.085463432630649,0.0450051770684963,-0.00440227677582231,0.0166293048740709
10.38,1.63924051340581,-2.1523070394767,-0.78124154689713,-0.230846262029008,0.0225807163600089,-0.0852971395819083,0.0450051770684963,-0.00440227677582231,0.0166293048740709
10.39,1.63693430104437,-2.15208145242694,-0.782093686827705,-0.230396210258323,0.0225366935922507,-0.0851308465331676,0.0450051770684963,-0.00440227677582231,0.0166293048740709
10.4,1.63463258920064,-2.15185630560485,-0.782944163827793,-0.229946158487638,0.0224926708244925,-0.0849645534844269,0.0450051770684963,-0.00440227677582231,0.0166293048740709
10.41,1.63233537787462,-2.15163159901045,-0.783792977897394,-0.229496106716953,0.0224486480567342,-0.0847982604356862,0.0450051770684963,-0.00440227677582231,0.0166293048740709
10.42,1.63004266706631,-2.15140733264372,-0.784640129036507,-0.229046054946268,0.022404625288976,-0.0846319673869454,0.0450051770684963,-0.00440227677582231,0.0166293048740709
10.43,1.6277544567757,-2.15118350650467,-0.785485617245132,-0.228596003175583,0.0223606025212178,-0.0844656743382047,0.0450051770684963,-0.00440227677582231,0.0166293048740709
10.44,1.62547074700279,-2.15096012059329,-0.786329442523271,-0.228145951404898,0.0223165797534596,-0.084299381289464,0.0450051770684963,-0.00440227677582231,0.0166293048740709
10.45,1.6231915377476,-2.1507371749096,-0.787171604870922,-0.227695899634213,0.0222725569857013,-0.0841330882407233,0.0450051770684963,-0.00440227677582231,0.0166293048740709
10.46,1.62091682901011,-2.15051466945358,-0.788012104288085,-0.227245847863528,0.0222285342179431,-0.0839667951919826,0.0450051770684963,-0.00440227677582231,0.0166293048740709
10.47,1.61864662079033,-2.15029260422524,-0.788850940774761,-0.226795796092843,0.0221845114501849,-0.0838005021432419,0.0450051770684963,-0.00440227677582231,0.0166293048740709
10.48,1.61638091308825,-2.15007097922458,-0.78968811433095,-0.226345744322158,0.0221404886824267,-0.0836342090945012,0.0450051770684963,-0.00440227677582231,0.0166293048740709
10.49,1.61411970590388,-2.14984979445159,-0.790523624956651,-0.225895692551473,0.0220964659146684,-0.0834679160457605,0.0450051770684963,-0.00440227677582231,0.0166293048740709
10.5,1.61186299923722,-2.14962904990628,-0.791357472651865,-0.225445640780788,0.0220524431469102,-0.0833016229970198,0.0450051770684963,-0.00440227677582231,0.0166293048740709
10.51,1.60961079308827,-2.14940874558865,-0.792189657416592,-0.224995589010103,0.022008420379152,-0.0831353299482791,0.0450051770684963,-0.00440227677582231,0.0166293048740709
10.52,1.60736308745702,-2.1491888814987,-0.793020179250831,-0.224545537239419,0.0219643976113938,-0.0829690368995384,0.0450051770684963,-0.00440227677582231,0.0166293048740709
10.53,1.60511988234348,-2.14896945763643,-0.793849038154583,-0.224095485468734,0.0219203748436355,-0.0828027438507976,0.0450051770684963,-0.00440227677582231,0.0166293048740709
10.54,1.60288117774765,-2.14875047400183,-0.794676234127847,-0.223645433698049,0.0218763520758773,-0.0826364508020569,0.0450051770684963,-0.00440227677582231,0.0166293048740709
10.55,1.60064697366952,-2.14853193059491,-0.795501767170624,-0.223195381927364,0.0218323293081191,-0.0824701577533162,0.0450051770684963,-0.00440227677582231,0.0166293048740709
10.56,1.5984172701091,-2.14831382741567,-0.796325637282913,-0.222745330156679,0.0217883065403609,-0.0823038647045755,0.0450051770684963,-0.00440227677582231,0.0166293048740709
10.57,1.59619206706639,-2.1480961644641,-0.797147844464715,-0.222295278385994,0.0217442837726027,-0.0821375716558348,0.0450051770684963,-0.00440227677582231,0.0166293048740709
10.58,1.59397136454138,-2.14787894174021,-0.79796838871603,-0.221845226615309,0.0217002610048444,-0.0819712786070941,0.0450051770684963,-0.00440227677582231,0.0166293048740709
10.59,1.59175516253408,-2.147662159244,-0.798787270036857,-0.221395174844624,0.0216562382370862,-0.0818049855583534,0.0450051770684963,-0.00440227677582231,0.0166293048740709
10.6,1.58954346104449,-2.14744581697547,-0.799604488427197,-0.220945123073939,0.021612215469328,-0.0816386925096127,0.0450051770684963,-0.00440227677582231,0.0166293048740709
10.61,1.5873362600726,-2.14722991493462,-0.800420043887049,-0.220495071303254,0.0215681927015698,-0.081472399460872,0.0450051770684963,-0.00440227677582231,0.0166293048740709
10.62,1.58513355961842,-2.14701445312144,-0.801233936416414,-0.220045019532569,0.0215241699338115,-0.0813061064121312,0.0450051770684963,-0.00440227677582231,0.0166293048740709
10.63,1.58293535968195,-2.14679943153594,-0.802046166015292,-0.219594967761884,0.0214801471660533,-0.0811398133633906,0.0450051770684963,-0.00440227677582231,0.0166293048740709
10.64,1.58074166026318,-2.14658485017812,-0.802856732683682,-0.219144915991199,0.0214361243982951,-0.0809735203146498,0.0450051770684963,-0.00440227677582231,0.0166293048740709
10.65,1.57855246136213,-2.14637070904797,-0.803665636421585,-0.218694864220514,0.0213921016305369,-0.0808072272659092,0.0450051770684963,-0.00440227677582231,0.0166293048740709
10.66,1.57636776297877,-2.14615700814551,-0.804472877229,-0.218244812449829,0.0213480788627787,-0.0806409342171684,0.0450051770684963,-0.00440227677582231,0.0166293048740709
10.67,1.57418756511313,-2.14594374747072,-0.805278455105928,-0.217794760679144,0.0213040560950204,-0.0804746411684277,0.0450051770684963,-0.00440227677582231,0.0166293048740709
10.68,1.57201186776519,-2.14573092702361,-0.806082370052369,-0.217344708908459,0.0212600333272622,-0.080308348119687,0.0450051770684963,-0.00440227677582231,0.0166293048740709
10.69,1.56984067093496,-2.14551854680417,-0.806884622068322,-0.216894657137774,0.021216010559504,-0.0801420550709463,0.0450051770684963,-0.00440227677582231,0.0166293048740709
10.7,1.56767397462244,-2.14530660681242,-0.807685211153788,-0.216444605367089,0.0211719877917458,-0.0799757620222056,0.0450051770684963,-0.00440227677582231,0.0166293048740709
10.71,1.56551177882762,-2.14509510704834,-0.808484137308766,-0.215994553596404,0.0211279650239875,-0.0798094689734649,0.0450051770684963,-0.00440227677582231,0.0166293048740709
10.72,1.56335408355051,-2.14488404751194,-0.809281400533257,-0.215544501825719,0.0210839422562293,-0.0796431759247242,0.0450051770684963,-0.00440227677582231,0.0166293048740709
10.73,1.5612008887911,-2.14467342820321,-0.810077000827261,-0.215094450055034,0.0210399194884711,-0.0794768828759835,0.0450051770684963,-0.00440227677582231,0.0166293048740709
10.74,1.55905219454941,-2.14446324912217,-0.810870938190777,-0.214644398284349,0.0209958967207129,-0.0793105898272427,0.0450051770684963,-0.00440227677582231,0.0166293048740709
10.75,1.55690800082542,-2.1442535102688,-0.811663212623805,-0.214194346513664,0.0209518739529546,-0.079144296778502,0.0450051770684963,-0.00440227677582231,0.0166293048740709
10.76,1.55476830761913,-2.14404421164311,-0.812453824126347,-0.213744294742979,0.0209078511851964,-0.0789780037297613,0.0450051770684963,-0.00440227677582231,0.0166293048740709
10.77,1.55263311493056,-2.1438353532451,-0.813242772698401,-0.213294242972294,0.0208638284174382,-0.0788117106810206,0.0450051770684963,-0.00440227677582231,0.0166293048740709
10.78,1.55050242275969,-2.14362693507476,-0.814030058339967,-0.212844191201609,0.02081980564968,-0.0786454176322799,0.0450051770684963,-0.00440227677582231,0.0166293048740709
10.79,1.54837623110652,-2.1434189571321,-0.814815681051046,-0.212394139430925,0.0207757828819218,-0.0784791245835392,0.0450051770684963,-0.00440227677582231,0.0166293048740709
10.8,1.54625453997107,-2.14321141941712,-0.815599640831638,-0.21194408766024,0.0207317601141635,-0.0783128315347985,0.0450051770684963,-0.00440227677582231,0.0166293048740709
10.81,1.54413734935332,-2.14300432192982,-0.816381937681742,-0.211494035889555,0.0206877373464053,-0.0781465384860578,0.0450051770684963,-0.00440227677582231,0.0166293048740709
10.82,1.54202465925328,-2.14279766467019,-0.817162571601359,-0.21104398411887,0.0206437145786471,-0.0779802454373171,0.0450051770684963,-0.00440227677582231,0.0166293048740709
10.83,1.53991646967094,-2.14259144763825,-0.817941542590489,-0.210593932348185,0.0205996918108889,-0.0778139523885764,0.0450051770684963,-0.00440227677582231,0.0166293048740709
10.84,1.53781278060631,-2.14238567083398,-0.818718850649131,-0.2101438805775,0.0205556690431306,-0.0776476593398357,0.0450051770684963,-0.00440227677582231,0.0166293048740709
10.85,1.53571359205939,-2.14218033425738,-0.819494495777285,-0.209693828806815,0.0205116462753724,-0.077481366291095,0.0450051770684963,-0.00440227677582231,0.0166293048740709
10.86,1.53361890403018,-2.14197543790847,-0.820268477974953,-0.20924377703613,0.0204676235076142,-0.0773150732423543,0.0450051770684963,-0.00440227677582231,0.0166293048740709
10.87,1.53152871651867,-2.14177098178723,-0.821040797242133,-0.208793725265445,0.020423600739856,-0.0771487801936135,0.0450051770684963,-0.00440227677582231,0.0166293048740709
10.88,1.52944302952487,-2.14156696589367,-0.821811453578825,-0.20834367349476,0.0203795779720978,-0.0769824871448729,0.0450051770684963,-0.00440227677582231,0.0166293048740709
10.89,1.52736184304877,-2.14136339022779,-0.82258044698503,-0.207893621724075,0.0203355552043395,-0.0768161940961321,0.0450051770684963,-0.00440227677582231,0.0166293048740709
10.9,1.52528515709039,-2.14116025478959,-0.823347777460747,-0.20744356995339,0.0202915324365813,-0.0766499010473914,0.0450051770684963,-0.00440227677582231,0.0166293048740709
10.91,1.52321297164971,-2.14095755957906,-0.824113445005978,-0.206993518182705,0.0202475096688231,-0.0764836079986507,0.0450051770684963,-0.00440227677582231,0.0166293048740709
10.92,1.52114528672673,-2.14075530459621,-0.824877449620721,-0.20654346641202,0.0202034869010649,-0.07631731494991,0.0450051770684963,-0.00440227677582231,0.0166293048740709
10.93,1.51908210232147,-2.14055348984104,-0.825639791304976,-0.206093414641335,0.0201594641333066,-0.0761510219011693,0.0450051770684963,-0.00440227677582231,0.0166293048740709
10.94,1.51702341843391,-2.14035211531354,-0.826400470058744,-0.20564336287065,0.0201154413655484,-0.0759847288524286,0.0450051770684963,-0.00440227677582231,0.0166293048740709
10.95,1.51496923506405,-2.14015118101373,-0.827159485882024,-0.205193311099965,0.0200714185977902,-0.0758184358036879,0.0450051770684963,-0.00440227677582231,0.0166293048740709
10.96,1.51291955221191,-2.13995068694159,-0.827916838774818,-0.20474325932928,0.020027395830032,-0.0756521427549471,0.0450051770684963,-0.00440227677582231,0.0166293048740709
10.97,1.51087436987747,-2.13975063309713,-0.828672528737123,-0.204293207558595,0.0199833730622737,-0.0754858497062065,0.0450051770684963,-0.00440227677582231,0.0166293048740709
10.98,1.50883368806074,-2.13955101948034,-0.829426555768942,-0.20384315578791,0.0199393502945155,-0.0753195566574657,0.0450051770684963,-0.00440227677582231,0.0166293048740709
10.99,1.50679750676171,-2.13935184609123,-0.830178919870273,-0.203393104017225,0.0198953275267573,-0.075153263608725,0.0450051770684963,-0.00440227677582231,0.0166293048740709
11,1.50476582598039,-2.13915311292981,-0.830929621041116,-0.20294305224654,0.0198513047589991,-0.0749869705599843,0.0450051770684963,-0.00440227677582231,0.0166293048740709
11.01,1.50273864571678,-2.13895481999605,-0.831678659281472,-0.202493000475855,0.0198072819912408,-0.0748206775112436,0.0450051770684963,-0.00440227677582231,0.0166293048740709
11.02,1.50071596597087,-2.13875696728998,-0.832426034591341,-0.20204294870517,0.0197632592234826,-0.0746543844625029,0.0450051770684963,-0.00440227677582231,0.0166293048740709
11.03,1.49869778674268,-2.13855955481158,-0.833171746970723,-0.201592896934485,0.0197192364557244,-0.0744880914137622,0.0450051770684963,-0.00440227677582231,0.0166293048740709
11.04,1.49668410803218,-2.13836258256087,-0.833915796419616,-0.2011428451638,0.0196752136879662,-0.0743217983650215,0.0450051770684963,-0.00440227677582231,0.0166293048740709
11.05,1.4946749298394,-2.13816605053783,-0.834658182938023,-0.200692793393115,0.019631190920208,-0.0741555053162808,0.0450051770684963,-0.00440227677582231,0.0166293048740709
11.06,1.49267025216432,-2.13796995874246,-0.835398906525942,-0.200242741622431,0.0195871681524497,-0.0739892122675401,0.0450051770684963,-0.00440227677582231,0.0166293048740709
11.07,1.49067007500695,-2.13777430717478,-0.836137967183374,-0.199792689851746,0.0195431453846915,-0.0738229192187994,0.0450051770684963,-0.00440227677582231,0.0166293048740709
11.08,1.48867439836729,-2.13757909583477,-0.836875364910318,-0.199342638081061,0.0194991226169333,-0.0736566261700587,0.0450051770684963,-0.00440227677582231,0.0166293048740709
11.09,1.48668322224533,-2.13738432472244,-0.837611099706775,-0.198892586310376,0.0194550998491751,-0.0734903331213179,0.0450051770684963,-0.00440227677582231,0.0166293048740709
11.1,1.48469654664108,-2.13718999383779,-0.838345171572744,-0.198442534539691,0.0194110770814168,-0.0733240400725772,0.0450051770684963,-0.00440227677582231,0.0166293048740709
11.11,1.48271437155454,-2.13699610318081,-0.839077580508226,-0.197992482769006,0.0193670543136586,-0.0731577470238365,0.0450051770684963,-0.00440227677582231,0.0166293048740709
11.12,1.4807366969857,-2.13680265275151,-0.839808326513221,-0.197542430998321,0.0193230315459004,-0.0729914539750958,0.0450051770684963,-0.00440227677582231,0.0166293048740709
11.13,1.47876352293457,-2.13660964254989,-0.840537409587728,-0.197092379227636,0.0192790087781422,-0.0728251609263551,0.0450051770684963,-0.00440227677582231,0.0166293048740709
11.14,1.47679484940115,-2.13641707257595,-0.841264829731748,-0.196642327456951,0.0192349860103839,-0.0726588678776144,0.0450051770684963,-0.00440227677582231,0.0166293048740709
11.15,1.47483067638543,-2.13622494282968,-0.841990586945281,-0.196192275686266,0.0191909632426257,-0.0724925748288737,0.0450051770684963,-0.00440227677582231,0.0166293048740709
11.16,1.47287100388742,-2.1360332533111,-0.842714681228326,-0.195742223915581,0.0191469404748675,-0.072326281780133,0.0450051770684963,-0.00440227677582231,0.0166293048740709
11.17,1.47091583190712,-2.13584200402019,-0.843437112580883,-0.195292172144896,0.0191029177071093,-0.0721599887313923,0.0450051770684963,-0.00440227677582231,0.0166293048740709
11.18,1.46896516044452,-2.13565119495695,-0.844157881002954,-0.194842120374211,0.0190588949393511,-0.0719936956826516,0.0450051770684963,-0.00440227677582231,0.0166293048740709
11.19,1.46701898949963,-2.1354608261214,-0.844876986494536,-0.194392068603526,0.0190148721715928,-0.0718274026339109,0.0450051770684963,-0.00440227677582231,0.0166293048740709
11.2,1.46507731907245,-2.13527089751352,-0.845594429055632,-0.193942016832841,0.0189708494038346,-0.0716611095851701,0.0450051770684963,-0.00440227677582231,0.0166293048740709
11.21,1.46314014916298,-2.13508140913332,-0.84631020868624,-0.193491965062156,0.0189268266360764,-0.0714948165364294,0.0450051770684963,-0.00440227677582231,0.0166293048740709
11.22,1.46120747977121,-2.1348923609808,-0.84702432538636,-0.193041913291471,0.0188828038683182,-0.0713285234876887,0.0450051770684963,-0.00440227677582231,0.0166293048740709
11.23,1.45927931089715,-2.13470375305596,-0.847736779155994,-0.192591861520786,0.0188387811005599,-0.071162230438948,0.0450051770684963,-0.00440227677582231,0.0166293048740709
11.24,1.45735564254079,-2.13451558535879,-0.848447569995139,-0.192141809750101,0.0187947583328017,-0.0709959373902073,0.0450051770684963,-0.00440227677582231,0.0166293048740709
11.25,1.45543647470215,-2.1343278578893,-0.849156697903798,-0.191691757979416,0.0187507355650435,-0.0708296443414666,0.0450051770684963,-0.00440227677582231,0.0166293048740709
11.26,1.45352180738121,-2.13414057064749,-0.849864162881969,-0.191241706208731,0.0187067127972853,-0.0706633512927259,0.0450051770684963,-0.00440227677582231,0.0166293048740709
11.27,1.45161164057797,-2.13395372363336,-0.850569964929652,-0.190791654438046,0.0186626900295271,-0.0704970582439852,0.0450051770684963,-0.00440227677582231,0.0166293048740709
11.28,1.44970597429244,-2.1337673168469,-0.851274104046848,-0.190341602667361,0.0186186672617688,-0.0703307651952444,0.0450051770684963,-0.00440227677582231,0.0166293048740709
11.29,1.44780480852462,-2.13358135028812,-0.851976580233557,-0.189891550896676,0.0185746444940106,-0.0701644721465038,0.0450051770684963,-0.00440227677582231,0.0166293048740709
11.3,1.44590814327451,-2.13339582395702,-0.852677393489778,-0.189441499125991,0.0185306217262524,-0.069998179097763,0.0450051770684963,-0.00440227677582231,0.0166293048740709
11.31,1.4440159785421,-2.13321073785359,-0.853376543815512,-0.188991447355306,0.0184865989584942,-0.0698318860490224,0.0450051770684963,-0.00440227677582231,0.0166293048740709
11.32,1.4421283143274,-2.13302609197785,-0.854074031210759,-0.188541395584621,0.0184425761907359,-0.0696655930002816,0.0450051770684963,-0.00440227677582231,0.0166293048740709
11.33,1.44024515063041,-2.13284188632978,-0.854769855675518,-0.188091343813936,0.0183985534229777,-0.0694992999515409,0.0450051770684963,-0.00440227677582231,0.0166293048740709
11.34,1.43836648745113,-2.13265812090939,-0.85546401720979,-0.187641292043252,0.0183545306552195,-0.0693330069028002,0.0450051770684963,-0.00440227677582231,0.0166293048740709
11.35,1.43649232478955,-2.13247479571668,-0.856156515813574,-0.187191240272567,0.0183105078874613,-0.0691667138540595,0.0450051770684963,-0.00440227677582231,0.0166293048740709
11.36,1.43462266264568,-2.13229191075164,-0.856847351486871,-0.186741188501882,0.018266485119703,-0.0690004208053188,0.0450051770684963,-0.00440227677582231,0.0166293048740709
11.37,1.43275750101951,-2.13210946601428,-0.85753652422968,-0.186291136731197,0.0182224623519448,-0.0688341277565781,0.0450051770684963,-0.00440227677582231,0.0166293048740709
11.38,1.43089683991105,-2.1319274615046,-0.858224034042002,-0.185841084960512,0.0181784395841866,-0.0686678347078374,0.0450051770684963,-0.00440227677582231,0.0166293048740709
11.39,1.4290406793203,-2.1317458972226,-0.858909880923837,-0.185391033189827,0.0181344168164284,-0.0685015416590967,0.0450051770684963,-0.00440227677582231,0.0166293048740709
11.4,1.42718901924725,-2.13156477316827,-0.859594064875184,-0.184940981419142,0.0180903940486701,-0.068335248610356,0.0450051770684963,-0.00440227677582231,0.0166293048740709
11.41,1.42534185969192,-2.13138408934162,-0.860276585896044,-0.184490929648457,0.0180463712809119,-0.0681689555616153,0.0450051770684963,-0.00440227677582231,0.0166293048740709
11.42,1.42349920065429,-2.13120384574265,-0.860957443986417,-0.184040877877772,0.0180023485131537,-0.0680026625128746,0.0450051770684963,-0.00440227677582231,0.0166293048740709
11.43,1.42166104213436,-2.13102404237136,-0.861636639146302,-0.183590826107087,0.0179583257453955,-0.0678363694641338,0.0450051770684963,-0.00440227677582231,0.0166293048740709
11.44,1.41982738413214,-2.13084467922775,-0.862314171375699,-0.183140774336402,0.0179143029776373,-0.0676700764153931,0.0450051770684963,-0.00440227677582231,0.0166293048740709
11.45,1.41799822664763,-2.13066575631181,-0.862990040674609,-0.182690722565717,0.017870280209879,-0.0675037833666524,0.0450051770684963,-0.00440227677582231,0.0166293048740709
11.46,1.41617356968083,-2.13048727362355,-0.863664247043032,-0.182240670795032,0.0178262574421208,-0.0673374903179117,0.0450051770684963,-0.00440227677582231,0.0166293048740709
11.47,1.41435341323173,-2.13030923116297,-0.864336790480968,-0.181790619024347,0.0177822346743626,-0.067171197269171,0.0450051770684963,-0.00440227677582231,0.0166293048740709
11.48,1.41253775730034,-2.13013162893006,-0.865007670988416,-0.181340567253662,0.0177382119066044,-0.0670049042204303,0.0450051770684963,-0.00440227677582231,0.0166293048740709
11.49,1.41072660188666,-2.12995446692483,-0.865676888565376,-0.180890515482977,0.0176941891388461,-0.0668386111716896,0.0450051770684963,-0.00440227677582231,0.0166293048740709
11.5,1.40891994699068,-2.12977774514728,-0.86634444321185,-0.180440463712292,0.0176501663710879,-0.0666723181229489,0.0450051770684963,-0.00440227677582231,0.0166293048740709
11.51,1.40711779261241,-2.12960146359741,-0.867010334927835,-0.179990411941607,0.0176061436033297,-0.0665060250742082,0.0450051770684963,-0.00440227677582231,0.0166293048740709
11.52,1.40532013875185,-2.12942562227522,-0.867674563713334,-0.179540360170922,0.0175621208355715,-0.0663397320254675,0.0450051770684963,-0.00440227677582231,0.0166293048740709
11.53,1.40352698540899,-2.1292502211807,-0.868337129568345,-0.179090308400237,0.0175180980678133,-0.0661734389767268,0.0450051770684963,-0.00440227677582231,0.0166293048740709
11.54,1.40173833258385,-2.12907526031386,-0.868998032492868,-0.178640256629552,0.017474075300055,-0.0660071459279861,0.0450051770684963,-0.00440227677582231,0.0166293048740709
11.55,1.3999541802764,-2.1289007396747,-0.869657272486904,-0.178190204858867,0.0174300525322968,-0.0658408528792453,0.0450051770684963,-0.00440227677582231,0.0166293048740709
11.56,1.39817452848667,-2.12872665926322,-0.870314849550453,-0.177740153088182,0.0173860297645386,-0.0656745598305046,0.0450051770684963,-0.00440227677582231,0.0166293048740709
11.57,1.39639937721464,-2.12855301907941,-0.870970763683515,-0.177290101317497,0.0173420069967804,-0.0655082667817639,0.0450051770684963,-0.00440227677582231,0.0166293048740709
11.58,1.39462872646032,-2.12837981912328,-0.871625014886088,-0.176840049546812,0.0172979842290221,-0.0653419737330232,0.0450051770684963,-0.00440227677582231,0.0166293048740709
11.59,1.3928625762237,-2.12820705939483,-0.872277603158175,-0.176389997776127,0.0172539614612639,-0.0651756806842825,0.0450051770684963,-0.00440227677582231,0.0166293048740709
11.6,1.3911009265048,-2.12803473989405,-0.872928528499774,-0.175939946005442,0.0172099386935057,-0.0650093876355418,0.0450051770684963,-0.00440227677582231,0.0166293048740709
11.61,1.3893437773036,-2.12786286062096,-0.873577790910886,-0.175489894234758,0.0171659159257475,-0.0648430945868011,0.0450051770684963,-0.00440227677582231,0.0166293048740709
11.62,1.3875911286201,-2.12769142157554,-0.87422539039151,-0.175039842464073,0.0171218931579892,-0.0646768015380604,0.0450051770684963,-0.00440227677582231,0.0166293048740709
11.63,1.38584298045431,-2.1275204227578,-0.874871326941647,-0.174589790693388,0.017077870390231,-0.0645105084893197,0.0450051770684963,-0.00440227677582231,0.0166293048740709
11.64,1.38409933280623,-2.12734986416773,-0.875515600561297,-0.174139738922703,0.0170338476224728,-0.0643442154405789,0.0450051770684963,-0.00440227677582231,0.0166293048740709
11.65,1.38236018567586,-2.12717974580535,-0.876158211250459,-0.173689687152018,0.0169898248547146,-0.0641779223918382,0.0450051770684963,-0.00440227677582231,0.0166293048740709
11.66,1.38062553906319,-2.12701006767064,-0.876799159009133,-0.173239635381333,0.0169458020869563,-0.0640116293430975,0.0450051770684963,-0.00440227677582231,0.0166293048740709
11.67,1.37889539296823,-2.12684082976361,-0.877438443837321,-0.172789583610648,0.0169017793191981,-0.0638453362943568,0.0450051770684963,-0.00440227677582231,0.0166293048740709
11.68,1.37716974739098,-2.12667203208426,-0.87807606573502,-0.172339531839963,0.0168577565514399,-0.0636790432456161,0.0450051770684963,-0.00440227677582231,0.0166293048740709
11.69,1.37544860233143,-2.12650367463258,-0.878712024702233,-0.171889480069278,0.0168137337836817,-0.0635127501968754,0.0450051770684963,-0.00440227677582231,0.0166293048740709
11.7,1.37373195778959,-2.12633575740858,-0.879346320738958,-0.171439428298593,0.0167697110159235,-0.0633464571481347,0.0450051770684963,-0.00440227677582231,0.0166293048740709
11.71,1.37201981376546,-2.12616828041226,-0.879978953845196,-0.170989376527908,0.0167256882481652,-0.063180164099394,0.0450051770684963,-0.00440227677582231,0.0166293048740709
11.72,1.37031217025904,-2.12600124364362,-0.880609924020946,-0.170539324757223,0.016681665480407,-0.0630138710506533,0.0450051770684963,-0.00440227677582231,0.0166293048740709
11.73,1.36860902727032,-2.12583464710265,-0.881239231266209,-0.170089272986538,0.0166376427126488,-0.0628475780019126,0.0450051770684963,-0.00440227677582231,0.0166293048740709
11.74,1.36691038479931,-2.12566849078937,-0.881866875580984,-0.169639221215853,0.0165936199448906,-0.0626812849531719,0.0450051770684963,-0.00440227677582231,0.0166293048740709
11.75,1.365216242846,-2.12550277470376,-0.882492856965272,-0.169189169445168,0.0165495971771323,-0.0625149919044311,0.0450051770684963,-0.00440227677582231,0.0166293048740709
11.76,1.3635266014104,-2.12533749884582,-0.883117175419073,-0.168739117674483,0.0165055744093741,-0.0623486988556905,0.0450051770684963,-0.00440227677582231,0.0166293048740709
11.77,1.36184146049251,-2.12517266321557,-0.883739830942386,-0.168289065903798,0.0164615516416159,-0.0621824058069497,0.0450051770684963,-0.00440227677582231,0.0166293048740709
11.78,1.36016082009233,-2.12500826781299,-0.884360823535212,-0.167839014133113,0.0164175288738577,-0.062016112758209,0.0450051770684963,-0.00440227677582231,0.0166293048740709
11.79,1.35848468020985,-2.12484431263809,-0.88498015319755,-0.167388962362428,0.0163735061060995,-0.0618498197094683,0.0450051770684963,-0.00440227677582231,0.0166293048740709
11.8,1.35681304084508,-2.12468079769087,-0.885597819929401,-0.166938910591743,0.0163294833383412,-0.0616835266607276,0.0450051770684963,-0.00440227677582231,0.0166293048740709
11.81,1.35514590199801,-2.12451772297133,-0.886213823730765,-0.166488858821058,0.016285460570583,-0.0615172336119869,0.0450051770684963,-0.00440227677582231,0.0166293048740709
11.82,1.35348326366866,-2.12435508847946,-0.886828164601641,-0.166038807050373,0.0162414378028248,-0.0613509405632462,0.0450051770684963,-0.00440227677582231,0.0166293048740709
11.83,1.35182512585701,-2.12419289421527,-0.88744084254203,-0.165588755279688,0.0161974150350666,-0.0611846475145055,0.0450051770684963,-0.00440227677582231,0.0166293048740709
11.84,1.35017148856306,-2.12403114017876,-0.888051857551931,-0.165138703509003,0.0161533922673083,-0.0610183544657648,0.0450051770684963,-0.00440227677582231,0.0166293048740709
11.85,1.34852235178683,-2.12386982636992,-0.888661209631345,-0.164688651738318,0.0161093694995501,-0.0608520614170241,0.0450051770684963,-0.00440227677582231,0.0166293048740709
11.86,1.3468777155283,-2.12370895278877,-0.889268898780271,-0.164238599967633,0.0160653467317919,-0.0606857683682834,0.0450051770684963,-0.00440227677582231,0.0166293048740709
11.87,1.34523757978747,-2.12354851943529,-0.889874924998711,-0.163788548196948,0.0160213239640337,-0.0605194753195426,0.0450051770684963,-0.00440227677582231,0.0166293048740709
11.88,1.34360194456436,-2.12338852630949,-0.890479288286662,-0.163338496426264,0.0159773011962754,-0.060353182270802,0.0450051770684963,-0.00440227677582231,0.0166293048740709
11.89,1.34197080985895,-2.12322897341136,-0.891081988644127,-0.162888444655579,0.0159332784285172,-0.0601868892220612,0.0450051770684963,-0.00440227677582231,0.0166293048740709
11.9,1.34034417567125,-2.12306986074092,-0.891683026071104,-0.162438392884894,0.015889255660759,-0.0600205961733205,0.0450051770684963,-0.00440227677582231,0.0166293048740709
11.91,1.33872204200125,-2.12291118829815,-0.892282400567593,-0.161988341114209,0.0158452328930008,-0.0598543031245798,0.0450051770684963,-0.00440227677582231,0.0166293048740709
11.92,1.33710440884896,-2.12275295608305,-0.892880112133595,-0.161538289343524,0.0158012101252425,-0.0596880100758391,0.0450051770684963,-0.00440227677582231,0.0166293048740709
11.93,1.33549127621438,-2.12259516409564,-0.89347616076911,-0.161088237572839,0.0157571873574843,-0.0595217170270984,0.0450051770684963,-0.00440227677582231,0.0166293048740709
11.94,1.3338826440975,-2.12243781233591,-0.894070546474137,-0.160638185802154,0.0157131645897261,-0.0593554239783577,0.0450051770684963,-0.00440227677582231,0.0166293048740709
11.95,1.33227851249834,-2.12228090080385,-0.894663269248677,-0.160188134031469,0.0156691418219679,-0.059189130929617,0.0450051770684963,-0.00440227677582231,0.0166293048740709
11.96,1.33067888141688,-2.12212442949947,-0.895254329092729,-0.159738082260784,0.0156251190542097,-0.0590228378808762,0.0450051770684963,-0.00440227677582231,0.0166293048740709
11.97,1.32908375085312,-2.12196839842276,-0.895843726006294,-0.159288030490099,0.0155810962864514,-0.0588565448321356,0.0450051770684963,-0.00440227677582231,0.0166293048740709
11.98,1.32749312080707,-2.12181280757374,-0.896431459989372,-0.158837978719414,0.0155370735186932,-0.0586902517833948,0.0450051770684963,-0.00440227677582231,0.0166293048740709
11.99,1.32590699127873,-2.12165765695239,-0.897017531041962,-0.158387926948729,0.015493050750935,-0.0585239587346541,0.0450051770684963,-0.00440227677582231,0.0166293048740709
12,1.3243253622681,-2.12150294655872,-0.897601939164065,-0.157937875178044,0.0154490279831768,-0.0583576656859134,0.0450051770684963,-0.00440227677582231,0.0166293048740709
12.01,1.32274823377517,-2.12134867639273,-0.898184684355681,-0.157487823407359,0.0154050052154185,-0.0581913726371727,0.0450051770684963,-0.00440227677582231,0.0166293048740709
12.02,1.32117560579995,-2.12119484645441,-0.898765766616809,-0.157037771636674,0.0153609824476603,-0.058025079588432,0.0450051770684963,-0.00440227677582231,0.0166293048740709
12.03,1.31960747834244,-2.12104145674377,-0.899345185947449,-0.156587719865989,0.0153169596799021,-0.0578587865396913,0.0450051770684963,-0.00440227677582231,0.0166293048740709
12.04,1.31804385140263,-2.12088850726081,-0.899922942347602,-0.156137668095304,0.0152729369121439,-0.0576924934909506,0.0450051770684963,-0.00440227677582231,0.0166293048740709
12.05,1.31648472498053,-2.12073599800553,-0.900499035817268,-0.155687616324619,0.0152289141443856,-0.0575262004422099,0.0450051770684963,-0.00440227677582231,0.0166293048740709
12.06,1.31493009907614,-2.12058392897792,-0.901073466356447,-0.155237564553934,0.0151848913766274,-0.0573599073934692,0.0450051770684963,-0.00440227677582231,0.0166293048740709
12.07,1.31337997368945,-2.120432300178,-0.901646233965138,-0.154787512783249,0.0151408686088692,-0.0571936143447285,0.0450051770684963,-0.00440227677582231,0.0166293048740709
12.08,1.31183434882047,-2.12028111160575,-0.902217338643341,-0.154337461012564,0.015096845841111,-0.0570273212959878,0.0450051770684963,-0.00440227677582231,0.0166293048740709
12.09,1.3102932244692,-2.12013036326117,-0.902786780391057,-0.153887409241879,0.0150528230733528,-0.0568610282472471,0.0450051770684963,-0.00440227677582231,0.0166293048740709
12.1,1.30875660063564,-2.11998005514428,-0.903354559208286,-0.153437357471194,0.0150088003055945,-0.0566947351985063,0.0450051770684963,-0.00440227677582231,0.0166293048740709
12.11,1.30722447731978,-2.11983018725506,-0.903920675095027,-0.152987305700509,0.0149647775378363,-0.0565284421497656,0.0450051770684963,-0.00440227677582231,0.0166293048740709
12.12,1.30569685452163,-2.11968075959352,-0.904485128051282,-0.152537253929824,0.0149207547700781,-0.0563621491010249,0.0450051770684963,-0.00440227677582231,0.0166293048740709
12.13,1.30417373224118,-2.11953177215966,-0.905047918077048,-0.152087202159139,0.0148767320023199,-0.0561958560522842,0.0450051770684963,-0.00440227677582231,0.0166293048740709
12.14,1.30265511047844,-2.11938322495348,-0.905609045172327,-0.151637150388454,0.0148327092345616,-0.0560295630035435,0.0450051770684963,-0.00440227677582231,0.0166293048740709
12.15,1.30114098923341,-2.11923511797497,-0.906168509337119,-0.151187098617769,0.0147886864668034,-0.0558632699548028,0.0450051770684963,-0.00440227677582231,0.0166293048740709
12.16,1.29963136850609,-2.11908745122414,-0.906726310571423,-0.150737046847085,0.0147446636990452,-0.0556969769060621,0.0450051770684963,-0.00440227677582231,0.0166293048740709
12.17,1.29812624829647,-2.11894022470099,-0.90728244887524,-0.1502869950764,0.014700640931287,-0.0555306838573214,0.0450051770684963,-0.00440227677582231,0.0166293048740709
12.18,1.29662562860456,-2.11879343840551,-0.90783692424857,-0.149836943305715,0.0146566181635288,-0.0553643908085807,0.0450051770684963,-0.00440227677582231,0.0166293048740709
12.19,1.29512950943036,-2.11864709233772,-0.908389736691412,-0.14938689153503,0.0146125953957705,-0.05519809775984,0.0450051770684963,-0.00440227677582231,0.0166293048740709
12.2,1.29363789077386,-2.1185011864976,-0.908940886203766,-0.148936839764345,0.0145685726280123,-0.0550318047110993,0.0450051770684963,-0.00440227677582231,0.0166293048740709
12.21,1.29215077263507,-2.11835572088516,-0.909490372785634,-0.14848678799366,0.0145245498602541,-0.0548655116623585,0.0450051770684963,-0.00440227677582231,0.0166293048740709
12.22,1.29066815501399,-2.11821069550039,-0.910038196437014,-0.148036736222975,0.0144805270924959,-0.0546992186136179,0.0450051770684963,-0.00440227677582231,0.0166293048740709
12.23,1.28919003791061,-2.11806611034331,-0.910584357157906,-0.14758668445229,0.0144365043247376,-0.0545329255648771,0.0450051770684963,-0.00440227677582231,0.0166293048740709
12.24,1.28771642132494,-2.1179219654139,-0.911128854948311,-0.147136632681605,0.0143924815569794,-0.0543666325161364,0.0450051770684963,-0.00440227677582231,0.0166293048740709
12.25,1.28624730525698,-2.11777826071217,-0.911671689808229,-0.14668658091092,0.0143484587892212,-0.0542003394673957,0.0450051770684963,-0.00440227677582231,0.0166293048740709
12.26,1.28478268970672,-2.11763499623811,-0.912212861737659,-0.146236529140235,0.014304436021463,-0.054034046418655,0.0450051770684963,-0.00440227677582231,0.0166293048740709
12.27,1.28332257467417,-2.11749217199174,-0.912752370736602,-0.14578647736955,0.0142604132537047,-0.0538677533699143,0.0450051770684963,-0.00440227677582231,0.0166293048740709
12.28,1.28186696015933,-2.11734978797304,-0.913290216805057,-0.145336425598865,0.0142163904859465,-0.0537014603211736,0.0450051770684963,-0.00440227677582231,0.0166293048740709
12.29,1.2804158461622,-2.11720784418202,-0.913826399943025,-0.14488637382818,0.0141723677181883,-0.0535351672724329,0.0450051770684963,-0.00440227677582231,0.0166293048740709
12.3,1.27896923268277,-2.11706634061868,-0.914360920150506,-0.144436322057495,0.0141283449504301,-0.0533688742236922,0.0450051770684963,-0.00440227677582231,0.0166293048740709
12.31,1.27752711972105,-2.11692527728301,-0.914893777427499,-0.14398627028681,0.0140843221826718,-0.0532025811749514,0.0450051770684963,-0.00440227677582231,0.0166293048740709
12.32,1.27608950727703,-2.11678465417502,-0.915424971774005,-0.143536218516125,0.0140402994149136,-0.0530362881262107,0.0450051770684963,-0.00440227677582231,0.0166293048740709
12.33,1.27465639535072,-2.11664447129471,-0.915954503190023,-0.14308616674544,0.0139962766471554,-0.05286999507747,0.0450051770684963,-0.00440227677582231,0.0166293048740709
12.34,1.27322778394212,-2.11650472864208,-0.916482371675554,-0.142636114974755,0.0139522538793972,-0.0527037020287293,0.0450051770684963,-0.00440227677582231,0.0166293048740709
12.35,1.27180367305123,-2.11636542621713,-0.917008577230598,-0.14218606320407,0.013908231111639,-0.0525374089799886,0.0450051770684963,-0.00440227677582231,0.0166293048740709
12.36,1.27038406267804,-2.11622656401985,-0.917533119855154,-0.141736011433385,0.0138642083438807,-0.0523711159312479,0.0450051770684963,-0.00440227677582231,0.0166293048740709
12.37,1.26896895282256,-2.11608814205025,-0.918055999549223,-0.1412859596627,0.0138201855761225,-0.0522048228825072,0.0450051770684963,-0.00440227677582231,0.0166293048740709
12.38,1.26755834348479,-2.11595016030833,-0.918577216312804,-0.140835907892015,0.0137761628083643,-0.0520385298337665,0.0450051770684963,-0.00440227677582231,0.0166293048740709
12.39,1.26615223466472,-2.11581261879408,-0.919096770145898,-0.14038585612133,0.0137321400406061,-0.0518722367850258,0.0450051770684963,-0.00440227677582231,0.0166293048740709
12.4,1.26475062636236,-2.11567551750751,-0.919614661048505,-0.139935804350645,0.0136881172728478,-0.0517059437362851,0.0450051770684963,-0.00440227677582231,0.0166293048740709
12.41,1.26335351857771,-2.11553885644862,-0.920130889020624,-0.13948575257996,0.0136440945050896,-0.0515396506875444,0.0450051770684963,-0.00440227677582231,0.0166293048740709
12.42,1.26196091131076,-2.11540263561741,-0.920645454062256,-0.139035700809275,0.0136000717373314,-0.0513733576388037,0.0450051770684963,-0.00440227677582231,0.0166293048740709
12.43,1.26057280456152,-2.11526685501388,-0.9211583561734,-0.138585649038591,0.0135560489695732,-0.051207064590063,0.0450051770684963,-0.00440227677582231,0.0166293048740709
12.44,1.25918919832999,-2.11513151463802,-0.921669595354057,-0.138135597267906,0.013512026201815,-0.0510407715413222,0.0450051770684963,-0.00440227677582231,0.0166293048740709
12.45,1.25781009261616,-2.11499661448984,-0.922179171604226,-0.137685545497221,0.0134680034340567,-0.0508744784925815,0.0450051770684963,-0.00440227677582231,0.0166293048740709
12.46,1.25643548742005,-2.11486215456934,-0.922687084923909,-0.137235493726536,0.0134239806662985,-0.0507081854438408,0.0450051770684963,-0.00440227677582231,0.0166293048740709
12.47,1.25506538274163,-2.11472813487651,-0.923193335313103,-0.136785441955851,0.0133799578985403,-0.0505418923951001,0.0450051770684963,-0.00440227677582231,0.0166293048740709
12.48,1.25369977858093,-2.11459455541137,-0.923697922771811,-0.136335390185166,0.0133359351307821,-0.0503755993463594,0.0450051770684963,-0.00440227677582231,0.0166293048740709
12.49,1.25233867493793,-2.1144614161739,-0.92420084730003,-0.135885338414481,0.0132919123630238,-0.0502093062976187,0.0450051770684963,-0.00440227677582231,0.0166293048740709
12.5,1.25098207181264,-2.11432871716411,-0.924702108897763,-0.135435286643796,0.0132478895952656,-0.050043013248878,0.0450051770684963,-0.00440227677582231,0.0166293048740709
12.51,1.24962996920505,-2.11419645838199,-0.925201707565008,-0.134985234873111,0.0132038668275074,-0.0498767202001373,0.0450051770684963,-0.00440227677582231,0.0166293048740709
12.52,1.24828236711518,-2.11406463982756,-0.925699643301766,-0.134535183102426,0.0131598440597492,-0.0497104271513966,0.0450051770684963,-0.00440227677582231,0.0166293048740709
12.53,1.24693926554301,-2.1139332615008,-0.926195916108036,-0.134085131331741,0.0131158212919909,-0.0495441341026559,0.0450051770684963,-0.00440227677582231,0.0166293048740709
12.54,1.24560066448854,-2.11380232340172,-0.926690525983819,-0.133635079561056,0.0130717985242327,-0.0493778410539152,0.0450051770684963,-0.00440227677582231,0.0166293048740709
12.55,1.24426656395178,-2.11367182553031,-0.927183472929114,-0.133185027790371,0.0130277757564745,-0.0492115480051744,0.0450051770684963,-0.00440227677582231,0.0166293048740709
12.56,1.24293696393273,-2.11354176788659,-0.927674756943922,-0.132734976019686,0.0129837529887163,-0.0490452549564337,0.0450051770684963,-0.00440227677582231,0.0166293048740709
12.57,1.24161186443139,-2.11341215047054,-0.928164378028243,-0.132284924249001,0.012939730220958,-0.048878961907693,0.0450051770684963,-0.00440227677582231,0.0166293048740709
12.58,1.24029126544775,-2.11328297328217,-0.928652336182076,-0.131834872478316,0.0128957074531998,-0.0487126688589523,0.0450051770684963,-0.00440227677582231,0.0166293048740709
12.59,1.23897516698182,-2.11315423632148,-0.929138631405422,-0.131384820707631,0.0128516846854416,-0.0485463758102116,0.0450051770684963,-0.00440227677582231,0.0166293048740709
12.6,1.2376635690336,-2.11302593958846,-0.92962326369828,-0.130934768936946,0.0128076619176834,-0.0483800827614709,0.0450051770684963,-0.00440227677582231,0.0166293048740709
12.61,1.23635647160309,-2.11289808308312,-0.930106233060651,-0.130484717166261,0.0127636391499252,-0.0482137897127302,0.0450051770684963,-0.00440227677582231,0.0166293048740709
12.62,1.23505387469028,-2.11277066680546,-0.930587539492535,-0.130034665395576,0.0127196163821669,-0.0480474966639895,0.0450051770684963,-0.00440227677582231,0.0166293048740709
12.63,1.23375577829517,-2.11264369075548,-0.931067182993931,-0.129584613624891,0.0126755936144087,-0.0478812036152488,0.0450051770684963,-0.00440227677582231,0.0166293048740709
12.64,1.23246218241778,-2.11251715493317,-0.93154516356484,-0.129134561854206,0.0126315708466505,-0.047714910566508,0.0450051770684963,-0.00440227677582231,0.0166293048740709
12.65,1.23117308705809,-2.11239105933855,-0.932021481205261,-0.128684510083521,0.0125875480788923,-0.0475486175177673,0.0450051770684963,-0.00440227677582231,0.0166293048740709
12.66,1.22988849221611,-2.1122654039716,-0.932496135915195,-0.128234458312836,0.012543525311134,-0.0473823244690266,0.0450051770684963,-0.00440227677582231,0.0166293048740709
12.67,1.22860839789183,-2.11214018883232,-0.932969127694642,-0.127784406542151,0.0124995025433758,-0.0472160314202859,0.0450051770684963,-0.00440227677582231,0.0166293048740709
12.68,1.22733280408527,-2.11201541392073,-0.933440456543601,-0.127334354771466,0.0124554797756176,-0.0470497383715452,0.0450051770684963,-0.00440227677582231,0.0166293048740709
12.69,1.2260617107964,-2.11189107923681,-0.933910122462073,-0.126884303000781,0.0124114570078594,-0.0468834453228045,0.0450051770684963,-0.00440227677582231,0.0166293048740709
12.7,1.22479511802525,-2.11176718478057,-0.934378125450057,-0.126434251230097,0.0123674342401012,-0.0467171522740638,0.0450051770684963,-0.00440227677582231,0.0166293048740709
12.71,1.2235330257718,-2.11164373055201,-0.934844465507554,-0.125984199459411,0.0123234114723429,-0.0465508592253231,0.0450051770684963,-0.00440227677582231,0.0166293048740709
12.72,1.22227543403606,-2.11152071655112,-0.935309142634564,-0.125534147688727,0.0122793887045847,-0.0463845661765824,0.0450051770684963,-0.00440227677582231,0.0166293048740709
12.73,1.22102234281803,-2.11139814277792,-0.935772156831086,-0.125084095918042,0.0122353659368265,-0.0462182731278417,0.0450051770684963,-0.00440227677582231,0.0166293048740709
12.74,1.2197737521177,-2.11127600923239,-0.93623350809712,-0.124634044147357,0.0121913431690683,-0.046051980079101,0.0450051770684963,-0.00440227677582231,0.0166293048740709
12.75,1.21852966193508,-2.11115431591454,-0.936693196432668,-0.124183992376672,0.01214732040131,-0.0458856870303603,0.0450051770684963,-0.00440227677582231,0.0166293048740709
12.76,1.21729007227017,-2.11103306282436,-0.937151221837728,-0.123733940605987,0.0121032976335518,-0.0457193939816196,0.0450051770684963,-0.00440227677582231,0.0166293048740709
12.77,1.21605498312296,-2.11091224996186,-0.9376075843123,-0.123283888835302,0.0120592748657936,-0.0455531009328788,0.0450051770684963,-0.00440227677582231,0.0166293048740709
12.78,1.21482439449346,-2.11079187732705,-0.938062283856385,-0.122833837064617,0.0120152520980354,-0.0453868078841381,0.0450051770684963,-0.00440227677582231,0.0166293048740709
12.79,1.21359830638167,-2.1106719449199,-0.938515320469983,-0.122383785293932,0.0119712293302771,-0.0452205148353974,0.0450051770684963,-0.00440227677582231,0.0166293048740709
12.8,1.21237671878758,-2.11055245274044,-0.938966694153093,-0.121933733523247,0.0119272065625189,-0.0450542217866567,0.0450051770684963,-0.00440227677582231,0.0166293048740709
12.81,1.2111596317112,-2.11043340078865,-0.939416404905716,-0.121483681752562,0.0118831837947607,-0.044887928737916,0.0450051770684963,-0.00440227677582231,0.0166293048740709
12.82,1.20994704515253,-2.11031478906454,-0.939864452727852,-0.121033629981877,0.0118391610270025,-0.0447216356891753,0.0450051770684963,-0.00440227677582231,0.0166293048740709
12.83,1.20873895911157,-2.11019661756811,-0.9403108376195,-0.120583578211192,0.0117951382592442,-0.0445553426404346,0.0450051770684963,-0.00440227677582231,0.0166293048740709
12.84,1.20753537358831,-2.11007888629936,-0.94075555958066,-0.120133526440507,0.011751115491486,-0.0443890495916939,0.0450051770684963,-0.00440227677582231,0.0166293048740709
12.85,1.20633628858276,-2.10996159525828,-0.941198618611333,-0.119683474669822,0.0117070927237278,-0.0442227565429532,0.0450051770684963,-0.00440227677582231,0.0166293048740709
12.86,1.20514170409491,-2.10984474444489,-0.941640014711519,-0.119233422899137,0.0116630699559696,-0.0440564634942125,0.0450051770684963,-0.00440227677582231,0.0166293048740709
12.87,1.20395162012477,-2.10972833385916,-0.942079747881218,-0.118783371128452,0.0116190471882114,-0.0438901704454717,0.0450051770684963,-0.00440227677582231,0.0166293048740709
12.88,1.20276603667234,-2.10961236350112,-0.942517818120429,-0.118333319357767,0.0115750244204531,-0.0437238773967311,0.0450051770684963,-0.00440227677582231,0.0166293048740709
12.89,1.20158495373762,-2.10949683337076,-0.942954225429152,-0.117883267587082,0.0115310016526949,-0.0435575843479903,0.0450051770684963,-0.00440227677582231,0.0166293048740709
12.9,1.2004083713206,-2.10938174346807,-0.943388969807389,-0.117433215816397,0.0114869788849367,-0.0433912912992496,0.0450051770684963,-0.00440227677582231,0.0166293048740709
12.91,1.19923628942129,-2.10926709379306,-0.943822051255137,-0.116983164045712,0.0114429561171785,-0.0432249982505089,0.0450051770684963,-0.00440227677582231,0.0166293048740709
12.92,1.19806870803969,-2.10915288434572,-0.944253469772399,-0.116533112275027,0.0113989333494202,-0.0430587052017682,0.0450051770684963,-0.00440227677582231,0.0166293048740709
12.93,1.19690562717579,-2.10903911512607,-0.944683225359173,-0.116083060504342,0.011354910581662,-0.0428924121530275,0.0450051770684963,-0.00440227677582231,0.0166293048740709
12.94,1.1957470468296,-2.10892578613409,-0.945111318015459,-0.115633008733657,0.0113108878139038,-0.0427261191042868,0.0450051770684963,-0.00440227677582231,0.0166293048740709
12.95,1.19459296700112,-2.10881289736979,-0.945537747741258,-0.115182956962972,0.0112668650461456,-0.0425598260555461,0.0450051770684963,-0.00440227677582231,0.0166293048740709
12.96,1.19344338769034,-2.10870044883317,-0.94596251453657,-0.114732905192287,0.0112228422783873,-0.0423935330068054,0.0450051770684963,-0.00440227677582231,0.0166293048740709
12.97,1.19229830889727,-2.10858844052422,-0.946385618401394,-0.114282853421603,0.0111788195106291,-0.0422272399580647,0.0450051770684963,-0.00440227677582231,0.0166293048740709
12.98,1.19115773062191,-2.10847687244295,-0.946807059335732,-0.113832801650918,0.0111347967428709,-0.0420609469093239,0.0450051770684963,-0.00440227677582231,0.0166293048740709
12.99,1.19002165286425,-2.10836574458936,-0.947226837339581,-0.113382749880233,0.0110907739751127,-0.0418946538605832,0.0450051770684963,-0.00440227677582231,0.0166293048740709
13,1.1888900756243,-2.10825505696345,-0.947644952412943,-0.112932698109548,0.0110467512073545,-0.0417283608118425,0.0450051770684963,-0.00440227677582231,0.0166293048740709
13.01,1.18776299890206,-2.10814480956522,-0.948061404555818,-0.112482646338863,0.0110027284395962,-0.0415620677631018,0.0450051770684963,-0.00440227677582231,0.0166293048740709
13.02,1.18664042269753,-2.10803500239466,-0.948476193768205,-0.112032594568178,0.010958705671838,-0.0413957747143611,0.0450051770684963,-0.00440227677582231,0.0166293048740709
13.03,1.1855223470107,-2.10792563545178,-0.948889320050105,-0.111582542797493,0.0109146829040798,-0.0412294816656204,0.0450051770684963,-0.00440227677582231,0.0166293048740709
13.04,1.18440877184158,-2.10781670873658,-0.949300783401518,-0.111132491026808,0.0108706601363216,-0.0410631886168797,0.0450051770684963,-0.00440227677582231,0.0166293048740709
13.05,1.18329969719016,-2.10770822224905,-0.949710583822443,-0.110682439256123,0.0108266373685633,-0.040896895568139,0.0450051770684963,-0.00440227677582231,0.0166293048740709
13.06,1.18219512305645,-2.10760017598921,-0.95011872131288,-0.110232387485438,0.0107826146008051,-0.0407306025193983,0.0450051770684963,-0.00440227677582231,0.0166293048740709
13.07,1.18109504944045,-2.10749256995704,-0.950525195872831,-0.109782335714753,0.0107385918330469,-0.0405643094706576,0.0450051770684963,-0.00440227677582231,0.0166293048740709
13.08,1.17999947634216,-2.10738540415255,-0.950930007502294,-0.109332283944068,0.0106945690652887,-0.0403980164219169,0.0450051770684963,-0.00440227677582231,0.0166293048740709
13.09,1.17890840376157,-2.10727867857573,-0.951333156201269,-0.108882232173383,0.0106505462975305,-0.0402317233731762,0.0450051770684963,-0.00440227677582231,0.0166293048740709
13.1,1.17782183169869,-2.1071723932266,-0.951734641969757,-0.108432180402698,0.0106065235297722,-0.0400654303244354,0.0450051770684963,-0.00440227677582231,0.0166293048740709
13.11,1.17673976015352,-2.10706654810514,-0.952134464807758,-0.107982128632013,0.010562500762014,-0.0398991372756947,0.0450051770684963,-0.00440227677582231,0.0166293048740709
13.12,1.17566218912605,-2.10696114321136,-0.952532624715271,-0.107532076861328,0.0105184779942558,-0.039732844226954,0.0450051770684963,-0.00440227677582231,0.0166293048740709
13.13,1.17458911861629,-2.10685617854525,-0.952929121692297,-0.107082025090643,0.0104744552264976,-0.0395665511782133,0.0450051770684963,-0.00440227677582231,0.0166293048740709
13.14,1.17352054862424,-2.10675165410683,-0.953323955738835,-0.106631973319958,0.0104304324587393,-0.0394002581294726,0.0450051770684963,-0.00440227677582231,0.0166293048740709
13.15,1.17245647914989,-2.10664756989608,-0.953717126854886,-0.106181921549273,0.0103864096909811,-0.0392339650807319,0.0450051770684963,-0.00440227677582231,0.0166293048740709
13.16,1.17139691019325,-2.10654392591301,-0.95410863504045,-0.105731869778588,0.0103423869232229,-0.0390676720319912,0.0450051770684963,-0.00440227677582231,0.0166293048740709
13.17,1.17034184175432,-2.10644072215761,-0.954498480295526,-0.105281818007903,0.0102983641554647,-0.0389013789832505,0.0450051770684963,-0.00440227677582231,0.0166293048740709
13.18,1.16929127383309,-2.1063379586299,-0.954886662620115,-0.104831766237218,0.0102543413877064,-0.0387350859345098,0.0450051770684963,-0.00440227677582231,0.0166293048740709
13.19,1.16824520642958,-2.10623563532986,-0.955273182014216,-0.104381714466533,0.0102103186199482,-0.0385687928857691,0.0450051770684963,-0.00440227677582231,0.0166293048740709
13.2,1.16720363954376,-2.1061337522575,-0.95565803847783,-0.103931662695848,0.01016629585219,-0.0384024998370284,0.0450051770684963,-0.00440227677582231,0.0166293048740709
13.21,1.16616657317566,-2.10603230941281,-0.956041232010957,-0.103481610925163,0.0101222730844318,-0.0382362067882876,0.0450051770684963,-0.00440227677582231,0.0166293048740709
13.22,1.16513400732526,-2.10593130679581,-0.956422762613596,-0.103031559154478,0.0100782503166736,-0.038069913739547,0.0450051770684963,-0.00440227677582231,0.0166293048740709
13.23,1.16410594199257,-2.10583074440648,-0.956802630285748,-0.102581507383793,0.0100342275489153,-0.0379036206908062,0.0450051770684963,-0.00440227677582231,0.0166293048740709
13.24,1.16308237717758,-2.10573062224483,-0.957180835027412,-0.102131455613108,0.0099902047811571,-0.0377373276420655,0.0450051770684963,-0.00440227677582231,0.0166293048740709
13.25,1.16206331288031,-2.10563094031086,-0.957557376838589,-0.101681403842424,0.00994618201339888,-0.0375710345933248,0.0450051770684963,-0.00440227677582231,0.0166293048740709
13.26,1.16104874910074,-2.10553169860456,-0.957932255719279,-0.101231352071739,0.00990215924564066,-0.0374047415445841,0.0450051770684963,-0.00440227677582231,0.0166293048740709
13.27,1.16003868583887,-2.10543289712595,-0.958305471669481,-0.100781300301054,0.00985813647788244,-0.0372384484958434,0.0450051770684963,-0.00440227677582231,0.0166293048740709
13.28,1.15903312309471,-2.10533453587501,-0.958677024689195,-0.100331248530369,0.00981411371012422,-0.0370721554471027,0.0450051770684963,-0.00440227677582231,0.0166293048740709
13.29,1.15803206086826,-2.10523661485174,-0.959046914778423,-0.0998811967596837,0.00977009094236599,-0.036905862398362,0.0450051770684963,-0.00440227677582231,0.0166293048740709
13.3,1.15703549915952,-2.10513913405616,-0.959415141937163,-0.0994311449889987,0.00972606817460776,-0.0367395693496213,0.0450051770684963,-0.00440227677582231,0.0166293048740709
13.31,1.15604343796848,-2.10504209348825,-0.959781706165415,-0.0989810932183137,0.00968204540684954,-0.0365732763008806,0.0450051770684963,-0.00440227677582231,0.0166293048740709
13.32,1.15505587729515,-2.10494549314802,-0.96014660746318,-0.0985310414476288,0.00963802263909132,-0.0364069832521398,0.0450051770684963,-0.00440227677582231,0.0166293048740709
13.33,1.15407281713953,-2.10484933303547,-0.960509845830458,-0.0980809896769438,0.0095939998713331,-0.0362406902033991,0.0450051770684963,-0.00440227677582231,0.0166293048740709
13.34,1.15309425750162,-2.10475361315059,-0.960871421267248,-0.0976309379062589,0.00954997710357488,-0.0360743971546584,0.0450051770684963,-0.00440227677582231,0.0166293048740709
13.35,1.15212019838141,-2.1046583334934,-0.961231333773551,-0.0971808861355739,0.00950595433581665,-0.0359081041059177,0.0450051770684963,-0.00440227677582231,0.0166293048740709
13.36,1.1511506397789,-2.10456349406388,-0.961589583349367,-0.096730834364889,0.00946193156805843,-0.035741811057177,0.0450051770684963,-0.00440227677582231,0.0166293048740709
13.37,1.15018558169411,-2.10446909486204,-0.961946169994695,-0.0962807825942039,0.0094179088003002,-0.0355755180084363,0.0450051770684963,-0.00440227677582231,0.0166293048740709
13.38,1.14922502412702,-2.10437513588787,-0.962301093709535,-0.095830730823519,0.00937388603254199,-0.0354092249596956,0.0450051770684963,-0.00440227677582231,0.0166293048740709
13.39,1.14826896707764,-2.10428161714139,-0.962654354493889,-0.095380679052834,0.00932986326478376,-0.0352429319109549,0.0450051770684963,-0.00440227677582231,0.0166293048740709
13.4,1.14731741054596,-2.10418853862258,-0.963005952347755,-0.0949306272821491,0.00928584049702553,-0.0350766388622142,0.0450051770684963,-0.00440227677582231,0.0166293048740709
13.41,1.146370354532,-2.10409590033145,-0.963355887271133,-0.0944805755114641,0.00924181772926731,-0.0349103458134735,0.0450051770684963,-0.00440227677582231,0.0166293048740709
13.42,1.14542779903573,-2.10400370226799,-0.963704159264024,-0.0940305237407792,0.00919779496150909,-0.0347440527647328,0.0450051770684963,-0.00440227677582231,0.0166293048740709
13.43,1.14448974405718,-2.10391194443221,-0.964050768326428,-0.0935804719700942,0.00915377219375087,-0.0345777597159921,0.0450051770684963,-0.00440227677582231,0.0166293048740709
13.44,1.14355618959633,-2.10382062682412,-0.964395714458344,-0.0931304201994092,0.00910974942599265,-0.0344114666672514,0.0450051770684963,-0.00440227677582231,0.0166293048740709
13.45,1.14262713565319,-2.1037297494437,-0.964738997659773,-0.0926803684287243,0.00906572665823442,-0.0342451736185106,0.0450051770684963,-0.00440227677582231,0.0166293048740709
13.46,1.14170258222776,-2.10363931229095,-0.965080617930714,-0.0922303166580393,0.00902170389047619,-0.0340788805697699,0.0450051770684963,-0.00440227677582231,0.0166293048740709
13.47,1.14078252932003,-2.10354931536589,-0.965420575271168,-0.0917802648873544,0.00897768112271798,-0.0339125875210292,0.0450051770684963,-0.00440227677582231,0.0166293048740709
13.48,1.13986697693001,-2.1034597586685,-0.965758869681135,-0.0913302131166693,0.00893365835495975,-0.0337462944722885,0.0450051770684963,-0.00440227677582231,0.0166293048740709
13.49,1.1389559250577,-2.10337064219879,-0.966095501160614,-0.0908801613459844,0.00888963558720153,-0.0335800014235478,0.0450051770684963,-0.00440227677582231,0.0166293048740709
13.5,1.13804937370309,-2.10328196595675,-0.966430469709606,-0.0904301095752994,0.00884561281944331,-0.0334137083748071,0.0450051770684963,-0.00440227677582231,0.0166293048740709
13.51,1.13714732286619,-2.1031937299424,-0.96676377532811,-0.0899800578046145,0.00880159005168508,-0.0332474153260664,0.0450051770684963,-0.00440227677582231,0.0166293048740709
13.52,1.136249772547,-2.10310593415572,-0.967095418016127,-0.0895300060339295,0.00875756728392686,-0.0330811222773257,0.0450051770684963,-0.00440227677582231,0.0166293048740709
13.53,1.13535672274551,-2.10301857859672,-0.967425397773656,-0.0890799542632446,0.00871354451616864,-0.032914829228585,0.0450051770684963,-0.00440227677582231,0.0166293048740709
13.54,1.13446817346173,-2.1029316632654,-0.967753714600699,-0.0886299024925596,0.00866952174841042,-0.0327485361798443,0.0450051770684963,-0.00440227677582231,0.0166293048740709
13.55,1.13358412469566,-2.10284518816175,-0.968080368497253,-0.0881798507218746,0.00862549898065219,-0.0325822431311035,0.0450051770684963,-0.00440227677582231,0.0166293048740709
13.56,1.1327045764473,-2.10275915328578,-0.968405359463321,-0.0877297989511896,0.00858147621289397,-0.0324159500823628,0.0450051770684963,-0.00440227677582231,0.0166293048740709
13.57,1.13182952871664,-2.10267355863749,-0.968728687498901,-0.0872797471805047,0.00853745344513574,-0.0322496570336221,0.0450051770684963,-0.00440227677582231,0.0166293048740709
13.58,1.13095898150369,-2.10258840421688,-0.969050352603993,-0.0868296954098197,0.00849343067737752,-0.0320833639848814,0.0450051770684963,-0.00440227677582231,0.0166293048740709
13.59,1.13009293480844,-2.10250369002395,-0.969370354778598,-0.0863796436391348,0.0084494079096193,-0.0319170709361407,0.0450051770684963,-0.00440227677582231,0.0166293048740709
13.6,1.1292313886309,-2.10241941605869,-0.969688694022716,-0.0859295918684498,0.00840538514186108,-0.0317507778874,0.0450051770684963,-0.00440227677582231,0.0166293048740709
13.61,1.12837434297107,-2.10233558232111,-0.970005370336346,-0.0854795400977649,0.00836136237410285,-0.0315844848386593,0.0450051770684963,-0.00440227677582231,0.0166293048740709
13.62,1.12752179782895,-2.10225218881121,-0.970320383719489,-0.0850294883270799,0.00831733960634463,-0.0314181917899186,0.0450051770684963,-0.00440227677582231,0.0166293048740709
13.63,1.12667375320453,-2.10216923552898,-0.970633734172145,-0.084579436556395,0.00827331683858641,-0.0312518987411779,0.0450051770684963,-0.00440227677582231,0.0166293048740709
13.64,1.12583020909782,-2.10208672247443,-0.970945421694313,-0.0841293847857099,0.00822929407082818,-0.0310856056924372,0.0450051770684963,-0.00440227677582231,0.0166293048740709
13.65,1.12499116550882,-2.10200464964756,-0.971255446285993,-0.083679333015025,0.00818527130306996,-0.0309193126436965,0.0450051770684963,-0.00440227677582231,0.0166293048740709
13.66,1.12415662243752,-2.10192301704837,-0.971563807947187,-0.08322928124434,0.00814124853531174,-0.0307530195949557,0.0450051770684963,-0.00440227677582231,0.0166293048740709
13.67,1.12332657988393,-2.10184182467686,-0.971870506677892,-0.0827792294736551,0.00809722576755351,-0.030586726546215,0.0450051770684963,-0.00440227677582231,0.0166293048740709
13.68,1.12250103784805,-2.10176107253302,-0.972175542478111,-0.0823291777029701,0.00805320299979529,-0.0304204334974743,0.0450051770684963,-0.00440227677582231,0.0166293048740709
13.69,1.12167999632987,-2.10168076061686,-0.972478915347842,-0.0818791259322852,0.00800918023203707,-0.0302541404487336,0.0450051770684963,-0.00440227677582231,0.0166293048740709
13.7,1.1208634553294,-2.10160088892838,-0.972780625287086,-0.0814290741616002,0.00796515746427885,-0.0300878473999929,0.0450051770684963,-0.00440227677582231,0.0166293048740709
13.71,1.12005141484664,-2.10152145746758,-0.973080672295842,-0.0809790223909152,0.00792113469652062,-0.0299215543512522,0.0450051770684963,-0.00440227677582231,0.0166293048740709
13.72,1.11924387488158,-2.10144246623445,-0.973379056374111,-0.0805289706202302,0.0078771119287624,-0.0297552613025115,0.0450051770684963,-0.00440227677582231,0.0166293048740709
13.73,1.11844083543423,-2.101363915229,-0.973675777521892,-0.0800789188495453,0.00783308916100417,-0.0295889682537708,0.0450051770684963,-0.00440227677582231,0.0166293048740709
13.74,1.11764229650459,-2.10128580445123,-0.973970835739186,-0.0796288670788603,0.00778906639324595,-0.0294226752050301,0.0450051770684963,-0.00440227677582231,0.0166293048740709
13.75,1.11684825809266,-2.10120813390114,-0.974264231025993,-0.0791788153081754,0.00774504362548773,-0.0292563821562894,0.0450051770684963,-0.00440227677582231,0.0166293048740709
13.76,1.11605872019843,-2.10113090357872,-0.974555963382312,-0.0787287635374904,0.00770102085772951,-0.0290900891075487,0.0450051770684963,-0.00440227677582231,0.0166293048740709
13.77,1.11527368282191,-2.10105411348398,-0.974846032808144,-0.0782787117668055,0.00765699808997128,-0.028923796058808,0.0450051770684963,-0.00440227677582231,0.0166293048740709
13.78,1.11449314596309,-2.10097776361692,-0.975134439303488,-0.0778286599961205,0.00761297532221306,-0.0287575030100672,0.0450051770684963,-0.00440227677582231,0.0166293048740709
13.79,1.11371710962198,-2.10090185397754,-0.975421182868345,-0.0773786082254355,0.00756895255445484,-0.0285912099613265,0.0450051770684963,-0.00440227677582231,0.0166293048740709
13.8,1.11294557379858,-2.10082638456583,-0.975706263502714,-0.0769285564547505,0.00752492978669661,-0.0284249169125858,0.0450051770684963,-0.00440227677582231,0.0166293048740709
13.81,1.11217853849289,-2.1007513553818,-0.975989681206597,-0.0764785046840656,0.00748090701893839,-0.0282586238638451,0.0450051770684963,-0.00440227677582231,0.0166293048740709
13.82,1.1114160037049,-2.10067676642545,-0.976271435979991,-0.0760284529133806,0.00743688425118017,-0.0280923308151044,0.0450051770684963,-0.00440227677582231,0.0166293048740709
13.83,1.11065796943462,-2.10060261769678,-0.976551527822899,-0.0755784011426957,0.00739286148342194,-0.0279260377663637,0.0450051770684963,-0.00440227677582231,0.0166293048740709
13.84,1.10990443568205,-2.10052890919579,-0.976829956735319,-0.0751283493720107,0.00734883871566372,-0.027759744717623,0.0450051770684963,-0.00440227677582231,0.0166293048740709
13.85,1.10915540244718,-2.10045564092247,-0.977106722717251,-0.0746782976013257,0.0073048159479055,-0.0275934516688823,0.0450051770684963,-0.00440227677582231,0.0166293048740709
13.86,1.10841086973002,-2.10038281287683,-0.977381825768696,-0.0742282458306408,0.00726079318014728,-0.0274271586201416,0.0450051770684963,-0.00440227677582231,0.0166293048740709
13.87,1.10767083753057,-2.10031042505886,-0.977655265889654,-0.0737781940599558,0.00721677041238906,-0.0272608655714009,0.0450051770684963,-0.00440227677582231,0.0166293048740709
13.88,1.10693530584882,-2.10023847746858,-0.977927043080124,-0.0733281422892709,0.00717274764463083,-0.0270945725226602,0.0450051770684963,-0.00440227677582231,0.0166293048740709
13.89,1.10620427468478,-2.10016697010597,-0.978197157340107,-0.0728780905185858,0.0071287248768726,-0.0269282794739194,0.0450051770684963,-0.00440227677582231,0.0166293048740709
13.9,1.10547774403845,-2.10009590297104,-0.978465608669603,-0.0724280387479009,0.00708470210911438,-0.0267619864251787,0.0450051770684963,-0.00440227677582231,0.0166293048740709
13.91,1.10475571390983,-2.10002527606379,-0.978732397068611,-0.0719779869772159,0.00704067934135616,-0.026595693376438,0.0450051770684963,-0.00440227677582231,0.0166293048740709
13.92,1.10403818429891,-2.09995508938421,-0.978997522537131,-0.071527935206531,0.00699665657359794,-0.0264294003276973,0.0450051770684963,-0.00440227677582231,0.0166293048740709
13.93,1.10332515520569,-2.09988534293232,-0.979260985075165,-0.071077883435846,0.00695263380583971,-0.0262631072789566,0.0450051770684963,-0.00440227677582231,0.0166293048740709
13.94,1.10261662663019,-2.0998160367081,-0.979522784682711,-0.0706278316651611,0.00690861103808149,-0.0260968142302159,0.0450051770684963,-0.00440227677582231,0.0166293048740709
13.95,1.10191259857239,-2.09974717071156,-0.979782921359769,-0.0701777798944761,0.00686458827032327,-0.0259305211814752,0.0450051770684963,-0.00440227677582231,0.0166293048740709
13.96,1.1012130710323,-2.09967874494269,-0.98004139510634,-0.0697277281237911,0.00682056550256504,-0.0257642281327345,0.0450051770684963,-0.00440227677582231,0.0166293048740709
13.97,1.10051804400992,-2.0996107594015,-0.980298205922424,-0.0692776763531061,0.00677654273480682,-0.0255979350839938,0.0450051770684963,-0.00440227677582231,0.0166293048740709
13.98,1.09982751750524,-2.099543214088,-0.98055335380802,-0.0688276245824212,0.0067325199670486,-0.0254316420352531,0.0450051770684963,-0.00440227677582231,0.0166293048740709
13.99,1.09914149151827,-2.09947610900216,-0.980806838763129,-0.0683775728117362,0.00668849719929037,-0.0252653489865123,0.0450051770684963,-0.00440227677582231,0.0166293048740709
14,1.098459966049,-2.09940944414401,-0.98105866078775,-0.0679275210410513,0.00664447443153215,-0.0250990559377716,0.0450051770684963,-0.00440227677582231,0.0166293048740709
14.01,1.09778294109745,-2.09934321951353,-0.981308819881884,-0.0674774692703663,0.00660045166377393,-0.0249327628890309,0.0450051770684963,-0.00440227677582231,0.0166293048740709
14.02,1.0971104166636,-2.09927743511073,-0.981557316045531,-0.0670274174996814,0.00655642889601571,-0.0247664698402902,0.0450051770684963,-0.00440227677582231,0.0166293048740709
14.03,1.09644239274745,-2.09921209093561,-0.98180414927869,-0.0665773657289964,0.00651240612825749,-0.0246001767915495,0.0450051770684963,-0.00440227677582231,0.0166293048740709
14.04,1.09577886934902,-2.09914718698817,-0.982049319581362,-0.0661273139583115,0.00646838336049926,-0.0244338837428088,0.0450051770684963,-0.00440227677582231,0.0166293048740709
14.05,1.09511984646829,-2.0990827232684,-0.982292826953546,-0.0656772621876264,0.00642436059274103,-0.0242675906940681,0.0450051770684963,-0.00440227677582231,0.0166293048740709
14.06,1.09446532410526,-2.09901869977631,-0.982534671395243,-0.0652272104169415,0.00638033782498281,-0.0241012976453274,0.0450051770684963,-0.00440227677582231,0.0166293048740709
14.07,1.09381530225995,-2.0989551165119,-0.982774852906453,-0.0647771586462565,0.00633631505722459,-0.0239350045965867,0.0450051770684963,-0.00440227677582231,0.0166293048740709
14.08,1.09316978093234,-2.09889197347517,-0.983013371487175,-0.0643271068755716,0.00629229228946637,-0.023768711547846,0.0450051770684963,-0.00440227677582231,0.0166293048740709
14.09,1.09252876012244,-2.09882927066611,-0.98325022713741,-0.0638770551048866,0.00624826952170815,-0.0236024184991053,0.0450051770684963,-0.00440227677582231,0.0166293048740709
14.1,1.09189223983024,-2.09876700808474,-0.983485419857157,-0.0634270033342017,0.00620424675394992,-0.0234361254503646,0.0450051770684963,-0.00440227677582231,0.0166293048740709
14.11,1.09126022005575,-2.09870518573103,-0.983718949646417,-0.0629769515635167,0.0061602239861917,-0.0232698324016239,0.0450051770684963,-0.00440227677582231,0.0166293048740709
14.12,1.09063270079897,-2.09864380360501,-0.98395081650519,-0.0625268997928318,0.00611620121843348,-0.0231035393528831,0.0450051770684963,-0.00440227677582231,0.0166293048740709
14.13,1.0900096820599,-2.09858286170667,-0.984181020433475,-0.0620768480221468,0.00607217845067526,-0.0229372463041424,0.0450051770684963,-0.00440227677582231,0.0166293048740709
14.14,1.08939116383853,-2.098522360036,-0.984409561431272,-0.0616267962514618,0.00602815568291703,-0.0227709532554017,0.0450051770684963,-0.00440227677582231,0.0166293048740709
14.15,1.08877714613487,-2.09846229859301,-0.984636439498583,-0.0611767444807768,0.00598413291515881,-0.022604660206661,0.0450051770684963,-0.00440227677582231,0.0166293048740709
14.16,1.08816762894891,-2.09840267737769,-0.984861654635406,-0.0607266927100919,0.00594011014740058,-0.0224383671579203,0.0450051770684963,-0.00440227677582231,0.0166293048740709
14.17,1.08756261228066,-2.09834349639006,-0.985085206841741,-0.0602766409394069,0.00589608737964236,-0.0222720741091796,0.0450051770684963,-0.00440227677582231,0.0166293048740709
14.18,1.08696209613012,-2.0982847556301,-0.985307096117589,-0.0598265891687219,0.00585206461188414,-0.0221057810604389,0.0450051770684963,-0.00440227677582231,0.0166293048740709
14.19,1.08636608049729,-2.09822645509782,-0.98552732246295,-0.059376537398037,0.00580804184412592,-0.0219394880116982,0.0450051770684963,-0.00440227677582231,0.0166293048740709
14.2,1.08577456538216,-2.09816859479322,-0.985745885877823,-0.058926485627352,0.00576401907636769,-0.0217731949629575,0.0450051770684963,-0.00440227677582231,0.0166293048740709
14.21,1.08518755078474,-2.09811117471629,-0.985962786362209,-0.058476433856667,0.00571999630860947,-0.0216069019142167,0.0450051770684963,-0.00440227677582231,0.0166293048740709
14.22,1.08460503670503,-2.09805419486705,-0.986178023916108,-0.0580263820859821,0.00567597354085124,-0.021440608865476,0.0450051770684963,-0.00440227677582231,0.0166293048740709
14.23,1.08402702314302,-2.09799765524548,-0.986391598539519,-0.0575763303152971,0.00563195077309302,-0.0212743158167353,0.0450051770684963,-0.00440227677582231,0.0166293048740709
14.24,1.08345351009872,-2.09794155585159,-0.986603510232442,-0.0571262785446121,0.0055879280053348,-0.0211080227679946,0.0450051770684963,-0.00440227677582231,0.0166293048740709
14.25,1.08288449757213,-2.09788589668537,-0.986813758994878,-0.0566762267739272,0.00554390523757658,-0.0209417297192539,0.0450051770684963,-0.00440227677582231,0.0166293048740709
14.26,1.08231998556325,-2.09783067774683,-0.987022344826827,-0.0562261750032422,0.00549988246981835,-0.0207754366705132,0.0450051770684963,-0.00440227677582231,0.0166293048740709
14.27,1.08175997407207,-2.09777589903597,-0.987229267728289,-0.0557761232325573,0.00545585970206013,-0.0206091436217725,0.0450051770684963,-0.00440227677582231,0.0166293048740709
14.28,1.08120446309859,-2.09772156055279,-0.987434527699263,-0.0553260714618723,0.00541183693430191,-0.0204428505730318,0.0450051770684963,-0.00440227677582231,0.0166293048740709
14.29,1.08065345264283,-2.09766766229729,-0.987638124739749,-0.0548760196911874,0.00536781416654369,-0.0202765575242911,0.0450051770684963,-0.00440227677582231,0.0166293048740709
14.3,1.08010694270477,-2.09761420426946,-0.987840058849749,-0.0544259679205023,0.00532379139878546,-0.0201102644755504,0.0450051770684963,-0.00440227677582231,0.0166293048740709
14.31,1.07956493328442,-2.09756118646931,-0.98804033002926,-0.0539759161498174,0.00527976863102724,-0.0199439714268097,0.0450051770684963,-0.00440227677582231,0.0166293048740709
14.32,1.07902742438177,-2.09750860889684,-0.988238938278285,-0.0535258643791324,0.00523574586326901,-0.019777678378069,0.0450051770684963,-0.00440227677582231,0.0166293048740709
14.33,1.07849441599684,-2.09745647155205,-0.988435883596822,-0.0530758126084475,0.00519172309551079,-0.0196113853293282,0.0450051770684963,-0.00440227677582231,0.0166293048740709
14.34,1.07796590812961,-2.09740477443493,-0.988631165984871,-0.0526257608377625,0.00514770032775257,-0.0194450922805875,0.0450051770684963,-0.00440227677582231,0.0166293048740709
14.35,1.07744190078008,-2.09735351754549,-0.988824785442433,-0.0521757090670776,0.00510367755999435,-0.0192787992318468,0.0450051770684963,-0.00440227677582231,0.0166293048740709
14.36,1.07692239394826,-2.09730270088373,-0.989016741969508,-0.0517256572963926,0.00505965479223613,-0.0191125061831061,0.0450051770684963,-0.00440227677582231,0.0166293048740709
14.37,1.07640738763415,-2.09725232444965,-0.989207035566096,-0.0512756055257077,0.0050156320244779,-0.0189462131343654,0.0450051770684963,-0.00440227677582231,0.0166293048740709
14.38,1.07589688183775,-2.09720238824324,-0.989395666232196,-0.0508255537550227,0.00497160925671968,-0.0187799200856247,0.0450051770684963,-0.00440227677582231,0.0166293048740709
14.39,1.07539087655905,-2.09715289226451,-0.989582633967808,-0.0503755019843377,0.00492758648896145,-0.018613627036884,0.0450051770684963,-0.00440227677582231,0.0166293048740709
14.4,1.07488937179806,-2.09710383651346,-0.989767938772933,-0.0499254502136527,0.00488356372120323,-0.0184473339881433,0.0450051770684963,-0.00440227677582231,0.0166293048740709
14.41,1.07439236755478,-2.09705522099009,-0.989951580647571,-0.0494753984429678,0.00483954095344501,-0.0182810409394026,0.0450051770684963,-0.00440227677582231,0.0166293048740709
14.42,1.0738998638292,-2.09700704569439,-0.990133559591721,-0.0490253466722828,0.00479551818568678,-0.0181147478906619,0.0450051770684963,-0.00440227677582231,0.0166293048740709
14.43,1.07341186062133,-2.09695931062638,-0.990313875605384,-0.0485752949015979,0.00475149541792856,-0.0179484548419212,0.0450051770684963,-0.00440227677582231,0.0166293048740709
14.44,1.07292835793117,-2.09691201578603,-0.99049252868856,-0.0481252431309129,0.00470747265017034,-0.0177821617931805,0.0450051770684963,-0.00440227677582231,0.0166293048740709
14.45,1.07244935575872,-2.09686516117337,-0.990669518841248,-0.047675191360228,0.00466344988241212,-0.0176158687444398,0.0450051770684963,-0.00440227677582231,0.0166293048740709
14.46,1.07197485410397,-2.09681874678839,-0.990844846063448,-0.0472251395895429,0.00461942711465389,-0.017449575695699,0.0450051770684963,-0.00440227677582231,0.0166293048740709
14.47,1.07150485296692,-2.09677277263108,-0.991018510355162,-0.046775087818858,0.00457540434689567,-0.0172832826469583,0.0450051770684963,-0.00440227677582231,0.0166293048740709
14.48,1.07103935234759,-2.09672723870145,-0.991190511716388,-0.046325036048173,0.00453138157913744,-0.0171169895982176,0.0450051770684963,-0.00440227677582231,0.0166293048740709
14.49,1.07057835224596,-2.0966821449995,-0.991360850147126,-0.0458749842774881,0.00448735881137922,-0.0169506965494769,0.0450051770684963,-0.00440227677582231,0.0166293048740709
14.5,1.07012185266204,-2.09663749152522,-0.991529525647377,-0.0454249325068031,0.004443336043621,-0.0167844035007362,0.0450051770684963,-0.00440227677582231,0.0166293048740709
14.51,1.06966985359583,-2.09659327827862,-0.991696538217141,-0.0449748807361182,0.00439931327586278,-0.0166181104519955,0.0450051770684963,-0.00440227677582231,0.0166293048740709
14.52,1.06922235504732,-2.0965495052597,-0.991861887856417,-0.0445248289654332,0.00435529050810456,-0.0164518174032548,0.0450051770684963,-0.00440227677582231,0.0166293048740709
14.53,1.06877935701652,-2.09650617246846,-0.992025574565206,-0.0440747771947482,0.00431126774034633,-0.0162855243545141,0.0450051770684963,-0.00440227677582231,0.0166293048740709
14.54,1.06834085950342,-2.0964632799049,-0.992187598343507,-0.0436247254240633,0.00426724497258811,-0.0161192313057734,0.0450051770684963,-0.00440227677582231,0.0166293048740709
14.55,1.06790686250804,-2.09642082756901,-0.992347959191321,-0.0431746736533783,0.00422322220482988,-0.0159529382570326,0.0450051770684963,-0.00440227677582231,0.0166293048740709
14.56,1.06747736603035,-2.0963788154608,-0.992506657108648,-0.0427246218826933,0.00417919943707166,-0.0157866452082919,0.0450051770684963,-0.00440227677582231,0.0166293048740709
14.57,1.06705237007038,-2.09633724358027,-0.992663692095487,-0.0422745701120084,0.00413517666931344,-0.0156203521595512,0.0450051770684963,-0.00440227677582231,0.0166293048740709
14.58,1.06663187462811,-2.09629611192741,-0.992819064151839,-0.0418245183413234,0.00409115390155522,-0.0154540591108105,0.0450051770684963,-0.00440227677582231,0.0166293048740709
14.59,1.06621587970356,-2.09625542050224,-0.992972773277704,-0.0413744665706384,0.00404713113379699,-0.0152877660620698,0.0450051770684963,-0.00440227677582231,0.0166293048740709
14.6,1.0658043852967,-2.09621516930474,-0.993124819473081,-0.0409244147999535,0.00400310836603877,-0.0151214730133291,0.0450051770684963,-0.00440227677582231,0.0166293048740709
14.61,1.06539739140756,-2.09617535833492,-0.99327520273797,-0.0404743630292685,0.00395908559828055,-0.0149551799645884,0.0450051770684963,-0.00440227677582231,0.0166293048740709
14.62,1.06499489803612,-2.09613598759277,-0.993423923072372,-0.0400243112585836,0.00391506283052233,-0.0147888869158477,0.0450051770684963,-0.00440227677582231,0.0166293048740709
14.63,1.06459690518238,-2.09609705707831,-0.993570980476287,-0.0395742594878985,0.0038710400627641,-0.014622593867107,0.0450051770684963,-0.00440227677582231,0.0166293048740709
14.64,1.06420341284636,-2.09605856679152,-0.993716374949714,-0.0391242077172136,0.00382701729500587,-0.0144563008183663,0.0450051770684963,-0.00440227677582231,0.0166293048740709
14.65,1.06381442102804,-2.09602051673241,-0.993860106492654,-0.0386741559465286,0.00378299452724765,-0.0142900077696256,0.0450051770684963,-0.00440227677582231,0.0166293048740709
14.66,1.06342992972743,-2.09598290690097,-0.994002175105107,-0.0382241041758437,0.00373897175948943,-0.0141237147208849,0.0450051770684963,-0.00440227677582231,0.0166293048740709
14.67,1.06304993894452,-2.09594573729722,-0.994142580787072,-0.0377740524051587,0.00369494899173121,-0.0139574216721441,0.0450051770684963,-0.00440227677582231,0.0166293048740709
14.68,1.06267444867932,-2.09590900792114,-0.99428132353855,-0.0373240006344738,0.00365092622397299,-0.0137911286234034,0.0450051770684963,-0.00440227677582231,0.0166293048740709
14.69,1.06230345893183,-2.09587271877274,-0.99441840335954,-0.0368739488637888,0.00360690345621476,-0.0136248355746627,0.0450051770684963,-0.00440227677582231,0.0166293048740709
14.7,1.06193696970205,-2.09583686985201,-0.994553820250043,-0.0364238970931039,0.00356288068845654,-0.013458542525922,0.0450051770684963,-0.00440227677582231,0.0166293048740709
14.71,1.06157498098997,-2.09580146115897,-0.994687574210059,-0.0359738453224188,0.00351885792069831,-0.0132922494771813,0.0450051770684963,-0.00440227677582231,0.0166293048740709
14.72,1.0612174927956,-2.0957664926936,-0.994819665239587,-0.0355237935517339,0.00347483515294009,-0.0131259564284406,0.0450051770684963,-0.00440227677582231,0.0166293048740709
14.73,1.06086450511894,-2.09573196445591,-0.994950093338627,-0.0350737417810489,0.00343081238518187,-0.0129596633796999,0.0450051770684963,-0.00440227677582231,0.0166293048740709
14.74,1.06051601795998,-2.0956978764459,-0.995078858507181,-0.034623690010364,0.00338678961742365,-0.0127933703309592,0.0450051770684963,-0.00440227677582231,0.0166293048740709
14.75,1.06017203131873,-2.09566422866356,-0.995205960745247,-0.034173638239679,0.00334276684966542,-0.0126270772822185,0.0450051770684963,-0.00440227677582231,0.0166293048740709
14.76,1.05983254519519,-2.0956310211089,-0.995331400052825,-0.0337235864689941,0.0032987440819072,-0.0124607842334778,0.0450051770684963,-0.00440227677582231,0.0166293048740709
14.77,1.05949755958935,-2.09559825378192,-0.995455176429916,-0.0332735346983091,0.00325472131414898,-0.0122944911847371,0.0450051770684963,-0.00440227677582231,0.0166293048740709
14.78,1.05916707450122,-2.09556592668262,-0.99557728987652,-0.0328234829276242,0.00321069854639076,-0.0121281981359964,0.0450051770684963,-0.00440227677582231,0.0166293048740709
14.79,1.0588410899308,-2.09553403981099,-0.995697740392636,-0.0323734311569392,0.00316667577863253,-0.0119619050872557,0.0450051770684963,-0.00440227677582231,0.0166293048740709
14.8,1.05851960587808,-2.09550259316705,-0.995816527978265,-0.0319233793862542,0.0031226530108743,-0.0117956120385149,0.0450051770684963,-0.00440227677582231,0.0166293048740709
14.81,1.05820262234307,-2.09547158675078,-0.995933652633406,-0.0314733276155692,0.00307863024311608,-0.0116293189897742,0.0450051770684963,-0.00440227677582231,0.0166293048740709
14.82,1.05789013932577,-2.09544102056218,-0.99604911435806,-0.0310232758448843,0.00303460747535786,-0.0114630259410335,0.0450051770684963,-0.00440227677582231,0.0166293048740709
14.83,1.05758215682617,-2.09541089460127,-0.996162913152227,-0.0305732240741993,0.00299058470759964,-0.0112967328922928,0.0450051770684963,-0.00440227677582231,0.0166293048740709
14.84,1.05727867484429,-2.09538120886803,-0.996275049015906,-0.0301231723035144,0.00294656193984142,-0.0111304398435521,0.0450051770684963,-0.00440227677582231,0.0166293048740709
14.85,1.0569796933801,-2.09535196336247,-0.996385521949098,-0.0296731205328294,0.00290253917208319,-0.0109641467948114,0.0450051770684963,-0.00440227677582231,0.0166293048740709
14.86,1.05668521243363,-2.09532315808459,-0.996494331951802,-0.0292230687621445,0.00285851640432497,-0.0107978537460707,0.0450051770684963,-0.00440227677582231,0.0166293048740709
14.87,1.05639523200486,-2.09529479303439,-0.996601479024019,-0.0287730169914595,0.00281449363656675,-0.01063156069733,0.0450051770684963,-0.00440227677582231,0.0166293048740709
14.88,1.0561097520938,-2.09526686821186,-0.996706963165749,-0.0283229652207745,0.00277047086880852,-0.0104652676485892,0.0450051770684963,-0.00440227677582231,0.0166293048740709
14.89,1.05582877270045,-2.09523938361701,-0.996810784376991,-0.0278729134500895,0.0027264481010503,-0.0102989745998485,0.0450051770684963,-0.00440227677582231,0.0166293048740709
14.9,1.0555522938248,-2.09521233924984,-0.996912942657746,-0.0274228616794046,0.00268242533329208,-0.0101326815511078,0.0450051770684963,-0.00440227677582231,0.0166293048740709
14.91,1.05528031546686,-2.09518573511034,-0.997013438008013,-0.0269728099087196,0.00263840256553385,-0.00996638850236713,0.0450051770684963,-0.00440227677582231,0.0166293048740709
14.92,1.05501283762662,-2.09515957119853,-0.997112270427793,-0.0265227581380347,0.00259437979777563,-0.00980009545362642,0.0450051770684963,-0.00440227677582231,0.0166293048740709
14.93,1.0547498603041,-2.09513384751439,-0.997209439917086,-0.0260727063673497,0.00255035703001741,-0.00963380240488572,0.0450051770684963,-0.00440227677582231,0.0166293048740709
14.94,1.05449138349928,-2.09510856405793,-0.997304946475891,-0.0256226545966647,0.00250633426225919,-0.00946750935614501,0.0450051770684963,-0.00440227677582231,0.0166293048740709
14.95,1.05423740721216,-2.09508372082914,-0.997398790104209,-0.0251726028259798,0.00246231149450097,-0.00930121630740431,0.0450051770684963,-0.00440227677582231,0.0166293048740709
14.96,1.05398793144276,-2.09505931782804,-0.997490970802039,-0.0247225510552948,0.00241828872674274,-0.00913492325866357,0.0450051770684963,-0.00440227677582231,0.0166293048740709
14.97,1.05374295619106,-2.09503535505461,-0.997581488569382,-0.0242724992846098,0.00237426595898451,-0.00896863020992287,0.0450051770684963,-0.00440227677582231,0.0166293048740709
14.98,1.05350248145707,-2.09501183250886,-0.997670343406238,-0.0238224475139249,0.00233024319122629,-0.00880233716118216,0.0450051770684963,-0.00440227677582231,0.0166293048740709
14.99,1.05326650724078,-2.09498875019078,-0.997757535312606,-0.0233723957432399,0.00228622042346807,-0.00863604411244146,0.0450051770684963,-0.00440227677582231,0.0166293048740709
15,1.0530350335422,-2.09496610810039,-0.997843064288486,-0.0229223439725549,0.00224219765570985,-0.00846975106370075,0.0450051770684963,-0.00440227677582231,0.0166293048740709
15.01,1.05280806036133,-2.09494390623767,-0.99792693033388,-0.02247229220187,0.00219817488795162,-0.00830345801496005,0.0450051770684963,-0.00440227677582231,0.0166293048740709
15.02,1.05258558769816,-2.09492214460263,-0.998009133448786,-0.022022240431185,0.0021541521201934,-0.00813716496621934,0.0450051770684963,-0.00440227677582231,0.0166293048740709
15.03,1.0523676155527,-2.09490082319527,-0.998089673633204,-0.0215721886605001,0.00211012935243518,-0.00797087191747863,0.0450051770684963,-0.00440227677582231,0.0166293048740709
15.04,1.05215414392495,-2.09487994201558,-0.998168550887135,-0.0211221368898151,0.00206610658467696,-0.00780457886873793,0.0450051770684963,-0.00440227677582231,0.0166293048740709
15.05,1.05194517281491,-2.09485950106357,-0.998245765210579,-0.0206720851191301,0.00202208381691873,-0.00763828581999719,0.0450051770684963,-0.00440227677582231,0.0166293048740709
15.06,1.05174070222257,-2.09483950033924,-0.998321316603535,-0.0202220333484451,0.00197806104916051,-0.00747199277125649,0.0450051770684963,-0.00440227677582231,0.0166293048740709
15.07,1.05154073214794,-2.09481993984259,-0.998395205066004,-0.0197719815777602,0.00193403828140228,-0.00730569972251578,0.0450051770684963,-0.00440227677582231,0.0166293048740709
15.08,1.05134526259102,-2.09480081957361,-0.998467430597985,-0.0193219298070752,0.00189001551364406,-0.00713940667377508,0.0450051770684963,-0.00440227677582231,0.0166293048740709
15.09,1.0511542935518,-2.09478213953232,-0.99853799319948,-0.0188718780363903,0.00184599274588584,-0.00697311362503437,0.0450051770684963,-0.00440227677582231,0.0166293048740709
15.1,1.05096782503029,-2.0947638997187,-0.998606892870486,-0.0184218262657053,0.00180196997812762,-0.00680682057629367,0.0450051770684963,-0.00440227677582231,0.0166293048740709
15.11,1.05078585702648,-2.09474610013275,-0.998674129611005,-0.0179717744950204,0.0017579472103694,-0.00664052752755296,0.0450051770684963,-0.00440227677582231,0.0166293048740709
15.12,1.05060838954039,-2.09472874077449,-0.998739703421037,-0.0175217227243354,0.00171392444261117,-0.00647423447881226,0.0450051770684963,-0.00440227677582231,0.0166293048740709
15.13,1.050435422572,-2.0947118216439,-0.998803614300582,-0.0170716709536504,0.00166990167485294,-0.00630794143007152,0.0450051770684963,-0.00440227677582231,0.0166293048740709
15.14,1.05026695612131,-2.09469534274099,-0.998865862249639,-0.0166216191829654,0.00162587890709472,-0.00614164838133082,0.0450051770684963,-0.00440227677582231,0.0166293048740709
15.15,1.05010299018834,-2.09467930406576,-0.998926447268208,-0.0161715674122805,0.0015818561393365,-0.00597535533259011,0.0450051770684963,-0.00440227677582231,0.0166293048740709
15.16,1.04994352477307,-2.0946637056182,-0.99898536935629,-0.0157215156415955,0.00153783337157828,-0.00580906228384941,0.0450051770684963,-0.00440227677582231,0.0166293048740709
15.17,1.04978855987551,-2.09464854739833,-0.999042628513885,-0.0152714638709106,0.00149381060382006,-0.0056427692351087,0.0450051770684963,-0.00440227677582231,0.0166293048740709
15.18,1.04963809549565,-2.09463382940613,-0.999098224740993,-0.0148214121002256,0.00144978783606183,-0.00547647618636799,0.0450051770684963,-0.00440227677582231,0.0166293048740709
15.19,1.0494921316335,-2.09461955164161,-0.999152158037613,-0.0143713603295407,0.00140576506830361,-0.00531018313762729,0.0450051770684963,-0.00440227677582231,0.0166293048740709
15.2,1.04935066828906,-2.09460571410476,-0.999204428403745,-0.0139213085588557,0.00136174230054539,-0.00514389008888658,0.0450051770684963,-0.00440227677582231,0.0166293048740709
15.21,1.04921370546232,-2.0945923167956,-0.99925503583939,-0.0134712567881707,0.00131771953278716,-0.00497759704014585,0.0450051770684963,-0.00440227677582231,0.0166293048740709
15.22,1.0490812431533,-2.09457935971411,-0.999303980344548,-0.0130212050174857,0.00127369676502894,-0.00481130399140514,0.0450051770684963,-0.00440227677582231,0.0166293048740709
15.23,1.04895328136197,-2.0945668428603,-0.999351261919218,-0.0125711532468008,0.00122967399727071,-0.00464501094266444,0.0450051770684963,-0.00440227677582231,0.0166293048740709
15.24,1.04882982008836,-2.09455476623416,-0.999396880563401,-0.0121211014761158,0.00118565122951249,-0.00447871789392373,0.0450051770684963,-0.00440227677582231,0.0166293048740709
15.25,1.04871085933245,-2.09454312983571,-0.999440836277097,-0.0116710497054309,0.00114162846175427,-0.00431242484518303,0.0450051770684963,-0.00440227677582231,0.0166293048740709
15.26,1.04859639909425,-2.09453193366493,-0.999483129060305,-0.0112209979347459,0.00109760569399605,-0.00414613179644232,0.0450051770684963,-0.00440227677582231,0.0166293048740709
15.27,1.04848643937376,-2.09452117772183,-0.999523758913026,-0.010770946164061,0.00105358292623783,-0.00397983874770162,0.0450051770684963,-0.00440227677582231,0.0166293048740709
15.28,1.04838098017097,-2.0945108620064,-0.999562725835259,-0.010320894393376,0.0010095601584796,-0.00381354569896091,0.0450051770684963,-0.00440227677582231,0.0166293048740709
15.29,1.04828002148589,-2.09450098651866,-0.999600029827005,-0.00987084262269104,0.000965537390721382,-0.00364725265022021,0.0450051770684963,-0.00440227677582231,0.0166293048740709
15.3,1.04818356331852,-2.09449155125859,-0.999635670888263,-0.00942079085200601,0.000921514622963152,-0.00348095960147947,0.0450051770684963,-0.00440227677582231,0.0166293048740709
15.31,1.04809160566885,-2.0944825562262,-0.999669649019035,-0.00897073908132106,0.00087749185520493,-0.00331466655273877,0.0450051770684963,-0.00440227677582231,0.0166293048740709
15.32,1.04800414853689,-2.09447400142148,-0.999701964219318,-0.0085206873106361,0.000833469087446708,-0.00314837350399806,0.0450051770684963,-0.00440227677582231,0.0166293048740709
15.33,1.04792119192264,-2.09446588684445,-0.999732616489114,-0.00807063553995115,0.000789446319688485,-0.00298208045525735,0.0450051770684963,-0.00440227677582231,0.0166293048740709
15.34,1.04784273582609,-2.09445821249509,-0.999761605828423,-0.00762058376926619,0.000745423551930263,-0.00281578740651665,0.0450051770684963,-0.00440227677582231,0.0166293048740709
15.35,1.04776878024725,-2.09445097837341,-0.999788932237245,-0.00717053199858124,0.000701400784172041,-0.00264949435777594,0.0450051770684963,-0.00440227677582231,0.0166293048740709
15.36,1.04769932518612,-2.09444418447941,-0.999814595715579,-0.00672048022789629,0.000657378016413819,-0.00248320130903524,0.0450051770684963,-0.00440227677582231,0.0166293048740709
15.37,1.04763437064269,-2.09443783081308,-0.999838596263426,-0.00627042845721133,0.000613355248655597,-0.00231690826029453,0.0450051770684963,-0.00440227677582231,0.0166293048740709
15.38,1.04757391661697,-2.09443191737443,-0.999860933880785,-0.0058203766865263,0.000569332480897367,-0.0021506152115538,0.0450051770684963,-0.00440227677582231,0.0166293048740709
15.39,1.04751796310896,-2.09442644416346,-0.999881608567657,-0.00537032491584135,0.000525309713139145,-0.00198432216281309,0.0450051770684963,-0.00440227677582231,0.0166293048740709
15.4,1.04746651011866,-2.09442141118017,-0.999900620324041,-0.00492027314515639,0.000481286945380923,-0.00181802911407239,0.0450051770684963,-0.00440227677582231,0.0166293048740709
15.41,1.04741955764606,-2.09441681842456,-0.999917969149938,-0.00447022137447144,0.000437264177622701,-0.00165173606533168,0.0450051770684963,-0.00440227677582231,0.0166293048740709
15.42,1.04737710569117,-2.09441266589662,-0.999933655045348,-0.00402016960378648,0.000393241409864479,-0.00148544301659098,0.0450051770684963,-0.00440227677582231,0.0166293048740709
15.43,1.04733915425398,-2.09440895359636,-0.99994767801027,-0.00357011783310153,0.000349218642106257,-0.00131914996785027,0.0450051770684963,-0.00440227677582231,0.0166293048740709
15.44,1.04730570333451,-2.09440568152378,-0.999960038044705,-0.00312006606241658,0.000305195874348034,-0.00115285691910957,0.0450051770684963,-0.00440227677582231,0.0166293048740709
15.45,1.04727675293274,-2.09440284967887,-0.999970735148652,-0.00267001429173162,0.000261173106589812,-0.000986563870368861,0.0450051770684963,-0.00440227677582231,0.0166293048740709
15.46,1.04725230304867,-2.09440045806164,-0.999979769322112,-0.00221996252104659,0.000217150338831582,-0.000820270821628126,0.0450051770684963,-0.00440227677582231,0.0166293048740709
15.47,1.04723235368231,-2.09439850667209,-0.999987140565085,-0.00176991075036164,0.00017312757107336,-0.00065397777288742,0.0450051770684963,-0.00440227677582231,0.0166293048740709
15.48,1.04721690483366,-2.09439699551022,-0.99999284887757,-0.00131985897967668,0.000129104803315138,-0.000487684724146715,0.0450051770684963,-0.00440227677582231,0.0166293048740709
15.49,1.04720595650272,-2.09439592457603,-0.999996894259568,-0.000869807208991729,8.5082035556916e-05,-0.000321391675406009,0.0450051770684963,-0.00440227677582231,0.0166293048740709
15.5,1.0471975511966,-2.0943951023932,-1,0,0,0,0.0450051770684963,-0.00440227677582231,0.0166293048740709
