time_s,q1_rad,q2_rad,q3_cm,dq1_rad_s,dq2_rad_s,dq3_cm_s,ddq1_rad_s2,ddq2_rad_s2,ddq3_cm_s2
0,1.0471975511966,-2.0943951023932,-1,0,0,0,0.0754129494262943,0.028255100459438,0
0.01,1.04720132184407,-2.09439368963817,-1,0.000754129494262943,0.00028255100459438,0,0.0754129494262943,0.028255100459438,0
0.02,1.04721263378648,-2.0943894513731,-1,0.00150825898852589,0.00056510200918876,0,0.0754129494262943,0.028255100459438,0
0.03,1.04723148702384,-2.09438238759799,-1,0.00226238848278883,0.00084765301378314,0,0.0754129494262943,0.028255100459438,0
0.04,1.04725788155614,-2.09437249831283,-1,0.00301651797705177,0.00113020401837752,0,0.0754129494262943,0.028255100459438,0
0.05,1.04729181738338,-2.09435978351762,-1,0.00377064747131472,0.0014127550229719,0,0.0754129494262943,0.028255100459438,0
0.06,1.04733329450557,-2.09434424321237,-1,0.00452477696557766,0.00169530602756628,0,0.0754129494262943,0.028255100459438,0
0.07,1.04738231292269,-2.09432587739707,-1,0.0052789064598406,0.00197785703216066,0,0.0754129494262943,0.028255100459438,0
0.08,1.04743887263476,-2.09430468607173,-1,0.00603303595410355,0.00226040803675504,0,0.0754129494262943,0.028255100459438,0
0.09,1.04750297364177,-2.09428066923634,-1,0.00678716544836649,0.00254295904134942,0,0.0754129494262943,0.028255100459438,0
0.1,1.04757461594373,-2.0942538268909,-1,0.00754129494262943,0.0028255100459438,0,0.0754129494262943,0.028255100459438,0
0.11,1.04765379954063,-2.09422415903542,-1,0.00829542443689238,0.00310806105053818,0,0.0754129494262943,0.028255100459438,0
0.12,1.04774052443247,-2.09419166566989,-1,0.00904955393115532,0.00339061205513256,0,0.0754129494262943,0.028255100459438,0
0.13,1.04783479061925,-2.09415634679431,-1,0.00980368342541826,0.00367316305972694,0,0.0754129494262943,0.028255100459438,0
0.14,1.04793659810098,-2.09411820240869,-1,0.0105578129196812,0.00395571406432132,0,0.0754129494262943,0.028255100459438,0
0.15,1.04804594687764,-2.09407723251303,-1,0.0113119424139441,0.0042382650689157,0,0.0754129494262943,0.028255100459438,0
0.16,1.04816283694925,-2.09403343710731,-1,0.0120660719082071,0.00452081607351008,0,0.0754129494262943,0.028255100459438,0
0.17,1.04828726831581,-2.09398681619156,-1,0.01282020140247,0.00480336707810446,0,0.0754129494262943,0.028255100459438,0
0.18,1.0484192409773,-2.09393736976575,-1,0.013574330896733,0.00508591808269884,0,0.0754129494262943,0.028255100459438,0
0.19,1.04855875493374,-2.0938850978299,-1,0.0143284603909959,0.00536846908729322,0,0.0754129494262943,0.028255100459438,0
0.2,1.04870581018512,-2.09383000038401,-1,0.0150825898852589,0.0056510200918876,0,0.0754129494262943,0.028255100459438,0
0.21,1.04886040673145,-2.09377207742807,-1,0.0158367193795218,0.00593357109648198,0,0.0754129494262943,0.028255100459438,0
0.22,1.04902254457271,-2.09371132896208,-1,0.0165908488737848,0.00621612210107636,0,0.0754129494262943,0.028255100459438,0
0.23,1.04919222370892,-2.09364775498604,-1,0.0173449783680477,0.00649867310567074,0,0.0754129494262943,0.028255100459438,0
0.24,1.04936944414008,-2.09358135549996,-1,0.0180991078623106,0.00678122411026512,0,0.0754129494262943,0.028255100459438,0
0.25,1.04955420586617,-2.09351213050384,-1,0.0188532373565736,0.0070637751148595,0,0.0754129494262943,0.028255100459438,0
0.26,1.04974650888721,-2.09344007999767,-1,0.0196073668508365,0.00734632611945388,0,0.0754129494262943,0.028255100459438,0
0.27,1.04994635320319,-2.09336520398145,-1,0.0203614963450995,0.00762887712404826,0,0.0754129494262943,0.028255100459438,0
0.28,1.05015373881411,-2.09328750245519,-1,0.0211156258393624,0.00791142812864264,0,0.0754129494262943,0.028255100459438,0
0.29,1.05036866571997,-2.09320697541888,-1,0.0218697553336254,0.00819397913323702,0,0.0754129494262943,0.028255100459438,0
0.3,1.05059113392078,-2.09312362287252,-1,0.0226238848278883,0.0084765301378314,0,0.0754129494262943,0.028255100459438,0
0.31,1.05082114341653,-2.09303744481612,-1,0.0233780143221512,0.00875908114242578,0,0.0754129494262943,0.028255100459438,0
0.32,1.05105869420722,-2.09294844124967,-1,0.0241321438164142,0.00904163214702016,0,0.0754129494262943,0.028255100459438,0
0.33,1.05130378629286,-2.09285661217318,-1,0.0248862733106771,0.00932418315161453,0,0.0754129494262943,0.028255100459438,0
0.34,1.05155641967344,-2.09276195758664,-1,0.0256404028049401,0.00960673415620892,0,0.0754129494262943,0.028255100459438,0
0.35,1.05181659434896,-2.09266447749006,-1,0.026394532299203,0.0098892851608033,0,0.0754129494262943,0.028255100459438,0
0.36,1.05208431031942,-2.09256417188342,-1,0.027148661793466,0.0101718361653977,0,0.0754129494262943,0.028255100459438,0
0.37,1.05235956758483,-2.09246104076675,-1,0.0279027912877289,0.0104543871699921,0,0.0754129494262943,0.028255100459438,0
0.38,1.05264236614518,-2.09235508414002,-1,0.0286569207819918,0.0107369381745864,0,0.0754129494262943,0.028255100459438,0
0.39,1.05293270600047,-2.09224630200326,-1,0.0294110502762548,0.0110194891791808,0,0.0754129494262943,0.028255100459438,0
0.4,1.0532305871507,-2.09213469435644,-1,0.0301651797705177,0.0113020401837752,0,0.0754129494262943,0.028255100459438,0
0.41,1.05353600959588,-2.09202026119958,-1,0.0309193092647807,0.0115845911883696,0,0.0754129494262943,0.028255100459438,0
0.42,1.053848973336,-2.09190300253267,-1,0.0316734387590436,0.011867142192964,0,0.0754129494262943,0.028255100459438,0
0.43,1.05416947837106,-2.09178291835572,-1,0.0324275682533066,0.0121496931975583,0,0.0754129494262943,0.028255100459438,0
0.44,1.05449752470106,-2.09166000866872,-1,0.0331816977475695,0.0124322442021527,0,0.0754129494262943,0.028255100459438,0
0.45,1.05483311232601,-2.09153427347168,-1,0.0339358272418324,0.0127147952067471,0,0.0754129494262943,0.028255100459438,0
0.46,1.0551762412459,-2.09140571276459,-1,0.0346899567360954,0.0129973462113415,0,0.0754129494262943,0.028255100459438,0
0.47,1.05552691146073,-2.09127432654745,-1,0.0354440862303583,0.0132798972159359,0,0.0754129494262943,0.028255100459438,0
0.48,1.05588512297051,-2.09114011482027,-1,0.0361982157246213,0.0135624482205302,0,0.0754129494262943,0.028255100459438,0
0.49,1.05625087577522,-2.09100307758304,-1,0.0369523452188842,0.0138449992251246,0,0.0754129494262943,0.028255100459438,0
0.5,1.05662416987488,-2.09086321483577,-1,0.0377064747131472,0.014127550229719,0,0.0754129494262943,0.028255100459438,0
0.51,1.05700500526949,-2.09072052657845,-1,0.0384606042074101,0.0144101012343134,0,0.0754129494262943,0.028255100459438,0
0.52,1.05739338195903,-2.09057501281108,-1,0.039214733701673,0.0146926522389078,0,0.0754129494262943,0.028255100459438,0
0.53,1.05778929994352,-2.09042667353367,-1,0.039968863195936,0.0149752032435021,0,0.0754129494262943,0.028255100459438,0
0.54,1.05819275922295,-2.09027550874621,-1,0.0407229926901989,0.0152577542480965,0,0.0754129494262943,0.028255100459438,0
0.55,1.05860375979732,-2.09012151844871,-1,0.0414771221844619,0.0155403052526909,0,0.0754129494262943,0.028255100459438,0
0.56,1.05902230166664,-2.08996470264116,-1,0.0422312516787248,0.0158228562572853,0,0.0754129494262943,0.028255100459438,0
0.57,1.0594483848309,-2.08980506132356,-1,0.0429853811729878,0.0161054072618797,0,0.0754129494262943,0.028255100459438,0
0.58,1.0598820092901,-2.08964259449592,-1,0.0437395106672507,0.016387958266474,0,0.0754129494262943,0.028255100459438,0
0.59,1.06032317504424,-2.08947730215823,-1,0.0444936401615137,0.0166705092710684,0,0.0754129494262943,0.028255100459438,0
0.6,1.06077188209333,-2.0893091843105,-1,0.0452477696557766,0.0169530602756628,0,0.0754129494262943,0.028255100459438,0
0.61,1.06122813043736,-2.08913824095272,-1,0.0460018991500395,0.0172356112802572,0,0.0754129494262943,0.028255100459438,0
0.62,1.06169192007633,-2.08896447208489,-1,0.0467560286443025,0.0175181622848516,0,0.0754129494262943,0.028255100459438,0
0.63,1.06216325101025,-2.08878787770702,-1,0.0475101581385654,0.0178007132894459,0,0.0754129494262943,0.028255100459438,0
0.64,1.0626421232391,-2.0886084578191,-1,0.0482642876328284,0.0180832642940403,0,0.0754129494262943,0.028255100459438,0
0.65,1.0631285367629,-2.08842621242114,-1,0.0490184171270913,0.0183658152986347,0,0.0754129494262943,0.028255100459438,0
0.66,1.06362249158164,-2.08824114151313,-1,0.0497725466213543,0.0186483663032291,0,0.0754129494262943,0.028255100459438,0
0.67,1.06412398769533,-2.08805324509507,-1,0.0505266761156172,0.0189309173078235,0,0.0754129494262943,0.028255100459438,0
0.68,1.06463302510396,-2.08786252316697,-1,0.0512808056098801,0.0192134683124178,0,0.0754129494262943,0.028255100459438,0
0.69,1.06514960380753,-2.08766897572883,-1,0.0520349351041431,0.0194960193170122,0,0.0754129494262943,0.028255100459438,0
0.7,1.06567372380604,-2.08747260278063,-1,0.052789064598406,0.0197785703216066,0,0.0754129494262943,0.028255100459438,0
0.71,1.0662053850995,-2.08727340432239,-1,0.053543194092669,0.020061121326201,0,0.0754129494262943,0.028255100459438,0
0.72,1.06674458768789,-2.08707138035411,-1,0.0542973235869319,0.0203436723307953,0,0.0754129494262943,0.028255100459438,0
0.73,1.06729133157123,-2.08686653087578,-1,0.0550514530811949,0.0206262233353897,0,0.0754129494262943,0.028255100459438,0
0.74,1.06784561674952,-2.0866588558874,-1,0.0558055825754578,0.0209087743399841,0,0.0754129494262943,0.028255100459438,0
0.75,1.06840744322274,-2.08644835538898,-1,0.0565597120697207,0.0211913253445785,0,0.0754129494262943,0.028255100459438,0
0.76,1.06897681099091,-2.08623502938051,-1,0.0573138415639837,0.0214738763491729,0,0.0754129494262943,0.028255100459438,0
0.77,1.06955372005402,-2.086018877862,-1,0.0580679710582466,0.0217564273537672,0,0.0754129494262943,0.028255100459438,0
0.78,1.07013817041208,-2.08579990083343,-1,0.0588221005525096,0.0220389783583616,0,0.0754129494262943,0.028255100459438,0
0.79,1.07073016206507,-2.08557809829483,-1,0.0595762300467725,0.022321529362956,0,0.0754129494262943,0.028255100459438,0
0.8,1.07132969501301,-2.08535347024618,-1,0.0603303595410355,0.0226040803675504,0,0.0754129494262943,0.028255100459438,0
0.81,1.07193676925589,-2.08512601668748,-1,0.0610844890352984,0.0228866313721448,0,0.0754129494262943,0.028255100459438,0
0.82,1.07255138479372,-2.08489573761873,-1,0.0618386185295614,0.0231691823767392,0,0.0754129494262943,0.028255100459438,0
0.83,1.07317354162648,-2.08466263303994,-1,0.0625927480238243,0.0234517333813335,0,0.0754129494262943,0.028255100459438,0
0.84,1.07380323975419,-2.08442670295111,-1,0.0633468775180872,0.0237342843859279,0,0.0754129494262943,0.028255100459438,0
0.85,1.07444047917685,-2.08418794735222,-1,0.0641010070123502,0.0240168353905223,0,0.0754129494262943,0.028255100459438,0
0.86,1.07508525989444,-2.0839463662433,-1,0.0648551365066131,0.0242993863951167,0,0.0754129494262943,0.028255100459438,0
0.87,1.07573758190698,-2.08370195962432,-1,0.0656092660008761,0.024581937399711,0,0.0754129494262943,0.028255100459438,0
0.88,1.07639744521446,-2.0834547274953,-1,0.066363395495139,0.0248644884043054,0,0.0754129494262943,0.028255100459438,0
0.89,1.07706484981688,-2.08320466985624,-1,0.0671175249894019,0.0251470394088998,0,0.0754129494262943,0.028255100459438,0
0.9,1.07773979571425,-2.08295178670712,-1,0.0678716544836649,0.0254295904134942,0,0.0754129494262943,0.028255100459438,0
0.91,1.07842228290656,-2.08269607804797,-1,0.0686257839779278,0.0257121414180886,0,0.0754129494262943,0.028255100459438,0
0.92,1.07911231139381,-2.08243754387876,-1,0.0693799134721908,0.0259946924226829,0,0.0754129494262943,0.028255100459438,0
0.93,1.079809881176,-2.08217618419951,-1,0.0701340429664537,0.0262772434272773,0,0.0754129494262943,0.028255100459438,0
0.94,1.08051499225313,-2.08191199901022,-1,0.0708881724607167,0.0265597944318717,0,0.0754129494262943,0.028255100459438,0
0.95,1.08122764462521,-2.08164498831087,-1,0.0716423019549796,0.0268423454364661,0,0.0754129494262943,0.028255100459438,0
0.96,1.08194783829223,-2.08137515210149,-1,0.0723964314492426,0.0271248964410605,0,0.0754129494262943,0.028255100459438,0
0.97,1.0826755732542,-2.08110249038205,-1,0.0731505609435055,0.0274074474456548,0,0.0754129494262943,0.028255100459438,0
0.98,1.0834108495111,-2.08082700315257,-1,0.0739046904377684,0.0276899984502492,0,0.0754129494262943,0.028255100459438,0
0.99,1.08415366706295,-2.08054869041305,-1,0.0746588199320314,0.0279725494548436,0,0.0754129494262943,0.028255100459438,0
1,1.08490402590975,-2.08026755216348,-1,0.0754129494262943,0.028255100459438,0,0.0754129494262943,0.028255100459438,0
1.01,1.08566192605148,-2.07998358840386,-1,0.0761670789205573,0.0285376514640324,0,0.0754129494262943,0.028255100459438,0
1.02,1.08642736748816,-2.0796967991342,-1,0.0769212084148202,0.0288202024686267,0,0.0754129494262943,0.028255100459438,0
1.03,1.08720035021978,-2.07940718435449,-1,0.0776753379090832,0.0291027534732211,0,0.0754129494262943,0.028255100459438,0
1.04,1.08798087424634,-2.07911474406473,-1,0.0784294674033461,0.0293853044778155,0,0.0754129494262943,0.028255100459438,0
1.05,1.08876893956784,-2.07881947826493,-1,0.0791835968976091,0.0296678554824099,0,0.0754129494262943,0.028255100459438,0
1.06,1.08956454618429,-2.07852138695508,-1,0.079937726391872,0.0299504064870043,0,0.0754129494262943,0.028255100459438,0
1.07,1.09036769409568,-2.07822047013519,-1,0.0806918558861349,0.0302329574915986,0,0.0754129494262943,0.028255100459438,0
1.08,1.09117838330201,-2.07791672780525,-1,0.0814459853803979,0.030515508496193,0,0.0754129494262943,0.028255100459438,0
1.09,1.09199661380329,-2.07761015996527,-1,0.0822001148746608,0.0307980595007874,0,0.0754129494262943,0.028255100459438,0
1.1,1.09282238559951,-2.07730076661524,-1,0.0829542443689238,0.0310806105053818,0,0.0754129494262943,0.028255100459438,0
1.11,1.09365569869067,-2.07698854775516,-1,0.0837083738631867,0.0313631615099762,0,0.0754129494262943,0.028255100459438,0
1.12,1.09449655307677,-2.07667350338504,-1,0.0844625033574496,0.0316457125145705,0,0.0754129494262943,0.028255100459438,0
1.13,1.09534494875782,-2.07635563350487,-1,0.0852166328517126,0.0319282635191649,0,0.0754129494262943,0.028255100459438,0
1.14,1.0962008857338,-2.07603493811465,-1,0.0859707623459755,0.0322108145237593,0,0.0754129494262943,0.028255100459438,0
1.15,1.09706436400474,-2.07571141721439,-1,0.0867248918402385,0.0324933655283537,0,0.0754129494262943,0.028255100459438,0
1.16,1.09793538357061,-2.07538507080409,-1,0.0874790213345014,0.0327759165329481,0,0.0754129494262943,0.028255100459438,0
1.17,1.09881394443142,-2.07505589888373,-1,0.0882331508287644,0.0330584675375424,0,0.0754129494262943,0.028255100459438,0
1.18,1.09970004658718,-2.07472390145334,-1,0.0889872803230273,0.0333410185421368,0,0.0754129494262943,0.028255100459438,0
1.19,1.10059369003789,-2.07438907851289,-1,0.0897414098172902,0.0336235695467312,0,0.0754129494262943,0.028255100459438,0
1.2,1.10149487478353,-2.0740514300624,-1,0.0904955393115532,0.0339061205513256,0,0.0754129494262943,0.028255100459438,0
1.21,1.10240360082412,-2.07371095610186,-1,0.0912496688058161,0.03418867155592,0,0.0754129494262943,0.028255100459438,0
1.22,1.10331986815965,-2.07336765663128,-1,0.0920037983000791,0.0344712225605143,0,0.0754129494262943,0.028255100459438,0
1.23,1.10424367679012,-2.07302153165065,-1,0.092757927794342,0.0347537735651087,0,0.0754129494262943,0.028255100459438,0
1.24,1.10517502671553,-2.07267258115998,-1,0.093512057288605,0.0350363245697031,0,0.0754129494262943,0.028255100459438,0
1.25,1.10611391793589,-2.07232080515926,-1,0.0942661867828679,0.0353188755742975,0,0.0754129494262943,0.028255100459438,0
1.26,1.10706035045119,-2.07196620364849,-1,0.0950203162771309,0.0356014265788919,0,0.0754129494262943,0.028255100459438,0
1.27,1.10801432426143,-2.07160877662768,-1,0.0957744457713938,0.0358839775834862,0,0.0754129494262943,0.028255100459438,0
1.28,1.10897583936662,-2.07124852409682,-1,0.0965285752656567,0.0361665285880806,0,0.0754129494262943,0.028255100459438,0
1.29,1.10994489576675,-2.07088544605592,-1,0.0972827047599197,0.036449079592675,0,0.0754129494262943,0.028255100459438,0
1.3,1.11092149346182,-2.07051954250497,-1,0.0980368342541826,0.0367316305972694,0,0.0754129494262943,0.028255100459438,0
1.31,1.11190563245183,-2.07015081344397,-1,0.0987909637484456,0.0370141816018638,0,0.0754129494262943,0.028255100459438,0
1.32,1.11289731273679,-2.06977925887293,-1,0.0995450932427085,0.0372967326064581,0,0.0754129494262943,0.028255100459438,0
1.33,1.11389653431668,-2.06940487879185,-1,0.100299222736971,0.0375792836110525,0,0.0754129494262943,0.028255100459438,0
1.34,1.11490329719152,-2.06902767320071,-1,0.101053352231234,0.0378618346156469,0,0.0754129494262943,0.028255100459438,0
1.35,1.11591760136131,-2.06864764209953,-1,0.101807481725497,0.0381443856202413,0,0.0754129494262943,0.028255100459438,0
1.36,1.11693944682603,-2.06826478548831,-1,0.10256161121976,0.0384269366248357,0,0.0754129494262943,0.028255100459438,0
1.37,1.1179688335857,-2.06787910336704,-1,0.103315740714023,0.03870948762943,0,0.0754129494262943,0.028255100459438,0
1.38,1.11900576164032,-2.06749059573572,-1,0.104069870208286,0.0389920386340244,0,0.0754129494262943,0.028255100459438,0
1.39,1.12005023098987,-2.06709926259436,-1,0.104823999702549,0.0392745896386188,0,0.0754129494262943,0.028255100459438,0
1.4,1.12110224163437,-2.06670510394295,-1,0.105578129196812,0.0395571406432132,0,0.0754129494262943,0.028255100459438,0
1.41,1.12216179357381,-2.06630811978149,-1,0.106332258691075,0.0398396916478076,0,0.0754129494262943,0.028255100459438,0
1.42,1.12322888680819,-2.06590831010999,-1,0.107086388185338,0.0401222426524019,0,0.0754129494262943,0.028255100459438,0
1.43,1.12430352133751,-2.06550567492844,-1,0.107840517679601,0.0404047936569963,0,0.0754129494262943,0.028255100459438,0
1.44,1.12538569716178,-2.06510021423685,-1,0.108594647173864,0.0406873446615907,0,0.0754129494262943,0.028255100459438,0
1.45,1.12647541428099,-2.06469192803521,-1,0.109348776668127,0.0409698956661851,0,0.0754129494262943,0.028255100459438,0
1.46,1.12757267269514,-2.06428081632353,-1,0.11010290616239,0.0412524466707795,0,0.0754129494262943,0.028255100459438,0
1.47,1.12867747240424,-2.0638668791018,-1,0.110857035656653,0.0415349976753738,0,0.0754129494262943,0.028255100459438,0
1.48,1.12978981340828,-2.06345011637002,-1,0.111611165150916,0.0418175486799682,0,0.0754129494262943,0.028255100459438,0
1.49,1.13090969570726,-2.0630305281282,-1,0.112365294645179,0.0421000996845626,0,0.0754129494262943,0.028255100459438,0
1.5,1.13203711930118,-2.06260811437633,-1,0.113119424139441,0.042382650689157,0,0.0754129494262943,0.028255100459438,0
1.51,1.13317208419004,-2.06218287511441,-1,0.113873553633704,0.0426652016937514,0,0.0754129494262943,0.028255100459438,0
1.52,1.13431459037385,-2.06175481034245,-1,0.114627683127967,0.0429477526983457,0,0.0754129494262943,0.028255100459438,0
1.53,1.1354646378526,-2.06132392006045,-1,0.11538181262223,0.0432303037029401,0,0.0754129494262943,0.028255100459438,0
1.54,1.1366222266263,-2.06089020426839,-1,0.116135942116493,0.0435128547075345,0,0.0754129494262943,0.028255100459438,0
1.55,1.13778735669493,-2.0604536629663,-1,0.116890071610756,0.0437954057121289,0,0.0754129494262943,0.028255100459438,0
1.56,1.13896002805851,-2.06001429615415,-1,0.117644201105019,0.0440779567167233,0,0.0754129494262943,0.028255100459438,0
1.57,1.14014024071703,-2.05957210383196,-1,0.118398330599282,0.0443605077213176,0,0.0754129494262943,0.028255100459438,0
1.58,1.1413279946705,-2.05912708599973,-1,0.119152460093545,0.044643058725912,0,0.0754129494262943,0.028255100459438,0
1.59,1.14252328991891,-2.05867924265744,-1,0.119906589587808,0.0449256097305064,0,0.0754129494262943,0.028255100459438,0
1.6,1.14372612646225,-2.05822857380512,-1,0.120660719082071,0.0452081607351008,0,0.0754129494262943,0.028255100459438,0
1.61,1.14493650430055,-2.05777507944274,-1,0.121414848576334,0.0454907117396952,0,0.0754129494262943,0.028255100459438,0
1.62,1.14615442343378,-2.05731875957032,-1,0.122168978070597,0.0457732627442895,0,0.0754129494262943,0.028255100459438,0
1.63,1.14737988386196,-2.05685961418786,-1,0.12292310756486,0.0460558137488839,0,0.0754129494262943,0.028255100459438,0
1.64,1.14861288558508,-2.05639764329534,-1,0.123677237059123,0.0463383647534783,0,0.0754129494262943,0.028255100459438,0
1.65,1.14985342860314,-2.05593284689279,-1,0.124431366553386,0.0466209157580727,0,0.0754129494262943,0.028255100459438,0
1.66,1.15110151291615,-2.05546522498018,-1,0.125185496047649,0.0469034667626671,0,0.0754129494262943,0.028255100459438,0
1.67,1.15235713852409,-2.05499477755753,-1,0.125939625541912,0.0471860177672614,0,0.0754129494262943,0.028255100459438,0
1.68,1.15362030542698,-2.05452150462484,-1,0.126693755036174,0.0474685687718558,0,0.0754129494262943,0.028255100459438,0
1.69,1.15489101362482,-2.0540454061821,-1,0.127447884530437,0.0477511197764502,0,0.0754129494262943,0.028255100459438,0
1.7,1.15616926311759,-2.05356648222931,-1,0.1282020140247,0.0480336707810446,0,0.0754129494262943,0.028255100459438,0
1.71,1.15745505390531,-2.05308473276647,-1,0.128956143518963,0.048316221785639,0,0.0754129494262943,0.028255100459438,0
1.72,1.15874838598797,-2.0526001577936,-1,0.129710273013226,0.0485987727902333,0,0.0754129494262943,0.028255100459438,0
1.73,1.16004925936558,-2.05211275731067,-1,0.130464402507489,0.0488813237948277,0,0.0754129494262943,0.028255100459438,0
1.74,1.16135767403812,-2.0516225313177,-1,0.131218532001752,0.0491638747994221,0,0.0754129494262943,0.028255100459438,0
1.75,1.16267363000561,-2.05112947981468,-1,0.131972661496015,0.0494464258040165,0,0.0754129494262943,0.028255100459438,0
1.76,1.16399712726804,-2.05063360280162,-1,0.132726790990278,0.0497289768086109,0,0.0754129494262943,0.028255100459438,0
1.77,1.16532816582542,-2.05013490027851,-1,0.133480920484541,0.0500115278132052,0,0.0754129494262943,0.028255100459438,0
1.78,1.16666674567773,-2.04963337224535,-1,0.134235049978804,0.0502940788177996,0,0.0754129494262943,0.028255100459438,0
1.79,1.16801286682499,-2.04912901870215,-1,0.134989179473067,0.050576629822394,0,0.0754129494262943,0.028255100459438,0
1.8,1.16936652926719,-2.04862183964891,-1,0.13574330896733,0.0508591808269884,0,0.0754129494262943,0.028255100459438,0
1.81,1.17072773300434,-2.04811183508561,-1,0.136497438461593,0.0511417318315828,0,0.0754129494262943,0.028255100459438,0
1.82,1.17209647803643,-2.04759900501227,-1,0.137251567955856,0.0514242828361771,0,0.0754129494262943,0.028255100459438,0
1.83,1.17347276436346,-2.04708334942889,-1,0.138005697450119,0.0517068338407715,0,0.0754129494262943,0.028255100459438,0
1.84,1.17485659198543,-2.04656486833546,-1,0.138759826944382,0.0519893848453659,0,0.0754129494262943,0.028255100459438,0
1.85,1.17624796090234,-2.04604356173198,-1,0.139513956438645,0.0522719358499603,0,0.0754129494262943,0.028255100459438,0
1.86,1.1776468711142,-2.04551942961846,-1,0.140268085932907,0.0525544868545547,0,0.0754129494262943,0.028255100459438,0
1.87,1.179053322621,-2.04499247199489,-1,0.14102221542717,0.052837037859149,0,0.0754129494262943,0.028255100459438,0
1.88,1.18046731542275,-2.04446268886128,-1,0.141776344921433,0.0531195888637434,0,0.0754129494262943,0.028255100459438,0
1.89,1.18188884951943,-2.04393008021762,-1,0.142530474415696,0.0534021398683378,0,0.0754129494262943,0.028255100459438,0
1.9,1.18331792491106,-2.04339464606391,-1,0.143284603909959,0.0536846908729322,0,0.0754129494262943,0.028255100459438,0
1.91,1.18475454159763,-2.04285638640016,-1,0.144038733404222,0.0539672418775266,0,0.0754129494262943,0.028255100459438,0
1.92,1.18619869957914,-2.04231530122636,-1,0.144792862898485,0.0542497928821209,0,0.0754129494262943,0.028255100459438,0
1.93,1.1876503988556,-2.04177139054252,-1,0.145546992392748,0.0545323438867153,0,0.0754129494262943,0.028255100459438,0
1.94,1.189109639427,-2.04122465434863,-1,0.146301121887011,0.0548148948913097,0,0.0754129494262943,0.028255100459438,0
1.95,1.19057642129334,-2.04067509264469,-1,0.147055251381274,0.0550974458959041,0,0.0754129494262943,0.028255100459438,0
1.96,1.19205074445462,-2.04012270543071,-1,0.147809380875537,0.0553799969004985,0,0.0754129494262943,0.028255100459438,0
1.97,1.19353260891085,-2.03956749270668,-1,0.1485635103698,0.0556625479050928,0,0.0754129494262943,0.028255100459438,0
1.98,1.19502201466202,-2.03900945447261,-1,0.149317639864063,0.0559450989096872,0,0.0754129494262943,0.028255100459438,0
1.99,1.19651896170813,-2.03844859072849,-1,0.150071769358326,0.0562276499142816,0,0.0754129494262943,0.028255100459438,0
2,1.19802345004919,-2.03788490147432,-1,0.150825898852589,0.056510200918876,0,0.0754129494262943,0.028255100459438,0
2.01,1.19953547968518,-2.03731838671011,-1,0.151580028346852,0.0567927519234704,0,0.0754129494262943,0.028255100459438,0
2.02,1.20105505061612,-2.03674904643585,-1,0.152334157841115,0.0570753029280647,0,0.0754129494262943,0.028255100459438,0
2.03,1.20258216284201,-2.03617688065155,-1,0.153088287335377,0.0573578539326591,0,0.0754129494262943,0.028255100459438,0
2.04,1.20411681636283,-2.0356018893572,-1,0.15384241682964,0.0576404049372535,0,0.0754129494262943,0.028255100459438,0
2.05,1.2056590111786,-2.0350240725528,-1,0.154596546323903,0.0579229559418479,0,0.0754129494262943,0.028255100459438,0
2.06,1.20720874728931,-2.03444343023836,-1,0.155350675818166,0.0582055069464423,0,0.0754129494262943,0.028255100459438,0
2.07,1.20876602469496,-2.03385996241387,-1,0.156104805312429,0.0584880579510366,0,0.0754129494262943,0.028255100459438,0
2.08,1.21033084339556,-2.03327366907934,-1,0.156858934806692,0.058770608955631,0,0.0754129494262943,0.028255100459438,0
2.09,1.2119032033911,-2.03268455023476,-1,0.157613064300955,0.0590531599602254,0,0.0754129494262943,0.028255100459438,0
2.1,1.21348310468158,-2.03209260588013,-1,0.158367193795218,0.0593357109648198,0,0.0754129494262943,0.028255100459438,0
2.11,1.215070547267,-2.03149783601546,-1,0.159121323289481,0.0596182619694141,0,0.0754129494262943,0.028255100459438,0
2.12,1.21666553114737,-2.03090024064075,-1,0.159875452783744,0.0599008129740085,0,0.0754129494262943,0.028255100459438,0
2.13,1.21826805632268,-2.03029981975598,-1,0.160629582278007,0.0601833639786029,0,0.0754129494262943,0.028255100459438,0
2.14,1.21987812279293,-2.02969657336117,-1,0.16138371177227,0.0604659149831973,0,0.0754129494262943,0.028255100459438,0
2.15,1.22149573055812,-2.02909050145632,-1,0.162137841266533,0.0607484659877917,0,0.0754129494262943,0.028255100459438,0
2.16,1.22312087961826,-2.02848160404142,-1,0.162891970760796,0.0610310169923861,0,0.0754129494262943,0.028255100459438,0
2.17,1.22475356997334,-2.02786988111647,-1,0.163646100255059,0.0613135679969804,0,0.0754129494262943,0.028255100459438,0
2.18,1.22639380162336,-2.02725533268148,-1,0.164400229749322,0.0615961190015748,0,0.0754129494262943,0.028255100459438,0
2.19,1.22804157456832,-2.02663795873644,-1,0.165154359243585,0.0618786700061692,0,0.0754129494262943,0.028255100459438,0
2.2,1.22969688880823,-2.02601775928136,-1,0.165908488737848,0.0621612210107636,0,0.0754129494262943,0.028255100459438,0
2.21,1.23135974434308,-2.02539473431623,-1,0.16666261823211,0.0624437720153579,0,0.0754129494262943,0.028255100459438,0
2.22,1.23303014117287,-2.02476888384105,-1,0.167416747726373,0.0627263230199523,0,0.0754129494262943,0.028255100459438,0
2.23,1.23470807929761,-2.02414020785583,-1,0.168170877220636,0.0630088740245467,0,0.0754129494262943,0.028255100459438,0
2.24,1.23639355871729,-2.02350870636056,-1,0.168925006714899,0.0632914250291411,0,0.0754129494262943,0.028255100459438,0
2.25,1.23808657943191,-2.02287437935524,-1,0.169679136209162,0.0635739760337355,0,0.0754129494262943,0.028255100459438,0
2.26,1.23978714144147,-2.02223722683988,-1,0.170433265703425,0.0638565270383298,0,0.0754129494262943,0.028255100459438,0
2.27,1.24149524474597,-2.02159724881448,-1,0.171187395197688,0.0641390780429242,0,0.0754129494262943,0.028255100459438,0
2.28,1.24321088934542,-2.02095444527902,-1,0.171941524691951,0.0644216290475186,0,0.0754129494262943,0.028255100459438,0
2.29,1.24493407523981,-2.02030881623353,-1,0.172695654186214,0.064704180052113,0,0.0754129494262943,0.028255100459438,0
2.3,1.24666480242915,-2.01966036167798,-1,0.173449783680477,0.0649867310567074,0,0.0754129494262943,0.028255100459438,0
2.31,1.24840307091342,-2.01900908161239,-1,0.17420391317474,0.0652692820613018,0,0.0754129494262943,0.028255100459438,0
2.32,1.25014888069264,-2.01835497603676,-1,0.174958042669003,0.0655518330658961,0,0.0754129494262943,0.028255100459438,0
2.33,1.2519022317668,-2.01769804495107,-1,0.175712172163266,0.0658343840704905,0,0.0754129494262943,0.028255100459438,0
2.34,1.25366312413591,-2.01703828835535,-1,0.176466301657529,0.0661169350750849,0,0.0754129494262943,0.028255100459438,0
2.35,1.25543155779995,-2.01637570624957,-1,0.177220431151792,0.0663994860796793,0,0.0754129494262943,0.028255100459438,0
2.36,1.25720753275894,-2.01571029863375,-1,0.177974560646055,0.0666820370842736,0,0.0754129494262943,0.028255100459438,0
2.37,1.25899104901287,-2.01504206550789,-1,0.178728690140318,0.066964588088868,0,0.0754129494262943,0.028255100459438,0
2.38,1.26078210656175,-2.01437100687198,-1,0.17948281963458,0.0672471390934624,0,0.0754129494262943,0.028255100459438,0
2.39,1.26258070540557,-2.01369712272602,-1,0.180236949128843,0.0675296900980568,0,0.0754129494262943,0.028255100459438,0
2.4,1.26438684554433,-2.01302041307001,-1,0.180991078623106,0.0678122411026512,0,0.0754129494262943,0.028255100459438,0
2.41,1.26620052697803,-2.01234087790396,-1,0.181745208117369,0.0680947921072455,0,0.0754129494262943,0.028255100459438,0
2.42,1.26802174970667,-2.01165851722787,-1,0.182499337611632,0.0683773431118399,0,0.0754129494262943,0.028255100459438,0
2.43,1.26985051373026,-2.01097333104173,-1,0.183253467105895,0.0686598941164343,0,0.0754129494262943,0.028255100459438,0
2.44,1.27168681904879,-2.01028531934554,-1,0.184007596600158,0.0689424451210287,0,0.0754129494262943,0.028255100459438,0
2.45,1.27353066566226,-2.00959448213931,-1,0.184761726094421,0.0692249961256231,0,0.0754129494262943,0.028255100459438,0
2.46,1.27538205357068,-2.00890081942303,-1,0.185515855588684,0.0695075471302175,0,0.0754129494262943,0.028255100459438,0
2.47,1.27724098277404,-2.0082043311967,-1,0.186269985082947,0.0697900981348118,0,0.0754129494262943,0.028255100459438,0
2.48,1.27910745327234,-2.00750501746033,-1,0.18702411457721,0.0700726491394062,0,0.0754129494262943,0.028255100459438,0
2.49,1.28098146506558,-2.00680287821391,-1,0.187778244071473,0.0703552001440006,0,0.0754129494262943,0.028255100459438,0
2.5,1.28286301815377,-2.00609791345745,-1,0.188532373565736,0.070637751148595,0,0.0754129494262943,0.028255100459438,0
2.51,1.2847521125369,-2.00539012319094,-1,0.189286503059999,0.0709203021531894,0,0.0754129494262943,0.028255100459438,0
2.52,1.28664874821497,-2.00467950741439,-1,0.190040632554262,0.0712028531577837,0,0.0754129494262943,0.028255100459438,0
2.53,1.28855292518798,-2.00396606612779,-1,0.190794762048525,0.0714854041623781,0,0.0754129494262943,0.028255100459438,0
2.54,1.29046464345594,-2.00324979933114,-1,0.191548891542788,0.0717679551669725,0,0.0754129494262943,0.028255100459438,0
2.55,1.29238390301884,-2.00253070702445,-1,0.192303021037051,0.0720505061715669,0,0.0754129494262943,0.028255100459438,0
2.56,1.29431070387668,-2.00180878920771,-1,0.193057150531313,0.0723330571761612,0,0.0754129494262943,0.028255100459438,0
2.57,1.29624504602946,-2.00108404588092,-1,0.193811280025576,0.0726156081807556,0,0.0754129494262943,0.028255100459438,0
2.58,1.29818692947719,-2.00035647704409,-1,0.194565409519839,0.07289815918535,0,0.0754129494262943,0.028255100459438,0
2.59,1.30013635421986,-1.99962608269722,-1,0.195319539014102,0.0731807101899444,0,0.0754129494262943,0.028255100459438,0
2.6,1.30209332025747,-1.9988928628403,-1,0.196073668508365,0.0734632611945388,0,0.0754129494262943,0.028255100459438,0
2.61,1.30405782759003,-1.99815681747333,-1,0.196827798002628,0.0737458121991331,0,0.0754129494262943,0.028255100459438,0
2.62,1.30602987621753,-1.99741794659631,-1,0.197581927496891,0.0740283632037275,0,0.0754129494262943,0.028255100459438,0
2.63,1.30800946613997,-1.99667625020925,-1,0.198336056991154,0.0743109142083219,0,0.0754129494262943,0.028255100459438,0
2.64,1.30999659735735,-1.99593172831215,-1,0.199090186485417,0.0745934652129163,0,0.0754129494262943,0.028255100459438,0
2.65,1.31199126986967,-1.99518438090499,-1,0.19984431597968,0.0748760162175107,0,0.0754129494262943,0.028255100459438,0
2.66,1.31399348367694,-1.9944342079878,-1,0.200598445473943,0.0751585672221051,0,0.0754129494262943,0.028255100459438,0
2.67,1.31600323877915,-1.99368120956055,-1,0.201352574968206,0.0754411182266994,0,0.0754129494262943,0.028255100459438,0
2.68,1.31802053517631,-1.99292538562326,-1,0.202106704462469,0.0757236692312938,0,0.0754129494262943,0.028255100459438,0
2.69,1.3200453728684,-1.99216673617593,-1,0.202860833956732,0.0760062202358882,0,0.0754129494262943,0.028255100459438,0
2.7,1.32207775185544,-1.99140526121854,-1,0.203614963450995,0.0762887712404826,0,0.0754129494262943,0.028255100459438,0
2.71,1.32411767213742,-1.99064096075112,-1,0.204369092945258,0.0765713222450769,0,0.0754129494262943,0.028255100459438,0
2.72,1.32616513371435,-1.98987383477364,-1,0.205123222439521,0.0768538732496713,0,0.0754129494262943,0.028255100459438,0
2.73,1.32822013658621,-1.98910388328612,-1,0.205877351933784,0.0771364242542657,0,0.0754129494262943,0.028255100459438,0
2.74,1.33028268075302,-1.98833110628856,-1,0.206631481428046,0.0774189752588601,0,0.0754129494262943,0.028255100459438,0
2.75,1.33235276621477,-1.98755550378095,-1,0.207385610922309,0.0777015262634545,0,0.0754129494262943,0.028255100459438,0
2.76,1.33443039297147,-1.98677707576329,-1,0.208139740416572,0.0779840772680488,0,0.0754129494262943,0.028255100459438,0
2.77,1.3365155610231,-1.98599582223558,-1,0.208893869910835,0.0782666282726432,0,0.0754129494262943,0.028255100459438,0
2.78,1.33860827036968,-1.98521174319784,-1,0.209647999405098,0.0785491792772376,0,0.0754129494262943,0.028255100459438,0
2.79,1.34070852101121,-1.98442483865004,-1,0.210402128899361,0.078831730281832,0,0.0754129494262943,0.028255100459438,0
2.8,1.34281631294767,-1.9836351085922,-1,0.211156258393624,0.0791142812864264,0,0.0754129494262943,0.028255100459438,0
2.81,1.34493164617908,-1.98284255302431,-1,0.211910387887887,0.0793968322910207,0,0.0754129494262943,0.028255100459438,0
2.82,1.34705452070543,-1.98204717194638,-1,0.21266451738215,0.0796793832956151,0,0.0754129494262943,0.028255100459438,0
2.83,1.34918493652672,-1.9812489653584,-1,0.213418646876413,0.0799619343002095,0,0.0754129494262943,0.028255100459438,0
2.84,1.35132289364296,-1.98044793326037,-1,0.214172776370676,0.0802444853048039,0,0.0754129494262943,0.028255100459438,0
2.85,1.35346839205414,-1.9796440756523,-1,0.214926905864939,0.0805270363093983,0,0.0754129494262943,0.028255100459438,0
2.86,1.35562143176026,-1.97883739253419,-1,0.215681035359202,0.0808095873139926,0,0.0754129494262943,0.028255100459438,0
2.87,1.35778201276132,-1.97802788390602,-1,0.216435164853465,0.081092138318587,0,0.0754129494262943,0.028255100459438,0
2.88,1.35995013505733,-1.97721554976781,-1,0.217189294347728,0.0813746893231814,0,0.0754129494262943,0.028255100459438,0
2.89,1.36212579864827,-1.97640039011956,-1,0.217943423841991,0.0816572403277758,0,0.0754129494262943,0.028255100459438,0
2.9,1.36430900353417,-1.97558240496126,-1,0.218697553336254,0.0819397913323702,0,0.0754129494262943,0.028255100459438,0
2.91,1.366499749715,-1.97476159429291,-1,0.219451682830516,0.0822223423369645,0,0.0754129494262943,0.028255100459438,0
2.92,1.36869803719078,-1.97393795811452,-1,0.220205812324779,0.0825048933415589,0,0.0754129494262943,0.028255100459438,0
2.93,1.37090386596149,-1.97311149642608,-1,0.220959941819042,0.0827874443461533,0,0.0754129494262943,0.028255100459438,0
2.94,1.37311723602716,-1.9722822092276,-1,0.221714071313305,0.0830699953507477,0,0.0754129494262943,0.028255100459438,0
2.95,1.37533814738776,-1.97145009651907,-1,0.222468200807568,0.0833525463553421,0,0.0754129494262943,0.028255100459438,0
2.96,1.37756660004331,-1.97061515830049,-1,0.223222330301831,0.0836350973599364,0,0.0754129494262943,0.028255100459438,0
2.97,1.3798025939938,-1.96977739457187,-1,0.223976459796094,0.0839176483645308,0,0.0754129494262943,0.028255100459438,0
2.98,1.38204612923923,-1.9689368053332,-1,0.224730589290357,0.0842001993691252,0,0.0754129494262943,0.028255100459438,0
2.99,1.3842972057796,-1.96809339058448,-1,0.22548471878462,0.0844827503737196,0,0.0754129494262943,0.028255100459438,0
3,1.38655582361492,-1.96724715032572,-1,0.226238848278883,0.084765301378314,0,0.0754129494262943,0.028255100459438,0
3.01,1.38882198274518,-1.96639808455692,-1,0.226992977773146,0.0850478523829084,0,0.0754129494262943,0.028255100459438,0
3.02,1.39109568317039,-1.96554619327807,-1,0.227747107267409,0.0853304033875027,0,0.0754129494262943,0.028255100459438,0
3.03,1.39337692489053,-1.96469147648917,-1,0.228501236761672,0.0856129543920971,0,0.0754129494262943,0.028255100459438,0
3.04,1.39566570790562,-1.96383393419022,-1,0.229255366255935,0.0858955053966915,0,0.0754129494262943,0.028255100459438,0
3.05,1.39796203221565,-1.96297356638123,-1,0.230009495750198,0.0861780564012859,0,0.0754129494262943,0.028255100459438,0
3.06,1.40026589782062,-1.9621103730622,-1,0.230763625244461,0.0864606074058802,0,0.0754129494262943,0.028255100459438,0
3.07,1.40257730472054,-1.96124435423312,-1,0.231517754738724,0.0867431584104746,0,0.0754129494262943,0.028255100459438,0
3.08,1.4048962529154,-1.96037550989399,-1,0.232271884232987,0.087025709415069,0,0.0754129494262943,0.028255100459438,0
3.09,1.4072227424052,-1.95950384004482,-1,0.233026013727249,0.0873082604196634,0,0.0754129494262943,0.028255100459438,0
3.1,1.40955677318994,-1.9586293446856,-1,0.233780143221512,0.0875908114242578,0,0.0754129494262943,0.028255100459438,0
3.11,1.41189834526963,-1.95775202381633,-1,0.234534272715775,0.0878733624288521,0,0.0754129494262943,0.028255100459438,0
3.12,1.41424745864426,-1.95687187743702,-1,0.235288402210038,0.0881559134334465,0,0.0754129494262943,0.028255100459438,0
3.13,1.41660411331383,-1.95598890554766,-1,0.236042531704301,0.0884384644380409,0,0.0754129494262943,0.028255100459438,0
3.14,1.41896830927834,-1.95510310814826,-1,0.236796661198564,0.0887210154426353,0,0.0754129494262943,0.028255100459438,0
3.15,1.4213400465378,-1.95421448523881,-1,0.237550790692827,0.0890035664472296,0,0.0754129494262943,0.028255100459438,0
3.16,1.4237193250922,-1.95332303681931,-1,0.23830492018709,0.089286117451824,0,0.0754129494262943,0.028255100459438,0
3.17,1.42610614494154,-1.95242876288977,-1,0.239059049681353,0.0895686684564184,0,0.0754129494262943,0.028255100459438,0
3.18,1.42850050608583,-1.95153166345019,-1,0.239813179175616,0.0898512194610128,0,0.0754129494262943,0.028255100459438,0
3.19,1.43090240852505,-1.95063173850055,-1,0.240567308669879,0.0901337704656072,0,0.0754129494262943,0.028255100459438,0
3.2,1.43331185225922,-1.94972898804087,-1,0.241321438164142,0.0904163214702016,0,0.0754129494262943,0.028255100459438,0
3.21,1.43572883728834,-1.94882341207115,-1,0.242075567658405,0.0906988724747959,0,0.0754129494262943,0.028255100459438,0
3.22,1.43815336361239,-1.94791501059138,-1,0.242829697152668,0.0909814234793903,0,0.0754129494262943,0.028255100459438,0
3.23,1.44058543123139,-1.94700378360156,-1,0.243583826646931,0.0912639744839847,0,0.0754129494262943,0.028255100459438,0
3.24,1.44302504014533,-1.9460897311017,-1,0.244337956141194,0.0915465254885791,0,0.0754129494262943,0.028255100459438,0
3.25,1.44547219035421,-1.94517285309179,-1,0.245092085635457,0.0918290764931735,0,0.0754129494262943,0.028255100459438,0
3.26,1.44792688185804,-1.94425314957183,-1,0.24584621512972,0.0921116274977678,0,0.0754129494262943,0.028255100459438,0
3.27,1.45038911465681,-1.94333062054183,-1,0.246600344623982,0.0923941785023622,0,0.0754129494262943,0.028255100459438,0
3.28,1.45285888875052,-1.94240526600179,-1,0.247354474118245,0.0926767295069566,0,0.0754129494262943,0.028255100459438,0
3.29,1.45533620413917,-1.94147708595169,-1,0.248108603612508,0.092959280511551,0,0.0754129494262943,0.028255100459438,0
3.3,1.45782106082277,-1.94054608039156,-1,0.248862733106771,0.0932418315161454,0,0.0754129494262943,0.028255100459438,0
3.31,1.46031345880131,-1.93961224932137,-1,0.249616862601034,0.0935243825207397,0,0.0754129494262943,0.028255100459438,0
3.32,1.46281339807479,-1.93867559274114,-1,0.250370992095297,0.0938069335253341,0,0.0754129494262943,0.028255100459438,0
3.33,1.46532087864322,-1.93773611065086,-1,0.25112512158956,0.0940894845299285,0,0.0754129494262943,0.028255100459438,0
3.34,1.46783590050658,-1.93679380305054,-1,0.251879251083823,0.0943720355345229,0,0.0754129494262943,0.028255100459438,0
3.35,1.47035846366489,-1.93584866994017,-1,0.252633380578086,0.0946545865391172,0,0.0754129494262943,0.028255100459438,0
3.36,1.47288856811814,-1.93490071131976,-1,0.253387510072349,0.0949371375437116,0,0.0754129494262943,0.028255100459438,0
3.37,1.47542621386634,-1.9339499271893,-1,0.254141639566612,0.095219688548306,0,0.0754129494262943,0.028255100459438,0
3.38,1.47797140090948,-1.93299631754879,-1,0.254895769060875,0.0955022395529004,0,0.0754129494262943,0.028255100459438,0
3.39,1.48052412924756,-1.93203988239824,-1,0.255649898555138,0.0957847905574948,0,0.0754129494262943,0.028255100459438,0
3.4,1.48308439888058,-1.93108062173764,-1,0.256404028049401,0.0960673415620892,0,0.0754129494262943,0.028255100459438,0
3.41,1.48565220980854,-1.930118535567,-1,0.257158157543664,0.0963498925666835,0,0.0754129494262943,0.028255100459438,0
3.42,1.48822756203145,-1.92915362388631,-1,0.257912287037927,0.0966324435712779,0,0.0754129494262943,0.028255100459438,0
3.43,1.4908104555493,-1.92818588669557,-1,0.25866641653219,0.0969149945758723,0,0.0754129494262943,0.028255100459438,0
3.44,1.4934008903621,-1.92721532399479,-1,0.259420546026452,0.0971975455804667,0,0.0754129494262943,0.028255100459438,0
3.45,1.49599886646983,-1.92624193578397,-1,0.260174675520715,0.0974800965850611,0,0.0754129494262943,0.028255100459438,0
3.46,1.49860438387251,-1.92526572206309,-1,0.260928805014978,0.0977626475896554,0,0.0754129494262943,0.028255100459438,0
3.47,1.50121744257013,-1.92428668283217,-1,0.261682934509241,0.0980451985942498,0,0.0754129494262943,0.028255100459438,0
3.48,1.5038380425627,-1.92330481809121,-1,0.262437064003504,0.0983277495988442,0,0.0754129494262943,0.028255100459438,0
3.49,1.5064661838502,-1.9223201278402,-1,0.263191193497767,0.0986103006034386,0,0.0754129494262943,0.028255100459438,0
3.5,1.50910186643265,-1.92133261207914,-1,0.26394532299203,0.0988928516080329,0,0.0754129494262943,0.028255100459438,0
3.51,1.51174509031004,-1.92034227080803,-1,0.264699452486293,0.0991754026126273,0,0.0754129494262943,0.028255100459438,0
3.52,1.51439585548238,-1.91934910402689,-1,0.265453581980556,0.0994579536172217,0,0.0754129494262943,0.028255100459438,0
3.53,1.51705416194965,-1.91835311173569,-1,0.266207711474819,0.0997405046218161,0,0.0754129494262943,0.028255100459438,0
3.54,1.51972000971187,-1.91735429393445,-1,0.266961840969082,0.10002305562641,0,0.0754129494262943,0.028255100459438,0
3.55,1.52239339876904,-1.91635265062316,-1,0.267715970463345,0.100305606631005,0,0.0754129494262943,0.028255100459438,0
3.56,1.52507432912114,-1.91534818180183,-1,0.268470099957608,0.100588157635599,0,0.0754129494262943,0.028255100459438,0
3.57,1.52776280076819,-1.91434088747045,-1,0.269224229451871,0.100870708640194,0,0.0754129494262943,0.028255100459438,0
3.58,1.53045881371018,-1.91333076762903,-1,0.269978358946134,0.101153259644788,0,0.0754129494262943,0.028255100459438,0
3.59,1.53316236794711,-1.91231782227755,-1,0.270732488440397,0.101435810649382,0,0.0754129494262943,0.028255100459438,0
3.6,1.53587346347899,-1.91130205141604,-1,0.27148661793466,0.101718361653977,0,0.0754129494262943,0.028255100459438,0
3.61,1.5385921003058,-1.91028345504447,-1,0.272240747428923,0.102000912658571,0,0.0754129494262943,0.028255100459438,0
3.62,1.54131827842756,-1.90926203316287,-1,0.272994876923185,0.102283463663166,0,0.0754129494262943,0.028255100459438,0
3.63,1.54405199784427,-1.90823778577121,-1,0.273749006417448,0.10256601466776,0,0.0754129494262943,0.028255100459438,0
3.64,1.54679325855591,-1.90721071286951,-1,0.274503135911711,0.102848565672354,0,0.0754129494262943,0.028255100459438,0
3.65,1.5495420605625,-1.90618081445776,-1,0.275257265405974,0.103131116676949,0,0.0754129494262943,0.028255100459438,0
3.66,1.55229840386403,-1.90514809053597,-1,0.276011394900237,0.103413667681543,0,0.0754129494262943,0.028255100459438,0
3.67,1.55506228846051,-1.90411254110413,-1,0.2767655243945,0.103696218686137,0,0.0754129494262943,0.028255100459438,0
3.68,1.55783371435192,-1.90307416616225,-1,0.277519653888763,0.103978769690732,0,0.0754129494262943,0.028255100459438,0
3.69,1.56061268153828,-1.90203296571032,-1,0.278273783383026,0.104261320695326,0,0.0754129494262943,0.028255100459438,0
3.7,1.56339919001958,-1.90098893974834,-1,0.279027912877289,0.104543871699921,0,0.0754129494262943,0.028255100459438,0
3.71,1.56619323979583,-1.89994208827632,-1,0.279782042371552,0.104826422704515,0,0.0754129494262943,0.028255100459438,0
3.72,1.56899483086701,-1.89889241129425,-1,0.280536171865815,0.105108973709109,0,0.0754129494262943,0.028255100459438,0
3.73,1.57180396323314,-1.89783990880214,-1,0.281290301360078,0.105391524713704,0,0.0754129494262943,0.028255100459438,0
3.74,1.57462063689422,-1.89678458079998,-1,0.282044430854341,0.105674075718298,0,0.0754129494262943,0.028255100459438,0
3.75,1.57744485185023,-1.89572642728777,-1,0.282798560348604,0.105956626722892,0,0.0754129494262943,0.028255100459438,0
3.76,1.58027660810119,-1.89466544826552,-1,0.283552689842867,0.106239177727487,0,0.0754129494262943,0.028255100459438,0
3.77,1.58311590564709,-1.89360164373322,-1,0.28430681933713,0.106521728732081,0,0.0754129494262943,0.028255100459438,0
3.78,1.58596274448793,-1.89253501369088,-1,0.285060948831393,0.106804279736676,0,0.0754129494262943,0.028255100459438,0
3.79,1.58881712462372,-1.89146555813849,-1,0.285815078325656,0.10708683074127,0,0.0754129494262943,0.028255100459438,0
3.8,1.59167904605444,-1.89039327707605,-1,0.286569207819918,0.107369381745864,0,0.0754129494262943,0.028255100459438,0
3.81,1.59454850878011,-1.88931817050357,-1,0.287323337314181,0.107651932750459,0,0.0754129494262943,0.028255100459438,0
3.82,1.59742551280073,-1.88824023842104,-1,0.288077466808444,0.107934483755053,0,0.0754129494262943,0.028255100459438,0
3.83,1.60031005811628,-1.88715948082847,-1,0.288831596302707,0.108217034759647,0,0.0754129494262943,0.028255100459438,0
3.84,1.60320214472678,-1.88607589772585,-1,0.28958572579697,0.108499585764242,0,0.0754129494262943,0.028255100459438,0
3.85,1.60610177263222,-1.88498948911319,-1,0.290339855291233,0.108782136768836,0,0.0754129494262943,0.028255100459438,0
3.86,1.60900894183261,-1.88390025499047,-1,0.291093984785496,0.109064687773431,0,0.0754129494262943,0.028255100459438,0
3.87,1.61192365232793,-1.88280819535772,-1,0.291848114279759,0.109347238778025,0,0.0754129494262943,0.028255100459438,0
3.88,1.6148459041182,-1.88171331021491,-1,0.292602243774022,0.109629789782619,0,0.0754129494262943,0.028255100459438,0
3.89,1.61777569720341,-1.88061559956207,-1,0.293356373268285,0.109912340787214,0,0.0754129494262943,0.028255100459438,0
3.9,1.62071303158357,-1.87951506339917,-1,0.294110502762548,0.110194891791808,0,0.0754129494262943,0.028255100459438,0
3.91,1.62365790725866,-1.87841170172623,-1,0.294864632256811,0.110477442796403,0,0.0754129494262943,0.028255100459438,0
3.92,1.6266103242287,-1.87730551454324,-1,0.295618761751074,0.110759993800997,0,0.0754129494262943,0.028255100459438,0
3.93,1.62957028249368,-1.87619650185021,-1,0.296372891245337,0.111042544805591,0,0.0754129494262943,0.028255100459438,0
3.94,1.63253778205361,-1.87508466364713,-1,0.2971270207396,0.111325095810186,0,0.0754129494262943,0.028255100459438,0
3.95,1.63551282290848,-1.87396999993401,-1,0.297881150233863,0.11160764681478,0,0.0754129494262943,0.028255100459438,0
3.96,1.63849540505829,-1.87285251071083,-1,0.298635279728126,0.111890197819374,0,0.0754129494262943,0.028255100459438,0
3.97,1.64148552850304,-1.87173219597762,-1,0.299389409222388,0.112172748823969,0,0.0754129494262943,0.028255100459438,0
3.98,1.64448319324273,-1.87060905573435,-1,0.300143538716651,0.112455299828563,0,0.0754129494262943,0.028255100459438,0
3.99,1.64748839927737,-1.86948308998105,-1,0.300897668210914,0.112737850833158,0,0.0754129494262943,0.028255100459438,0
4,1.65050114660695,-1.86835429871769,-1,0.301651797705177,0.113020401837752,0,0.0754129494262943,0.028255100459438,0
4.01,1.65352143523148,-1.86722268194429,-1,0.30240592719944,0.113302952842346,0,0.0754129494262943,0.028255100459438,0
4.02,1.65654926515094,-1.86608823966084,-1,0.303160056693703,0.113585503846941,0,0.0754129494262943,0.028255100459438,0
4.03,1.65958463636535,-1.86495097186735,-1,0.303914186187966,0.113868054851535,0,0.0754129494262943,0.028255100459438,0
4.04,1.6626275488747,-1.86381087856381,-1,0.304668315682229,0.114150605856129,0,0.0754129494262943,0.028255100459438,0
4.05,1.66567800267899,-1.86266795975023,-1,0.305422445176492,0.114433156860724,0,0.0754129494262943,0.028255100459438,0
4.06,1.66873599777823,-1.8615222154266,-1,0.306176574670755,0.114715707865318,0,0.0754129494262943,0.028255100459438,0
4.07,1.67180153417241,-1.86037364559292,-1,0.306930704165018,0.114998258869913,0,0.0754129494262943,0.028255100459438,0
4.08,1.67487461186153,-1.8592222502492,-1,0.307684833659281,0.115280809874507,0,0.0754129494262943,0.028255100459438,0
4.09,1.67795523084559,-1.85806802939543,-1,0.308438963153544,0.115563360879101,0,0.0754129494262943,0.028255100459438,0
4.1,1.6810433911246,-1.85691098303162,-1,0.309193092647807,0.115845911883696,0,0.0754129494262943,0.028255100459438,0
4.11,1.68413909269855,-1.85575111115776,-1,0.30994722214207,0.11612846288829,0,0.0754129494262943,0.028255100459438,0
4.12,1.68724233556744,-1.85458841377385,-1,0.310701351636333,0.116411013892885,0,0.0754129494262943,0.028255100459438,0
4.13,1.69035311973128,-1.8534228908799,-1,0.311455481130596,0.116693564897479,0,0.0754129494262943,0.028255100459438,0
4.14,1.69347144519005,-1.8522545424759,-1,0.312209610624858,0.116976115902073,0,0.0754129494262943,0.028255100459438,0
4.15,1.69659731194377,-1.85108336856186,-1,0.312963740119121,0.117258666906668,0,0.0754129494262943,0.028255100459438,0
4.16,1.69973071999244,-1.84990936913777,-1,0.313717869613384,0.117541217911262,0,0.0754129494262943,0.028255100459438,0
4.17,1.70287166933604,-1.84873254420364,-1,0.314471999107647,0.117823768915856,0,0.0754129494262943,0.028255100459438,0
4.18,1.70602015997459,-1.84755289375945,-1,0.31522612860191,0.118106319920451,0,0.0754129494262943,0.028255100459438,0
4.19,1.70917619190808,-1.84637041780523,-1,0.315980258096173,0.118388870925045,0,0.0754129494262943,0.028255100459438,0
4.2,1.71233976513651,-1.84518511634095,-1,0.316734387590436,0.11867142192964,0,0.0754129494262943,0.028255100459438,0
4.21,1.71551087965989,-1.84399698936663,-1,0.317488517084699,0.118953972934234,0,0.0754129494262943,0.028255100459438,0
4.22,1.71868953547821,-1.84280603688227,-1,0.318242646578962,0.119236523938828,0,0.0754129494262943,0.028255100459438,0
4.23,1.72187573259147,-1.84161225888786,-1,0.318996776073225,0.119519074943423,0,0.0754129494262943,0.028255100459438,0
4.24,1.72506947099967,-1.8404156553834,-1,0.319750905567488,0.119801625948017,0,0.0754129494262943,0.028255100459438,0
4.25,1.72827075070282,-1.8392162263689,-1,0.320505035061751,0.120084176952611,0,0.0754129494262943,0.028255100459438,0
4.26,1.73147957170091,-1.83801397184435,-1,0.321259164556014,0.120366727957206,0,0.0754129494262943,0.028255100459438,0
4.27,1.73469593399394,-1.83680889180975,-1,0.322013294050277,0.1206492789618,0,0.0754129494262943,0.028255100459438,0
4.28,1.73791983758191,-1.83560098626511,-1,0.32276742354454,0.120931829966395,0,0.0754129494262943,0.028255100459438,0
4.29,1.74115128246483,-1.83439025521042,-1,0.323521553038803,0.121214380970989,0,0.0754129494262943,0.028255100459438,0
4.3,1.74439026864269,-1.83317669864569,-1,0.324275682533066,0.121496931975583,0,0.0754129494262943,0.028255100459438,0
4.31,1.74763679611549,-1.83196031657091,-1,0.325029812027329,0.121779482980178,0,0.0754129494262943,0.028255100459438,0
4.32,1.75089086488324,-1.83074110898609,-1,0.325783941521592,0.122062033984772,0,0.0754129494262943,0.028255100459438,0
4.33,1.75415247494592,-1.82951907589122,-1,0.326538071015854,0.122344584989366,0,0.0754129494262943,0.028255100459438,0
4.34,1.75742162630355,-1.8282942172863,-1,0.327292200510117,0.122627135993961,0,0.0754129494262943,0.028255100459438,0
4.35,1.76069831895613,-1.82706653317134,-1,0.32804633000438,0.122909686998555,0,0.0754129494262943,0.028255100459438,0
4.36,1.76398255290364,-1.82583602354633,-1,0.328800459498643,0.12319223800315,0,0.0754129494262943,0.028255100459438,0
4.37,1.7672743281461,-1.82460268841128,-1,0.329554588992906,0.123474789007744,0,0.0754129494262943,0.028255100459438,0
4.38,1.7705736446835,-1.82336652776617,-1,0.330308718487169,0.123757340012338,0,0.0754129494262943,0.028255100459438,0
4.39,1.77388050251584,-1.82212754161103,-1,0.331062847981432,0.124039891016933,0,0.0754129494262943,0.028255100459438,0
4.4,1.77719490164313,-1.82088572994584,-1,0.331816977475695,0.124322442021527,0,0.0754129494262943,0.028255100459438,0
4.41,1.78051684206536,-1.8196410927706,-1,0.332571106969958,0.124604993026122,0,0.0754129494262943,0.028255100459438,0
4.42,1.78384632378253,-1.81839363008531,-1,0.333325236464221,0.124887544030716,0,0.0754129494262943,0.028255100459438,0
4.43,1.78718334679464,-1.81714334188998,-1,0.334079365958484,0.12517009503531,0,0.0754129494262943,0.028255100459438,0
4.44,1.7905279111017,-1.81589022818461,-1,0.334833495452747,0.125452646039905,0,0.0754129494262943,0.028255100459438,0
4.45,1.79388001670369,-1.81463428896919,-1,0.33558762494701,0.125735197044499,0,0.0754129494262943,0.028255100459438,0
4.46,1.79723966360064,-1.81337552424372,-1,0.336341754441273,0.126017748049093,0,0.0754129494262943,0.028255100459438,0
4.47,1.80060685179252,-1.8121139340082,-1,0.337095883935536,0.126300299053688,0,0.0754129494262943,0.028255100459438,0
4.48,1.80398158127935,-1.81084951826264,-1,0.337850013429799,0.126582850058282,0,0.0754129494262943,0.028255100459438,0
4.49,1.80736385206112,-1.80958227700704,-1,0.338604142924062,0.126865401062877,0,0.0754129494262943,0.028255100459438,0
4.5,1.81075366413783,-1.80831221024139,-1,0.339358272418324,0.127147952067471,0,0.0754129494262943,0.028255100459438,0
4.51,1.81415101750948,-1.80703931796569,-1,0.340112401912587,0.127430503072065,0,0.0754129494262943,0.028255100459438,0
4.52,1.81755591217608,-1.80576360017994,-1,0.34086653140685,0.12771305407666,0,0.0754129494262943,0.028255100459438,0
4.53,1.82096834813762,-1.80448505688416,-1,0.341620660901113,0.127995605081254,0,0.0754129494262943,0.028255100459438,0
4.54,1.8243883253941,-1.80320368807832,-1,0.342374790395376,0.128278156085848,0,0.0754129494262943,0.028255100459438,0
4.55,1.82781584394553,-1.80191949376244,-1,0.343128919889639,0.128560707090443,0,0.0754129494262943,0.028255100459438,0
4.56,1.83125090379189,-1.80063247393651,-1,0.343883049383902,0.128843258095037,0,0.0754129494262943,0.028255100459438,0
4.57,1.83469350493321,-1.79934262860054,-1,0.344637178878165,0.129125809099632,0,0.0754129494262943,0.028255100459438,0
4.58,1.83814364736946,-1.79804995775452,-1,0.345391308372428,0.129408360104226,0,0.0754129494262943,0.028255100459438,0
4.59,1.84160133110065,-1.79675446139845,-1,0.346145437866691,0.12969091110882,0,0.0754129494262943,0.028255100459438,0
4.6,1.84506655612679,-1.79545613953234,-1,0.346899567360954,0.129973462113415,0,0.0754129494262943,0.028255100459438,0
4.61,1.84853932244787,-1.79415499215618,-1,0.347653696855217,0.130256013118009,0,0.0754129494262943,0.028255100459438,0
4.62,1.8520196300639,-1.79285101926998,-1,0.34840782634948,0.130538564122604,0,0.0754129494262943,0.028255100459438,0
4.63,1.85550713116065,-1.79154435118988,-1,0.348838044156257,0.130699754573878,0,-0.0754129494262943,-0.028255100459438,-0
4.64,1.85899174095474,-1.79023876639917,-1,0.348083914661994,0.130417203569283,0,-0.0754129494262943,-0.028255100459438,-0
4.65,1.86246880945389,-1.7889360071185,-1,0.347329785167731,0.130134652564689,0,-0.0754129494262943,-0.028255100459438,-0
4.66,1.8659383366581,-1.78763607334788,-1,0.346575655673468,0.129852101560094,0,-0.0754129494262943,-0.028255100459438,-0
4.67,1.86940032256736,-1.7863389650873,-1,0.345821526179205,0.1295695505555,0,-0.0754129494262943,-0.028255100459438,-0
4.68,1.87285476718168,-1.78504468233677,-1,0.345067396684943,0.129286999550906,0,-0.0754129494262943,-0.028255100459438,-0
4.69,1.87630167050106,-1.78375322509628,-1,0.34431326719068,0.129004448546311,0,-0.0754129494262943,-0.028255100459438,-0
4.7,1.8797410325255,-1.78246459336584,-1,0.343559137696417,0.128721897541717,0,-0.0754129494262943,-0.028255100459438,-0
4.71,1.88317285325499,-1.78117878714544,-1,0.342805008202154,0.128439346537123,0,-0.0754129494262943,-0.028255100459438,-0
4.72,1.88659713268954,-1.7798958064351,-1,0.342050878707891,0.128156795532528,0,-0.0754129494262943,-0.028255100459438,-0
4.73,1.89001387082915,-1.77861565123479,-1,0.341296749213628,0.127874244527934,0,-0.0754129494262943,-0.028255100459438,-0
4.74,1.89342306767381,-1.77733832154454,-1,0.340542619719365,0.127591693523339,0,-0.0754129494262943,-0.028255100459438,-0
4.75,1.89682472322354,-1.77606381736433,-1,0.339788490225102,0.127309142518745,0,-0.0754129494262943,-0.028255100459438,-0
4.76,1.90021883747832,-1.77479213869416,-1,0.339034360730839,0.127026591514151,0,-0.0754129494262943,-0.028255100459438,-0
4.77,1.90360541043815,-1.77352328553404,-1,0.338280231236576,0.126744040509556,0,-0.0754129494262943,-0.028255100459438,-0
4.78,1.90698444210305,-1.77225725788397,-1,0.337526101742313,0.126461489504962,0,-0.0754129494262943,-0.028255100459438,-0
4.79,1.910355932473,-1.77099405574395,-1,0.33677197224805,0.126178938500368,0,-0.0754129494262943,-0.028255100459438,-0
4.8,1.91371988154801,-1.76973367911396,-1,0.336017842753787,0.125896387495773,0,-0.0754129494262943,-0.028255100459438,-0
4.81,1.91707628932807,-1.76847612799403,-1,0.335263713259524,0.125613836491179,0,-0.0754129494262943,-0.028255100459438,-0
4.82,1.9204251558132,-1.76722140238414,-1,0.334509583765261,0.125331285486584,0,-0.0754129494262943,-0.028255100459438,-0
4.83,1.92376648100338,-1.7659695022843,-1,0.333755454270998,0.12504873448199,0,-0.0754129494262943,-0.028255100459438,-0
4.84,1.92710026489862,-1.7647204276945,-1,0.333001324776735,0.124766183477396,0,-0.0754129494262943,-0.028255100459438,-0
4.85,1.93042650749891,-1.76347417861475,-1,0.332247195282472,0.124483632472801,0,-0.0754129494262943,-0.028255100459438,-0
4.86,1.93374520880427,-1.76223075504505,-1,0.331493065788209,0.124201081468207,0,-0.0754129494262943,-0.028255100459438,-0
4.87,1.93705636881468,-1.76099015698539,-1,0.330738936293947,0.123918530463612,0,-0.0754129494262943,-0.028255100459438,-0
4.88,1.94035998753015,-1.75975238443577,-1,0.329984806799684,0.123635979459018,0,-0.0754129494262943,-0.028255100459438,-0
4.89,1.94365606495067,-1.75851743739621,-1,0.329230677305421,0.123353428454424,0,-0.0754129494262943,-0.028255100459438,-0
4.9,1.94694460107625,-1.75728531586668,-1,0.328476547811158,0.123070877449829,0,-0.0754129494262943,-0.028255100459438,-0
4.91,1.9502255959069,-1.75605601984721,-1,0.327722418316895,0.122788326445235,0,-0.0754129494262943,-0.028255100459438,-0
4.92,1.95349904944259,-1.75482954933778,-1,0.326968288822632,0.122505775440641,0,-0.0754129494262943,-0.028255100459438,-0
4.93,1.95676496168335,-1.7536059043384,-1,0.326214159328369,0.122223224436046,0,-0.0754129494262943,-0.028255100459438,-0
4.94,1.96002333262916,-1.75238508484906,-1,0.325460029834106,0.121940673431452,0,-0.0754129494262943,-0.028255100459438,-0
4.95,1.96327416228003,-1.75116709086977,-1,0.324705900339843,0.121658122426857,0,-0.0754129494262943,-0.028255100459438,-0
4.96,1.96651745063596,-1.74995192240052,-1,0.32395177084558,0.121375571422263,0,-0.0754129494262943,-0.028255100459438,-0
4.97,1.96975319769694,-1.74873957944132,-1,0.323197641351317,0.121093020417669,0,-0.0754129494262943,-0.028255100459438,-0
4.98,1.97298140346298,-1.74753006199217,-1,0.322443511857054,0.120810469413074,0,-0.0754129494262943,-0.028255100459438,-0
4.99,1.97620206793408,-1.74632337005306,-1,0.321689382362791,0.12052791840848,0,-0.0754129494262943,-0.028255100459438,-0
5,1.97941519111024,-1.745119503624,-1,0.320935252868528,0.120245367403886,0,-0.0754129494262943,-0.028255100459438,-0
5.01,1.98262077299145,-1.74391846270498,-1,0.320181123374265,0.119962816399291,0,-0.0754129494262943,-0.028255100459438,-0
5.02,1.98581881357772,-1.74272024729601,-1,0.319426993880002,0.119680265394697,0,-0.0754129494262943,-0.028255100459438,-0
5.03,1.98900931286905,-1.74152485739709,-1,0.318672864385739,0.119397714390102,0,-0.0754129494262943,-0.028255100459438,-0
5.04,1.99219227086544,-1.74033229300821,-1,0.317918734891477,0.119115163385508,0,-0.0754129494262943,-0.028255100459438,-0
5.05,1.99536768756688,-1.73914255412938,-1,0.317164605397214,0.118832612380914,0,-0.0754129494262943,-0.028255100459438,-0
5.06,1.99853556297338,-1.73795564076059,-1,0.316410475902951,0.118550061376319,0,-0.0754129494262943,-0.028255100459438,-0
5.07,2.00169589708494,-1.73677155290185,-1,0.315656346408688,0.118267510371725,0,-0.0754129494262943,-0.028255100459438,-0
5.08,2.00484868990156,-1.73559029055316,-1,0.314902216914425,0.11798495936713,0,-0.0754129494262943,-0.028255100459438,-0
5.09,2.00799394142323,-1.73441185371451,-1,0.314148087420162,0.117702408362536,0,-0.0754129494262943,-0.028255100459438,-0
5.1,2.01113165164996,-1.73323624238591,-1,0.313393957925899,0.117419857357942,0,-0.0754129494262943,-0.028255100459438,-0
5.11,2.01426182058175,-1.73206345656735,-1,0.312639828431636,0.117137306353347,0,-0.0754129494262943,-0.028255100459438,-0
5.12,2.01738444821859,-1.73089349625884,-1,0.311885698937373,0.116854755348753,0,-0.0754129494262943,-0.028255100459438,-0
5.13,2.0204995345605,-1.72972636146038,-1,0.31113156944311,0.116572204344159,0,-0.0754129494262943,-0.028255100459438,-0
5.14,2.02360707960746,-1.72856205217196,-1,0.310377439948847,0.116289653339564,0,-0.0754129494262943,-0.028255100459438,-0
5.15,2.02670708335947,-1.72740056839358,-1,0.309623310454584,0.11600710233497,0,-0.0754129494262943,-0.028255100459438,-0
5.16,2.02979954581655,-1.72624191012526,-1,0.308869180960321,0.115724551330375,0,-0.0754129494262943,-0.028255100459438,-0
5.17,2.03288446697868,-1.72508607736698,-1,0.308115051466058,0.115442000325781,0,-0.0754129494262943,-0.028255100459438,-0
5.18,2.03596184684587,-1.72393307011874,-1,0.307360921971795,0.115159449321187,0,-0.0754129494262943,-0.028255100459438,-0
5.19,2.03903168541811,-1.72278288838055,-1,0.306606792477532,0.114876898316592,0,-0.0754129494262943,-0.028255100459438,-0
5.2,2.04209398269542,-1.72163553215241,-1,0.305852662983269,0.114594347311998,0,-0.0754129494262943,-0.028255100459438,-0
5.21,2.04514873867778,-1.72049100143431,-1,0.305098533489007,0.114311796307404,0,-0.0754129494262943,-0.028255100459438,-0
5.22,2.0481959533652,-1.71934929622626,-1,0.304344403994744,0.114029245302809,0,-0.0754129494262943,-0.028255100459438,-0
5.23,2.05123562675768,-1.71821041652826,-1,0.303590274500481,0.113746694298215,0,-0.0754129494262943,-0.028255100459438,-0
5.24,2.05426775885521,-1.7170743623403,-1,0.302836145006218,0.11346414329362,0,-0.0754129494262943,-0.028255100459438,-0
5.25,2.0572923496578,-1.71594113366238,-1,0.302082015511955,0.113181592289026,0,-0.0754129494262943,-0.028255100459438,-0
5.26,2.06030939916545,-1.71481073049452,-1,0.301327886017692,0.112899041284432,0,-0.0754129494262943,-0.028255100459438,-0
5.27,2.06331890737815,-1.7136831528367,-1,0.300573756523429,0.112616490279837,0,-0.0754129494262943,-0.028255100459438,-0
5.28,2.06632087429592,-1.71255840068892,-1,0.299819627029166,0.112333939275243,0,-0.0754129494262943,-0.028255100459438,-0
5.29,2.06931529991874,-1.71143647405119,-1,0.299065497534903,0.112051388270649,0,-0.0754129494262943,-0.028255100459438,-0
5.3,2.07230218424661,-1.71031737292351,-1,0.29831136804064,0.111768837266054,0,-0.0754129494262943,-0.028255100459438,-0
5.31,2.07528152727955,-1.70920109730587,-1,0.297557238546377,0.11148628626146,0,-0.0754129494262943,-0.028255100459438,-0
5.32,2.07825332901754,-1.70808764719828,-1,0.296803109052114,0.111203735256865,0,-0.0754129494262943,-0.028255100459438,-0
5.33,2.08121758946059,-1.70697702260073,-1,0.296048979557851,0.110921184252271,0,-0.0754129494262943,-0.028255100459438,-0
5.34,2.0841743086087,-1.70586922351323,-1,0.295294850063588,0.110638633247677,0,-0.0754129494262943,-0.028255100459438,-0
5.35,2.08712348646186,-1.70476424993578,-1,0.294540720569325,0.110356082243082,0,-0.0754129494262943,-0.028255100459438,-0
5.36,2.09006512302009,-1.70366210186837,-1,0.293786591075062,0.110073531238488,0,-0.0754129494262943,-0.028255100459438,-0
5.37,2.09299921828336,-1.70256277931101,-1,0.293032461580799,0.109790980233893,0,-0.0754129494262943,-0.028255100459438,-0
5.38,2.0959257722517,-1.70146628226369,-1,0.292278332086536,0.109508429229299,0,-0.0754129494262943,-0.028255100459438,-0
5.39,2.0988447849251,-1.70037261072642,-1,0.291524202592273,0.109225878224705,0,-0.0754129494262943,-0.028255100459438,-0
5.4,2.10175625630355,-1.6992817646992,-1,0.290770073098011,0.10894332722011,0,-0.0754129494262943,-0.028255100459438,-0
5.41,2.10466018638706,-1.69819374418202,-1,0.290015943603748,0.108660776215516,0,-0.0754129494262943,-0.028255100459438,-0
5.42,2.10755657517562,-1.69710854917489,-1,0.289261814109485,0.108378225210922,0,-0.0754129494262943,-0.028255100459438,-0
5.43,2.11044542266925,-1.6960261796778,-1,0.288507684615222,0.108095674206327,0,-0.0754129494262943,-0.028255100459438,-0
5.44,2.11332672886793,-1.69494663569076,-1,0.287753555120959,0.107813123201733,0,-0.0754129494262943,-0.028255100459438,-0
5.45,2.11620049377166,-1.69386991721377,-1,0.286999425626696,0.107530572197138,0,-0.0754129494262943,-0.028255100459438,-0
5.46,2.11906671738046,-1.69279602424682,-1,0.286245296132433,0.107248021192544,0,-0.0754129494262943,-0.028255100459438,-0
5.47,2.12192539969431,-1.69172495678992,-1,0.28549116663817,0.10696547018795,0,-0.0754129494262943,-0.028255100459438,-0
5.48,2.12477654071322,-1.69065671484306,-1,0.284737037143907,0.106682919183355,0,-0.0754129494262943,-0.028255100459438,-0
5.49,2.12762014043719,-1.68959129840625,-1,0.283982907649644,0.106400368178761,0,-0.0754129494262943,-0.028255100459438,-0
5.5,2.13045619886622,-1.68852870747949,-1,0.283228778155381,0.106117817174167,0,-0.0754129494262943,-0.028255100459438,-0
5.51,2.1332847160003,-1.68746894206277,-1,0.282474648661118,0.105835266169572,0,-0.0754129494262943,-0.028255100459438,-0
5.52,2.13610569183944,-1.68641200215609,-1,0.281720519166855,0.105552715164978,0,-0.0754129494262943,-0.028255100459438,-0
5.53,2.13891912638364,-1.68535788775947,-1,0.280966389672592,0.105270164160383,0,-0.0754129494262943,-0.028255100459438,-0
5.54,2.14172501963289,-1.68430659887289,-1,0.280212260178329,0.104987613155789,0,-0.0754129494262943,-0.028255100459438,-0
5.55,2.1445233715872,-1.68325813549635,-1,0.279458130684066,0.104705062151195,0,-0.0754129494262943,-0.028255100459438,-0
5.56,2.14731418224657,-1.68221249762986,-1,0.278704001189803,0.1044225111466,0,-0.0754129494262943,-0.028255100459438,-0
5.57,2.150097451611,-1.68116968527342,-1,0.277949871695541,0.104139960142006,0,-0.0754129494262943,-0.028255100459438,-0
5.58,2.15287317968048,-1.68012969842702,-1,0.277195742201278,0.103857409137411,0,-0.0754129494262943,-0.028255100459438,-0
5.59,2.15564136645502,-1.67909253709067,-1,0.276441612707015,0.103574858132817,0,-0.0754129494262943,-0.028255100459438,-0
5.6,2.15840201193462,-1.67805820126437,-1,0.275687483212752,0.103292307128223,0,-0.0754129494262943,-0.028255100459438,-0
5.61,2.16115511611928,-1.67702669094811,-1,0.274933353718489,0.103009756123628,0,-0.0754129494262943,-0.028255100459438,-0
5.62,2.16390067900899,-1.67599800614189,-1,0.274179224224226,0.102727205119034,0,-0.0754129494262943,-0.028255100459438,-0
5.63,2.16663870060376,-1.67497214684573,-1,0.273425094729963,0.10244465411444,0,-0.0754129494262943,-0.028255100459438,-0
5.64,2.16936918090359,-1.6739491130596,-1,0.2726709652357,0.102162103109845,0,-0.0754129494262943,-0.028255100459438,-0
5.65,2.17209211990848,-1.67292890478353,-1,0.271916835741437,0.101879552105251,0,-0.0754129494262943,-0.028255100459438,-0
5.66,2.17480751761842,-1.6719115220175,-1,0.271162706247174,0.101597001100656,0,-0.0754129494262943,-0.028255100459438,-0
5.67,2.17751537403342,-1.67089696476152,-1,0.270408576752911,0.101314450096062,0,-0.0754129494262943,-0.028255100459438,-0
5.68,2.18021568915348,-1.66988523301558,-1,0.269654447258648,0.101031899091468,0,-0.0754129494262943,-0.028255100459438,-0
5.69,2.18290846297859,-1.66887632677969,-1,0.268900317764385,0.100749348086873,0,-0.0754129494262943,-0.028255100459438,-0
5.7,2.18559369550877,-1.66787024605384,-1,0.268146188270122,0.100466797082279,0,-0.0754129494262943,-0.028255100459438,-0
5.71,2.188271386744,-1.66686699083804,-1,0.267392058775859,0.100184246077685,0,-0.0754129494262943,-0.028255100459438,-0
5.72,2.19094153668428,-1.66586656113229,-1,0.266637929281596,0.0999016950730902,0,-0.0754129494262943,-0.028255100459438,-0
5.73,2.19360414532963,-1.66486895693658,-1,0.265883799787333,0.0996191440684958,0,-0.0754129494262943,-0.028255100459438,-0
5.74,2.19625921268003,-1.66387417825092,-1,0.26512967029307,0.0993365930639014,0,-0.0754129494262943,-0.028255100459438,-0
5.75,2.19890673873549,-1.6628822250753,-1,0.264375540798808,0.099054042059307,0,-0.0754129494262943,-0.028255100459438,-0
5.76,2.20154672349601,-1.66189309740973,-1,0.263621411304545,0.0987714910547127,0,-0.0754129494262943,-0.028255100459438,-0
5.77,2.20417916696158,-1.66090679525421,-1,0.262867281810282,0.0984889400501183,0,-0.0754129494262943,-0.028255100459438,-0
5.78,2.20680406913221,-1.65992331860873,-1,0.262113152316019,0.0982063890455239,0,-0.0754129494262943,-0.028255100459438,-0
5.79,2.2094214300079,-1.6589426674733,-1,0.261359022821756,0.0979238380409295,0,-0.0754129494262943,-0.028255100459438,-0
5.8,2.21203124958865,-1.65796484184791,-1,0.260604893327493,0.0976412870363352,0,-0.0754129494262943,-0.028255100459438,-0
5.81,2.21463352787445,-1.65698984173257,-1,0.25985076383323,0.0973587360317408,0,-0.0754129494262943,-0.028255100459438,-0
5.82,2.21722826486531,-1.65601766712728,-1,0.259096634338967,0.0970761850271464,0,-0.0754129494262943,-0.028255100459438,-0
5.83,2.21981546056123,-1.65504831803203,-1,0.258342504844704,0.096793634022552,0,-0.0754129494262943,-0.028255100459438,-0
5.84,2.22239511496221,-1.65408179444682,-1,0.257588375350441,0.0965110830179576,0,-0.0754129494262943,-0.028255100459438,-0
5.85,2.22496722806824,-1.65311809637167,-1,0.256834245856178,0.0962285320133633,0,-0.0754129494262943,-0.028255100459438,-0
5.86,2.22753179987933,-1.65215722380656,-1,0.256080116361915,0.0959459810087689,0,-0.0754129494262943,-0.028255100459438,-0
5.87,2.23008883039548,-1.65119917675149,-1,0.255325986867652,0.0956634300041745,0,-0.0754129494262943,-0.028255100459438,-0
5.88,2.23263831961668,-1.65024395520647,-1,0.254571857373389,0.0953808789995801,0,-0.0754129494262943,-0.028255100459438,-0
5.89,2.23518026754295,-1.6492915591715,-1,0.253817727879126,0.0950983279949857,0,-0.0754129494262943,-0.028255100459438,-0
5.9,2.23771467417427,-1.64834198864657,-1,0.253063598384863,0.0948157769903913,0,-0.0754129494262943,-0.028255100459438,-0
5.91,2.24024153951064,-1.64739524363169,-1,0.2523094688906,0.094533225985797,0,-0.0754129494262943,-0.028255100459438,-0
5.92,2.24276086355208,-1.64645132412686,-1,0.251555339396338,0.0942506749812026,0,-0.0754129494262943,-0.028255100459438,-0
5.93,2.24527264629857,-1.64551023013207,-1,0.250801209902075,0.0939681239766082,0,-0.0754129494262943,-0.028255100459438,-0
5.94,2.24777688775012,-1.64457196164733,-1,0.250047080407812,0.0936855729720138,0,-0.0754129494262943,-0.028255100459438,-0
5.95,2.25027358790673,-1.64363651867263,-1,0.249292950913549,0.0934030219674195,0,-0.0754129494262943,-0.028255100459438,-0
5.96,2.25276274676839,-1.64270390120798,-1,0.248538821419286,0.0931204709628251,0,-0.0754129494262943,-0.028255100459438,-0
5.97,2.25524436433511,-1.64177410925337,-1,0.247784691925023,0.0928379199582307,0,-0.0754129494262943,-0.028255100459438,-0
5.98,2.25771844060689,-1.64084714280881,-1,0.24703056243076,0.0925553689536363,0,-0.0754129494262943,-0.028255100459438,-0
5.99,2.26018497558373,-1.6399230018743,-1,0.246276432936497,0.0922728179490419,0,-0.0754129494262943,-0.028255100459438,-0
6,2.26264396926562,-1.63900168644983,-1,0.245522303442234,0.0919902669444475,0,-0.0754129494262943,-0.028255100459438,-0
6.01,2.26509542165257,-1.63808319653541,-1,0.244768173947971,0.0917077159398532,0,-0.0754129494262943,-0.028255100459438,-0
6.02,2.26753933274458,-1.63716753213104,-1,0.244014044453708,0.0914251649352588,0,-0.0754129494262943,-0.028255100459438,-0
6.03,2.26997570254165,-1.63625469323671,-1,0.243259914959445,0.0911426139306644,0,-0.0754129494262943,-0.028255100459438,-0
6.04,2.27240453104377,-1.63534467985242,-1,0.242505785465182,0.09086006292607,0,-0.0754129494262943,-0.028255100459438,-0
6.05,2.27482581825095,-1.63443749197818,-1,0.241751655970919,0.0905775119214757,0,-0.0754129494262943,-0.028255100459438,-0
6.06,2.27723956416319,-1.63353312961399,-1,0.240997526476656,0.0902949609168813,0,-0.0754129494262943,-0.028255100459438,-0
6.07,2.27964576878048,-1.63263159275985,-1,0.240243396982393,0.0900124099122869,0,-0.0754129494262943,-0.028255100459438,-0
6.08,2.28204443210283,-1.63173288141575,-1,0.23948926748813,0.0897298589076925,0,-0.0754129494262943,-0.028255100459438,-0
6.09,2.28443555413025,-1.63083699558169,-1,0.238735137993868,0.0894473079030981,0,-0.0754129494262943,-0.028255100459438,-0
6.1,2.28681913486271,-1.62994393525768,-1,0.237981008499605,0.0891647568985038,0,-0.0754129494262943,-0.028255100459438,-0
6.11,2.28919517430024,-1.62905370044372,-1,0.237226879005342,0.0888822058939094,0,-0.0754129494262943,-0.028255100459438,-0
6.12,2.29156367244282,-1.62816629113981,-1,0.236472749511079,0.088599654889315,0,-0.0754129494262943,-0.028255100459438,-0
6.13,2.29392462929046,-1.62728170734594,-1,0.235718620016816,0.0883171038847206,0,-0.0754129494262943,-0.028255100459438,-0
6.14,2.29627804484316,-1.62639994906211,-1,0.234964490522553,0.0880345528801262,0,-0.0754129494262943,-0.028255100459438,-0
6.15,2.29862391910091,-1.62552101628833,-1,0.23421036102829,0.0877520018755318,0,-0.0754129494262943,-0.028255100459438,-0
6.16,2.30096225206372,-1.6246449090246,-1,0.233456231534027,0.0874694508709375,0,-0.0754129494262943,-0.028255100459438,-0
6.17,2.30329304373159,-1.62377162727092,-1,0.232702102039764,0.0871868998663431,0,-0.0754129494262943,-0.028255100459438,-0
6.18,2.30561629410452,-1.62290117102727,-1,0.231947972545501,0.0869043488617487,0,-0.0754129494262943,-0.028255100459438,-0
6.19,2.3079320031825,-1.62203354029368,-1,0.231193843051238,0.0866217978571543,0,-0.0754129494262943,-0.028255100459438,-0
6.2,2.31024017096554,-1.62116873507013,-1,0.230439713556975,0.08633924685256,0,-0.0754129494262943,-0.028255100459438,-0
6.21,2.31254079745364,-1.62030675535663,-1,0.229685584062712,0.0860566958479656,0,-0.0754129494262943,-0.028255100459438,-0
6.22,2.3148338826468,-1.61944760115317,-1,0.228931454568449,0.0857741448433712,0,-0.0754129494262943,-0.028255100459438,-0
6.23,2.31711942654501,-1.61859127245976,-1,0.228177325074186,0.0854915938387768,0,-0.0754129494262943,-0.028255100459438,-0
6.24,2.31939742914828,-1.6177377692764,-1,0.227423195579923,0.0852090428341824,0,-0.0754129494262943,-0.028255100459438,-0
6.25,2.32166789045661,-1.61688709160308,-1,0.22666906608566,0.0849264918295881,0,-0.0754129494262943,-0.028255100459438,-0
6.26,2.32393081046999,-1.6160392394398,-1,0.225914936591397,0.0846439408249937,0,-0.0754129494262943,-0.028255100459438,-0
6.27,2.32618618918844,-1.61519421278658,-1,0.225160807097135,0.0843613898203993,0,-0.0754129494262943,-0.028255100459438,-0
6.28,2.32843402661193,-1.6143520116434,-1,0.224406677602872,0.0840788388158049,0,-0.0754129494262943,-0.028255100459438,-0
6.29,2.33067432274049,-1.61351263601026,-1,0.223652548108609,0.0837962878112105,0,-0.0754129494262943,-0.028255100459438,-0
6.3,2.33290707757411,-1.61267608588717,-1,0.222898418614346,0.0835137368066162,0,-0.0754129494262943,-0.028255100459438,-0
6.31,2.33513229111278,-1.61184236127413,-1,0.222144289120083,0.0832311858020218,0,-0.0754129494262943,-0.028255100459438,-0
6.32,2.33734996335651,-1.61101146217113,-1,0.22139015962582,0.0829486347974274,0,-0.0754129494262943,-0.028255100459438,-0
6.33,2.3395600943053,-1.61018338857818,-1,0.220636030131557,0.082666083792833,0,-0.0754129494262943,-0.028255100459438,-0
6.34,2.34176268395914,-1.60935814049528,-1,0.219881900637294,0.0823835327882386,0,-0.0754129494262943,-0.028255100459438,-0
6.35,2.34395773231804,-1.60853571792242,-1,0.219127771143031,0.0821009817836443,0,-0.0754129494262943,-0.028255100459438,-0
6.36,2.346145239382,-1.6077161208596,-1,0.218373641648768,0.0818184307790499,0,-0.0754129494262943,-0.028255100459438,-0
6.37,2.34832520515102,-1.60689934930684,-1,0.217619512154505,0.0815358797744555,0,-0.0754129494262943,-0.028255100459438,-0
6.38,2.35049762962509,-1.60608540326411,-1,0.216865382660242,0.0812533287698611,0,-0.0754129494262943,-0.028255100459438,-0
6.39,2.35266251280422,-1.60527428273144,-1,0.216111253165979,0.0809707777652667,0,-0.0754129494262943,-0.028255100459438,-0
6.4,2.35481985468841,-1.60446598770881,-1,0.215357123671716,0.0806882267606723,0,-0.0754129494262943,-0.028255100459438,-0
6.41,2.35696965527766,-1.60366051819622,-1,0.214602994177453,0.080405675756078,0,-0.0754129494262943,-0.028255100459438,-0
6.42,2.35911191457196,-1.60285787419369,-1,0.21384886468319,0.0801231247514836,0,-0.0754129494262943,-0.028255100459438,-0
6.43,2.36124663257132,-1.60205805570119,-1,0.213094735188927,0.0798405737468892,0,-0.0754129494262943,-0.028255100459438,-0
6.44,2.36337380927574,-1.60126106271875,-1,0.212340605694665,0.0795580227422948,0,-0.0754129494262943,-0.028255100459438,-0
6.45,2.36549344468521,-1.60046689524635,-1,0.211586476200402,0.0792754717377005,0,-0.0754129494262943,-0.028255100459438,-0
6.46,2.36760553879975,-1.59967555328399,-1,0.210832346706139,0.0789929207331061,0,-0.0754129494262943,-0.028255100459438,-0
6.47,2.36971009161934,-1.59888703683169,-1,0.210078217211876,0.0787103697285117,0,-0.0754129494262943,-0.028255100459438,-0
6.48,2.37180710314398,-1.59810134588942,-1,0.209324087717613,0.0784278187239173,0,-0.0754129494262943,-0.028255100459438,-0
6.49,2.37389657337369,-1.59731848045721,-1,0.20856995822335,0.0781452677193229,0,-0.0754129494262943,-0.028255100459438,-0
6.5,2.37597850230845,-1.59653844053504,-1,0.207815828729087,0.0778627167147286,0,-0.0754129494262943,-0.028255100459438,-0
6.51,2.37805288994827,-1.59576122612291,-1,0.207061699234824,0.0775801657101342,0,-0.0754129494262943,-0.028255100459438,-0
6.52,2.38011973629315,-1.59498683722084,-1,0.206307569740561,0.0772976147055398,0,-0.0754129494262943,-0.028255100459438,-0
6.53,2.38217904134308,-1.5942152738288,-1,0.205553440246298,0.0770150637009454,0,-0.0754129494262943,-0.028255100459438,-0
6.54,2.38423080509807,-1.59344653594682,-1,0.204799310752035,0.076732512696351,0,-0.0754129494262943,-0.028255100459438,-0
6.55,2.38627502755812,-1.59268062357488,-1,0.204045181257772,0.0764499616917567,0,-0.0754129494262943,-0.028255100459438,-0
6.56,2.38831170872323,-1.59191753671298,-1,0.203291051763509,0.0761674106871623,0,-0.0754129494262943,-0.028255100459438,-0
6.57,2.39034084859339,-1.59115727536113,-1,0.202536922269246,0.0758848596825679,0,-0.0754129494262943,-0.028255100459438,-0
6.58,2.39236244716861,-1.59039983951933,-1,0.201782792774983,0.0756023086779735,0,-0.0754129494262943,-0.028255100459438,-0
6.59,2.39437650444889,-1.58964522918757,-1,0.20102866328072,0.0753197576733791,0,-0.0754129494262943,-0.028255100459438,-0
6.6,2.39638302043423,-1.58889344436586,-1,0.200274533786457,0.0750372066687848,0,-0.0754129494262943,-0.028255100459438,-0
6.61,2.39838199512462,-1.5881444850542,-1,0.199520404292194,0.0747546556641904,0,-0.0754129494262943,-0.028255100459438,-0
6.62,2.40037342852007,-1.58739835125258,-1,0.198766274797931,0.074472104659596,0,-0.0754129494262943,-0.028255100459438,-0
6.63,2.40235732062058,-1.58665504296101,-1,0.198012145303669,0.0741895536550016,0,-0.0754129494262943,-0.028255100459438,-0
6.64,2.40433367142615,-1.58591456017948,-1,0.197258015809406,0.0739070026504072,0,-0.0754129494262943,-0.028255100459438,-0
6.65,2.40630248093677,-1.585176902908,-1,0.196503886315143,0.0736244516458128,0,-0.0754129494262943,-0.028255100459438,-0
6.66,2.40826374915245,-1.58444207114656,-1,0.19574975682088,0.0733419006412185,0,-0.0754129494262943,-0.028255100459438,-0
6.67,2.41021747607319,-1.58371006489517,-1,0.194995627326617,0.0730593496366241,0,-0.0754129494262943,-0.028255100459438,-0
6.68,2.41216366169898,-1.58298088415383,-1,0.194241497832354,0.0727767986320297,0,-0.0754129494262943,-0.028255100459438,-0
6.69,2.41410230602983,-1.58225452892253,-1,0.193487368338091,0.0724942476274354,0,-0.0754129494262943,-0.028255100459438,-0
6.7,2.41603340906574,-1.58153099920128,-1,0.192733238843828,0.072211696622841,0,-0.0754129494262943,-0.028255100459438,-0
6.71,2.41795697080671,-1.58081029499008,-1,0.191979109349565,0.0719291456182466,0,-0.0754129494262943,-0.028255100459438,-0
6.72,2.41987299125273,-1.58009241628892,-1,0.191224979855302,0.0716465946136522,0,-0.0754129494262943,-0.028255100459438,-0
6.73,2.42178147040382,-1.5793773630978,-1,0.190470850361039,0.0713640436090578,0,-0.0754129494262943,-0.028255100459438,-0
6.74,2.42368240825995,-1.57866513541674,-1,0.189716720866776,0.0710814926044634,0,-0.0754129494262943,-0.028255100459438,-0
6.75,2.42557580482115,-1.57795573324571,-1,0.188962591372513,0.0707989415998691,0,-0.0754129494262943,-0.028255100459438,-0
6.76,2.4274616600874,-1.57724915658474,-1,0.18820846187825,0.0705163905952747,0,-0.0754129494262943,-0.028255100459438,-0
6.77,2.42933997405872,-1.57654540543381,-1,0.187454332383987,0.0702338395906803,0,-0.0754129494262943,-0.028255100459438,-0
6.78,2.43121074673508,-1.57584447979292,-1,0.186700202889724,0.0699512885860859,0,-0.0754129494262943,-0.028255100459438,-0
6.79,2.43307397811651,-1.57514637966209,-1,0.185946073395461,0.0696687375814915,0,-0.0754129494262943,-0.028255100459438,-0
6.8,2.43492966820299,-1.57445110504129,-1,0.185191943901199,0.0693861865768972,0,-0.0754129494262943,-0.028255100459438,-0
6.81,2.43677781699453,-1.57375865593055,-1,0.184437814406936,0.0691036355723028,0,-0.0754129494262943,-0.028255100459438,-0
6.82,2.43861842449113,-1.57306903232985,-1,0.183683684912673,0.0688210845677084,0,-0.0754129494262943,-0.028255100459438,-0
6.83,2.44045149069279,-1.57238223423919,-1,0.18292955541841,0.068538533563114,0,-0.0754129494262943,-0.028255100459438,-0
6.84,2.4422770155995,-1.57169826165859,-1,0.182175425924147,0.0682559825585196,0,-0.0754129494262943,-0.028255100459438,-0
6.85,2.44409499921127,-1.57101711458802,-1,0.181421296429884,0.0679734315539253,0,-0.0754129494262943,-0.028255100459438,-0
6.86,2.4459054415281,-1.57033879302751,-1,0.180667166935621,0.0676908805493309,0,-0.0754129494262943,-0.028255100459438,-0
6.87,2.44770834254998,-1.56966329697704,-1,0.179913037441358,0.0674083295447365,0,-0.0754129494262943,-0.028255100459438,-0
6.88,2.44950370227693,-1.56899062643661,-1,0.179158907947095,0.0671257785401421,0,-0.0754129494262943,-0.028255100459438,-0
6.89,2.45129152070892,-1.56832078140623,-1,0.178404778452832,0.0668432275355477,0,-0.0754129494262943,-0.028255100459438,-0
6.9,2.45307179784598,-1.5676537618859,-1,0.177650648958569,0.0665606765309533,0,-0.0754129494262943,-0.028255100459438,-0
6.91,2.4548445336881,-1.56698956787562,-1,0.176896519464306,0.066278125526359,0,-0.0754129494262943,-0.028255100459438,-0
6.92,2.45660972823527,-1.56632819937537,-1,0.176142389970043,0.0659955745217646,0,-0.0754129494262943,-0.028255100459438,-0
6.93,2.4583673814875,-1.56566965638518,-1,0.17538826047578,0.0657130235171702,0,-0.0754129494262943,-0.028255100459438,-0
6.94,2.46011749344478,-1.56501393890503,-1,0.174634130981517,0.0654304725125759,0,-0.0754129494262943,-0.028255100459438,-0
6.95,2.46186006410713,-1.56436104693493,-1,0.173880001487254,0.0651479215079815,0,-0.0754129494262943,-0.028255100459438,-0
6.96,2.46359509347453,-1.56371098047487,-1,0.173125871992991,0.0648653705033871,0,-0.0754129494262943,-0.028255100459438,-0
6.97,2.46532258154699,-1.56306373952486,-1,0.172371742498728,0.0645828194987927,0,-0.0754129494262943,-0.028255100459438,-0
6.98,2.4670425283245,-1.5624193240849,-1,0.171617613004466,0.0643002684941983,0,-0.0754129494262943,-0.028255100459438,-0
6.99,2.46875493380708,-1.56177773415498,-1,0.170863483510203,0.0640177174896039,0,-0.0754129494262943,-0.028255100459438,-0
7,2.47045979799471,-1.5611389697351,-1,0.17010935401594,0.0637351664850096,0,-0.0754129494262943,-0.028255100459438,-0
7.01,2.4721571208874,-1.56050303082528,-1,0.169355224521677,0.0634526154804152,0,-0.0754129494262943,-0.028255100459438,-0
7.02,2.47384690248514,-1.5598699174255,-1,0.168601095027414,0.0631700644758208,0,-0.0754129494262943,-0.028255100459438,-0
7.03,2.47552914278794,-1.55923962953576,-1,0.167846965533151,0.0628875134712264,0,-0.0754129494262943,-0.028255100459438,-0
7.04,2.4772038417958,-1.55861216715607,-1,0.167092836038888,0.062604962466632,0,-0.0754129494262943,-0.028255100459438,-0
7.05,2.47887099950872,-1.55798753028643,-1,0.166338706544625,0.0623224114620377,0,-0.0754129494262943,-0.028255100459438,-0
7.06,2.4805306159267,-1.55736571892683,-1,0.165584577050362,0.0620398604574433,0,-0.0754129494262943,-0.028255100459438,-0
7.07,2.48218269104973,-1.55674673307728,-1,0.164830447556099,0.0617573094528489,0,-0.0754129494262943,-0.028255100459438,-0
7.08,2.48382722487782,-1.55613057273777,-1,0.164076318061836,0.0614747584482545,0,-0.0754129494262943,-0.028255100459438,-0
7.09,2.48546421741097,-1.55551723790831,-1,0.163322188567573,0.0611922074436601,0,-0.0754129494262943,-0.028255100459438,-0
7.1,2.48709366864917,-1.5549067285889,-1,0.16256805907331,0.0609096564390658,0,-0.0754129494262943,-0.028255100459438,-0
7.11,2.48871557859243,-1.55429904477953,-1,0.161813929579047,0.0606271054344714,0,-0.0754129494262943,-0.028255100459438,-0
7.12,2.49032994724075,-1.55369418648021,-1,0.161059800084784,0.060344554429877,0,-0.0754129494262943,-0.028255100459438,-0
7.13,2.49193677459413,-1.55309215369093,-1,0.160305670590521,0.0600620034252826,0,-0.0754129494262943,-0.028255100459438,-0
7.14,2.49353606065256,-1.5524929464117,-1,0.159551541096258,0.0597794524206882,0,-0.0754129494262943,-0.028255100459438,-0
7.15,2.49512780541605,-1.55189656464252,-1,0.158797411601995,0.0594969014160939,0,-0.0754129494262943,-0.028255100459438,-0
7.16,2.4967120088846,-1.55130300838338,-1,0.158043282107733,0.0592143504114995,0,-0.0754129494262943,-0.028255100459438,-0
7.17,2.49828867105821,-1.55071227763429,-1,0.15728915261347,0.0589317994069051,0,-0.0754129494262943,-0.028255100459438,-0
7.18,2.49985779193687,-1.55012437239524,-1,0.156535023119207,0.0586492484023107,0,-0.0754129494262943,-0.028255100459438,-0
7.19,2.50141937152059,-1.54953929266624,-1,0.155780893624944,0.0583666973977164,0,-0.0754129494262943,-0.028255100459438,-0
7.2,2.50297340980937,-1.54895703844729,-1,0.155026764130681,0.058084146393122,0,-0.0754129494262943,-0.028255100459438,-0
7.21,2.5045199068032,-1.54837760973838,-1,0.154272634636418,0.0578015953885276,0,-0.0754129494262943,-0.028255100459438,-0
7.22,2.5060588625021,-1.54780100653952,-1,0.153518505142155,0.0575190443839332,0,-0.0754129494262943,-0.028255100459438,-0
7.23,2.50759027690605,-1.5472272288507,-1,0.152764375647892,0.0572364933793388,0,-0.0754129494262943,-0.028255100459438,-0
7.24,2.50911415001506,-1.54665627667193,-1,0.152010246153629,0.0569539423747444,0,-0.0754129494262943,-0.028255100459438,-0
7.25,2.51063048182912,-1.54608815000321,-1,0.151256116659366,0.0566713913701501,0,-0.0754129494262943,-0.028255100459438,-0
7.26,2.51213927234824,-1.54552284884453,-1,0.150501987165103,0.0563888403655557,0,-0.0754129494262943,-0.028255100459438,-0
7.27,2.51364052157242,-1.5449603731959,-1,0.14974785767084,0.0561062893609613,0,-0.0754129494262943,-0.028255100459438,-0
7.28,2.51513422950166,-1.54440072305731,-1,0.148993728176577,0.0558237383563669,0,-0.0754129494262943,-0.028255100459438,-0
7.29,2.51662039613595,-1.54384389842877,-1,0.148239598682314,0.0555411873517725,0,-0.0754129494262943,-0.028255100459438,-0
7.3,2.51809902147531,-1.54328989931028,-1,0.147485469188051,0.0552586363471782,0,-0.0754129494262943,-0.028255100459438,-0
7.31,2.51957010551972,-1.54273872570183,-1,0.146731339693788,0.0549760853425838,0,-0.0754129494262943,-0.028255100459438,-0
7.32,2.52103364826918,-1.54219037760342,-1,0.145977210199525,0.0546935343379894,0,-0.0754129494262943,-0.028255100459438,-0
7.33,2.52248964972371,-1.54164485501507,-1,0.145223080705263,0.054410983333395,0,-0.0754129494262943,-0.028255100459438,-0
7.34,2.52393810988329,-1.54110215793676,-1,0.144468951211,0.0541284323288007,0,-0.0754129494262943,-0.028255100459438,-0
7.35,2.52537902874793,-1.54056228636849,-1,0.143714821716737,0.0538458813242063,0,-0.0754129494262943,-0.028255100459438,-0
7.36,2.52681240631762,-1.54002524031027,-1,0.142960692222474,0.0535633303196119,0,-0.0754129494262943,-0.028255100459438,-0
7.37,2.52823824259238,-1.5394910197621,-1,0.142206562728211,0.0532807793150175,0,-0.0754129494262943,-0.028255100459438,-0
7.38,2.52965653757219,-1.53895962472397,-1,0.141452433233948,0.0529982283104231,0,-0.0754129494262943,-0.028255100459438,-0
7.39,2.53106729125705,-1.53843105519589,-1,0.140698303739685,0.0527156773058288,0,-0.0754129494262943,-0.028255100459438,-0
7.4,2.53247050364698,-1.53790531117785,-1,0.139944174245422,0.0524331263012344,0,-0.0754129494262943,-0.028255100459438,-0
7.41,2.53386617474196,-1.53738239266987,-1,0.139190044751159,0.05215057529664,0,-0.0754129494262943,-0.028255100459438,-0
7.42,2.535254304542,-1.53686229967192,-1,0.138435915256896,0.0518680242920456,0,-0.0754129494262943,-0.028255100459438,-0
7.43,2.5366348930471,-1.53634503218402,-1,0.137681785762633,0.0515854732874512,0,-0.0754129494262943,-0.028255100459438,-0
7.44,2.53800794025726,-1.53583059020617,-1,0.13692765626837,0.0513029222828569,0,-0.0754129494262943,-0.028255100459438,-0
7.45,2.53937344617247,-1.53531897373837,-1,0.136173526774107,0.0510203712782625,0,-0.0754129494262943,-0.028255100459438,-0
7.46,2.54073141079274,-1.53481018278061,-1,0.135419397279844,0.0507378202736681,0,-0.0754129494262943,-0.028255100459438,-0
7.47,2.54208183411806,-1.53430421733289,-1,0.134665267785581,0.0504552692690737,0,-0.0754129494262943,-0.028255100459438,-0
7.48,2.54342471614845,-1.53380107739523,-1,0.133911138291318,0.0501727182644793,0,-0.0754129494262943,-0.028255100459438,-0
7.49,2.54476005688389,-1.5333007629676,-1,0.133157008797055,0.0498901672598849,0,-0.0754129494262943,-0.028255100459438,-0
7.5,2.54608785632439,-1.53280327405003,-1,0.132402879302792,0.0496076162552906,0,-0.0754129494262943,-0.028255100459438,-0
7.51,2.54740811446995,-1.5323086106425,-1,0.13164874980853,0.0493250652506962,0,-0.0754129494262943,-0.028255100459438,-0
7.52,2.54872083132056,-1.53181677274501,-1,0.130894620314267,0.0490425142461018,0,-0.0754129494262943,-0.028255100459438,-0
7.53,2.55002600687623,-1.53132776035758,-1,0.130140490820004,0.0487599632415074,0,-0.0754129494262943,-0.028255100459438,-0
7.54,2.55132364113696,-1.53084157348018,-1,0.129386361325741,0.048477412236913,0,-0.0754129494262943,-0.028255100459438,-0
7.55,2.55261373410275,-1.53035821211284,-1,0.128632231831478,0.0481948612323187,0,-0.0754129494262943,-0.028255100459438,-0
7.56,2.55389628577359,-1.52987767625554,-1,0.127878102337215,0.0479123102277243,0,-0.0754129494262943,-0.028255100459438,-0
7.57,2.55517129614949,-1.52939996590828,-1,0.127123972842952,0.0476297592231299,0,-0.0754129494262943,-0.028255100459438,-0
7.58,2.55643876523045,-1.52892508107108,-1,0.126369843348689,0.0473472082185355,0,-0.0754129494262943,-0.028255100459438,-0
7.59,2.55769869301646,-1.52845302174391,-1,0.125615713854426,0.0470646572139412,0,-0.0754129494262943,-0.028255100459438,-0
7.6,2.55895107950754,-1.5279837879268,-1,0.124861584360163,0.0467821062093468,0,-0.0754129494262943,-0.028255100459438,-0
7.61,2.56019592470367,-1.52751737961973,-1,0.1241074548659,0.0464995552047524,0,-0.0754129494262943,-0.028255100459438,-0
7.62,2.56143322860486,-1.5270537968227,-1,0.123353325371637,0.046217004200158,0,-0.0754129494262943,-0.028255100459438,-0
7.63,2.5626629912111,-1.52659303953572,-1,0.122599195877374,0.0459344531955636,0,-0.0754129494262943,-0.028255100459438,-0
7.64,2.5638852125224,-1.52613510775879,-1,0.121845066383111,0.0456519021909693,0,-0.0754129494262943,-0.028255100459438,-0
7.65,2.56509989253876,-1.5256800014919,-1,0.121090936888848,0.0453693511863749,0,-0.0754129494262943,-0.028255100459438,-0
7.66,2.56630703126018,-1.52522772073506,-1,0.120336807394585,0.0450868001817805,0,-0.0754129494262943,-0.028255100459438,-0
7.67,2.56750662868666,-1.52477826548827,-1,0.119582677900322,0.0448042491771861,0,-0.0754129494262943,-0.028255100459438,-0
7.68,2.56869868481819,-1.52433163575152,-1,0.11882854840606,0.0445216981725917,0,-0.0754129494262943,-0.028255100459438,-0
7.69,2.56988319965478,-1.52388783152482,-1,0.118074418911797,0.0442391471679974,0,-0.0754129494262943,-0.028255100459438,-0
7.7,2.57106017319642,-1.52344685280816,-1,0.117320289417534,0.043956596163403,0,-0.0754129494262943,-0.028255100459438,-0
7.71,2.57222960544313,-1.52300869960155,-1,0.116566159923271,0.0436740451588086,0,-0.0754129494262943,-0.028255100459438,-0
7.72,2.57339149639489,-1.52257337190498,-1,0.115812030429008,0.0433914941542142,0,-0.0754129494262943,-0.028255100459438,-0
7.73,2.57454584605171,-1.52214086971846,-1,0.115057900934745,0.0431089431496198,0,-0.0754129494262943,-0.028255100459438,-0
7.74,2.57569265441358,-1.52171119304199,-1,0.114303771440482,0.0428263921450254,0,-0.0754129494262943,-0.028255100459438,-0
7.75,2.57683192148052,-1.52128434187556,-1,0.113549641946219,0.0425438411404311,0,-0.0754129494262943,-0.028255100459438,-0
7.76,2.57796364725251,-1.52086031621918,-1,0.112795512451956,0.0422612901358367,0,-0.0754129494262943,-0.028255100459438,-0
7.77,2.57908783172956,-1.52043911607285,-1,0.112041382957693,0.0419787391312423,0,-0.0754129494262943,-0.028255100459438,-0
7.78,2.58020447491166,-1.52002074143656,-1,0.11128725346343,0.0416961881266479,0,-0.0754129494262943,-0.028255100459438,-0
7.79,2.58131357679882,-1.51960519231031,-1,0.110533123969167,0.0414136371220536,0,-0.0754129494262943,-0.028255100459438,-0
7.8,2.58241513739104,-1.51919246869412,-1,0.109778994474904,0.0411310861174592,0,-0.0754129494262943,-0.028255100459438,-0
7.81,2.58350915668832,-1.51878257058796,-1,0.109024864980641,0.0408485351128648,0,-0.0754129494262943,-0.028255100459438,-0
7.82,2.58459563469066,-1.51837549799186,-1,0.108270735486378,0.0405659841082704,0,-0.0754129494262943,-0.028255100459438,-0
7.83,2.58567457139805,-1.5179712509058,-1,0.107516605992115,0.040283433103676,0,-0.0754129494262943,-0.028255100459438,-0
7.84,2.5867459668105,-1.51756982932979,-1,0.106762476497852,0.0400008820990817,0,-0.0754129494262943,-0.028255100459438,-0
7.85,2.58780982092801,-1.51717123326382,-1,0.106008347003589,0.0397183310944873,0,-0.0754129494262943,-0.028255100459438,-0
7.86,2.58886613375057,-1.5167754627079,-1,0.105254217509327,0.0394357800898929,0,-0.0754129494262943,-0.028255100459438,-0
7.87,2.58991490527819,-1.51638251766202,-1,0.104500088015064,0.0391532290852985,0,-0.0754129494262943,-0.028255100459438,-0
7.88,2.59095613551087,-1.51599239812619,-1,0.103745958520801,0.0388706780807041,0,-0.0754129494262943,-0.028255100459438,-0
7.89,2.59198982444861,-1.51560510410041,-1,0.102991829026538,0.0385881270761098,0,-0.0754129494262943,-0.028255100459438,-0
7.9,2.5930159720914,-1.51522063558467,-1,0.102237699532275,0.0383055760715154,0,-0.0754129494262943,-0.028255100459438,-0
7.91,2.59403457843925,-1.51483899257898,-1,0.101483570038012,0.038023025066921,0,-0.0754129494262943,-0.028255100459438,-0
7.92,2.59504564349216,-1.51446017508333,-1,0.100729440543749,0.0377404740623266,0,-0.0754129494262943,-0.028255100459438,-0
7.93,2.59604916725013,-1.51408418309773,-1,0.0999753110494859,0.0374579230577322,0,-0.0754129494262943,-0.028255100459438,-0
7.94,2.59704514971315,-1.51371101662217,-1,0.099221181555223,0.0371753720531379,0,-0.0754129494262943,-0.028255100459438,-0
7.95,2.59803359088123,-1.51334067565667,-1,0.09846705206096,0.0368928210485435,0,-0.0754129494262943,-0.028255100459438,-0
7.96,2.59901449075437,-1.5129731602012,-1,0.0977129225666971,0.0366102700439491,0,-0.0754129494262943,-0.028255100459438,-0
7.97,2.59998784933257,-1.51260847025579,-1,0.0969587930724342,0.0363277190393547,0,-0.0754129494262943,-0.028255100459438,-0
7.98,2.60095366661582,-1.51224660582042,-1,0.0962046635781712,0.0360451680347603,0,-0.0754129494262943,-0.028255100459438,-0
7.99,2.60191194260413,-1.51188756689509,-1,0.0954505340839082,0.0357626170301659,0,-0.0754129494262943,-0.028255100459438,-0
8,2.6028626772975,-1.51153135347981,-1,0.0946964045896453,0.0354800660255716,0,-0.0754129494262943,-0.028255100459438,-0
8.01,2.60380587069592,-1.51117796557458,-1,0.0939422750953824,0.0351975150209772,0,-0.0754129494262943,-0.028255100459438,-0
8.02,2.60474152279941,-1.51082740317939,-1,0.0931881456011195,0.0349149640163828,0,-0.0754129494262943,-0.028255100459438,-0
8.03,2.60566963360795,-1.51047966629425,-1,0.0924340161068565,0.0346324130117885,0,-0.0754129494262943,-0.028255100459438,-0
8.04,2.60659020312154,-1.51013475491916,-1,0.0916798866125936,0.0343498620071941,0,-0.0754129494262943,-0.028255100459438,-0
8.05,2.6075032313402,-1.50979266905411,-1,0.0909257571183305,0.0340673110025997,0,-0.0754129494262943,-0.028255100459438,-0
8.06,2.60840871826391,-1.50945340869911,-1,0.0901716276240676,0.0337847599980053,0,-0.0754129494262943,-0.028255100459438,-0
8.07,2.60930666389268,-1.50911697385415,-1,0.0894174981298047,0.0335022089934109,0,-0.0754129494262943,-0.028255100459438,-0
8.08,2.61019706822651,-1.50878336451924,-1,0.0886633686355418,0.0332196579888165,0,-0.0754129494262943,-0.028255100459438,-0
8.09,2.61107993126539,-1.50845258069437,-1,0.0879092391412788,0.0329371069842222,0,-0.0754129494262943,-0.028255100459438,-0
8.1,2.61195525300933,-1.50812462237955,-1,0.0871551096470159,0.0326545559796278,0,-0.0754129494262943,-0.028255100459438,-0
8.11,2.61282303345833,-1.50779948957478,-1,0.086400980152753,0.0323720049750334,0,-0.0754129494262943,-0.028255100459438,-0
8.12,2.61368327261239,-1.50747718228005,-1,0.0856468506584901,0.032089453970439,0,-0.0754129494262943,-0.028255100459438,-0
8.13,2.6145359704715,-1.50715770049537,-1,0.0848927211642271,0.0318069029658447,0,-0.0754129494262943,-0.028255100459438,-0
8.14,2.61538112703567,-1.50684104422074,-1,0.0841385916699641,0.0315243519612502,0,-0.0754129494262943,-0.028255100459438,-0
8.15,2.6162187423049,-1.50652721345615,-1,0.0833844621757011,0.0312418009566559,0,-0.0754129494262943,-0.028255100459438,-0
8.16,2.61704881627919,-1.5062162082016,-1,0.0826303326814382,0.0309592499520615,0,-0.0754129494262943,-0.028255100459438,-0
8.17,2.61787134895853,-1.5059080284571,-1,0.0818762031871753,0.0306766989474671,0,-0.0754129494262943,-0.028255100459438,-0
8.18,2.61868634034293,-1.50560267422265,-1,0.0811220736929124,0.0303941479428727,0,-0.0754129494262943,-0.028255100459438,-0
8.19,2.61949379043239,-1.50530014549825,-1,0.0803679441986494,0.0301115969382784,0,-0.0754129494262943,-0.028255100459438,-0
8.2,2.6202936992269,-1.50500044228389,-1,0.0796138147043865,0.029829045933684,0,-0.0754129494262943,-0.028255100459438,-0
8.21,2.62108606672648,-1.50470356457957,-1,0.0788596852101234,0.0295464949290896,0,-0.0754129494262943,-0.028255100459438,-0
8.22,2.62187089293111,-1.50440951238531,-1,0.0781055557158605,0.0292639439244952,0,-0.0754129494262943,-0.028255100459438,-0
8.23,2.62264817784079,-1.50411828570108,-1,0.0773514262215976,0.0289813929199008,0,-0.0754129494262943,-0.028255100459438,-0
8.24,2.62341792145554,-1.50382988452691,-1,0.0765972967273347,0.0286988419153065,0,-0.0754129494262943,-0.028255100459438,-0
8.25,2.62418012377534,-1.50354430886278,-1,0.0758431672330717,0.0284162909107121,0,-0.0754129494262943,-0.028255100459438,-0
8.26,2.6249347848002,-1.50326155870869,-1,0.0750890377388088,0.0281337399061177,0,-0.0754129494262943,-0.028255100459438,-0
8.27,2.62568190453012,-1.50298163406466,-1,0.0743349082445459,0.0278511889015233,0,-0.0754129494262943,-0.028255100459438,-0
8.28,2.62642148296509,-1.50270453493066,-1,0.073580778750283,0.027568637896929,0,-0.0754129494262943,-0.028255100459438,-0
8.29,2.62715352010512,-1.50243026130672,-1,0.07282664925602,0.0272860868923346,0,-0.0754129494262943,-0.028255100459438,-0
8.3,2.62787801595021,-1.50215881319282,-1,0.072072519761757,0.0270035358877402,0,-0.0754129494262943,-0.028255100459438,-0
8.31,2.62859497050036,-1.50189019058896,-1,0.071318390267494,0.0267209848831458,0,-0.0754129494262943,-0.028255100459438,-0
8.32,2.62930438375556,-1.50162439349515,-1,0.0705642607732311,0.0264384338785514,0,-0.0754129494262943,-0.028255100459438,-0
8.33,2.63000625571582,-1.50136142191139,-1,0.0698101312789682,0.026155882873957,0,-0.0754129494262943,-0.028255100459438,-0
8.34,2.63070058638114,-1.50110127583767,-1,0.0690560017847053,0.0258733318693627,0,-0.0754129494262943,-0.028255100459438,-0
8.35,2.63138737575151,-1.500843955274,-1,0.0683018722904423,0.0255907808647683,0,-0.0754129494262943,-0.028255100459438,-0
8.36,2.63206662382695,-1.50058946022038,-1,0.0675477427961794,0.0253082298601739,0,-0.0754129494262943,-0.028255100459438,-0
8.37,2.63273833060744,-1.5003377906768,-1,0.0667936133019165,0.0250256788555795,0,-0.0754129494262943,-0.028255100459438,-0
8.38,2.63340249609299,-1.50008894664327,-1,0.0660394838076534,0.0247431278509851,0,-0.0754129494262943,-0.028255100459438,-0
8.39,2.63405912028359,-1.49984292811978,-1,0.0652853543133905,0.0244605768463907,0,-0.0754129494262943,-0.028255100459438,-0
8.4,2.63470820317925,-1.49959973510634,-1,0.0645312248191276,0.0241780258417964,0,-0.0754129494262943,-0.028255100459438,-0
8.41,2.63534974477997,-1.49935936760294,-1,0.0637770953248646,0.023895474837202,0,-0.0754129494262943,-0.028255100459438,-0
8.42,2.63598374508575,-1.4991218256096,-1,0.0630229658306017,0.0236129238326076,0,-0.0754129494262943,-0.028255100459438,-0
8.43,2.63661020409659,-1.49888710912629,-1,0.0622688363363388,0.0233303728280133,0,-0.0754129494262943,-0.028255100459438,-0
8.44,2.63722912181248,-1.49865521815304,-1,0.0615147068420759,0.0230478218234189,0,-0.0754129494262943,-0.028255100459438,-0
8.45,2.63784049823343,-1.49842615268982,-1,0.0607605773478129,0.0227652708188245,0,-0.0754129494262943,-0.028255100459438,-0
8.46,2.63844433335943,-1.49819991273666,-1,0.0600064478535499,0.0224827198142301,0,-0.0754129494262943,-0.028255100459438,-0
8.47,2.6390406271905,-1.49797649829354,-1,0.0592523183592869,0.0222001688096357,0,-0.0754129494262943,-0.028255100459438,-0
8.48,2.63962937972662,-1.49775590936047,-1,0.058498188865024,0.0219176178050413,0,-0.0754129494262943,-0.028255100459438,-0
8.49,2.6402105909678,-1.49753814593744,-1,0.0577440593707611,0.021635066800447,0,-0.0754129494262943,-0.028255100459438,-0
8.5,2.64078426091404,-1.49732320802446,-1,0.0569899298764982,0.0213525157958526,0,-0.0754129494262943,-0.028255100459438,-0
8.51,2.64135038956533,-1.49711109562152,-1,0.0562358003822352,0.0210699647912582,0,-0.0754129494262943,-0.028255100459438,-0
8.52,2.64190897692168,-1.49690180872863,-1,0.0554816708879723,0.0207874137866638,0,-0.0754129494262943,-0.028255100459438,-0
8.53,2.64246002298309,-1.49669534734579,-1,0.0547275413937094,0.0205048627820695,0,-0.0754129494262943,-0.028255100459438,-0
8.54,2.64300352774955,-1.49649171147299,-1,0.0539734118994464,0.0202223117774751,0,-0.0754129494262943,-0.028255100459438,-0
8.55,2.64353949122108,-1.49629090111024,-1,0.0532192824051834,0.0199397607728807,0,-0.0754129494262943,-0.028255100459438,-0
8.56,2.64406791339766,-1.49609291625753,-1,0.0524651529109205,0.0196572097682863,0,-0.0754129494262943,-0.028255100459438,-0
8.57,2.6445887942793,-1.49589775691487,-1,0.0517110234166575,0.0193746587636919,0,-0.0754129494262943,-0.028255100459438,-0
8.58,2.64510213386599,-1.49570542308226,-1,0.0509568939223946,0.0190921077590975,0,-0.0754129494262943,-0.028255100459438,-0
8.59,2.64560793215774,-1.49551591475969,-1,0.0502027644281317,0.0188095567545032,0,-0.0754129494262943,-0.028255100459438,-0
8.6,2.64610618915455,-1.49532923194717,-1,0.0494486349338688,0.0185270057499088,0,-0.0754129494262943,-0.028255100459438,-0
8.61,2.64659690485642,-1.49514537464469,-1,0.0486945054396058,0.0182444547453144,0,-0.0754129494262943,-0.028255100459438,-0
8.62,2.64708007926335,-1.49496434285226,-1,0.0479403759453429,0.01796190374072,0,-0.0754129494262943,-0.028255100459438,-0
8.63,2.64755571237533,-1.49478613656988,-1,0.0471862464510798,0.0176793527361256,0,-0.0754129494262943,-0.028255100459438,-0
8.64,2.64802380419237,-1.49461075579754,-1,0.0464321169568169,0.0173968017315312,0,-0.0754129494262943,-0.028255100459438,-0
8.65,2.64848435471446,-1.49443820053525,-1,0.045677987462554,0.0171142507269369,0,-0.0754129494262943,-0.028255100459438,-0
8.66,2.64893736394162,-1.494268470783,-1,0.0449238579682911,0.0168316997223425,0,-0.0754129494262943,-0.028255100459438,-0
8.67,2.64938283187383,-1.4941015665408,-1,0.0441697284740281,0.0165491487177481,0,-0.0754129494262943,-0.028255100459438,-0
8.68,2.6498207585111,-1.49393748780865,-1,0.0434155989797652,0.0162665977131538,0,-0.0754129494262943,-0.028255100459438,-0
8.69,2.65025114385343,-1.49377623458654,-1,0.0426614694855023,0.0159840467085594,0,-0.0754129494262943,-0.028255100459438,-0
8.7,2.65067398790081,-1.49361780687448,-1,0.0419073399912393,0.015701495703965,0,-0.0754129494262943,-0.028255100459438,-0
8.71,2.65108929065325,-1.49346220467246,-1,0.0411532104969763,0.0154189446993706,0,-0.0754129494262943,-0.028255100459438,-0
8.72,2.65149705211075,-1.49330942798049,-1,0.0403990810027134,0.0151363936947762,0,-0.0754129494262943,-0.028255100459438,-0
8.73,2.6518972722733,-1.49315947679856,-1,0.0396449515084504,0.0148538426901818,0,-0.0754129494262943,-0.028255100459438,-0
8.74,2.65228995114092,-1.49301235112668,-1,0.0388908220141875,0.0145712916855875,0,-0.0754129494262943,-0.028255100459438,-0
8.75,2.65267508871359,-1.49286805096485,-1,0.0381366925199246,0.0142887406809931,0,-0.0754129494262943,-0.028255100459438,-0
8.76,2.65305268499132,-1.49272657631306,-1,0.0373825630256616,0.0140061896763987,0,-0.0754129494262943,-0.028255100459438,-0
8.77,2.6534227399741,-1.49258792717132,-1,0.0366284335313987,0.0137236386718043,0,-0.0754129494262943,-0.028255100459438,-0
8.78,2.65378525366194,-1.49245210353963,-1,0.0358743040371358,0.01344108766721,0,-0.0754129494262943,-0.028255100459438,-0
8.79,2.65414022605484,-1.49231910541798,-1,0.0351201745428729,0.0131585366626156,0,-0.0754129494262943,-0.028255100459438,-0
8.8,2.6544876571528,-1.49218893280638,-1,0.0343660450486098,0.0128759856580212,0,-0.0754129494262943,-0.028255100459438,-0
8.81,2.65482754695582,-1.49206158570482,-1,0.0336119155543469,0.0125934346534268,0,-0.0754129494262943,-0.028255100459438,-0
8.82,2.65515989546389,-1.49193706411331,-1,0.032857786060084,0.0123108836488324,0,-0.0754129494262943,-0.028255100459438,-0
8.83,2.65548470267702,-1.49181536803184,-1,0.032103656565821,0.012028332644238,0,-0.0754129494262943,-0.028255100459438,-0
8.84,2.65580196859521,-1.49169649746042,-1,0.0313495270715581,0.0117457816396437,0,-0.0754129494262943,-0.028255100459438,-0
8.85,2.65611169321845,-1.49158045239905,-1,0.0305953975772952,0.0114632306350493,0,-0.0754129494262943,-0.028255100459438,-0
8.86,2.65641387654675,-1.49146723284772,-1,0.0298412680830322,0.0111806796304549,0,-0.0754129494262943,-0.028255100459438,-0
8.87,2.65670851858011,-1.49135683880644,-1,0.0290871385887693,0.0108981286258606,0,-0.0754129494262943,-0.028255100459438,-0
8.88,2.65699561931853,-1.4912492702752,-1,0.0283330090945063,0.0106155776212661,0,-0.0754129494262943,-0.028255100459438,-0
8.89,2.657275178762,-1.49114452725401,-1,0.0275788796002433,0.0103330266166718,0,-0.0754129494262943,-0.028255100459438,-0
8.9,2.65754719691053,-1.49104260974287,-1,0.0268247501059804,0.0100504756120774,0,-0.0754129494262943,-0.028255100459438,-0
8.91,2.65781167376412,-1.49094351774177,-1,0.0260706206117175,0.00976792460748301,0,-0.0754129494262943,-0.028255100459438,-0
8.92,2.65806860932277,-1.49084725125072,-1,0.0253164911174545,0.00948537360288863,0,-0.0754129494262943,-0.028255100459438,-0
8.93,2.65831800358647,-1.49075381026972,-1,0.0245623616231916,0.00920282259829426,0,-0.0754129494262943,-0.028255100459438,-0
8.94,2.65855985655523,-1.49066319479876,-1,0.0238082321289287,0.00892027159369988,0,-0.0754129494262943,-0.028255100459438,-0
8.95,2.65879416822905,-1.49057540483784,-1,0.0230541026346658,0.00863772058910551,0,-0.0754129494262943,-0.028255100459438,-0
8.96,2.65902093860792,-1.49049044038697,-1,0.0222999731404027,0.00835516958451109,0,-0.0754129494262943,-0.028255100459438,-0
8.97,2.65924016769186,-1.49040830144615,-1,0.0215458436461398,0.00807261857991671,0,-0.0754129494262943,-0.028255100459438,-0
8.98,2.65945185548085,-1.49032898801537,-1,0.0207917141518768,0.00779006757532234,0,-0.0754129494262943,-0.028255100459438,-0
8.99,2.65965600197489,-1.49025250009464,-1,0.0200375846576139,0.00750751657072796,0,-0.0754129494262943,-0.028255100459438,-0
9,2.659852607174,-1.49017883768396,-1,0.019283455163351,0.00722496556613359,0,-0.0754129494262943,-0.028255100459438,-0
9.01,2.66004167107816,-1.49010800078332,-1,0.0185293256690881,0.00694241456153922,0,-0.0754129494262943,-0.028255100459438,-0
9.02,2.66022319368738,-1.49003998939273,-1,0.0177751961748251,0.00665986355694484,0,-0.0754129494262943,-0.028255100459438,-0
9.03,2.66039717500166,-1.48997480351218,-1,0.0170210666805622,0.00637731255235047,0,-0.0754129494262943,-0.028255100459438,-0
9.04,2.66056361502099,-1.48991244314168,-1,0.0162669371862993,0.0060947615477561,0,-0.0754129494262943,-0.028255100459438,-0
9.05,2.66072251374538,-1.48985290828123,-1,0.0155128076920362,0.00581221054316167,0,-0.0754129494262943,-0.028255100459438,-0
9.06,2.66087387117483,-1.48979619893082,-1,0.0147586781977733,0.0055296595385673,0,-0.0754129494262943,-0.028255100459438,-0
9.07,2.66101768730934,-1.48974231509046,-1,0.0140045487035104,0.00524710853397292,0,-0.0754129494262943,-0.028255100459438,-0
9.08,2.6611539621489,-1.48969125676014,-1,0.0132504192092474,0.00496455752937855,0,-0.0754129494262943,-0.028255100459438,-0
9.09,2.66128269569352,-1.48964302393987,-1,0.0124962897149845,0.00468200652478418,0,-0.0754129494262943,-0.028255100459438,-0
9.1,2.6614038879432,-1.48959761662964,-1,0.0117421602207216,0.0043994555201898,0,-0.0754129494262943,-0.028255100459438,-0
9.11,2.66151753889794,-1.48955503482947,-1,0.0109880307264587,0.00411690451559543,0,-0.0754129494262943,-0.028255100459438,-0
9.12,2.66162364855773,-1.48951527853933,-1,0.0102339012321957,0.00383435351100105,0,-0.0754129494262943,-0.028255100459438,-0
9.13,2.66172221692258,-1.48947834775925,-1,0.00947977173793267,0.00355180250640663,0,-0.0754129494262943,-0.028255100459438,-0
9.14,2.66181324399249,-1.4894442424892,-1,0.00872564224366974,0.00326925150181226,0,-0.0754129494262943,-0.028255100459438,-0
9.15,2.66189672976745,-1.48941296272921,-1,0.00797151274940682,0.00298670049721788,0,-0.0754129494262943,-0.028255100459438,-0
9.16,2.66197267424748,-1.48938450847926,-1,0.00721738325514389,0.00270414949262351,0,-0.0754129494262943,-0.028255100459438,-0
9.17,2.66204107743256,-1.48935887973936,-1,0.00646325376088096,0.00242159848802914,0,-0.0754129494262943,-0.028255100459438,-0
9.18,2.6621019393227,-1.4893360765095,-1,0.00570912426661804,0.00213904748343476,0,-0.0754129494262943,-0.028255100459438,-0
9.19,2.66215525991789,-1.48931609878969,-1,0.00495499477235511,0.00185649647884039,0,-0.0754129494262943,-0.028255100459438,-0
9.2,2.66220103921814,-1.48929894657992,-1,0.00420086527809218,0.00157394547424601,0,-0.0754129494262943,-0.028255100459438,-0
9.21,2.66223927722345,-1.4892846198802,-1,0.00344673578382912,0.00129139446965159,0,-0.0754129494262943,-0.028255100459438,-0
9.22,2.66226997393382,-1.48927311869053,-1,0.00269260628956619,0.00100884346505722,0,-0.0754129494262943,-0.028255100459438,-0
9.23,2.66229312934924,-1.4892644430109,-1,0.00193847679530327,0.000726292460462842,0,-0.0754129494262943,-0.028255100459438,-0
9.24,2.66230874346972,-1.48925859284132,-1,0.00118434730104034,0.000443741455868468,0,-0.0754129494262943,-0.028255100459438,-0
9.25,2.66231804345428,-1.48925510839999,-1,0,0,0,-0.0754129494262943,-0.028255100459438,-0
