time_s,q1_rad,q2_rad,q3_cm,dq1_rad_s,dq2_rad_s,dq3_cm_s,ddq1_rad_s2,ddq2_rad_s2,ddq3_cm_s2
0,2.66231804345428,-1.48925510839999,-1,0,-0,0,0.111615316710879,-0.0889715414801475,0.102281417430644
0.01,2.66232362422011,-1.48925955697706,-0.999994885929128,0.00111615316710879,-0.000889715414801475,0.00102281417430644,0.111615316710879,-0.0889715414801475,0.102281417430644
0.02,2.66234036651762,-1.48927290270829,-0.999979543716514,0.00223230633421758,-0.00177943082960295,0.00204562834861287,0.111615316710879,-0.0889715414801475,0.102281417430644
0.03,2.6623682703468,-1.48929514559366,-0.999953973362156,0.00334845950132637,-0.00266914624440443,0.00306844252291931,0.111615316710879,-0.0889715414801475,0.102281417430644
0.04,2.66240733570765,-1.48932628563317,-0.999918174866055,0.00446461266843516,-0.0035588616592059,0.00409125669722575,0.111615316710879,-0.0889715414801475,0.102281417430644
0.05,2.66245756260017,-1.48936632282684,-0.999872148228212,0.00558076583554395,-0.00444857707400738,0.00511407087153219,0.111615316710879,-0.0889715414801475,0.102281417430644
0.06,2.66251895102436,-1.48941525717465,-0.999815893448625,0.00669691900265274,-0.00533829248880885,0.00613688504583862,0.111615316710879,-0.0889715414801475,0.102281417430644
0.07,2.66259150098022,-1.48947308867662,-0.999749410527295,0.00781307216976153,-0.00622800790361033,0.00715969922014506,0.111615316710879,-0.0889715414801475,0.102281417430644
0.08,2.66267521246775,-1.48953981733273,-0.999672699464222,0.00892922533687032,-0.0071177233184118,0.00818251339445149,0.111615316710879,-0.0889715414801475,0.102281417430644
0.09,2.66277008548696,-1.48961544314298,-0.999585760259406,0.0100453785039791,-0.00800743873321328,0.00920532756875793,0.111615316710879,-0.0889715414801475,0.102281417430644
0.1,2.66287612003783,-1.48969996610739,-0.999488592912847,0.0111615316710879,-0.00889715414801475,0.0102281417430644,0.111615316710879,-0.0889715414801475,0.102281417430644
0.11,2.66299331612038,-1.48979338622594,-0.999381197424545,0.0122776848381967,-0.00978686956281623,0.0112509559173708,0.111615316710879,-0.0889715414801475,0.102281417430644
0.12,2.6631216737346,-1.48989570349865,-0.999263573794499,0.0133938380053055,-0.0106765849776177,0.0122737700916772,0.111615316710879,-0.0889715414801475,0.102281417430644
0.13,2.66326119288048,-1.4900069179255,-0.999135722022711,0.0145099911724143,-0.0115663003924192,0.0132965842659837,0.111615316710879,-0.0889715414801475,0.102281417430644
0.14,2.66341187355804,-1.4901270295065,-0.99899764210918,0.0156261443395231,-0.0124560158072207,0.0143193984402901,0.111615316710879,-0.0889715414801475,0.102281417430644
0.15,2.66357371576727,-1.49025603824164,-0.998849334053905,0.0167422975066319,-0.0133457312220221,0.0153422126145966,0.111615316710879,-0.0889715414801475,0.102281417430644
0.16,2.66374671950818,-1.49039394413094,-0.998690797856888,0.0178584506737406,-0.0142354466368236,0.016365026788903,0.111615316710879,-0.0889715414801475,0.102281417430644
0.17,2.66393088478075,-1.49054074717438,-0.998522033518127,0.0189746038408494,-0.0151251620516251,0.0173878409632094,0.111615316710879,-0.0889715414801475,0.102281417430644
0.18,2.66412621158499,-1.49069644737197,-0.998343041037624,0.0200907570079582,-0.0160148774664266,0.0184106551375159,0.111615316710879,-0.0889715414801475,0.102281417430644
0.19,2.66433269992091,-1.49086104472371,-0.998153820415377,0.021206910175067,-0.016904592881228,0.0194334693118223,0.111615316710879,-0.0889715414801475,0.102281417430644
0.2,2.6645503497885,-1.49103453922959,-0.997954371651387,0.0223230633421758,-0.0177943082960295,0.0204562834861287,0.111615316710879,-0.0889715414801475,0.102281417430644
0.21,2.66477916118775,-1.49121693088963,-0.997744694745654,0.0234392165092846,-0.018684023710831,0.0214790976604352,0.111615316710879,-0.0889715414801475,0.102281417430644
0.22,2.66501913411868,-1.49140821970381,-0.997524789698178,0.0245553696763934,-0.0195737391256325,0.0225019118347416,0.111615316710879,-0.0889715414801475,0.102281417430644
0.23,2.66527026858128,-1.49160840567214,-0.997294656508959,0.0256715228435022,-0.0204634545404339,0.023524726009048,0.111615316710879,-0.0889715414801475,0.102281417430644
0.24,2.66553256457555,-1.49181748879462,-0.997054295177997,0.026787676010611,-0.0213531699552354,0.0245475401833545,0.111615316710879,-0.0889715414801475,0.102281417430644
0.25,2.66580602210149,-1.49203546907124,-0.996803705705292,0.0279038291777198,-0.0222428853700369,0.0255703543576609,0.111615316710879,-0.0889715414801475,0.102281417430644
0.26,2.6660906411591,-1.49226234650202,-0.996542888090844,0.0290199823448285,-0.0231326007848384,0.0265931685319674,0.111615316710879,-0.0889715414801475,0.102281417430644
0.27,2.66638642174839,-1.49249812108694,-0.996271842334653,0.0301361355119373,-0.0240223161996398,0.0276159827062738,0.111615316710879,-0.0889715414801475,0.102281417430644
0.28,2.66669336386934,-1.49274279282601,-0.995990568436719,0.0312522886790461,-0.0249120316144413,0.0286387968805802,0.111615316710879,-0.0889715414801475,0.102281417430644
0.29,2.66701146752197,-1.49299636171923,-0.995699066397041,0.0323684418461549,-0.0258017470292428,0.0296616110548867,0.111615316710879,-0.0889715414801475,0.102281417430644
0.3,2.66734073270627,-1.4932588277666,-0.995397336215621,0.0334845950132637,-0.0266914624440443,0.0306844252291931,0.111615316710879,-0.0889715414801475,0.102281417430644
0.31,2.66768115942224,-1.49353019096811,-0.995085377892458,0.0346007481803725,-0.0275811778588457,0.0317072394034995,0.111615316710879,-0.0889715414801475,0.102281417430644
0.32,2.66803274766987,-1.49381045132377,-0.994763191427551,0.0357169013474813,-0.0284708932736472,0.032730053577806,0.111615316710879,-0.0889715414801475,0.102281417430644
0.33,2.66839549744918,-1.49409960883358,-0.994430776820901,0.0368330545145901,-0.0293606086884487,0.0337528677521124,0.111615316710879,-0.0889715414801475,0.102281417430644
0.34,2.66876940876017,-1.49439766349754,-0.994088134072509,0.0379492076816989,-0.0302503241032502,0.0347756819264189,0.111615316710879,-0.0889715414801475,0.102281417430644
0.35,2.66915448160282,-1.49470461531565,-0.993735263182373,0.0390653608488077,-0.0311400395180516,0.0357984961007253,0.111615316710879,-0.0889715414801475,0.102281417430644
0.36,2.66955071597714,-1.4950204642879,-0.993372164150494,0.0401815140159165,-0.0320297549328531,0.0368213102750317,0.111615316710879,-0.0889715414801475,0.102281417430644
0.37,2.66995811188314,-1.49534521041431,-0.992998836976872,0.0412976671830252,-0.0329194703476546,0.0378441244493382,0.111615316710879,-0.0889715414801475,0.102281417430644
0.38,2.6703766693208,-1.49567885369486,-0.992615281661507,0.042413820350134,-0.0338091857624561,0.0388669386236446,0.111615316710879,-0.0889715414801475,0.102281417430644
0.39,2.67080638829014,-1.49602139412956,-0.9922214982044,0.0435299735172428,-0.0346989011772575,0.039889752797951,0.111615316710879,-0.0889715414801475,0.102281417430644
0.4,2.67124726879115,-1.4963728317184,-0.991817486605548,0.0446461266843516,-0.035588616592059,0.0409125669722575,0.111615316710879,-0.0889715414801475,0.102281417430644
0.41,2.67169931082383,-1.4967331664614,-0.991403246864954,0.0457622798514604,-0.0364783320068605,0.0419353811465639,0.111615316710879,-0.0889715414801475,0.102281417430644
0.42,2.67216251438818,-1.49710239835854,-0.990978778982617,0.0468784330185692,-0.037368047421662,0.0429581953208703,0.111615316710879,-0.0889715414801475,0.102281417430644
0.43,2.6726368794842,-1.49748052740983,-0.990544082958537,0.047994586185678,-0.0382577628364634,0.0439810094951768,0.111615316710879,-0.0889715414801475,0.102281417430644
0.44,2.67312240611189,-1.49786755361527,-0.990099158792714,0.0491107393527868,-0.0391474782512649,0.0450038236694832,0.111615316710879,-0.0889715414801475,0.102281417430644
0.45,2.67361909427125,-1.49826347697486,-0.989644006485147,0.0502268925198956,-0.0400371936660664,0.0460266378437897,0.111615316710879,-0.0889715414801475,0.102281417430644
0.46,2.67412694396229,-1.49866829748859,-0.989178626035838,0.0513430456870044,-0.0409269090808679,0.0470494520180961,0.111615316710879,-0.0889715414801475,0.102281417430644
0.47,2.67464595518499,-1.49908201515647,-0.988703017444785,0.0524591988541131,-0.0418166244956693,0.0480722661924025,0.111615316710879,-0.0889715414801475,0.102281417430644
0.48,2.67517612793937,-1.4995046299785,-0.98821718071199,0.0535753520212219,-0.0427063399104708,0.049095080366709,0.111615316710879,-0.0889715414801475,0.102281417430644
0.49,2.67571746222542,-1.49993614195468,-0.987721115837451,0.0546915051883307,-0.0435960553252723,0.0501178945410154,0.111615316710879,-0.0889715414801475,0.102281417430644
0.5,2.67626995804314,-1.50037655108501,-0.98721482282117,0.0558076583554395,-0.0444857707400738,0.0511407087153218,0.111615316710879,-0.0889715414801475,0.102281417430644
0.51,2.67683361539253,-1.50082585736948,-0.986698301663145,0.0569238115225483,-0.0453754861548752,0.0521635228896283,0.111615316710879,-0.0889715414801475,0.102281417430644
0.52,2.67740843427359,-1.50128406080811,-0.986171552363377,0.0580399646896571,-0.0462652015696767,0.0531863370639347,0.111615316710879,-0.0889715414801475,0.102281417430644
0.53,2.67799441468632,-1.50175116140088,-0.985634574921866,0.0591561178567659,-0.0471549169844782,0.0542091512382412,0.111615316710879,-0.0889715414801475,0.102281417430644
0.54,2.67859155663072,-1.5022271591478,-0.985087369338612,0.0602722710238747,-0.0480446323992797,0.0552319654125476,0.111615316710879,-0.0889715414801475,0.102281417430644
0.55,2.6791998601068,-1.50271205404886,-0.984529935613615,0.0613884241909835,-0.0489343478140811,0.056254779586854,0.111615316710879,-0.0889715414801475,0.102281417430644
0.56,2.67981932511454,-1.50320584610408,-0.983962273746875,0.0625045773580923,-0.0498240632288826,0.0572775937611605,0.111615316710879,-0.0889715414801475,0.102281417430644
0.57,2.68044995165396,-1.50370853531344,-0.983384383738392,0.063620730525201,-0.0507137786436841,0.0583004079354669,0.111615316710879,-0.0889715414801475,0.102281417430644
0.58,2.68109173972505,-1.50422012167695,-0.982796265588166,0.0647368836923098,-0.0516034940584856,0.0593232221097733,0.111615316710879,-0.0889715414801475,0.102281417430644
0.59,2.68174468932781,-1.50474060519461,-0.982197919296196,0.0658530368594186,-0.052493209473287,0.0603460362840798,0.111615316710879,-0.0889715414801475,0.102281417430644
0.6,2.68240880046224,-1.50526998586642,-0.981589344862484,0.0669691900265274,-0.0533829248880885,0.0613688504583862,0.111615316710879,-0.0889715414801475,0.102281417430644
0.61,2.68308407312834,-1.50580826369237,-0.980970542287029,0.0680853431936362,-0.05427264030289,0.0623916646326926,0.111615316710879,-0.0889715414801475,0.102281417430644
0.62,2.68377050732611,-1.50635543867247,-0.98034151156983,0.069201496360745,-0.0551623557176915,0.0634144788069991,0.111615316710879,-0.0889715414801475,0.102281417430644
0.63,2.68446810305555,-1.50691151080673,-0.979702252710889,0.0703176495278538,-0.0560520711324929,0.0644372929813055,0.111615316710879,-0.0889715414801475,0.102281417430644
0.64,2.68517686031667,-1.50747648009512,-0.979052765710204,0.0714338026949626,-0.0569417865472944,0.065460107155612,0.111615316710879,-0.0889715414801475,0.102281417430644
0.65,2.68589677910945,-1.50805034653767,-0.978393050567776,0.0725499558620714,-0.0578315019620959,0.0664829213299184,0.111615316710879,-0.0889715414801475,0.102281417430644
0.66,2.68662785943391,-1.50863311013437,-0.977723107283606,0.0736661090291802,-0.0587212173768974,0.0675057355042248,0.111615316710879,-0.0889715414801475,0.102281417430644
0.67,2.68737010129003,-1.50922477088521,-0.977042935857692,0.074782262196289,-0.0596109327916988,0.0685285496785313,0.111615316710879,-0.0889715414801475,0.102281417430644
0.68,2.68812350467783,-1.5098253287902,-0.976352536290035,0.0758984153633977,-0.0605006482065003,0.0695513638528377,0.111615316710879,-0.0889715414801475,0.102281417430644
0.69,2.6888880695973,-1.51043478384934,-0.975651908580635,0.0770145685305065,-0.0613903636213018,0.0705741780271441,0.111615316710879,-0.0889715414801475,0.102281417430644
0.7,2.68966379604844,-1.51105313606263,-0.974941052729492,0.0781307216976153,-0.0622800790361033,0.0715969922014506,0.111615316710879,-0.0889715414801475,0.102281417430644
0.71,2.69045068403125,-1.51168038543006,-0.974219968736606,0.0792468748647241,-0.0631697944509047,0.072619806375757,0.111615316710879,-0.0889715414801475,0.102281417430644
0.72,2.69124873354574,-1.51231653195164,-0.973488656601977,0.0803630280318329,-0.0640595098657062,0.0736426205500634,0.111615316710879,-0.0889715414801475,0.102281417430644
0.73,2.69205794459189,-1.51296157562738,-0.972747116325605,0.0814791811989417,-0.0649492252805077,0.0746654347243699,0.111615316710879,-0.0889715414801475,0.102281417430644
0.74,2.69287831716972,-1.51361551645725,-0.97199534790749,0.0825953343660505,-0.0658389406953092,0.0756882488986763,0.111615316710879,-0.0889715414801475,0.102281417430644
0.75,2.69370985127921,-1.51427835444128,-0.971233351347631,0.0837114875331593,-0.0667286561101106,0.0767110630729828,0.111615316710879,-0.0889715414801475,0.102281417430644
0.76,2.69455254692038,-1.51495008957946,-0.97046112664603,0.0848276407002681,-0.0676183715249121,0.0777338772472892,0.111615316710879,-0.0889715414801475,0.102281417430644
0.77,2.69540640409322,-1.51563072187178,-0.969678673802686,0.0859437938673769,-0.0685080869397136,0.0787566914215956,0.111615316710879,-0.0889715414801475,0.102281417430644
0.78,2.69627142279773,-1.51632025131825,-0.968885992817598,0.0870599470344856,-0.0693978023545151,0.0797795055959021,0.111615316710879,-0.0889715414801475,0.102281417430644
0.79,2.69714760303391,-1.51701867791887,-0.968083083690768,0.0881761002015944,-0.0702875177693165,0.0808023197702085,0.111615316710879,-0.0889715414801475,0.102281417430644
0.8,2.69803494480176,-1.51772600167364,-0.967269946422194,0.0892922533687032,-0.071177233184118,0.081825133944515,0.111615316710879,-0.0889715414801475,0.102281417430644
0.81,2.69893344810128,-1.51844222258255,-0.966446581011877,0.090408406535812,-0.0720669485989195,0.0828479481188214,0.111615316710879,-0.0889715414801475,0.102281417430644
0.82,2.69984311293247,-1.51916734064562,-0.965612987459818,0.0915245597029208,-0.072956664013721,0.0838707622931278,0.111615316710879,-0.0889715414801475,0.102281417430644
0.83,2.70076393929534,-1.51990135586283,-0.964769165766015,0.0926407128700296,-0.0738463794285224,0.0848935764674343,0.111615316710879,-0.0889715414801475,0.102281417430644
0.84,2.70169592718988,-1.52064426823419,-0.963915115930469,0.0937568660371384,-0.0747360948433239,0.0859163906417407,0.111615316710879,-0.0889715414801475,0.102281417430644
0.85,2.70263907661608,-1.52139607775969,-0.96305083795318,0.0948730192042472,-0.0756258102581254,0.0869392048160471,0.111615316710879,-0.0889715414801475,0.102281417430644
0.86,2.70359338757396,-1.52215678443935,-0.962176331834148,0.095989172371356,-0.0765155256729269,0.0879620189903536,0.111615316710879,-0.0889715414801475,0.102281417430644
0.87,2.70455886006351,-1.52292638827315,-0.961291597573373,0.0971053255384648,-0.0774052410877283,0.08898483316466,0.111615316710879,-0.0889715414801475,0.102281417430644
0.88,2.70553549408473,-1.5237048892611,-0.960396635170855,0.0982214787055735,-0.0782949565025298,0.0900076473389664,0.111615316710879,-0.0889715414801475,0.102281417430644
0.89,2.70652328963762,-1.5244922874032,-0.959491444626594,0.0993376318726823,-0.0791846719173313,0.0910304615132729,0.111615316710879,-0.0889715414801475,0.102281417430644
0.9,2.70752224672218,-1.52528858269945,-0.958576025940589,0.100453785039791,-0.0800743873321328,0.0920532756875793,0.111615316710879,-0.0889715414801475,0.102281417430644
0.91,2.70853236533842,-1.52609377514985,-0.957650379112842,0.1015699382069,-0.0809641027469342,0.0930760898618858,0.111615316710879,-0.0889715414801475,0.102281417430644
0.92,2.70955364548632,-1.52690786475439,-0.956714504143352,0.102686091374009,-0.0818538181617357,0.0940989040361922,0.111615316710879,-0.0889715414801475,0.102281417430644
0.93,2.7105860871659,-1.52773085151308,-0.955768401032118,0.103802244541117,-0.0827435335765372,0.0951217182104986,0.111615316710879,-0.0889715414801475,0.102281417430644
0.94,2.71162969037714,-1.52856273542592,-0.954812069779142,0.104918397708226,-0.0836332489913387,0.0961445323848051,0.111615316710879,-0.0889715414801475,0.102281417430644
0.95,2.71268445512006,-1.52940351649291,-0.953845510384422,0.106034550875335,-0.0845229644061402,0.0971673465591115,0.111615316710879,-0.0889715414801475,0.102281417430644
0.96,2.71375038139465,-1.53025319471404,-0.952868722847959,0.107150704042444,-0.0854126798209416,0.0981901607334179,0.111615316710879,-0.0889715414801475,0.102281417430644
0.97,2.71482746920091,-1.53111177008933,-0.951881707169754,0.108266857209553,-0.0863023952357431,0.0992129749077244,0.111615316710879,-0.0889715414801475,0.102281417430644
0.98,2.71591571853884,-1.53197924261876,-0.950884463349805,0.109383010376661,-0.0871921106505446,0.100235789082031,0.111615316710879,-0.0889715414801475,0.102281417430644
0.99,2.71701512940844,-1.53285561230234,-0.949876991388113,0.11049916354377,-0.088081826065346,0.101258603256337,0.111615316710879,-0.0889715414801475,0.102281417430644
1,2.71812570180972,-1.53374087914006,-0.948859291284678,0.111615316710879,-0.0889715414801475,0.102281417430644,0.111615316710879,-0.0889715414801475,0.102281417430644
1.01,2.71924743574266,-1.53463504313194,-0.9478313630395,0.112731469877988,-0.089861256894949,0.10330423160495,0.111615316710879,-0.0889715414801475,0.102281417430644
1.02,2.72038033120728,-1.53553810427796,-0.946793206652579,0.113847623045097,-0.0907509723097505,0.104327045779257,0.111615316710879,-0.0889715414801475,0.102281417430644
1.03,2.72152438820356,-1.53645006257813,-0.945744822123915,0.114963776212205,-0.0916406877245519,0.105349859953563,0.111615316710879,-0.0889715414801475,0.102281417430644
1.04,2.72267960673152,-1.53737091803245,-0.944686209453508,0.116079929379314,-0.0925304031393534,0.106372674127869,0.111615316710879,-0.0889715414801475,0.102281417430644
1.05,2.72384598679115,-1.53830067064092,-0.943617368641358,0.117196082546423,-0.0934201185541549,0.107395488302176,0.111615316710879,-0.0889715414801475,0.102281417430644
1.06,2.72502352838245,-1.53923932040354,-0.942538299687464,0.118312235713532,-0.0943098339689564,0.108418302476482,0.111615316710879,-0.0889715414801475,0.102281417430644
1.07,2.72621223150542,-1.5401868673203,-0.941449002591828,0.119428388880641,-0.0951995493837579,0.109441116650789,0.111615316710879,-0.0889715414801475,0.102281417430644
1.08,2.72741209616006,-1.54114331139121,-0.940349477354449,0.120544542047749,-0.0960892647985593,0.110463930825095,0.111615316710879,-0.0889715414801475,0.102281417430644
1.09,2.72862312234638,-1.54210865261627,-0.939239723975326,0.121660695214858,-0.0969789802133608,0.111486744999402,0.111615316710879,-0.0889715414801475,0.102281417430644
1.1,2.72984531006436,-1.54308289099548,-0.938119742454461,0.122776848381967,-0.0978686956281623,0.112509559173708,0.111615316710879,-0.0889715414801475,0.102281417430644
1.11,2.73107865931401,-1.54406602652884,-0.936989532791852,0.123893001549076,-0.0987584110429638,0.113532373348014,0.111615316710879,-0.0889715414801475,0.102281417430644
1.12,2.73232317009534,-1.54505805921634,-0.9358490949875,0.125009154716185,-0.0996481264577652,0.114555187522321,0.111615316710879,-0.0889715414801475,0.102281417430644
1.13,2.73357884240834,-1.54605898905799,-0.934698429041406,0.126125307883293,-0.100537841872567,0.115578001696627,0.111615316710879,-0.0889715414801475,0.102281417430644
1.14,2.73484567625301,-1.54706881605379,-0.933537534953568,0.127241461050402,-0.101427557287368,0.116600815870934,0.111615316710879,-0.0889715414801475,0.102281417430644
1.15,2.73612367162935,-1.54808754020374,-0.932366412723987,0.128357614217511,-0.10231727270217,0.11762363004524,0.111615316710879,-0.0889715414801475,0.102281417430644
1.16,2.73741282853736,-1.54911516150783,-0.931185062352663,0.12947376738462,-0.103206988116971,0.118646444219547,0.111615316710879,-0.0889715414801475,0.102281417430644
1.17,2.73871314697704,-1.55015167996608,-0.929993483839596,0.130589920551728,-0.104096703531773,0.119669258393853,0.111615316710879,-0.0889715414801475,0.102281417430644
1.18,2.74002462694839,-1.55119709557847,-0.928791677184786,0.131706073718837,-0.104986418946574,0.12069207256816,0.111615316710879,-0.0889715414801475,0.102281417430644
1.19,2.74134726845142,-1.55225140834501,-0.927579642388233,0.132822226885946,-0.105876134361376,0.121714886742466,0.111615316710879,-0.0889715414801475,0.102281417430644
1.2,2.74268107148611,-1.5533146182657,-0.926357379449937,0.133938380053055,-0.106765849776177,0.122737700916772,0.111615316710879,-0.0889715414801475,0.102281417430644
1.21,2.74402603605248,-1.55438672534053,-0.925124888369897,0.135054533220164,-0.107655565190978,0.123760515091079,0.111615316710879,-0.0889715414801475,0.102281417430644
1.22,2.74538216215051,-1.55546772956952,-0.923882169148115,0.136170686387272,-0.10854528060578,0.124783329265385,0.111615316710879,-0.0889715414801475,0.102281417430644
1.23,2.74674944978022,-1.55655763095265,-0.92262922178459,0.137286839554381,-0.109434996020581,0.125806143439692,0.111615316710879,-0.0889715414801475,0.102281417430644
1.24,2.7481278989416,-1.55765642948993,-0.921366046279321,0.13840299272149,-0.110324711435383,0.126828957613998,0.111615316710879,-0.0889715414801475,0.102281417430644
1.25,2.74951750963465,-1.55876412518136,-0.92009264263231,0.139519145888599,-0.111214426850184,0.127851771788305,0.111615316710879,-0.0889715414801475,0.102281417430644
1.26,2.75091828185937,-1.55988071802693,-0.918809010843555,0.140635299055708,-0.112104142264986,0.128874585962611,0.111615316710879,-0.0889715414801475,0.102281417430644
1.27,2.75233021561577,-1.56100620802666,-0.917515150913057,0.141751452222816,-0.112993857679787,0.129897400136917,0.111615316710879,-0.0889715414801475,0.102281417430644
1.28,2.75375331090383,-1.56214059518053,-0.916211062840817,0.142867605389925,-0.113883573094589,0.130920214311224,0.111615316710879,-0.0889715414801475,0.102281417430644
1.29,2.75518756772356,-1.56328387948855,-0.914896746626833,0.143983758557034,-0.11477328850939,0.13194302848553,0.111615316710879,-0.0889715414801475,0.102281417430644
1.3,2.75663298607497,-1.56443606095071,-0.913572202271106,0.145099911724143,-0.115663003924192,0.132965842659837,0.111615316710879,-0.0889715414801475,0.102281417430644
1.31,2.75808956595805,-1.56559713956703,-0.912237429773636,0.146216064891252,-0.116552719338993,0.133988656834143,0.111615316710879,-0.0889715414801475,0.102281417430644
1.32,2.7595573073728,-1.56676711533749,-0.910892429134423,0.14733221805836,-0.117442434753795,0.13501147100845,0.111615316710879,-0.0889715414801475,0.102281417430644
1.33,2.76103621031921,-1.56794598826211,-0.909537200353467,0.148448371225469,-0.118332150168596,0.136034285182756,0.111615316710879,-0.0889715414801475,0.102281417430644
1.34,2.7625262747973,-1.56913375834087,-0.908171743430768,0.149564524392578,-0.119221865583398,0.137057099357063,0.111615316710879,-0.0889715414801475,0.102281417430644
1.35,2.76402750080707,-1.57033042557377,-0.906796058366326,0.150680677559687,-0.120111580998199,0.138079913531369,0.111615316710879,-0.0889715414801475,0.102281417430644
1.36,2.7655398883485,-1.57153598996083,-0.905410145160141,0.151796830726795,-0.121001296413001,0.139102727705675,0.111615316710879,-0.0889715414801475,0.102281417430644
1.37,2.7670634374216,-1.57275045150203,-0.904014003812212,0.152912983893904,-0.121891011827802,0.140125541879982,0.111615316710879,-0.0889715414801475,0.102281417430644
1.38,2.76859814802638,-1.57397381019739,-0.902607634322541,0.154029137061013,-0.122780727242604,0.141148356054288,0.111615316710879,-0.0889715414801475,0.102281417430644
1.39,2.77014402016282,-1.57520606604689,-0.901191036691127,0.155145290228122,-0.123670442657405,0.142171170228595,0.111615316710879,-0.0889715414801475,0.102281417430644
1.4,2.77170105383094,-1.57644721905053,-0.899764210917969,0.156261443395231,-0.124560158072207,0.143193984402901,0.111615316710879,-0.0889715414801475,0.102281417430644
1.41,2.77326924903073,-1.57769726920833,-0.898327157003069,0.157377596562339,-0.125449873487008,0.144216798577208,0.111615316710879,-0.0889715414801475,0.102281417430644
1.42,2.77484860576219,-1.57895621652027,-0.896879874946425,0.158493749729448,-0.126339588901809,0.145239612751514,0.111615316710879,-0.0889715414801475,0.102281417430644
1.43,2.77643912402532,-1.58022406098637,-0.895422364748038,0.159609902896557,-0.127229304316611,0.14626242692582,0.111615316710879,-0.0889715414801475,0.102281417430644
1.44,2.77804080382012,-1.58150080260661,-0.893954626407909,0.160726056063666,-0.128119019731412,0.147285241100127,0.111615316710879,-0.0889715414801475,0.102281417430644
1.45,2.77965364514659,-1.582786441381,-0.892476659926036,0.161842209230775,-0.129008735146214,0.148308055274433,0.111615316710879,-0.0889715414801475,0.102281417430644
1.46,2.78127764800473,-1.58408097730953,-0.89098846530242,0.162958362397883,-0.129898450561015,0.14933086944874,0.111615316710879,-0.0889715414801475,0.102281417430644
1.47,2.78291281239455,-1.58538441039222,-0.889490042537061,0.164074515564992,-0.130788165975817,0.150353683623046,0.111615316710879,-0.0889715414801475,0.102281417430644
1.48,2.78455913831603,-1.58669674062905,-0.887981391629959,0.165190668732101,-0.131677881390618,0.151376497797353,0.111615316710879,-0.0889715414801475,0.102281417430644
1.49,2.78621662576919,-1.58801796802003,-0.886462512581114,0.16630682189921,-0.13256759680542,0.152399311971659,0.111615316710879,-0.0889715414801475,0.102281417430644
1.5,2.78788527475402,-1.58934809256516,-0.884933405390526,0.167422975066319,-0.133457312220221,0.153422126145966,0.111615316710879,-0.0889715414801475,0.102281417430644
1.51,2.78956508527052,-1.59068711426443,-0.883394070058195,0.168539128233427,-0.134347027635023,0.154444940320272,0.111615316710879,-0.0889715414801475,0.102281417430644
1.52,2.79125605731869,-1.59203503311786,-0.88184450658412,0.169655281400536,-0.135236743049824,0.155467754494578,0.111615316710879,-0.0889715414801475,0.102281417430644
1.53,2.79295819089853,-1.59339184912543,-0.880284714968303,0.170771434567645,-0.136126458464626,0.156490568668885,0.111615316710879,-0.0889715414801475,0.102281417430644
1.54,2.79467148601004,-1.59475756228715,-0.878714695210743,0.171887587734754,-0.137016173879427,0.157513382843191,0.111615316710879,-0.0889715414801475,0.102281417430644
1.55,2.79639594265322,-1.59613217260302,-0.877134447311439,0.173003740901862,-0.137905889294229,0.158536197017498,0.111615316710879,-0.0889715414801475,0.102281417430644
1.56,2.79813156082808,-1.59751568007303,-0.875543971270393,0.174119894068971,-0.13879560470903,0.159559011191804,0.111615316710879,-0.0889715414801475,0.102281417430644
1.57,2.7998783405346,-1.5989080846972,-0.873943267087603,0.17523604723608,-0.139685320123832,0.160581825366111,0.111615316710879,-0.0889715414801475,0.102281417430644
1.58,2.8016362817728,-1.60030938647551,-0.87233233476307,0.176352200403189,-0.140575035538633,0.161604639540417,0.111615316710879,-0.0889715414801475,0.102281417430644
1.59,2.80340538454266,-1.60171958540797,-0.870711174296795,0.177468353570298,-0.141464750953435,0.162627453714723,0.111615316710879,-0.0889715414801475,0.102281417430644
1.6,2.8051856488442,-1.60313868149458,-0.869079785688776,0.178584506737406,-0.142354466368236,0.16365026788903,0.111615316710879,-0.0889715414801475,0.102281417430644
1.61,2.80697707467741,-1.60456667473534,-0.867438168939014,0.179700659904515,-0.143244181783038,0.164673082063336,0.111615316710879,-0.0889715414801475,0.102281417430644
1.62,2.80877966204229,-1.60600356513024,-0.865786324047509,0.180816813071624,-0.144133897197839,0.165695896237643,0.111615316710879,-0.0889715414801475,0.102281417430644
1.63,2.81059341093884,-1.60744935267929,-0.864124251014261,0.181932966238733,-0.14502361261264,0.166718710411949,0.111615316710879,-0.0889715414801475,0.102281417430644
1.64,2.81241832136707,-1.60890403738249,-0.86245194983927,0.183049119405842,-0.145913328027442,0.167741524586256,0.111615316710879,-0.0889715414801475,0.102281417430644
1.65,2.81425439332696,-1.61036761923984,-0.860769420522536,0.18416527257295,-0.146803043442243,0.168764338760562,0.111615316710879,-0.0889715414801475,0.102281417430644
1.66,2.81610162681853,-1.61184009825134,-0.859076663064059,0.185281425740059,-0.147692758857045,0.169787152934869,0.111615316710879,-0.0889715414801475,0.102281417430644
1.67,2.81796002184176,-1.61332147441698,-0.857373677463839,0.186397578907168,-0.148582474271846,0.170809967109175,0.111615316710879,-0.0889715414801475,0.102281417430644
1.68,2.81982957839667,-1.61481174773677,-0.855660463721876,0.187513732074277,-0.149472189686648,0.171832781283481,0.111615316710879,-0.0889715414801475,0.102281417430644
1.69,2.82171029648325,-1.61631091821071,-0.853937021838169,0.188629885241386,-0.150361905101449,0.172855595457788,0.111615316710879,-0.0889715414801475,0.102281417430644
1.7,2.8236021761015,-1.6178189858388,-0.85220335181272,0.189746038408494,-0.151251620516251,0.173878409632094,0.111615316710879,-0.0889715414801475,0.102281417430644
1.71,2.82550521725142,-1.61933595062104,-0.850459453645527,0.190862191575603,-0.152141335931052,0.174901223806401,0.111615316710879,-0.0889715414801475,0.102281417430644
1.72,2.82741941993301,-1.62086181255742,-0.848705327336592,0.191978344742712,-0.153031051345854,0.175924037980707,0.111615316710879,-0.0889715414801475,0.102281417430644
1.73,2.82934478414627,-1.62239657164796,-0.846940972885913,0.193094497909821,-0.153920766760655,0.176946852155014,0.111615316710879,-0.0889715414801475,0.102281417430644
1.74,2.83128130989121,-1.62394022789264,-0.845166390293492,0.19421065107693,-0.154810482175457,0.17796966632932,0.111615316710879,-0.0889715414801475,0.102281417430644
1.75,2.83322899716781,-1.62549278129147,-0.843381579559327,0.195326804244038,-0.155700197590258,0.178992480503626,0.111615316710879,-0.0889715414801475,0.102281417430644
1.76,2.83518784597609,-1.62705423184444,-0.841586540683419,0.196442957411147,-0.15658991300506,0.180015294677933,0.111615316710879,-0.0889715414801475,0.102281417430644
1.77,2.83715785631603,-1.62862457955157,-0.839781273665768,0.197559110578256,-0.157479628419861,0.181038108852239,0.111615316710879,-0.0889715414801475,0.102281417430644
1.78,2.83913902818765,-1.63020382441284,-0.837965778506374,0.198675263745365,-0.158369343834663,0.182060923026546,0.111615316710879,-0.0889715414801475,0.102281417430644
1.79,2.84113136159094,-1.63179196642826,-0.836140055205237,0.199791416912473,-0.159259059249464,0.183083737200852,0.111615316710879,-0.0889715414801475,0.102281417430644
1.8,2.8431348565259,-1.63338900559783,-0.834304103762357,0.200907570079582,-0.160148774664266,0.184106551375159,0.111615316710879,-0.0889715414801475,0.102281417430644
1.81,2.84514951299253,-1.63499494192155,-0.832457924177734,0.202023723246691,-0.161038490079067,0.185129365549465,0.111615316710879,-0.0889715414801475,0.102281417430644
1.82,2.84717533099084,-1.63660977539941,-0.830601516451368,0.2031398764138,-0.161928205493868,0.186152179723772,0.111615316710879,-0.0889715414801475,0.102281417430644
1.83,2.84921231052081,-1.63823350603142,-0.828734880583259,0.204256029580909,-0.16281792090867,0.187174993898078,0.111615316710879,-0.0889715414801475,0.102281417430644
1.84,2.85126045158245,-1.63986613381758,-0.826858016573406,0.205372182748017,-0.163707636323471,0.188197808072384,0.111615316710879,-0.0889715414801475,0.102281417430644
1.85,2.85331975417577,-1.64150765875789,-0.824970924421811,0.206488335915126,-0.164597351738273,0.189220622246691,0.111615316710879,-0.0889715414801475,0.102281417430644
1.86,2.85539021830076,-1.64315808085235,-0.823073604128473,0.207604489082235,-0.165487067153074,0.190243436420997,0.111615316710879,-0.0889715414801475,0.102281417430644
1.87,2.85747184395741,-1.64481740010095,-0.821166055693391,0.208720642249344,-0.166376782567876,0.191266250595304,0.111615316710879,-0.0889715414801475,0.102281417430644
1.88,2.85956463114574,-1.64648561650371,-0.819248279116567,0.209836795416453,-0.167266497982677,0.19228906476961,0.111615316710879,-0.0889715414801475,0.102281417430644
1.89,2.86166857986574,-1.64816273006061,-0.817320274397999,0.210952948583561,-0.168156213397479,0.193311878943917,0.111615316710879,-0.0889715414801475,0.102281417430644
1.9,2.86378369011741,-1.64984874077166,-0.815382041537688,0.21206910175067,-0.16904592881228,0.194334693118223,0.111615316710879,-0.0889715414801475,0.102281417430644
1.91,2.86590996190076,-1.65154364863685,-0.813433580535634,0.213185254917779,-0.169935644227082,0.195357507292529,0.111615316710879,-0.0889715414801475,0.102281417430644
1.92,2.86804739521577,-1.6532474536562,-0.811474891391838,0.214301408084888,-0.170825359641883,0.196380321466836,0.111615316710879,-0.0889715414801475,0.102281417430644
1.93,2.87019599006245,-1.65496015582969,-0.809505974106298,0.215417561251997,-0.171715075056685,0.197403135641142,0.111615316710879,-0.0889715414801475,0.102281417430644
1.94,2.87235574644081,-1.65668175515733,-0.807526828679015,0.216533714419105,-0.172604790471486,0.198425949815449,0.111615316710879,-0.0889715414801475,0.102281417430644
1.95,2.87452666435084,-1.65841225163912,-0.805537455109989,0.217649867586214,-0.173494505886288,0.199448763989755,0.111615316710879,-0.0889715414801475,0.102281417430644
1.96,2.87670874379253,-1.66015164527506,-0.80353785339922,0.218766020753323,-0.174384221301089,0.200471578164062,0.111615316710879,-0.0889715414801475,0.102281417430644
1.97,2.8789019847659,-1.66189993606514,-0.801528023546707,0.219882173920432,-0.175273936715891,0.201494392338368,0.111615316710879,-0.0889715414801475,0.102281417430644
1.98,2.88110638727094,-1.66365712400938,-0.799507965552452,0.22099832708754,-0.176163652130692,0.202517206512674,0.111615316710879,-0.0889715414801475,0.102281417430644
1.99,2.88332195130765,-1.66542320910776,-0.797477679416454,0.222114480254649,-0.177053367545494,0.203540020686981,0.111615316710879,-0.0889715414801475,0.102281417430644
2,2.88554867687604,-1.66719819136029,-0.795437165138713,0.223230633421758,-0.177943082960295,0.204562834861287,0.111615316710879,-0.0889715414801475,0.102281417430644
2.01,2.88778656397609,-1.66898207076696,-0.793386422719228,0.224346786588867,-0.178832798375097,0.205585649035594,0.111615316710879,-0.0889715414801475,0.102281417430644
2.02,2.89003561260781,-1.67077484732779,-0.791325452158001,0.225462939755976,-0.179722513789898,0.2066084632099,0.111615316710879,-0.0889715414801475,0.102281417430644
2.03,2.89229582277121,-1.67257652104276,-0.78925425345503,0.226579092923084,-0.180612229204699,0.207631277384207,0.111615316710879,-0.0889715414801475,0.102281417430644
2.04,2.89456719446627,-1.67438709191188,-0.787172826610317,0.227695246090193,-0.181501944619501,0.208654091558513,0.111615316710879,-0.0889715414801475,0.102281417430644
2.05,2.89684972769301,-1.67620655993515,-0.78508117162386,0.228811399257302,-0.182391660034302,0.20967690573282,0.111615316710879,-0.0889715414801475,0.102281417430644
2.06,2.89914342245142,-1.67803492511257,-0.78297928849566,0.229927552424411,-0.183281375449104,0.210699719907126,0.111615316710879,-0.0889715414801475,0.102281417430644
2.07,2.9014482787415,-1.67987218744413,-0.780867177225717,0.23104370559152,-0.184171090863905,0.211722534081432,0.111615316710879,-0.0889715414801475,0.102281417430644
2.08,2.90376429656325,-1.68171834692985,-0.778744837814032,0.232159858758628,-0.185060806278707,0.212745348255739,0.111615316710879,-0.0889715414801475,0.102281417430644
2.09,2.90609147591667,-1.68357340356971,-0.776612270260603,0.233276011925737,-0.185950521693508,0.213768162430045,0.111615316710879,-0.0889715414801475,0.102281417430644
2.1,2.90842981680177,-1.68543735736372,-0.774469474565431,0.234392165092846,-0.18684023710831,0.214790976604352,0.111615316710879,-0.0889715414801475,0.102281417430644
2.11,2.91077931921853,-1.68731020831187,-0.772316450728516,0.235508318259955,-0.187729952523111,0.215813790778658,0.111615316710879,-0.0889715414801475,0.102281417430644
2.12,2.91313998316696,-1.68919195641418,-0.770153198749857,0.236624471427064,-0.188619667937913,0.216836604952965,0.111615316710879,-0.0889715414801475,0.102281417430644
2.13,2.91551180864707,-1.69108260167063,-0.767979718629456,0.237740624594172,-0.189509383352714,0.217859419127271,0.111615316710879,-0.0889715414801475,0.102281417430644
2.14,2.91789479565885,-1.69298214408123,-0.765796010367312,0.238856777761281,-0.190399098767516,0.218882233301577,0.111615316710879,-0.0889715414801475,0.102281417430644
2.15,2.9202889442023,-1.69489058364598,-0.763602073963425,0.23997293092839,-0.191288814182317,0.219905047475884,0.111615316710879,-0.0889715414801475,0.102281417430644
2.16,2.92269425427742,-1.69680792036488,-0.761397909417794,0.241089084095499,-0.192178529597119,0.22092786165019,0.111615316710879,-0.0889715414801475,0.102281417430644
2.17,2.92511072588421,-1.69873415423792,-0.759183516730421,0.242205237262607,-0.19306824501192,0.221950675824497,0.111615316710879,-0.0889715414801475,0.102281417430644
2.18,2.92753835902267,-1.70066928526512,-0.756958895901304,0.243321390429716,-0.193957960426722,0.222973489998803,0.111615316710879,-0.0889715414801475,0.102281417430644
2.19,2.9299771536928,-1.70261331344646,-0.754724046930445,0.244437543596825,-0.194847675841523,0.22399630417311,0.111615316710879,-0.0889715414801475,0.102281417430644
2.2,2.9324271098946,-1.70456623878195,-0.752478969817842,0.245553696763934,-0.195737391256325,0.225019118347416,0.111615316710879,-0.0889715414801475,0.102281417430644
2.21,2.93488822762808,-1.70652806127158,-0.750223664563497,0.246669849931043,-0.196627106671126,0.226041932521723,0.111615316710879,-0.0889715414801475,0.102281417430644
2.22,2.93736050689323,-1.70849878091537,-0.747958131167408,0.247786003098151,-0.197516822085928,0.227064746696029,0.111615316710879,-0.0889715414801475,0.102281417430644
2.23,2.93984394769004,-1.7104783977133,-0.745682369629576,0.24890215626526,-0.198406537500729,0.228087560870335,0.111615316710879,-0.0889715414801475,0.102281417430644
2.24,2.94233855001853,-1.71246691166538,-0.743396379950001,0.250018309432369,-0.19929625291553,0.229110375044642,0.111615316710879,-0.0889715414801475,0.102281417430644
2.25,2.94484431387869,-1.71446432277161,-0.741100162128683,0.251134462599478,-0.200185968330332,0.230133189218948,0.111615316710879,-0.0889715414801475,0.102281417430644
2.26,2.94736123927052,-1.71647063103199,-0.738793716165622,0.252250615766587,-0.201075683745133,0.231156003393255,0.111615316710879,-0.0889715414801475,0.102281417430644
2.27,2.94988932619402,-1.71848583644652,-0.736477042060818,0.253366768933695,-0.201965399159935,0.232178817567561,0.111615316710879,-0.0889715414801475,0.102281417430644
2.28,2.95242857464919,-1.72050993901519,-0.734150139814271,0.254482922100804,-0.202855114574736,0.233201631741868,0.111615316710879,-0.0889715414801475,0.102281417430644
2.29,2.95497898463604,-1.72254293873801,-0.731813009425981,0.255599075267913,-0.203744829989538,0.234224445916174,0.111615316710879,-0.0889715414801475,0.102281417430644
2.3,2.95754055615455,-1.72458483561498,-0.729465650895947,0.256715228435022,-0.204634545404339,0.23524726009048,0.111615316710879,-0.0889715414801475,0.102281417430644
2.31,2.96011328920474,-1.7266356296461,-0.727108064224171,0.257831381602131,-0.205524260819141,0.236270074264787,0.111615316710879,-0.0889715414801475,0.102281417430644
2.32,2.9626971837866,-1.72869532083136,-0.724740249410652,0.258947534769239,-0.206413976233942,0.237292888439093,0.111615316710879,-0.0889715414801475,0.102281417430644
2.33,2.96529223990012,-1.73076390917078,-0.722362206455389,0.260063687936348,-0.207303691648744,0.2383157026134,0.111615316710879,-0.0889715414801475,0.102281417430644
2.34,2.96789845754532,-1.73284139466434,-0.719973935358384,0.261179841103457,-0.208193407063545,0.239338516787706,0.111615316710879,-0.0889715414801475,0.102281417430644
2.35,2.97051583672219,-1.73492777731205,-0.717575436119635,0.262295994270566,-0.209083122478347,0.240361330962013,0.111615316710879,-0.0889715414801475,0.102281417430644
2.36,2.97314437743073,-1.7370230571139,-0.715166708739144,0.263412147437674,-0.209972837893148,0.241384145136319,0.111615316710879,-0.0889715414801475,0.102281417430644
2.37,2.97578407967095,-1.73912723406991,-0.712747753216909,0.264528300604783,-0.21086255330795,0.242406959310626,0.111615316710879,-0.0889715414801475,0.102281417430644
2.38,2.97843494344283,-1.74124030818006,-0.710318569552931,0.265644453771892,-0.211752268722751,0.243429773484932,0.111615316710879,-0.0889715414801475,0.102281417430644
2.39,2.98109696874638,-1.74336227944437,-0.70787915774721,0.266760606939001,-0.212641984137553,0.244452587659238,0.111615316710879,-0.0889715414801475,0.102281417430644
2.4,2.98377015558161,-1.74549314786282,-0.705429517799746,0.26787676010611,-0.213531699552354,0.245475401833545,0.111615316710879,-0.0889715414801475,0.102281417430644
2.41,2.98645450394851,-1.74763291343541,-0.702969649710539,0.268992913273218,-0.214421414967156,0.246498216007851,0.111615316710879,-0.0889715414801475,0.102281417430644
2.42,2.98915001384707,-1.74978157616216,-0.700499553479589,0.270109066440327,-0.215311130381957,0.247521030182158,0.111615316710879,-0.0889715414801475,0.102281417430644
2.43,2.99185668527731,-1.75193913604305,-0.698019229106896,0.271225219607436,-0.216200845796758,0.248543844356464,0.111615316710879,-0.0889715414801475,0.102281417430644
2.44,2.99457451823922,-1.75410559307809,-0.69552867659246,0.272341372774545,-0.21709056121156,0.249566658530771,0.111615316710879,-0.0889715414801475,0.102281417430644
2.45,2.9973035127328,-1.75628094726728,-0.693027895936281,0.273457525941654,-0.217980276626361,0.250589472705077,0.111615316710879,-0.0889715414801475,0.102281417430644
2.46,3.00004366875806,-1.75846519861062,-0.690516887138358,0.274573679108762,-0.218869992041163,0.251612286879383,0.111615316710879,-0.0889715414801475,0.102281417430644
2.47,3.00279498631498,-1.76065834710811,-0.687995650198693,0.275689832275871,-0.219759707455964,0.25263510105369,0.111615316710879,-0.0889715414801475,0.102281417430644
2.48,3.00555746540357,-1.76286039275974,-0.685464185117284,0.27680598544298,-0.220649422870766,0.253657915227996,0.111615316710879,-0.0889715414801475,0.102281417430644
2.49,3.00833110602384,-1.76507133556552,-0.682922491894133,0.277922138610089,-0.221539138285567,0.254680729402303,0.111615316710879,-0.0889715414801475,0.102281417430644
2.5,3.01111590817577,-1.76729117552545,-0.680370570529238,0.279038291777198,-0.222428853700369,0.255703543576609,0.111615316710879,-0.0889715414801475,0.102281417430644
2.51,3.01391187185938,-1.76951991263953,-0.677808421022601,0.280154444944306,-0.22331856911517,0.256726357750916,0.111615316710879,-0.0889715414801475,0.102281417430644
2.52,3.01671899707466,-1.77175754690775,-0.67523604337422,0.281270598111415,-0.224208284529972,0.257749171925222,0.111615316710879,-0.0889715414801475,0.102281417430644
2.53,3.01953728382161,-1.77400407833013,-0.672653437584096,0.282386751278524,-0.225097999944773,0.258771986099529,0.111615316710879,-0.0889715414801475,0.102281417430644
2.54,3.02236673210023,-1.77625950690665,-0.67006060365223,0.283502904445633,-0.225987715359575,0.259794800273835,0.111615316710879,-0.0889715414801475,0.102281417430644
2.55,3.02520734191052,-1.77852383263732,-0.66745754157862,0.284619057612742,-0.226877430774376,0.260817614448141,0.111615316710879,-0.0889715414801475,0.102281417430644
2.56,3.02805911325249,-1.78079705552214,-0.664844251363267,0.28573521077985,-0.227767146189178,0.261840428622448,0.111615316710879,-0.0889715414801475,0.102281417430644
2.57,3.03092204612612,-1.7830791755611,-0.662220733006171,0.286851363946959,-0.228656861603979,0.262863242796754,0.111615316710879,-0.0889715414801475,0.102281417430644
2.58,3.03379614053143,-1.78537019275422,-0.659586986507332,0.287967517114068,-0.229546577018781,0.263886056971061,0.111615316710879,-0.0889715414801475,0.102281417430644
2.59,3.0366813964684,-1.78767010710148,-0.65694301186675,0.289083670281177,-0.230436292433582,0.264908871145367,0.111615316710879,-0.0889715414801475,0.102281417430644
2.6,3.03957781393705,-1.78997891860289,-0.654288809084424,0.290199823448285,-0.231326007848384,0.265931685319674,0.111615316710879,-0.0889715414801475,0.102281417430644
2.61,3.04248539293737,-1.79229662725845,-0.651624378160356,0.291315976615394,-0.232215723263185,0.26695449949398,0.111615316710879,-0.0889715414801475,0.102281417430644
2.62,3.04540413346936,-1.79462323306815,-0.648949719094545,0.292432129782503,-0.233105438677987,0.267977313668286,0.111615316710879,-0.0889715414801475,0.102281417430644
2.63,3.04833403553302,-1.79695873603201,-0.64626483188699,0.293548282949612,-0.233995154092788,0.269000127842593,0.111615316710879,-0.0889715414801475,0.102281417430644
2.64,3.05127509912835,-1.79930313615001,-0.643569716537693,0.294664436116721,-0.234884869507589,0.270022942016899,0.111615316710879,-0.0889715414801475,0.102281417430644
2.65,3.05422732425535,-1.80165643342216,-0.640864373046652,0.295780589283829,-0.235774584922391,0.271045756191206,0.111615316710879,-0.0889715414801475,0.102281417430644
2.66,3.05719071091403,-1.80401862784846,-0.638148801413869,0.296896742450938,-0.236664300337192,0.272068570365512,0.111615316710879,-0.0889715414801475,0.102281417430644
2.67,3.06016525910437,-1.8063897194289,-0.635423001639342,0.298012895618047,-0.237554015751994,0.273091384539819,0.111615316710879,-0.0889715414801475,0.102281417430644
2.68,3.06315096882639,-1.8087697081635,-0.632686973723072,0.299129048785156,-0.238443731166795,0.274114198714125,0.111615316710879,-0.0889715414801475,0.102281417430644
2.69,3.06614784008007,-1.81115859405224,-0.62994071766506,0.300245201952265,-0.239333446581597,0.275137012888432,0.111615316710879,-0.0889715414801475,0.102281417430644
2.7,3.06915587286543,-1.81355637709513,-0.627184233465304,0.301361355119373,-0.240223161996398,0.276159827062738,0.111615316710879,-0.0889715414801475,0.102281417430644
2.71,3.07217506718246,-1.81596305729217,-0.624417521123805,0.302477508286482,-0.2411128774112,0.277182641237044,0.111615316710879,-0.0889715414801475,0.102281417430644
2.72,3.07520542303116,-1.81837863464335,-0.621640580640563,0.303593661453591,-0.242002592826001,0.278205455411351,0.111615316710879,-0.0889715414801475,0.102281417430644
2.73,3.07824694041153,-1.82080310914869,-0.618853412015578,0.3047098146207,-0.242892308240803,0.279228269585657,0.111615316710879,-0.0889715414801475,0.102281417430644
2.74,3.08129961932358,-1.82323648080817,-0.61605601524885,0.305825967787809,-0.243782023655604,0.280251083759964,0.111615316710879,-0.0889715414801475,0.102281417430644
2.75,3.08436345976729,-1.8256787496218,-0.613248390340378,0.306942120954917,-0.244671739070406,0.28127389793427,0.111615316710879,-0.0889715414801475,0.102281417430644
2.76,3.08743846174267,-1.82812991558958,-0.610430537290164,0.308058274122026,-0.245561454485207,0.282296712108577,0.111615316710879,-0.0889715414801475,0.102281417430644
2.77,3.09052462524973,-1.8305899787115,-0.607602456098207,0.309174427289135,-0.246451169900009,0.283319526282883,0.111615316710879,-0.0889715414801475,0.102281417430644
2.78,3.09362195028846,-1.83305893898758,-0.604764146764507,0.310290580456244,-0.24734088531481,0.284342340457189,0.111615316710879,-0.0889715414801475,0.102281417430644
2.79,3.09673043685885,-1.8355367964178,-0.601915609289063,0.311406733623352,-0.248230600729612,0.285365154631496,0.111615316710879,-0.0889715414801475,0.102281417430644
2.8,3.09985008496092,-1.83802355100217,-0.599056843671877,0.312522886790461,-0.249120316144413,0.286387968805802,0.111615316710879,-0.0889715414801475,0.102281417430644
2.81,3.10298089459466,-1.84051920274069,-0.596187849912947,0.31363903995757,-0.250010031559215,0.287410782980109,0.111615316710879,-0.0889715414801475,0.102281417430644
2.82,3.10612286576007,-1.84302375163335,-0.593308628012275,0.314755193124679,-0.250899746974016,0.288433597154415,0.111615316710879,-0.0889715414801475,0.102281417430644
2.83,3.10927599845716,-1.84553719768017,-0.590419177969859,0.315871346291788,-0.251789462388817,0.289456411328722,0.111615316710879,-0.0889715414801475,0.102281417430644
2.84,3.11244029268591,-1.84805954088113,-0.5875194997857,0.316987499458896,-0.252679177803619,0.290479225503028,0.111615316710879,-0.0889715414801475,0.102281417430644
2.85,3.11561574844634,-1.85059078123624,-0.584609593459798,0.318103652626005,-0.25356889321842,0.291502039677335,0.111615316710879,-0.0889715414801475,0.102281417430644
2.86,3.11880236573843,-1.8531309187455,-0.581689458992154,0.319219805793114,-0.254458608633222,0.292524853851641,0.111615316710879,-0.0889715414801475,0.102281417430644
2.87,3.1220001445622,-1.8556799534089,-0.578759096382766,0.320335958960223,-0.255348324048023,0.293547668025947,0.111615316710879,-0.0889715414801475,0.102281417430644
2.88,3.12520908491764,-1.85823788522646,-0.575818505631635,0.321452112127332,-0.256238039462825,0.294570482200254,0.111615316710879,-0.0889715414801475,0.102281417430644
2.89,3.12842918680474,-1.86080471419816,-0.57286768673876,0.32256826529444,-0.257127754877626,0.29559329637456,0.111615316710879,-0.0889715414801475,0.102281417430644
2.9,3.13166045022352,-1.86338044032401,-0.569906639704143,0.323684418461549,-0.258017470292428,0.296616110548867,0.111615316710879,-0.0889715414801475,0.102281417430644
2.91,3.13490287517397,-1.86596506360401,-0.566935364527783,0.324800571628658,-0.258907185707229,0.297638924723173,0.111615316710879,-0.0889715414801475,0.102281417430644
2.92,3.1381564616561,-1.86855858403815,-0.56395386120968,0.325916724795767,-0.259796901122031,0.29866173889748,0.111615316710879,-0.0889715414801475,0.102281417430644
2.93,3.14142120966989,-1.87116100162645,-0.560962129749834,0.327032877962876,-0.260686616536832,0.299684553071786,0.111615316710879,-0.0889715414801475,0.102281417430644
2.94,3.14469711921535,-1.87377231636889,-0.557960170148244,0.328149031129984,-0.261576331951634,0.300707367246092,0.111615316710879,-0.0889715414801475,0.102281417430644
2.95,3.14798419029249,-1.87639252826548,-0.554947982404912,0.329265184297093,-0.262466047366435,0.301730181420399,0.111615316710879,-0.0889715414801475,0.102281417430644
2.96,3.1512824229013,-1.87902163731622,-0.551925566519836,0.330381337464202,-0.263355762781237,0.302752995594705,0.111615316710879,-0.0889715414801475,0.102281417430644
2.97,3.15459181704177,-1.88165964352111,-0.548892922493017,0.331497490631311,-0.264245478196038,0.303775809769012,0.111615316710879,-0.0889715414801475,0.102281417430644
2.98,3.15791237271392,-1.88430654688014,-0.545850050324456,0.33261364379842,-0.26513519361084,0.304798623943318,0.111615316710879,-0.0889715414801475,0.102281417430644
2.99,3.16124408991774,-1.88696234739332,-0.542796950014151,0.333729796965528,-0.266024909025641,0.305821438117625,0.111615316710879,-0.0889715414801475,0.102281417430644
3,3.16458696865323,-1.88962704506065,-0.539733621562103,0.334845950132637,-0.266914624440443,0.306844252291931,0.111615316710879,-0.0889715414801475,0.102281417430644
3.01,3.16794100892039,-1.89230063988213,-0.536660064968312,0.335962103299746,-0.267804339855244,0.307867066466238,0.111615316710879,-0.0889715414801475,0.102281417430644
3.02,3.17130621071923,-1.89498313185776,-0.533576280232779,0.337078256466855,-0.268694055270046,0.308889880640544,0.111615316710879,-0.0889715414801475,0.102281417430644
3.03,3.17468257404973,-1.89767452098753,-0.530482267355502,0.338194409633963,-0.269583770684847,0.30991269481485,0.111615316710879,-0.0889715414801475,0.102281417430644
3.04,3.17807009891191,-1.90037480727146,-0.527378026336482,0.339310562801072,-0.270473486099648,0.310935508989157,0.111615316710879,-0.0889715414801475,0.102281417430644
3.05,3.18146878530575,-1.90308399070953,-0.524263557175718,0.340426715968181,-0.27136320151445,0.311958323163463,0.111615316710879,-0.0889715414801475,0.102281417430644
3.06,3.18487863323127,-1.90580207130174,-0.521138859873212,0.34154286913529,-0.272252916929251,0.31298113733777,0.111615316710879,-0.0889715414801475,0.102281417430644
3.07,3.18829964268846,-1.90852904904811,-0.518003934428963,0.342659022302399,-0.273142632344053,0.314003951512076,0.111615316710879,-0.0889715414801475,0.102281417430644
3.08,3.19173181367732,-1.91126492394863,-0.514858780842971,0.343775175469507,-0.274032347758854,0.315026765686383,0.111615316710879,-0.0889715414801475,0.102281417430644
3.09,3.19517514619785,-1.91400969600329,-0.511703399115236,0.344891328636616,-0.274922063173656,0.316049579860689,0.111615316710879,-0.0889715414801475,0.102281417430644
3.1,3.19862964025005,-1.9167633652121,-0.508537789245757,0.346007481803725,-0.275811778588457,0.317072394034995,0.111615316710879,-0.0889715414801475,0.102281417430644
3.11,3.20209529583392,-1.91952593157506,-0.505361951234536,0.347123634970834,-0.276701494003259,0.318095208209302,0.111615316710879,-0.0889715414801475,0.102281417430644
3.12,3.20557211294947,-1.92229739509216,-0.502175885081571,0.348239788137943,-0.27759120941806,0.319118022383608,0.111615316710879,-0.0889715414801475,0.102281417430644
3.13,3.20905895649967,-1.92507685094736,-0.498980630960693,0.348644058694949,-0.27791346424555,0.319488485567467,-0.111615316710879,0.0889715414801475,-0.102281417430644
3.14,3.21253981632078,-1.92785153701274,-0.49579086017589,0.34752790552784,-0.277023748830748,0.31846567139316,-0.111615316710879,0.0889715414801475,-0.102281417430644
3.15,3.21600951461023,-1.93061732592397,-0.49261131753283,0.346411752360731,-0.276134033415947,0.317442857218854,-0.111615316710879,0.0889715414801475,-0.102281417430644
3.16,3.219468051368,-1.93337421768106,-0.489442003031513,0.345295599193622,-0.275244318001145,0.316420043044547,-0.111615316710879,0.0889715414801475,-0.102281417430644
3.17,3.2229154265941,-1.936122212284,-0.486282916671939,0.344179446026513,-0.274354602586344,0.315397228870241,-0.111615316710879,0.0889715414801475,-0.102281417430644
3.18,3.22635164028853,-1.93886130973279,-0.483134058454108,0.343063292859405,-0.273464887171543,0.314374414695934,-0.111615316710879,0.0889715414801475,-0.102281417430644
3.19,3.22977669245129,-1.94159151002743,-0.47999542837802,0.341947139692296,-0.272575171756741,0.313351600521628,-0.111615316710879,0.0889715414801475,-0.102281417430644
3.2,3.23319058308237,-1.94431281316792,-0.476867026443676,0.340830986525187,-0.27168545634194,0.312328786347321,-0.111615316710879,0.0889715414801475,-0.102281417430644
3.21,3.23659331218179,-1.94702521915427,-0.473748852651074,0.339714833358078,-0.270795740927138,0.311305972173015,-0.111615316710879,0.0889715414801475,-0.102281417430644
3.22,3.23998487974954,-1.94972872798646,-0.470640907000215,0.33859868019097,-0.269906025512337,0.310283157998709,-0.111615316710879,0.0889715414801475,-0.102281417430644
3.23,3.24336528578561,-1.95242333966451,-0.4675431894911,0.337482527023861,-0.269016310097535,0.309260343824402,-0.111615316710879,0.0889715414801475,-0.102281417430644
3.24,3.24673453029001,-1.95510905418842,-0.464455700123727,0.336366373856752,-0.268126594682734,0.308237529650096,-0.111615316710879,0.0889715414801475,-0.102281417430644
3.25,3.25009261326275,-1.95778587155817,-0.461378438898098,0.335250220689643,-0.267236879267932,0.307214715475789,-0.111615316710879,0.0889715414801475,-0.102281417430644
3.26,3.25343953470381,-1.96045379177377,-0.458311405814212,0.334134067522534,-0.266347163853131,0.306191901301483,-0.111615316710879,0.0889715414801475,-0.102281417430644
3.27,3.2567752946132,-1.96311281483523,-0.455254600872068,0.333017914355426,-0.265457448438329,0.305169087127176,-0.111615316710879,0.0889715414801475,-0.102281417430644
3.28,3.26009989299091,-1.96576294074254,-0.452208024071668,0.331901761188317,-0.264567733023528,0.30414627295287,-0.111615316710879,0.0889715414801475,-0.102281417430644
3.29,3.26341332983696,-1.9684041694957,-0.449171675413011,0.330785608021208,-0.263678017608726,0.303123458778564,-0.111615316710879,0.0889715414801475,-0.102281417430644
3.3,3.26671560515134,-1.97103650109471,-0.446145554896097,0.329669454854099,-0.262788302193925,0.302100644604257,-0.111615316710879,0.0889715414801475,-0.102281417430644
3.31,3.27000671893404,-1.97365993553958,-0.443129662520926,0.32855330168699,-0.261898586779123,0.301077830429951,-0.111615316710879,0.0889715414801475,-0.102281417430644
3.32,3.27328667118508,-1.9762744728303,-0.440123998287498,0.327437148519882,-0.261008871364322,0.300055016255644,-0.111615316710879,0.0889715414801475,-0.102281417430644
3.33,3.27655546190444,-1.97888011296687,-0.437128562195813,0.326320995352773,-0.26011915594952,0.299032202081338,-0.111615316710879,0.0889715414801475,-0.102281417430644
3.34,3.27981309109213,-1.98147685594929,-0.434143354245871,0.325204842185664,-0.259229440534719,0.298009387907031,-0.111615316710879,0.0889715414801475,-0.102281417430644
3.35,3.28305955874816,-1.98406470177756,-0.431168374437672,0.324088689018555,-0.258339725119917,0.296986573732725,-0.111615316710879,0.0889715414801475,-0.102281417430644
3.36,3.2862948648725,-1.98664365045169,-0.428203622771216,0.322972535851446,-0.257450009705116,0.295963759558418,-0.111615316710879,0.0889715414801475,-0.102281417430644
3.37,3.28951900946518,-1.98921370197166,-0.425249099246504,0.321856382684338,-0.256560294290315,0.294940945384112,-0.111615316710879,0.0889715414801475,-0.102281417430644
3.38,3.29273199252619,-1.99177485633749,-0.422304803863534,0.320740229517229,-0.255670578875513,0.293918131209806,-0.111615316710879,0.0889715414801475,-0.102281417430644
3.39,3.29593381405553,-1.99432711354917,-0.419370736622308,0.31962407635012,-0.254780863460712,0.292895317035499,-0.111615316710879,0.0889715414801475,-0.102281417430644
3.4,3.29912447405319,-1.99687047360671,-0.416446897522824,0.318507923183011,-0.25389114804591,0.291872502861193,-0.111615316710879,0.0889715414801475,-0.102281417430644
3.41,3.30230397251919,-1.99940493651009,-0.413533286565084,0.317391770015902,-0.253001432631109,0.290849688686886,-0.111615316710879,0.0889715414801475,-0.102281417430644
3.42,3.30547230945351,-2.00193050225933,-0.410629903749086,0.316275616848794,-0.252111717216307,0.28982687451258,-0.111615316710879,0.0889715414801475,-0.102281417430644
3.43,3.30862948485616,-2.00444717085442,-0.407736749074832,0.315159463681685,-0.251222001801506,0.288804060338273,-0.111615316710879,0.0889715414801475,-0.102281417430644
3.44,3.31177549872715,-2.00695494229536,-0.404853822542321,0.314043310514576,-0.250332286386704,0.287781246163967,-0.111615316710879,0.0889715414801475,-0.102281417430644
3.45,3.31491035106646,-2.00945381658215,-0.401981124151553,0.312927157347467,-0.249442570971903,0.286758431989661,-0.111615316710879,0.0889715414801475,-0.102281417430644
3.46,3.3180340418741,-2.0119437937148,-0.399118653902528,0.311811004180359,-0.248552855557101,0.285735617815354,-0.111615316710879,0.0889715414801475,-0.102281417430644
3.47,3.32114657115006,-2.01442487369329,-0.396266411795246,0.31069485101325,-0.2476631401423,0.284712803641048,-0.111615316710879,0.0889715414801475,-0.102281417430644
3.48,3.32424793889436,-2.01689705651764,-0.393424397829707,0.309578697846141,-0.246773424727498,0.283689989466741,-0.111615316710879,0.0889715414801475,-0.102281417430644
3.49,3.32733814510699,-2.01936034218784,-0.390592612005911,0.308462544679032,-0.245883709312697,0.282667175292435,-0.111615316710879,0.0889715414801475,-0.102281417430644
3.5,3.33041718978794,-2.0218147307039,-0.387771054323858,0.307346391511923,-0.244993993897895,0.281644361118128,-0.111615316710879,0.0889715414801475,-0.102281417430644
3.51,3.33348507293722,-2.0242602220658,-0.384959724783548,0.306230238344815,-0.244104278483094,0.280621546943822,-0.111615316710879,0.0889715414801475,-0.102281417430644
3.52,3.33654179455484,-2.02669681627356,-0.382158623384982,0.305114085177706,-0.243214563068292,0.279598732769515,-0.111615316710879,0.0889715414801475,-0.102281417430644
3.53,3.33958735464078,-2.02912451332717,-0.379367750128158,0.303997932010597,-0.242324847653491,0.278575918595209,-0.111615316710879,0.0889715414801475,-0.102281417430644
3.54,3.34262175319505,-2.03154331322663,-0.376587105013078,0.302881778843488,-0.241435132238689,0.277553104420903,-0.111615316710879,0.0889715414801475,-0.102281417430644
3.55,3.34564499021765,-2.03395321597194,-0.37381668803974,0.301765625676379,-0.240545416823888,0.276530290246596,-0.111615316710879,0.0889715414801475,-0.102281417430644
3.56,3.34865706570858,-2.03635422156311,-0.371056499208146,0.300649472509271,-0.239655701409086,0.27550747607229,-0.111615316710879,0.0889715414801475,-0.102281417430644
3.57,3.35165797966783,-2.03874633000012,-0.368306538518294,0.299533319342162,-0.238765985994285,0.274484661897983,-0.111615316710879,0.0889715414801475,-0.102281417430644
3.58,3.35464773209542,-2.04112954128299,-0.365566805970186,0.298417166175053,-0.237876270579484,0.273461847723677,-0.111615316710879,0.0889715414801475,-0.102281417430644
3.59,3.35762632299133,-2.04350385541171,-0.362837301563821,0.297301013007944,-0.236986555164682,0.27243903354937,-0.111615316710879,0.0889715414801475,-0.102281417430644
3.6,3.36059375235558,-2.04586927238629,-0.360118025299199,0.296184859840835,-0.236096839749881,0.271416219375064,-0.111615316710879,0.0889715414801475,-0.102281417430644
3.61,3.36355002018815,-2.04822579220671,-0.357408977176319,0.295068706673727,-0.235207124335079,0.270393405200758,-0.111615316710879,0.0889715414801475,-0.102281417430644
3.62,3.36649512648905,-2.05057341487299,-0.354710157195183,0.293952553506618,-0.234317408920278,0.269370591026451,-0.111615316710879,0.0889715414801475,-0.102281417430644
3.63,3.36942907125828,-2.05291214038512,-0.35202156535579,0.292836400339509,-0.233427693505476,0.268347776852145,-0.111615316710879,0.0889715414801475,-0.102281417430644
3.64,3.37235185449584,-2.0552419687431,-0.34934320165814,0.2917202471724,-0.232537978090675,0.267324962677838,-0.111615316710879,0.0889715414801475,-0.102281417430644
3.65,3.37526347620173,-2.05756289994693,-0.346675066102234,0.290604094005292,-0.231648262675873,0.266302148503532,-0.111615316710879,0.0889715414801475,-0.102281417430644
3.66,3.37816393637595,-2.05987493399661,-0.34401715868807,0.289487940838183,-0.230758547261072,0.265279334329225,-0.111615316710879,0.0889715414801475,-0.102281417430644
3.67,3.3810532350185,-2.06217807089215,-0.341369479415649,0.288371787671074,-0.22986883184627,0.264256520154919,-0.111615316710879,0.0889715414801475,-0.102281417430644
3.68,3.38393137212937,-2.06447231063354,-0.338732028284971,0.287255634503965,-0.228979116431469,0.263233705980612,-0.111615316710879,0.0889715414801475,-0.102281417430644
3.69,3.38679834770858,-2.06675765322078,-0.336104805296037,0.286139481336856,-0.228089401016667,0.262210891806306,-0.111615316710879,0.0889715414801475,-0.102281417430644
3.7,3.38965416175611,-2.06903409865387,-0.333487810448845,0.285023328169748,-0.227199685601866,0.261188077632,-0.111615316710879,0.0889715414801475,-0.102281417430644
3.71,3.39249881427197,-2.07130164693282,-0.330881043743397,0.283907175002639,-0.226309970187064,0.260165263457693,-0.111615316710879,0.0889715414801475,-0.102281417430644
3.72,3.39533230525616,-2.07356029805761,-0.328284505179692,0.28279102183553,-0.225420254772263,0.259142449283387,-0.111615316710879,0.0889715414801475,-0.102281417430644
3.73,3.39815463470868,-2.07581005202826,-0.325698194757729,0.281674868668421,-0.224530539357461,0.25811963510908,-0.111615316710879,0.0889715414801475,-0.102281417430644
3.74,3.40096580262953,-2.07805090884476,-0.32312211247751,0.280558715501312,-0.22364082394266,0.257096820934774,-0.111615316710879,0.0889715414801475,-0.102281417430644
3.75,3.40376580901871,-2.08028286850712,-0.320556258339034,0.279442562334204,-0.222751108527858,0.256074006760467,-0.111615316710879,0.0889715414801475,-0.102281417430644
3.76,3.40655465387621,-2.08250593101532,-0.318000632342301,0.278326409167095,-0.221861393113057,0.255051192586161,-0.111615316710879,0.0889715414801475,-0.102281417430644
3.77,3.40933233720205,-2.08472009636938,-0.31545523448731,0.277210255999986,-0.220971677698255,0.254028378411855,-0.111615316710879,0.0889715414801475,-0.102281417430644
3.78,3.41209885899621,-2.08692536456929,-0.312920064774064,0.276094102832877,-0.220081962283454,0.253005564237548,-0.111615316710879,0.0889715414801475,-0.102281417430644
3.79,3.41485421925871,-2.08912173561505,-0.310395123202559,0.274977949665768,-0.219192246868653,0.251982750063242,-0.111615316710879,0.0889715414801475,-0.102281417430644
3.8,3.41759841798953,-2.09130920950666,-0.307880409772799,0.27386179649866,-0.218302531453851,0.250959935888935,-0.111615316710879,0.0889715414801475,-0.102281417430644
3.81,3.42033145518868,-2.09348778624412,-0.305375924484781,0.272745643331551,-0.21741281603905,0.249937121714629,-0.111615316710879,0.0889715414801475,-0.102281417430644
3.82,3.42305333085616,-2.09565746582744,-0.302881667338506,0.271629490164442,-0.216523100624248,0.248914307540322,-0.111615316710879,0.0889715414801475,-0.102281417430644
3.83,3.42576404499197,-2.09781824825661,-0.300397638333974,0.270513336997333,-0.215633385209447,0.247891493366016,-0.111615316710879,0.0889715414801475,-0.102281417430644
3.84,3.42846359759611,-2.09997013353163,-0.297923837471186,0.269397183830225,-0.214743669794645,0.24686867919171,-0.111615316710879,0.0889715414801475,-0.102281417430644
3.85,3.43115198866857,-2.1021131216525,-0.29546026475014,0.268281030663116,-0.213853954379844,0.245845865017403,-0.111615316710879,0.0889715414801475,-0.102281417430644
3.86,3.43382921820937,-2.10424721261923,-0.293006920170838,0.267164877496007,-0.212964238965042,0.244823050843097,-0.111615316710879,0.0889715414801475,-0.102281417430644
3.87,3.43649528621849,-2.1063724064318,-0.290563803733278,0.266048724328898,-0.212074523550241,0.24380023666879,-0.111615316710879,0.0889715414801475,-0.102281417430644
3.88,3.43915019269595,-2.10848870309023,-0.288130915437462,0.264932571161789,-0.211184808135439,0.242777422494484,-0.111615316710879,0.0889715414801475,-0.102281417430644
3.89,3.44179393764173,-2.11059610259451,-0.285708255283389,0.263816417994681,-0.210295092720638,0.241754608320177,-0.111615316710879,0.0889715414801475,-0.102281417430644
3.9,3.44442652105584,-2.11269460494464,-0.283295823271058,0.262700264827572,-0.209405377305836,0.240731794145871,-0.111615316710879,0.0889715414801475,-0.102281417430644
3.91,3.44704794293828,-2.11478421014063,-0.280893619400471,0.261584111660463,-0.208515661891035,0.239708979971564,-0.111615316710879,0.0889715414801475,-0.102281417430644
3.92,3.44965820328905,-2.11686491818246,-0.278501643671627,0.260467958493354,-0.207625946476233,0.238686165797258,-0.111615316710879,0.0889715414801475,-0.102281417430644
3.93,3.45225730210815,-2.11893672907015,-0.276119896084526,0.259351805326245,-0.206736231061432,0.237663351622952,-0.111615316710879,0.0889715414801475,-0.102281417430644
3.94,3.45484523939557,-2.12099964280369,-0.273748376639168,0.258235652159137,-0.20584651564663,0.236640537448645,-0.111615316710879,0.0889715414801475,-0.102281417430644
3.95,3.45742201515133,-2.12305365938309,-0.271387085335553,0.257119498992028,-0.204956800231829,0.235617723274339,-0.111615316710879,0.0889715414801475,-0.102281417430644
3.96,3.45998762937541,-2.12509877880833,-0.269036022173681,0.256003345824919,-0.204067084817027,0.234594909100032,-0.111615316710879,0.0889715414801475,-0.102281417430644
3.97,3.46254208206783,-2.12713500107943,-0.266695187153553,0.25488719265781,-0.203177369402226,0.233572094925726,-0.111615316710879,0.0889715414801475,-0.102281417430644
3.98,3.46508537322857,-2.12916232619637,-0.264364580275167,0.253771039490701,-0.202287653987425,0.232549280751419,-0.111615316710879,0.0889715414801475,-0.102281417430644
3.99,3.46761750285764,-2.13118075415917,-0.262044201538524,0.252654886323593,-0.201397938572623,0.231526466577113,-0.111615316710879,0.0889715414801475,-0.102281417430644
4,3.47013847095504,-2.13319028496783,-0.259734050943624,0.251538733156484,-0.200508223157822,0.230503652402807,-0.111615316710879,0.0889715414801475,-0.102281417430644
4.01,3.47264827752077,-2.13519091862233,-0.257434128490468,0.250422579989375,-0.19961850774302,0.2294808382285,-0.111615316710879,0.0889715414801475,-0.102281417430644
4.02,3.47514692255483,-2.13718265512269,-0.255144434179055,0.249306426822266,-0.198728792328219,0.228458024054194,-0.111615316710879,0.0889715414801475,-0.102281417430644
4.03,3.47763440605722,-2.13916549446889,-0.252864968009384,0.248190273655158,-0.197839076913417,0.227435209879887,-0.111615316710879,0.0889715414801475,-0.102281417430644
4.04,3.48011072802793,-2.14113943666095,-0.250595729981457,0.247074120488049,-0.196949361498616,0.226412395705581,-0.111615316710879,0.0889715414801475,-0.102281417430644
4.05,3.48257588846698,-2.14310448169887,-0.248336720095272,0.24595796732094,-0.196059646083814,0.225389581531274,-0.111615316710879,0.0889715414801475,-0.102281417430644
4.06,3.48502988737435,-2.14506062958263,-0.246087938350831,0.244841814153831,-0.195169930669013,0.224366767356968,-0.111615316710879,0.0889715414801475,-0.102281417430644
4.07,3.48747272475005,-2.14700788031225,-0.243849384748133,0.243725660986722,-0.194280215254211,0.223343953182661,-0.111615316710879,0.0889715414801475,-0.102281417430644
4.08,3.48990440059409,-2.14894623388772,-0.241621059287178,0.242609507819614,-0.19339049983941,0.222321139008355,-0.111615316710879,0.0889715414801475,-0.102281417430644
4.09,3.49232491490645,-2.15087569030904,-0.239402961967966,0.241493354652505,-0.192500784424608,0.221298324834049,-0.111615316710879,0.0889715414801475,-0.102281417430644
4.1,3.49473426768714,-2.15279624957621,-0.237195092790497,0.240377201485396,-0.191611069009807,0.220275510659742,-0.111615316710879,0.0889715414801475,-0.102281417430644
4.11,3.49713245893615,-2.15470791168923,-0.234997451754771,0.239261048318287,-0.190721353595005,0.219252696485436,-0.111615316710879,0.0889715414801475,-0.102281417430644
4.12,3.4995194886535,-2.15661067664811,-0.232810038860788,0.238144895151178,-0.189831638180204,0.218229882311129,-0.111615316710879,0.0889715414801475,-0.102281417430644
4.13,3.50189535683918,-2.15850454445284,-0.230632854108549,0.23702874198407,-0.188941922765402,0.217207068136823,-0.111615316710879,0.0889715414801475,-0.102281417430644
4.14,3.50426006349318,-2.16038951510342,-0.228465897498052,0.235912588816961,-0.188052207350601,0.216184253962516,-0.111615316710879,0.0889715414801475,-0.102281417430644
4.15,3.50661360861552,-2.16226558859985,-0.226309169029298,0.234796435649852,-0.187162491935799,0.21516143978821,-0.111615316710879,0.0889715414801475,-0.102281417430644
4.16,3.50895599220618,-2.16413276494213,-0.224162668702288,0.233680282482743,-0.186272776520998,0.214138625613904,-0.111615316710879,0.0889715414801475,-0.102281417430644
4.17,3.51128721426517,-2.16599104413027,-0.22202639651702,0.232564129315634,-0.185383061106196,0.213115811439597,-0.111615316710879,0.0889715414801475,-0.102281417430644
4.18,3.51360727479249,-2.16784042616426,-0.219900352473496,0.231447976148526,-0.184493345691395,0.212092997265291,-0.111615316710879,0.0889715414801475,-0.102281417430644
4.19,3.51591617378814,-2.1696809110441,-0.217784536571714,0.230331822981417,-0.183603630276594,0.211070183090984,-0.111615316710879,0.0889715414801475,-0.102281417430644
4.2,3.51821391125212,-2.17151249876979,-0.215678948811676,0.229215669814308,-0.182713914861792,0.210047368916678,-0.111615316710879,0.0889715414801475,-0.102281417430644
4.21,3.52050048718443,-2.17333518934133,-0.213583589193381,0.228099516647199,-0.181824199446991,0.209024554742371,-0.111615316710879,0.0889715414801475,-0.102281417430644
4.22,3.52277590158507,-2.17514898275873,-0.211498457716829,0.226983363480091,-0.180934484032189,0.208001740568065,-0.111615316710879,0.0889715414801475,-0.102281417430644
4.23,3.52504015445403,-2.17695387902198,-0.209423554382019,0.225867210312982,-0.180044768617388,0.206978926393758,-0.111615316710879,0.0889715414801475,-0.102281417430644
4.24,3.52729324579133,-2.17874987813108,-0.207358879188953,0.224751057145873,-0.179155053202586,0.205956112219452,-0.111615316710879,0.0889715414801475,-0.102281417430644
4.25,3.52953517559695,-2.18053698008603,-0.20530443213763,0.223634903978764,-0.178265337787785,0.204933298045146,-0.111615316710879,0.0889715414801475,-0.102281417430644
4.26,3.5317659438709,-2.18231518488683,-0.203260213228051,0.222518750811655,-0.177375622372983,0.203910483870839,-0.111615316710879,0.0889715414801475,-0.102281417430644
4.27,3.53398555061318,-2.18408449253349,-0.201226222460214,0.221402597644547,-0.176485906958182,0.202887669696533,-0.111615316710879,0.0889715414801475,-0.102281417430644
4.28,3.53619399582379,-2.18584490302599,-0.19920245983412,0.220286444477438,-0.17559619154338,0.201864855522226,-0.111615316710879,0.0889715414801475,-0.102281417430644
4.29,3.53839127950273,-2.18759641636435,-0.197188925349769,0.219170291310329,-0.174706476128579,0.20084204134792,-0.111615316710879,0.0889715414801475,-0.102281417430644
4.3,3.54057740165,-2.18933903254857,-0.195185619007161,0.21805413814322,-0.173816760713777,0.199819227173613,-0.111615316710879,0.0889715414801475,-0.102281417430644
4.31,3.54275236226559,-2.19107275157863,-0.193192540806297,0.216937984976111,-0.172927045298976,0.198796412999307,-0.111615316710879,0.0889715414801475,-0.102281417430644
4.32,3.54491616134952,-2.19279757345455,-0.191209690747175,0.215821831809003,-0.172037329884174,0.197773598825001,-0.111615316710879,0.0889715414801475,-0.102281417430644
4.33,3.54706879890177,-2.19451349817631,-0.189237068829797,0.214705678641894,-0.171147614469373,0.196750784650694,-0.111615316710879,0.0889715414801475,-0.102281417430644
4.34,3.54921027492236,-2.19622052574393,-0.187274675054161,0.213589525474785,-0.170257899054571,0.195727970476388,-0.111615316710879,0.0889715414801475,-0.102281417430644
4.35,3.55134058941127,-2.1979186561574,-0.185322509420269,0.212473372307676,-0.16936818363977,0.194705156302081,-0.111615316710879,0.0889715414801475,-0.102281417430644
4.36,3.55345974236851,-2.19960788941673,-0.18338057192812,0.211357219140567,-0.168478468224969,0.193682342127775,-0.111615316710879,0.0889715414801475,-0.102281417430644
4.37,3.55556773379408,-2.2012882255219,-0.181448862577714,0.210241065973459,-0.167588752810167,0.192659527953468,-0.111615316710879,0.0889715414801475,-0.102281417430644
4.38,3.55766456368798,-2.20295966447293,-0.17952738136905,0.20912491280635,-0.166699037395366,0.191636713779162,-0.111615316710879,0.0889715414801475,-0.102281417430644
4.39,3.55975023205021,-2.20462220626981,-0.17761612830213,0.208008759639241,-0.165809321980564,0.190613899604856,-0.111615316710879,0.0889715414801475,-0.102281417430644
4.4,3.56182473888077,-2.20627585091254,-0.175715103376953,0.206892606472132,-0.164919606565763,0.189591085430549,-0.111615316710879,0.0889715414801475,-0.102281417430644
4.41,3.56388808417965,-2.20792059840113,-0.173824306593519,0.205776453305023,-0.164029891150961,0.188568271256243,-0.111615316710879,0.0889715414801475,-0.102281417430644
4.42,3.56594026794687,-2.20955644873556,-0.171943737951828,0.204660300137915,-0.16314017573616,0.187545457081936,-0.111615316710879,0.0889715414801475,-0.102281417430644
4.43,3.56798129018241,-2.21118340191585,-0.170073397451881,0.203544146970806,-0.162250460321358,0.18652264290763,-0.111615316710879,0.0889715414801475,-0.102281417430644
4.44,3.57001115088628,-2.21280145794199,-0.168213285093676,0.202427993803697,-0.161360744906557,0.185499828733323,-0.111615316710879,0.0889715414801475,-0.102281417430644
4.45,3.57202985005848,-2.21441061681398,-0.166363400877214,0.201311840636588,-0.160471029491755,0.184477014559017,-0.111615316710879,0.0889715414801475,-0.102281417430644
4.46,3.57403738769901,-2.21601087853182,-0.164523744802496,0.20019568746948,-0.159581314076954,0.18345420038471,-0.111615316710879,0.0889715414801475,-0.102281417430644
4.47,3.57603376380787,-2.21760224309552,-0.16269431686952,0.199079534302371,-0.158691598662152,0.182431386210404,-0.111615316710879,0.0889715414801475,-0.102281417430644
4.48,3.57801897838506,-2.21918471050507,-0.160875117078287,0.197963381135262,-0.157801883247351,0.181408572036098,-0.111615316710879,0.0889715414801475,-0.102281417430644
4.49,3.57999303143058,-2.22075828076047,-0.159066145428798,0.196847227968153,-0.156912167832549,0.180385757861791,-0.111615316710879,0.0889715414801475,-0.102281417430644
4.5,3.58195592294442,-2.22232295386172,-0.157267401921052,0.195731074801044,-0.156022452417748,0.179362943687485,-0.111615316710879,0.0889715414801475,-0.102281417430644
4.51,3.5839076529266,-2.22387872980882,-0.155478886555048,0.194614921633936,-0.155132737002946,0.178340129513178,-0.111615316710879,0.0889715414801475,-0.102281417430644
4.52,3.5858482213771,-2.22542560860178,-0.153700599330788,0.193498768466827,-0.154243021588145,0.177317315338872,-0.111615316710879,0.0889715414801475,-0.102281417430644
4.53,3.58777762829594,-2.22696359024058,-0.151932540248271,0.192382615299718,-0.153353306173343,0.176294501164565,-0.111615316710879,0.0889715414801475,-0.102281417430644
4.54,3.5896958736831,-2.22849267472524,-0.150174709307497,0.191266462132609,-0.152463590758542,0.175271686990259,-0.111615316710879,0.0889715414801475,-0.102281417430644
4.55,3.59160295753859,-2.23001286205576,-0.148427106508466,0.1901503089655,-0.15157387534374,0.174248872815952,-0.111615316710879,0.0889715414801475,-0.102281417430644
4.56,3.59349887986241,-2.23152415223212,-0.146689731851178,0.189034155798392,-0.150684159928939,0.173226058641646,-0.111615316710879,0.0889715414801475,-0.102281417430644
4.57,3.59538364065456,-2.23302654525433,-0.144962585335633,0.187918002631283,-0.149794444514137,0.17220324446734,-0.111615316710879,0.0889715414801475,-0.102281417430644
4.58,3.59725723991503,-2.2345200411224,-0.143245666961831,0.186801849464174,-0.148904729099336,0.171180430293033,-0.111615316710879,0.0889715414801475,-0.102281417430644
4.59,3.59911967764384,-2.23600463983632,-0.141538976729772,0.185685696297065,-0.148015013684535,0.170157616118727,-0.111615316710879,0.0889715414801475,-0.102281417430644
4.6,3.60097095384097,-2.23748034139609,-0.139842514639456,0.184569543129956,-0.147125298269733,0.16913480194442,-0.111615316710879,0.0889715414801475,-0.102281417430644
4.61,3.60281106850644,-2.23894714580172,-0.138156280690884,0.183453389962848,-0.146235582854932,0.168111987770114,-0.111615316710879,0.0889715414801475,-0.102281417430644
4.62,3.60464002164023,-2.24040505305319,-0.136480274884054,0.182337236795739,-0.14534586744013,0.167089173595807,-0.111615316710879,0.0889715414801475,-0.102281417430644
4.63,3.60645781324235,-2.24185406315052,-0.134814497218968,0.18122108362863,-0.144456152025329,0.166066359421501,-0.111615316710879,0.0889715414801475,-0.102281417430644
4.64,3.6082644433128,-2.2432941760937,-0.133158947695624,0.180104930461521,-0.143566436610527,0.165043545247195,-0.111615316710879,0.0889715414801475,-0.102281417430644
4.65,3.61005991185158,-2.24472539188273,-0.131513626314024,0.178988777294412,-0.142676721195726,0.164020731072888,-0.111615316710879,0.0889715414801475,-0.102281417430644
4.66,3.61184421885869,-2.24614771051761,-0.129878533074166,0.177872624127304,-0.141787005780924,0.162997916898582,-0.111615316710879,0.0889715414801475,-0.102281417430644
4.67,3.61361736433413,-2.24756113199835,-0.128253667976052,0.176756470960195,-0.140897290366123,0.161975102724275,-0.111615316710879,0.0889715414801475,-0.102281417430644
4.68,3.6153793482779,-2.24896565632493,-0.126639031019681,0.175640317793086,-0.140007574951321,0.160952288549969,-0.111615316710879,0.0889715414801475,-0.102281417430644
4.69,3.61713017068999,-2.25036128349737,-0.125034622205053,0.174524164625977,-0.13911785953652,0.159929474375662,-0.111615316710879,0.0889715414801475,-0.102281417430644
4.7,3.61886983157042,-2.25174801351567,-0.123440441532168,0.173408011458869,-0.138228144121718,0.158906660201356,-0.111615316710879,0.0889715414801475,-0.102281417430644
4.71,3.62059833091917,-2.25312584637981,-0.121856489001026,0.17229185829176,-0.137338428706917,0.157883846027049,-0.111615316710879,0.0889715414801475,-0.102281417430644
4.72,3.62231566873625,-2.2544947820898,-0.120282764611627,0.171175705124651,-0.136448713292115,0.156861031852743,-0.111615316710879,0.0889715414801475,-0.102281417430644
4.73,3.62402184502166,-2.25585482064565,-0.118719268363971,0.170059551957542,-0.135558997877314,0.155838217678437,-0.111615316710879,0.0889715414801475,-0.102281417430644
4.74,3.6257168597754,-2.25720596204735,-0.117166000258058,0.168943398790433,-0.134669282462512,0.15481540350413,-0.111615316710879,0.0889715414801475,-0.102281417430644
4.75,3.62740071299747,-2.2585482062949,-0.115622960293888,0.167827245623325,-0.133779567047711,0.153792589329824,-0.111615316710879,0.0889715414801475,-0.102281417430644
4.76,3.62907340468787,-2.2598815533883,-0.114090148471461,0.166711092456216,-0.132889851632909,0.152769775155517,-0.111615316710879,0.0889715414801475,-0.102281417430644
4.77,3.6307349348466,-2.26120600332756,-0.112567564790778,0.165594939289107,-0.132000136218108,0.151746960981211,-0.111615316710879,0.0889715414801475,-0.102281417430644
4.78,3.63238530347365,-2.26252155611267,-0.111055209251837,0.164478786121998,-0.131110420803306,0.150724146806904,-0.111615316710879,0.0889715414801475,-0.102281417430644
4.79,3.63402451056904,-2.26382821174363,-0.10955308185464,0.163362632954889,-0.130220705388505,0.149701332632598,-0.111615316710879,0.0889715414801475,-0.102281417430644
4.8,3.63565255613275,-2.26512597022044,-0.108061182599185,0.162246479787781,-0.129330989973704,0.148678518458292,-0.111615316710879,0.0889715414801475,-0.102281417430644
4.81,3.63726944016479,-2.2664148315431,-0.106579511485474,0.161130326620672,-0.128441274558902,0.147655704283985,-0.111615316710879,0.0889715414801475,-0.102281417430644
4.82,3.63887516266516,-2.26769479571161,-0.105108068513505,0.160014173453563,-0.127551559144101,0.146632890109679,-0.111615316710879,0.0889715414801475,-0.102281417430644
4.83,3.64046972363386,-2.26896586272598,-0.10364685368328,0.158898020286454,-0.126661843729299,0.145610075935372,-0.111615316710879,0.0889715414801475,-0.102281417430644
4.84,3.64205312307089,-2.2702280325862,-0.102195866994798,0.157781867119345,-0.125772128314498,0.144587261761066,-0.111615316710879,0.0889715414801475,-0.102281417430644
4.85,3.64362536097625,-2.27148130529227,-0.100755108448059,0.156665713952237,-0.124882412899696,0.143564447586759,-0.111615316710879,0.0889715414801475,-0.102281417430644
4.86,3.64518643734994,-2.27272568084419,-0.099324578043063,0.155549560785128,-0.123992697484895,0.142541633412453,-0.111615316710879,0.0889715414801475,-0.102281417430644
4.87,3.64673635219195,-2.27396115924197,-0.0979042757798099,0.154433407618019,-0.123102982070093,0.141518819238146,-0.111615316710879,0.0889715414801475,-0.102281417430644
4.88,3.6482751055023,-2.2751877404856,-0.0964942016583,0.15331725445091,-0.122213266655292,0.14049600506384,-0.111615316710879,0.0889715414801475,-0.102281417430644
4.89,3.64980269728097,-2.27640542457508,-0.0950943556785331,0.152201101283802,-0.12132355124049,0.139473190889534,-0.111615316710879,0.0889715414801475,-0.102281417430644
4.9,3.65131912752797,-2.27761421151041,-0.0937047378405092,0.151084948116693,-0.120433835825689,0.138450376715227,-0.111615316710879,0.0889715414801475,-0.102281417430644
4.91,3.6528243962433,-2.27881410129159,-0.0923253481442285,0.149968794949584,-0.119544120410887,0.137427562540921,-0.111615316710879,0.0889715414801475,-0.102281417430644
4.92,3.65431850342696,-2.28000509391862,-0.0909561865896909,0.148852641782475,-0.118654404996086,0.136404748366614,-0.111615316710879,0.0889715414801475,-0.102281417430644
4.93,3.65580144907895,-2.28118718939151,-0.0895972531768963,0.147736488615366,-0.117764689581284,0.135381934192308,-0.111615316710879,0.0889715414801475,-0.102281417430644
4.94,3.65727323319927,-2.28236038771025,-0.0882485479058448,0.146620335448258,-0.116874974166483,0.134359120018001,-0.111615316710879,0.0889715414801475,-0.102281417430644
4.95,3.65873385578792,-2.28352468887484,-0.0869100707765362,0.145504182281149,-0.115985258751681,0.133336305843695,-0.111615316710879,0.0889715414801475,-0.102281417430644
4.96,3.66018331684489,-2.28468009288528,-0.0855818217889708,0.14438802911404,-0.11509554333688,0.132313491669389,-0.111615316710879,0.0889715414801475,-0.102281417430644
4.97,3.6616216163702,-2.28582659974158,-0.0842638009431485,0.143271875946931,-0.114205827922078,0.131290677495082,-0.111615316710879,0.0889715414801475,-0.102281417430644
4.98,3.66304875436383,-2.28696420944372,-0.0829560082390691,0.142155722779822,-0.113316112507277,0.130267863320776,-0.111615316710879,0.0889715414801475,-0.102281417430644
4.99,3.6644647308258,-2.28809292199172,-0.0816584436767329,0.141039569612714,-0.112426397092475,0.129245049146469,-0.111615316710879,0.0889715414801475,-0.102281417430644
5,3.66586954575609,-2.28921273738557,-0.0803711072561398,0.139923416445605,-0.111536681677674,0.128222234972163,-0.111615316710879,0.0889715414801475,-0.102281417430644
5.01,3.66726319915471,-2.29032365562528,-0.0790939989772897,0.138807263278496,-0.110646966262873,0.127199420797856,-0.111615316710879,0.0889715414801475,-0.102281417430644
5.02,3.66864569102166,-2.29142567671083,-0.0778271188401827,0.137691110111387,-0.109757250848071,0.12617660662355,-0.111615316710879,0.0889715414801475,-0.102281417430644
5.03,3.67001702135694,-2.29251880064224,-0.0765704668448186,0.136574956944278,-0.10886753543327,0.125153792449243,-0.111615316710879,0.0889715414801475,-0.102281417430644
5.04,3.67137719016054,-2.2936030274195,-0.0753240429911978,0.13545880377717,-0.107977820018468,0.124130978274937,-0.111615316710879,0.0889715414801475,-0.102281417430644
5.05,3.67272619743248,-2.29467835704261,-0.07408784727932,0.134342650610061,-0.107088104603667,0.123108164100631,-0.111615316710879,0.0889715414801475,-0.102281417430644
5.06,3.67406404317274,-2.29574478951157,-0.0728618797091851,0.133226497442952,-0.106198389188865,0.122085349926324,-0.111615316710879,0.0889715414801475,-0.102281417430644
5.07,3.67539072738134,-2.29680232482638,-0.0716461402807934,0.132110344275843,-0.105308673774064,0.121062535752018,-0.111615316710879,0.0889715414801475,-0.102281417430644
5.08,3.67670625005826,-2.29785096298705,-0.0704406289941448,0.130994191108735,-0.104418958359262,0.120039721577711,-0.111615316710879,0.0889715414801475,-0.102281417430644
5.09,3.67801061120351,-2.29889070399357,-0.0692453458492392,0.129878037941626,-0.103529242944461,0.119016907403405,-0.111615316710879,0.0889715414801475,-0.102281417430644
5.1,3.67930381081709,-2.29992154784594,-0.0680602908460767,0.128761884774517,-0.102639527529659,0.117994093229098,-0.111615316710879,0.0889715414801475,-0.102281417430644
5.11,3.680585848899,-2.30094349454416,-0.0668854639846573,0.127645731607408,-0.101749812114858,0.116971279054792,-0.111615316710879,0.0889715414801475,-0.102281417430644
5.12,3.68185672544924,-2.30195654408824,-0.0657208652649809,0.126529578440299,-0.100860096700056,0.115948464880486,-0.111615316710879,0.0889715414801475,-0.102281417430644
5.13,3.68311644046781,-2.30296069647816,-0.0645664946870476,0.125413425273191,-0.0999703812852549,0.114925650706179,-0.111615316710879,0.0889715414801475,-0.102281417430644
5.14,3.68436499395471,-2.30395595171394,-0.0634223522508573,0.124297272106082,-0.0990806658704534,0.113902836531873,-0.111615316710879,0.0889715414801475,-0.102281417430644
5.15,3.68560238590993,-2.30494230979557,-0.06228843795641,0.123181118938973,-0.0981909504556519,0.112880022357566,-0.111615316710879,0.0889715414801475,-0.102281417430644
5.16,3.68682861633348,-2.30591977072306,-0.0611647518037059,0.122064965771864,-0.0973012350408504,0.11185720818326,-0.111615316710879,0.0889715414801475,-0.102281417430644
5.17,3.68804368522537,-2.30688833449639,-0.0600512937927449,0.120948812604755,-0.096411519626049,0.110834394008953,-0.111615316710879,0.0889715414801475,-0.102281417430644
5.18,3.68924759258558,-2.30784800111558,-0.0589480639235269,0.119832659437647,-0.0955218042112475,0.109811579834647,-0.111615316710879,0.0889715414801475,-0.102281417430644
5.19,3.69044033841412,-2.30879877058062,-0.057855062196052,0.118716506270538,-0.0946320887964461,0.108788765660341,-0.111615316710879,0.0889715414801475,-0.102281417430644
5.2,3.69162192271099,-2.30974064289151,-0.0567722886103201,0.117600353103429,-0.0937423733816445,0.107765951486034,-0.111615316710879,0.0889715414801475,-0.102281417430644
5.21,3.69279234547619,-2.31067361804825,-0.0556997431663313,0.11648419993632,-0.0928526579668431,0.106743137311728,-0.111615316710879,0.0889715414801475,-0.102281417430644
5.22,3.69395160670972,-2.31159769605084,-0.0546374258640855,0.115368046769211,-0.0919629425520416,0.105720323137421,-0.111615316710879,0.0889715414801475,-0.102281417430644
5.23,3.69509970641157,-2.31251287689929,-0.0535853367035828,0.114251893602103,-0.0910732271372401,0.104697508963115,-0.111615316710879,0.0889715414801475,-0.102281417430644
5.24,3.69623664458176,-2.31341916059359,-0.0525434756848232,0.113135740434994,-0.0901835117224386,0.103674694788808,-0.111615316710879,0.0889715414801475,-0.102281417430644
5.25,3.69736242122027,-2.31431654713374,-0.0515118428078067,0.112019587267885,-0.0892937963076372,0.102651880614502,-0.111615316710879,0.0889715414801475,-0.102281417430644
5.26,3.69847703632712,-2.31520503651974,-0.0504904380725332,0.110903434100776,-0.0884040808928357,0.101629066440195,-0.111615316710879,0.0889715414801475,-0.102281417430644
5.27,3.69958048990229,-2.31608462875159,-0.0494792614790028,0.109787280933668,-0.0875143654780342,0.100606252265889,-0.111615316710879,0.0889715414801475,-0.102281417430644
5.28,3.70067278194579,-2.3169553238293,-0.0484783130272154,0.108671127766559,-0.0866246500632327,0.0995834380915826,-0.111615316710879,0.0889715414801475,-0.102281417430644
5.29,3.70175391245762,-2.31781712175286,-0.0474875927171711,0.10755497459945,-0.0857349346484313,0.0985606239172761,-0.111615316710879,0.0889715414801475,-0.102281417430644
5.3,3.70282388143778,-2.31867002252227,-0.0465071005488699,0.106438821432341,-0.0848452192336298,0.0975378097429697,-0.111615316710879,0.0889715414801475,-0.102281417430644
5.31,3.70388268888627,-2.31951402613753,-0.0455368365223118,0.105322668265232,-0.0839555038188284,0.0965149955686633,-0.111615316710879,0.0889715414801475,-0.102281417430644
5.32,3.70493033480308,-2.32034913259865,-0.0445768006374966,0.104206515098124,-0.0830657884040268,0.0954921813943568,-0.111615316710879,0.0889715414801475,-0.102281417430644
5.33,3.70596681918823,-2.32117534190561,-0.0436269928944246,0.103090361931015,-0.0821760729892254,0.0944693672200504,-0.111615316710879,0.0889715414801475,-0.102281417430644
5.34,3.7069921420417,-2.32199265405843,-0.0426874132930956,0.101974208763906,-0.0812863575744239,0.093446553045744,-0.111615316710879,0.0889715414801475,-0.102281417430644
5.35,3.70800630336351,-2.3228010690571,-0.0417580618335097,0.100858055596797,-0.0803966421596224,0.0924237388714376,-0.111615316710879,0.0889715414801475,-0.102281417430644
5.36,3.70900930315364,-2.32360058690162,-0.0408389385156668,0.0997419024296883,-0.0795069267448209,0.0914009246971311,-0.111615316710879,0.0889715414801475,-0.102281417430644
5.37,3.7100011414121,-2.324391207592,-0.0399300433395671,0.0986257492625796,-0.0786172113300194,0.0903781105228246,-0.111615316710879,0.0889715414801475,-0.102281417430644
5.38,3.71098181813889,-2.32517293112822,-0.0390313763052104,0.0975095960954708,-0.077727495915218,0.0893552963485182,-0.111615316710879,0.0889715414801475,-0.102281417430644
5.39,3.71195133333401,-2.3259457575103,-0.0381429374125967,0.096393442928362,-0.0768377805004165,0.0883324821742118,-0.111615316710879,0.0889715414801475,-0.102281417430644
5.4,3.71290968699746,-2.32670968673823,-0.0372647266617261,0.0952772897612532,-0.075948065085615,0.0873096679999053,-0.111615316710879,0.0889715414801475,-0.102281417430644
5.41,3.71385687912924,-2.32746471881201,-0.0363967440525986,0.0941611365941444,-0.0750583496708136,0.0862868538255989,-0.111615316710879,0.0889715414801475,-0.102281417430644
5.42,3.71479290972934,-2.32821085373165,-0.0355389895852142,0.0930449834270357,-0.0741686342560121,0.0852640396512925,-0.111615316710879,0.0889715414801475,-0.102281417430644
5.43,3.71571777879778,-2.32894809149713,-0.0346914632595728,0.0919288302599269,-0.0732789188412106,0.0842412254769861,-0.111615316710879,0.0889715414801475,-0.102281417430644
5.44,3.71663148633454,-2.32967643210847,-0.0338541650756745,0.0908126770928181,-0.0723892034264092,0.0832184113026797,-0.111615316710879,0.0889715414801475,-0.102281417430644
5.45,3.71753403233963,-2.33039587556566,-0.0330270950335192,0.0896965239257093,-0.0714994880116076,0.0821955971283731,-0.111615316710879,0.0889715414801475,-0.102281417430644
5.46,3.71842541681305,-2.3311064218687,-0.032210253133107,0.0885803707586005,-0.0706097725968062,0.0811727829540667,-0.111615316710879,0.0889715414801475,-0.102281417430644
5.47,3.7193056397548,-2.3318080710176,-0.0314036393744379,0.0874642175914917,-0.0697200571820047,0.0801499687797603,-0.111615316710879,0.0889715414801475,-0.102281417430644
5.48,3.72017470116488,-2.33250082301234,-0.0306072537575117,0.0863480644243829,-0.0688303417672032,0.0791271546054538,-0.111615316710879,0.0889715414801475,-0.102281417430644
5.49,3.72103260104329,-2.33318467785294,-0.0298210962823287,0.0852319112572741,-0.0679406263524017,0.0781043404311474,-0.111615316710879,0.0889715414801475,-0.102281417430644
5.5,3.72187933939003,-2.33385963553939,-0.0290451669488888,0.0841157580901653,-0.0670509109376003,0.077081526256841,-0.111615316710879,0.0889715414801475,-0.102281417430644
5.51,3.7227149162051,-2.33452569607169,-0.028279465757192,0.0829996049230566,-0.0661611955227988,0.0760587120825346,-0.111615316710879,0.0889715414801475,-0.102281417430644
5.52,3.72353933148849,-2.33518285944985,-0.0275239927072382,0.0818834517559478,-0.0652714801079974,0.0750358979082281,-0.111615316710879,0.0889715414801475,-0.102281417430644
5.53,3.72435258524021,-2.33583112567385,-0.0267787477990274,0.0807672985888389,-0.0643817646931958,0.0740130837339216,-0.111615316710879,0.0889715414801475,-0.102281417430644
5.54,3.72515467746027,-2.33647049474371,-0.0260437310325597,0.0796511454217302,-0.0634920492783944,0.0729902695596152,-0.111615316710879,0.0889715414801475,-0.102281417430644
5.55,3.72594560814865,-2.33710096665942,-0.0253189424078351,0.0785349922546214,-0.0626023338635929,0.0719674553853088,-0.111615316710879,0.0889715414801475,-0.102281417430644
5.56,3.72672537730536,-2.33772254142098,-0.0246043819248535,0.0774188390875126,-0.0617126184487915,0.0709446412110024,-0.111615316710879,0.0889715414801475,-0.102281417430644
5.57,3.7274939849304,-2.3383352190284,-0.023900049583615,0.0763026859204038,-0.0608229030339899,0.0699218270366959,-0.111615316710879,0.0889715414801475,-0.102281417430644
5.58,3.72825143102377,-2.33893899948166,-0.0232059453841196,0.075186532753295,-0.0599331876191885,0.0688990128623895,-0.111615316710879,0.0889715414801475,-0.102281417430644
5.59,3.72899771558547,-2.33953388278078,-0.0225220693263672,0.0740703795861862,-0.059043472204387,0.0678761986880831,-0.111615316710879,0.0889715414801475,-0.102281417430644
5.6,3.72973283861549,-2.34011986892575,-0.021848421410358,0.0729542264190775,-0.0581537567895856,0.0668533845137766,-0.111615316710879,0.0889715414801475,-0.102281417430644
5.61,3.73045680011385,-2.34069695791657,-0.0211850016360917,0.0718380732519686,-0.057264041374784,0.0658305703394701,-0.111615316710879,0.0889715414801475,-0.102281417430644
5.62,3.73116960008053,-2.34126514975325,-0.0205318100035685,0.0707219200848598,-0.0563743259599826,0.0648077561651637,-0.111615316710879,0.0889715414801475,-0.102281417430644
5.63,3.73187123851554,-2.34182444443577,-0.0198888465127884,0.0696057669177511,-0.0554846105451811,0.0637849419908573,-0.111615316710879,0.0889715414801475,-0.102281417430644
5.64,3.73256171541889,-2.34237484196415,-0.0192561111637514,0.0684896137506423,-0.0545948951303797,0.0627621278165509,-0.111615316710879,0.0889715414801475,-0.102281417430644
5.65,3.73324103079056,-2.34291634233838,-0.0186336039564574,0.0673734605835334,-0.0537051797155781,0.0617393136422444,-0.111615316710879,0.0889715414801475,-0.102281417430644
5.66,3.73390918463056,-2.34344894555846,-0.0180213248909065,0.0662573074164247,-0.0528154643007767,0.060716499467938,-0.111615316710879,0.0889715414801475,-0.102281417430644
5.67,3.73456617693889,-2.3439726516244,-0.0174192739670987,0.0651411542493159,-0.0519257488859752,0.0596936852936316,-0.111615316710879,0.0889715414801475,-0.102281417430644
5.68,3.73521200771554,-2.34448746053618,-0.0168274511850339,0.0640250010822071,-0.0510360334711738,0.0586708711193251,-0.111615316710879,0.0889715414801475,-0.102281417430644
5.69,3.73584667696053,-2.34499337229382,-0.0162458565447122,0.0629088479150984,-0.0501463180563723,0.0576480569450187,-0.111615316710879,0.0889715414801475,-0.102281417430644
5.7,3.73647018467384,-2.34549038689731,-0.0156744900461335,0.0617926947479895,-0.0492566026415708,0.0566252427707122,-0.111615316710879,0.0889715414801475,-0.102281417430644
5.71,3.73708253085549,-2.34597850434665,-0.0151133516892979,0.0606765415808807,-0.0483668872267693,0.0556024285964058,-0.111615316710879,0.0889715414801475,-0.102281417430644
5.72,3.73768371550546,-2.34645772464185,-0.0145624414742054,0.059560388413772,-0.0474771718119679,0.0545796144220994,-0.111615316710879,0.0889715414801475,-0.102281417430644
5.73,3.73827373862376,-2.34692804778289,-0.0140217594008559,0.0584442352466631,-0.0465874563971663,0.0535568002477929,-0.111615316710879,0.0889715414801475,-0.102281417430644
5.74,3.7388526002104,-2.34738947376979,-0.0134913054692495,0.0573280820795543,-0.0456977409823649,0.0525339860734865,-0.111615316710879,0.0889715414801475,-0.102281417430644
5.75,3.73942030026536,-2.34784200260254,-0.0129710796793862,0.0562119289124456,-0.0448080255675634,0.0515111718991801,-0.111615316710879,0.0889715414801475,-0.102281417430644
5.76,3.73997683878864,-2.34828563428114,-0.0124610820312659,0.0550957757453368,-0.043918310152762,0.0504883577248736,-0.111615316710879,0.0889715414801475,-0.102281417430644
5.77,3.74052221578026,-2.34872036880559,-0.0119613125248887,0.053979622578228,-0.0430285947379605,0.0494655435505672,-0.111615316710879,0.0889715414801475,-0.102281417430644
5.78,3.74105643124021,-2.3491462061759,-0.0114717711602546,0.0528634694111192,-0.042138879323159,0.0484427293762607,-0.111615316710879,0.0889715414801475,-0.102281417430644
5.79,3.74157948516849,-2.34956314639206,-0.0109924579373635,0.0517473162440104,-0.0412491639083575,0.0474199152019543,-0.111615316710879,0.0889715414801475,-0.102281417430644
5.8,3.74209137756509,-2.34997118945407,-0.0105233728562155,0.0506311630769016,-0.040359448493556,0.0463971010276479,-0.111615316710879,0.0889715414801475,-0.102281417430644
5.81,3.74259210843002,-2.35037033536193,-0.0100645159168106,0.0495150099097929,-0.0394697330787546,0.0453742868533415,-0.111615316710879,0.0889715414801475,-0.102281417430644
5.82,3.74308167776329,-2.35076058411564,-0.00961588711914865,0.048398856742684,-0.0385800176639531,0.044351472679035,-0.111615316710879,0.0889715414801475,-0.102281417430644
5.83,3.74356008556488,-2.35114193571521,-0.00917748646322984,0.0472827035755752,-0.0376903022491516,0.0433286585047285,-0.111615316710879,0.0889715414801475,-0.102281417430644
5.84,3.7440273318348,-2.35151439016062,-0.00874931394905409,0.0461665504084665,-0.0368005868343501,0.0423058443304221,-0.111615316710879,0.0889715414801475,-0.102281417430644
5.85,3.74448341657305,-2.35187794745189,-0.00833136957662142,0.0450503972413577,-0.0359108714195487,0.0412830301561157,-0.111615316710879,0.0889715414801475,-0.102281417430644
5.86,3.74492833977962,-2.35223260758901,-0.00792365334593176,0.0439342440742488,-0.0350211560047472,0.0402602159818092,-0.111615316710879,0.0889715414801475,-0.102281417430644
5.87,3.74536210145453,-2.35257837057199,-0.00752616525698521,0.0428180909071401,-0.0341314405899457,0.0392374018075028,-0.111615316710879,0.0889715414801475,-0.102281417430644
5.88,3.74578470159777,-2.35291523640081,-0.00713890530978172,0.0417019377400313,-0.0332417251751442,0.0382145876331964,-0.111615316710879,0.0889715414801475,-0.102281417430644
5.89,3.74619614020933,-2.35324320507549,-0.0067618735043213,0.0405857845729225,-0.0323520097603428,0.03719177345889,-0.111615316710879,0.0889715414801475,-0.102281417430644
5.9,3.74659641728923,-2.35356227659602,-0.00639506984060391,0.0394696314058137,-0.0314622943455412,0.0361689592845835,-0.111615316710879,0.0889715414801475,-0.102281417430644
5.91,3.74698553283745,-2.3538724509624,-0.00603849431862961,0.0383534782387049,-0.0305725789307398,0.035146145110277,-0.111615316710879,0.0889715414801475,-0.102281417430644
5.92,3.747363486854,-2.35417372817464,-0.00569214693839838,0.0372373250715961,-0.0296828635159383,0.0341233309359706,-0.111615316710879,0.0889715414801475,-0.102281417430644
5.93,3.74773027933888,-2.35446610823272,-0.00535602769991021,0.0361211719044874,-0.0287931481011369,0.0331005167616642,-0.111615316710879,0.0889715414801475,-0.102281417430644
5.94,3.74808591029209,-2.35474959113666,-0.00503013660316508,0.0350050187373785,-0.0279034326863353,0.0320777025873577,-0.111615316710879,0.0889715414801475,-0.102281417430644
5.95,3.74843037971363,-2.35502417688645,-0.00471447364816304,0.0338888655702697,-0.0270137172715339,0.0310548884130513,-0.111615316710879,0.0889715414801475,-0.102281417430644
5.96,3.74876368760349,-2.35528986548209,-0.00440903883490407,0.032772712403161,-0.0261240018567324,0.0300320742387449,-0.111615316710879,0.0889715414801475,-0.102281417430644
5.97,3.74908583396169,-2.35554665692358,-0.00411383216338816,0.0316565592360522,-0.025234286441931,0.0290092600644385,-0.111615316710879,0.0889715414801475,-0.102281417430644
5.98,3.74939681878822,-2.35579455121093,-0.00382885363361529,0.0305404060689433,-0.0243445710271294,0.027986445890132,-0.111615316710879,0.0889715414801475,-0.102281417430644
5.99,3.74969664208307,-2.35603354834412,-0.00355410324558551,0.0294242529018346,-0.023454855612328,0.0269636317158255,-0.111615316710879,0.0889715414801475,-0.102281417430644
6,3.74998530384625,-2.35626364832317,-0.00328958099929879,0.0283080997347258,-0.0225651401975265,0.0259408175415191,-0.111615316710879,0.0889715414801475,-0.102281417430644
6.01,3.75026280407776,-2.35648485114808,-0.00303528689475513,0.027191946567617,-0.0216754247827251,0.0249180033672127,-0.111615316710879,0.0889715414801475,-0.102281417430644
6.02,3.7505291427776,-2.35669715681883,-0.00279122093195454,0.0260757934005083,-0.0207857093679236,0.0238951891929063,-0.111615316710879,0.0889715414801475,-0.102281417430644
6.03,3.75078431994577,-2.35690056533543,-0.002557383110897,0.0249596402333994,-0.0198959939531221,0.0228723750185998,-0.111615316710879,0.0889715414801475,-0.102281417430644
6.04,3.75102833558227,-2.35709507669789,-0.00233377343158254,0.0238434870662906,-0.0190062785383206,0.0218495608442934,-0.111615316710879,0.0889715414801475,-0.102281417430644
6.05,3.7512611896871,-2.3572806909062,-0.00212039189401114,0.0227273338991819,-0.0181165631235192,0.020826746669987,-0.111615316710879,0.0889715414801475,-0.102281417430644
6.06,3.75148288226026,-2.35745740796036,-0.00191723849818281,0.0216111807320731,-0.0172268477087177,0.0198039324956806,-0.111615316710879,0.0889715414801475,-0.102281417430644
6.07,3.75169341330174,-2.35762522786037,-0.00172431324409752,0.0204950275649642,-0.0163371322939162,0.018781118321374,-0.111615316710879,0.0889715414801475,-0.102281417430644
6.08,3.75189278281156,-2.35778415060624,-0.00154161613175532,0.0193788743978555,-0.0154474168791147,0.0177583041470676,-0.111615316710879,0.0889715414801475,-0.102281417430644
6.09,3.7520809907897,-2.35793417619796,-0.00136914716115618,0.0182627212307467,-0.0145577014643133,0.0167354899727612,-0.111615316710879,0.0889715414801475,-0.102281417430644
6.1,3.75225803723617,-2.35807530463553,-0.0012069063323001,0.0171465680636379,-0.0136679860495118,0.0157126757984548,-0.111615316710879,0.0889715414801475,-0.102281417430644
6.11,3.75242392215097,-2.35820753591895,-0.00105489364518707,0.0160304148965291,-0.0127782706347103,0.0146898616241483,-0.111615316710879,0.0889715414801475,-0.102281417430644
6.12,3.7525786455341,-2.35833087004822,-0.000913109099817126,0.0149142617294203,-0.0118885552199088,0.0136670474498419,-0.111615316710879,0.0889715414801475,-0.102281417430644
6.13,3.75272220738556,-2.35844530702335,-0.000781552696190242,0.0137981085623115,-0.0109988398051074,0.0126442332755355,-0.111615316710879,0.0889715414801475,-0.102281417430644
6.14,3.75285460770535,-2.35855084684432,-0.000660224434306422,0.0126819553952028,-0.0101091243903059,0.0116214191012291,-0.111615316710879,0.0889715414801475,-0.102281417430644
6.15,3.75297584649346,-2.35864748951115,-0.000549124314165656,0.0115658022280939,-0.00921940897550436,0.0105986049269225,-0.111615316710879,0.0889715414801475,-0.102281417430644
6.16,3.75308592374991,-2.35873523502383,-0.000448252335767965,0.0104496490609851,-0.00832969356070291,0.00957579075261613,-0.111615316710879,0.0889715414801475,-0.102281417430644
6.17,3.75318483947468,-2.35881408338237,-0.000357608499113338,0.00933349589387638,-0.00743997814590145,0.00855297657830971,-0.111615316710879,0.0889715414801475,-0.102281417430644
6.18,3.75327259366779,-2.35888403458675,-0.000277192804201774,0.00821734272676762,-0.0065502627311,0.0075301624040033,-0.111615316710879,0.0889715414801475,-0.102281417430644
6.19,3.75334918632922,-2.35894508863699,-0.000207005251033269,0.00710118955965875,-0.00566054731629846,0.00650734822969679,-0.111615316710879,0.0889715414801475,-0.102281417430644
6.2,3.75341461745898,-2.35899724553308,-0.000147045839607835,0.00598503639254998,-0.004770831901497,0.00548453405539038,-0.111615316710879,0.0889715414801475,-0.102281417430644
6.21,3.75346888705707,-2.35904050527502,-9.7314569925464e-05,0.00486888322544122,-0.00388111648669555,0.00446171988108396,-0.111615316710879,0.0889715414801475,-0.102281417430644
6.22,3.75351199512349,-2.35907486786281,-5.78114419861573e-05,0.00375273005833245,-0.00299140107189409,0.00343890570677755,-0.111615316710879,0.0889715414801475,-0.102281417430644
6.23,3.75354394165824,-2.35910033329646,-2.85364557899123e-05,0.00263657689122359,-0.00210168565709256,0.00241609153247104,-0.111615316710879,0.0889715414801475,-0.102281417430644
6.24,3.75356472666131,-2.35911690157595,-9.48961133673441e-06,0.00152042372411482,-0.0012119702422911,0.00139327735816463,-0.111615316710879,0.0889715414801475,-0.102281417430644
6.25,3.75357508226648,-2.35912515630462,0,0,0,0,-0.111615316710879,0.0889715414801475,-0.102281417430644
