0,-3.42054597729911,2.23832577143073,0.1,0,0,0
0.01,-3.42054597729911,2.23832577143073,0.0999976718518519,0,0,-0.000465111111111111
0.02,-3.42054597729911,2.23832577143073,0.0999907081481482,0,0,-0.000927111111111111
0.03,-3.42054597729911,2.23832577143073,0.09997914,0,0,-0.001386
0.04,-3.42054597729911,2.23832577143073,0.0999629985185185,0,0,-0.00184177777777778
0.05,-3.42054597729911,2.23832577143073,0.0999423148148148,0,0,-0.00229444444444444
0.06,-3.42054597729911,2.23832577143073,0.09991712,0,0,-0.002744
0.07,-3.42054597729911,2.23832577143073,0.0998874451851852,0,0,-0.00319044444444444
0.08,-3.42054597729911,2.23832577143073,0.0998533214814815,0,0,-0.00363377777777778
0.09,-3.42054597729911,2.23832577143073,0.09981478,0,0,-0.004074
0.1,-3.42054597729911,2.23832577143073,0.0997718518518519,0,0,-0.00451111111111111
0.11,-3.42054597729911,2.23832577143073,0.0997245681481482,0,0,-0.00494511111111111
0.12,-3.42054597729911,2.23832577143073,0.09967296,0,0,-0.005376
0.13,-3.42054597729911,2.23832577143073,0.0996170585185185,0,0,-0.00580377777777778
0.14,-3.42054597729911,2.23832577143073,0.0995568948148148,0,0,-0.00622844444444445
0.15,-3.42054597729911,2.23832577143073,0.0994925,0,0,-0.00665
0.16,-3.42054597729911,2.23832577143073,0.0994239051851852,0,0,-0.00706844444444444
0.17,-3.42054597729911,2.23832577143073,0.0993511414814815,0,0,-0.00748377777777778
0.18,-3.42054597729911,2.23832577143073,0.09927424,0,0,-0.007896
0.19,-3.42054597729911,2.23832577143073,0.0991932318518519,0,0,-0.00830511111111111
0.2,-3.42054597729911,2.23832577143073,0.0991081481481482,0,0,-0.00871111111111111
0.21,-3.42054597729911,2.23832577143073,0.09901902,0,0,-0.009114
0.22,-3.42054597729911,2.23832577143073,0.0989258785185185,0,0,-0.00951377777777778
0.23,-3.42054597729911,2.23832577143073,0.0988287548148148,0,0,-0.00991044444444445
0.24,-3.42054597729911,2.23832577143073,0.09872768,0,0,-0.010304
0.25,-3.42054597729911,2.23832577143073,0.0986226851851852,0,0,-0.0106944444444444
0.26,-3.42054597729911,2.23832577143073,0.0985138014814815,0,0,-0.0110817777777778
0.27,-3.42054597729911,2.23832577143073,0.09840106,0,0,-0.011466
0.28,-3.42054597729911,2.23832577143073,0.0982844918518519,0,0,-0.0118471111111111
0.29,-3.42054597729911,2.23832577143073,0.0981641281481482,0,0,-0.0122251111111111
0.3,-3.42054597729911,2.23832577143073,0.09804,0,0,-0.0126
0.31,-3.42054597729911,2.23832577143073,0.0979121385185185,0,0,-0.0129717777777778
0.32,-3.42054597729911,2.23832577143073,0.0977805748148148,0,0,-0.0133404444444444
0.33,-3.42054597729911,2.23832577143073,0.09764534,0,0,-0.013706
0.34,-3.42054597729911,2.23832577143073,0.0975064651851852,0,0,-0.0140684444444444
0.35,-3.42054597729911,2.23832577143073,0.0973639814814815,0,0,-0.0144277777777778
0.36,-3.42054597729911,2.23832577143073,0.09721792,0,0,-0.014784
0.37,-3.42054597729911,2.23832577143073,0.0970683118518519,0,0,-0.0151371111111111
0.38,-3.42054597729911,2.23832577143073,0.0969151881481481,0,0,-0.0154871111111111
0.39,-3.42054597729911,2.23832577143073,0.09675858,0,0,-0.015834
0.4,-3.42054597729911,2.23832577143073,0.0965985185185185,0,0,-0.0161777777777778
0.41,-3.42054597729911,2.23832577143073,0.0964350348148148,0,0,-0.0165184444444444
0.42,-3.42054597729911,2.23832577143073,0.09626816,0,0,-0.016856
0.43,-3.42054597729911,2.23832577143073,0.0960979251851852,0,0,-0.0171904444444444
0.44,-3.42054597729911,2.23832577143073,0.0959243614814815,0,0,-0.0175217777777778
0.45,-3.42054597729911,2.23832577143073,0.0957475,0,0,-0.01785
0.46,-3.42054597729911,2.23832577143073,0.0955673718518519,0,0,-0.0181751111111111
0.47,-3.42054597729911,2.23832577143073,0.0953840081481482,0,0,-0.0184971111111111
0.48,-3.42054597729911,2.23832577143073,0.09519744,0,0,-0.018816
0.49,-3.42054597729911,2.23832577143073,0.0950076985185185,0,0,-0.0191317777777778
0.5,-3.42054597729911,2.23832577143073,0.0948148148148148,0,0,-0.0194444444444444
0.51,-3.42054597729911,2.23832577143073,0.09461882,0,0,-0.019754
0.52,-3.42054597729911,2.23832577143073,0.0944197451851852,0,0,-0.0200604444444444
0.53,-3.42054597729911,2.23832577143073,0.0942176214814815,0,0,-0.0203637777777778
0.54,-3.42054597729911,2.23832577143073,0.09401248,0,0,-0.020664
0.55,-3.42054597729911,2.23832577143073,0.0938043518518519,0,0,-0.0209611111111111
0.56,-3.42054597729911,2.23832577143073,0.0935932681481482,0,0,-0.0212551111111111
0.57,-3.42054597729911,2.23832577143073,0.09337926,0,0,-0.021546
0.58,-3.42054597729911,2.23832577143073,0.0931623585185185,0,0,-0.0218337777777778
0.59,-3.42054597729911,2.23832577143073,0.0929425948148148,0,0,-0.0221184444444444
0.6,-3.42054597729911,2.23832577143073,0.09272,0,0,-0.0224
0.61,-3.42054597729911,2.23832577143073,0.0924946051851852,0,0,-0.0226784444444444
0.62,-3.42054597729911,2.23832577143073,0.0922664414814815,0,0,-0.0229537777777778
0.63,-3.42054597729911,2.23832577143073,0.09203554,0,0,-0.023226
0.64,-3.42054597729911,2.23832577143073,0.0918019318518519,0,0,-0.0234951111111111
0.65,-3.42054597729911,2.23832577143073,0.0915656481481482,0,0,-0.0237611111111111
0.66,-3.42054597729911,2.23832577143073,0.09132672,0,0,-0.024024
0.67,-3.42054597729911,2.23832577143073,0.0910851785185185,0,0,-0.0242837777777778
0.68,-3.42054597729911,2.23832577143073,0.0908410548148148,0,0,-0.0245404444444444
0.69,-3.42054597729911,2.23832577143073,0.09059438,0,0,-0.024794
0.7,-3.42054597729911,2.23832577143073,0.0903451851851852,0,0,-0.0250444444444444
0.71,-3.42054597729911,2.23832577143073,0.0900935014814815,0,0,-0.0252917777777778
0.72,-3.42054597729911,2.23832577143073,0.08983936,0,0,-0.025536
0.73,-3.42054597729911,2.23832577143073,0.0895827918518519,0,0,-0.0257771111111111
0.74,-3.42054597729911,2.23832577143073,0.0893238281481482,0,0,-0.0260151111111111
0.75,-3.42054597729911,2.23832577143073,0.0890625,0,0,-0.02625
0.76,-3.42054597729911,2.23832577143073,0.0887988385185185,0,0,-0.0264817777777778
0.77,-3.42054597729911,2.23832577143073,0.0885328748148148,0,0,-0.0267104444444444
0.78,-3.42054597729911,2.23832577143073,0.08826464,0,0,-0.026936
0.79,-3.42054597729911,2.23832577143073,0.0879941651851852,0,0,-0.0271584444444444
0.8,-3.42054597729911,2.23832577143073,0.0877214814814815,0,0,-0.0273777777777778
0.81,-3.42054597729911,2.23832577143073,0.08744662,0,0,-0.027594
0.82,-3.42054597729911,2.23832577143073,0.0871696118518519,0,0,-0.0278071111111111
0.83,-3.42054597729911,2.23832577143073,0.0868904881481482,0,0,-0.0280171111111111
0.84,-3.42054597729911,2.23832577143073,0.08660928,0,0,-0.028224
0.85,-3.42054597729911,2.23832577143073,0.0863260185185185,0,0,-0.0284277777777778
0.86,-3.42054597729911,2.23832577143073,0.0860407348148148,0,0,-0.0286284444444444
0.87,-3.42054597729911,2.23832577143073,0.08575346,0,0,-0.028826
0.88,-3.42054597729911,2.23832577143073,0.0854642251851852,0,0,-0.0290204444444444
0.89,-3.42054597729911,2.23832577143073,0.0851730614814815,0,0,-0.0292117777777778
0.9,-3.42054597729911,2.23832577143073,0.08488,0,0,-0.0294
0.91,-3.42054597729911,2.23832577143073,0.0845850718518519,0,0,-0.0295851111111111
0.92,-3.42054597729911,2.23832577143073,0.0842883081481482,0,0,-0.0297671111111111
0.93,-3.42054597729911,2.23832577143073,0.08398974,0,0,-0.029946
0.94,-3.42054597729911,2.23832577143073,0.0836893985185185,0,0,-0.0301217777777778
0.95,-3.42054597729911,2.23832577143073,0.0833873148148148,0,0,-0.0302944444444444
0.96,-3.42054597729911,2.23832577143073,0.08308352,0,0,-0.030464
0.97,-3.42054597729911,2.23832577143073,0.0827780451851852,0,0,-0.0306304444444444
0.98,-3.42054597729911,2.23832577143073,0.0824709214814815,0,0,-0.0307937777777778
0.99,-3.42054597729911,2.23832577143073,0.08216218,0,0,-0.030954
1,-3.42054597729911,2.23832577143073,0.0818518518518519,0,0,-0.0311111111111111
1.01,-3.42054597729911,2.23832577143073,0.0815399681481482,0,0,-0.0312651111111111
1.02,-3.42054597729911,2.23832577143073,0.08122656,0,0,-0.031416
1.03,-3.42054597729911,2.23832577143073,0.0809116585185185,0,0,-0.0315637777777778
1.04,-3.42054597729911,2.23832577143073,0.0805952948148148,0,0,-0.0317084444444444
1.05,-3.42054597729911,2.23832577143073,0.0802775,0,0,-0.03185
1.06,-3.42054597729911,2.23832577143073,0.0799583051851852,0,0,-0.0319884444444444
1.07,-3.42054597729911,2.23832577143073,0.0796377414814815,0,0,-0.0321237777777778
1.08,-3.42054597729911,2.23832577143073,0.07931584,0,0,-0.032256
1.09,-3.42054597729911,2.23832577143073,0.0789926318518519,0,0,-0.0323851111111111
1.1,-3.42054597729911,2.23832577143073,0.0786681481481482,0,0,-0.0325111111111111
1.11,-3.42054597729911,2.23832577143073,0.07834242,0,0,-0.032634
1.12,-3.42054597729911,2.23832577143073,0.0780154785185185,0,0,-0.0327537777777778
1.13,-3.42054597729911,2.23832577143073,0.0776873548148148,0,0,-0.0328704444444444
1.14,-3.42054597729911,2.23832577143073,0.07735808,0,0,-0.032984
1.15,-3.42054597729911,2.23832577143073,0.0770276851851852,0,0,-0.0330944444444444
1.16,-3.42054597729911,2.23832577143073,0.0766962014814815,0,0,-0.0332017777777778
1.17,-3.42054597729911,2.23832577143073,0.07636366,0,0,-0.033306
1.18,-3.42054597729911,2.23832577143073,0.0760300918518519,0,0,-0.0334071111111111
1.19,-3.42054597729911,2.23832577143073,0.0756955281481481,0,0,-0.0335051111111111
1.2,-3.42054597729911,2.23832577143073,0.07536,0,0,-0.0336
1.21,-3.42054597729911,2.23832577143073,0.0750235385185185,0,0,-0.0336917777777778
1.22,-3.42054597729911,2.23832577143073,0.0746861748148148,0,0,-0.0337804444444444
1.23,-3.42054597729911,2.23832577143073,0.07434794,0,0,-0.033866
1.24,-3.42054597729911,2.23832577143073,0.0740088651851852,0,0,-0.0339484444444444
1.25,-3.42054597729911,2.23832577143073,0.0736689814814815,0,0,-0.0340277777777778
1.26,-3.42054597729911,2.23832577143073,0.07332832,0,0,-0.034104
1.27,-3.42054597729911,2.23832577143073,0.0729869118518519,0,0,-0.0341771111111111
1.28,-3.42054597729911,2.23832577143073,0.0726447881481481,0,0,-0.0342471111111111
1.29,-3.42054597729911,2.23832577143073,0.07230198,0,0,-0.034314
1.3,-3.42054597729911,2.23832577143073,0.0719585185185185,0,0,-0.0343777777777778
1.31,-3.42054597729911,2.23832577143073,0.0716144348148148,0,0,-0.0344384444444444
1.32,-3.42054597729911,2.23832577143073,0.07126976,0,0,-0.034496
1.33,-3.42054597729911,2.23832577143073,0.0709245251851852,0,0,-0.0345504444444444
1.34,-3.42054597729911,2.23832577143073,0.0705787614814815,0,0,-0.0346017777777778
1.35,-3.42054597729911,2.23832577143073,0.0702325,0,0,-0.03465
1.36,-3.42054597729911,2.23832577143073,0.0698857718518519,0,0,-0.0346951111111111
1.37,-3.42054597729911,2.23832577143073,0.0695386081481482,0,0,-0.0347371111111111
1.38,-3.42054597729911,2.23832577143073,0.06919104,0,0,-0.034776
1.39,-3.42054597729911,2.23832577143073,0.0688430985185185,0,0,-0.0348117777777778
1.4,-3.42054597729911,2.23832577143073,0.0684948148148148,0,0,-0.0348444444444444
1.41,-3.42054597729911,2.23832577143073,0.06814622,0,0,-0.034874
1.42,-3.42054597729911,2.23832577143073,0.0677973451851852,0,0,-0.0349004444444444
1.43,-3.42054597729911,2.23832577143073,0.0674482214814815,0,0,-0.0349237777777778
1.44,-3.42054597729911,2.23832577143073,0.06709888,0,0,-0.034944
1.45,-3.42054597729911,2.23832577143073,0.0667493518518519,0,0,-0.0349611111111111
1.46,-3.42054597729911,2.23832577143073,0.0663996681481482,0,0,-0.0349751111111111
1.47,-3.42054597729911,2.23832577143073,0.06604986,0,0,-0.034986
1.48,-3.42054597729911,2.23832577143073,0.0656999585185185,0,0,-0.0349937777777778
1.49,-3.42054597729911,2.23832577143073,0.0653499948148148,0,0,-0.0349984444444444
1.5,-3.42054597729911,2.23832577143073,0.065,0,0,-0.035
1.51,-3.42054597729911,2.23832577143073,0.0646500051851852,0,0,-0.0349984444444444
1.52,-3.42054597729911,2.23832577143073,0.0643000414814815,0,0,-0.0349937777777778
1.53,-3.42054597729911,2.23832577143073,0.06395014,0,0,-0.034986
1.54,-3.42054597729911,2.23832577143073,0.0636003318518519,0,0,-0.0349751111111111
1.55,-3.42054597729911,2.23832577143073,0.0632506481481482,0,0,-0.0349611111111111
1.56,-3.42054597729911,2.23832577143073,0.06290112,0,0,-0.034944
1.57,-3.42054597729911,2.23832577143073,0.0625517785185185,0,0,-0.0349237777777778
1.58,-3.42054597729911,2.23832577143073,0.0622026548148148,0,0,-0.0349004444444444
1.59,-3.42054597729911,2.23832577143073,0.06185378,0,0,-0.034874
1.6,-3.42054597729911,2.23832577143073,0.0615051851851852,0,0,-0.0348444444444444
1.61,-3.42054597729911,2.23832577143073,0.0611569014814815,0,0,-0.0348117777777778
1.62,-3.42054597729911,2.23832577143073,0.06080896,0,0,-0.034776
1.63,-3.42054597729911,2.23832577143073,0.0604613918518519,0,0,-0.0347371111111111
1.64,-3.42054597729911,2.23832577143073,0.0601142281481482,0,0,-0.0346951111111111
1.65,-3.42054597729911,2.23832577143073,0.0597675,0,0,-0.03465
1.66,-3.42054597729911,2.23832577143073,0.0594212385185185,0,0,-0.0346017777777778
1.67,-3.42054597729911,2.23832577143073,0.0590754748148148,0,0,-0.0345504444444444
1.68,-3.42054597729911,2.23832577143073,0.05873024,0,0,-0.034496
1.69,-3.42054597729911,2.23832577143073,0.0583855651851852,0,0,-0.0344384444444444
1.7,-3.42054597729911,2.23832577143073,0.0580414814814815,0,0,-0.0343777777777778
1.71,-3.42054597729911,2.23832577143073,0.05769802,0,0,-0.034314
1.72,-3.42054597729911,2.23832577143073,0.0573552118518519,0,0,-0.0342471111111111
1.73,-3.42054597729911,2.23832577143073,0.0570130881481481,0,0,-0.0341771111111111
1.74,-3.42054597729911,2.23832577143073,0.05667168,0,0,-0.034104
1.75,-3.42054597729911,2.23832577143073,0.0563310185185185,0,0,-0.0340277777777778
1.76,-3.42054597729911,2.23832577143073,0.0559911348148148,0,0,-0.0339484444444444
1.77,-3.42054597729911,2.23832577143073,0.05565206,0,0,-0.033866
1.78,-3.42054597729911,2.23832577143073,0.0553138251851852,0,0,-0.0337804444444444
1.79,-3.42054597729911,2.23832577143073,0.0549764614814815,0,0,-0.0336917777777778
1.8,-3.42054597729911,2.23832577143073,0.05464,0,0,-0.0336
1.81,-3.42054597729911,2.23832577143073,0.0543044718518519,0,0,-0.0335051111111111
1.82,-3.42054597729911,2.23832577143073,0.0539699081481481,0,0,-0.0334071111111111
1.83,-3.42054597729911,2.23832577143073,0.05363634,0,0,-0.033306
1.84,-3.42054597729911,2.23832577143073,0.0533037985185185,0,0,-0.0332017777777778
1.85,-3.42054597729911,2.23832577143073,0.0529723148148148,0,0,-0.0330944444444444
1.86,-3.42054597729911,2.23832577143073,0.05264192,0,0,-0.032984
1.87,-3.42054597729911,2.23832577143073,0.0523126451851852,0,0,-0.0328704444444444
1.88,-3.42054597729911,2.23832577143073,0.0519845214814815,0,0,-0.0327537777777778
1.89,-3.42054597729911,2.23832577143073,0.05165758,0,0,-0.032634
1.9,-3.42054597729911,2.23832577143073,0.0513318518518519,0,0,-0.0325111111111111
1.91,-3.42054597729911,2.23832577143073,0.0510073681481481,0,0,-0.0323851111111111
1.92,-3.42054597729911,2.23832577143073,0.05068416,0,0,-0.032256
1.93,-3.42054597729911,2.23832577143073,0.0503622585185185,0,0,-0.0321237777777778
1.94,-3.42054597729911,2.23832577143073,0.0500416948148148,0,0,-0.0319884444444444
1.95,-3.42054597729911,2.23832577143073,0.0497225,0,0,-0.03185
1.96,-3.42054597729911,2.23832577143073,0.0494047051851852,0,0,-0.0317084444444444
1.97,-3.42054597729911,2.23832577143073,0.0490883414814815,0,0,-0.0315637777777778
1.98,-3.42054597729911,2.23832577143073,0.04877344,0,0,-0.031416
1.99,-3.42054597729911,2.23832577143073,0.0484600318518519,0,0,-0.0312651111111111
2,-3.42054597729911,2.23832577143073,0.0481481481481482,0,0,-0.0311111111111111
2.01,-3.42054597729911,2.23832577143073,0.04783782,0,0,-0.030954
2.02,-3.42054597729911,2.23832577143073,0.0475290785185185,0,0,-0.0307937777777778
2.03,-3.42054597729911,2.23832577143073,0.0472219548148148,0,0,-0.0306304444444444
2.04,-3.42054597729911,2.23832577143073,0.04691648,0,0,-0.030464
2.05,-3.42054597729911,2.23832577143073,0.0466126851851852,0,0,-0.0302944444444444
2.06,-3.42054597729911,2.23832577143073,0.0463106014814815,0,0,-0.0301217777777778
2.07,-3.42054597729911,2.23832577143073,0.04601026,0,0,-0.029946
2.08,-3.42054597729911,2.23832577143073,0.0457116918518519,0,0,-0.0297671111111111
2.09,-3.42054597729911,2.23832577143073,0.0454149281481482,0,0,-0.0295851111111111
2.1,-3.42054597729911,2.23832577143073,0.04512,0,0,-0.0294
2.11,-3.42054597729911,2.23832577143073,0.0448269385185185,0,0,-0.0292117777777778
2.12,-3.42054597729911,2.23832577143073,0.0445357748148148,0,0,-0.0290204444444444
2.13,-3.42054597729911,2.23832577143073,0.04424654,0,0,-0.028826
2.14,-3.42054597729911,2.23832577143073,0.0439592651851852,0,0,-0.0286284444444444
2.15,-3.42054597729911,2.23832577143073,0.0436739814814815,0,0,-0.0284277777777778
2.16,-3.42054597729911,2.23832577143073,0.04339072,0,0,-0.028224
2.17,-3.42054597729911,2.23832577143073,0.0431095118518518,0,0,-0.0280171111111111
2.18,-3.42054597729911,2.23832577143073,0.0428303881481482,0,0,-0.0278071111111111
2.19,-3.42054597729911,2.23832577143073,0.04255338,0,0,-0.027594
2.2,-3.42054597729911,2.23832577143073,0.0422785185185185,0,0,-0.0273777777777778
2.21,-3.42054597729911,2.23832577143073,0.0420058348148148,0,0,-0.0271584444444444
2.22,-3.42054597729911,2.23832577143073,0.04173536,0,0,-0.026936
2.23,-3.42054597729911,2.23832577143073,0.0414671251851852,0,0,-0.0267104444444444
2.24,-3.42054597729911,2.23832577143073,0.0412011614814815,0,0,-0.0264817777777778
2.25,-3.42054597729911,2.23832577143073,0.0409375,0,0,-0.02625
2.26,-3.42054597729911,2.23832577143073,0.0406761718518519,0,0,-0.0260151111111111
2.27,-3.42054597729911,2.23832577143073,0.0404172081481482,0,0,-0.0257771111111111
2.28,-3.42054597729911,2.23832577143073,0.04016064,0,0,-0.025536
2.29,-3.42054597729911,2.23832577143073,0.0399064985185185,0,0,-0.0252917777777778
2.3,-3.42054597729911,2.23832577143073,0.0396548148148148,0,0,-0.0250444444444444
2.31,-3.42054597729911,2.23832577143073,0.03940562,0,0,-0.024794
2.32,-3.42054597729911,2.23832577143073,0.0391589451851852,0,0,-0.0245404444444444
2.33,-3.42054597729911,2.23832577143073,0.0389148214814815,0,0,-0.0242837777777778
2.34,-3.42054597729911,2.23832577143073,0.03867328,0,0,-0.024024
2.35,-3.42054597729911,2.23832577143073,0.0384343518518519,0,0,-0.0237611111111111
2.36,-3.42054597729911,2.23832577143073,0.0381980681481482,0,0,-0.0234951111111111
2.37,-3.42054597729911,2.23832577143073,0.03796446,0,0,-0.023226
2.38,-3.42054597729911,2.23832577143073,0.0377335585185185,0,0,-0.0229537777777778
2.39,-3.42054597729911,2.23832577143073,0.0375053948148148,0,0,-0.0226784444444444
2.4,-3.42054597729911,2.23832577143073,0.03728,0,0,-0.0224
2.41,-3.42054597729911,2.23832577143073,0.0370574051851852,0,0,-0.0221184444444444
2.42,-3.42054597729911,2.23832577143073,0.0368376414814815,0,0,-0.0218337777777778
2.43,-3.42054597729911,2.23832577143073,0.03662074,0,0,-0.021546
2.44,-3.42054597729911,2.23832577143073,0.0364067318518519,0,0,-0.0212551111111111
2.45,-3.42054597729911,2.23832577143073,0.0361956481481481,0,0,-0.0209611111111111
2.46,-3.42054597729911,2.23832577143073,0.03598752,0,0,-0.020664
2.47,-3.42054597729911,2.23832577143073,0.0357823785185185,0,0,-0.0203637777777778
2.48,-3.42054597729911,2.23832577143073,0.0355802548148148,0,0,-0.0200604444444444
2.49,-3.42054597729911,2.23832577143073,0.03538118,0,0,-0.019754
2.5,-3.42054597729911,2.23832577143073,0.0351851851851852,0,0,-0.0194444444444444
2.51,-3.42054597729911,2.23832577143073,0.0349923014814815,0,0,-0.0191317777777778
2.52,-3.42054597729911,2.23832577143073,0.03480256,0,0,-0.018816
2.53,-3.42054597729911,2.23832577143073,0.0346159918518519,0,0,-0.0184971111111111
2.54,-3.42054597729911,2.23832577143073,0.0344326281481482,0,0,-0.0181751111111111
2.55,-3.42054597729911,2.23832577143073,0.0342525,0,0,-0.01785
2.56,-3.42054597729911,2.23832577143073,0.0340756385185185,0,0,-0.0175217777777778
2.57,-3.42054597729911,2.23832577143073,0.0339020748148148,0,0,-0.0171904444444444
2.58,-3.42054597729911,2.23832577143073,0.03373184,0,0,-0.016856
2.59,-3.42054597729911,2.23832577143073,0.0335649651851852,0,0,-0.0165184444444444
2.6,-3.42054597729911,2.23832577143073,0.0334014814814815,0,0,-0.0161777777777778
2.61,-3.42054597729911,2.23832577143073,0.03324142,0,0,-0.015834
2.62,-3.42054597729911,2.23832577143073,0.0330848118518519,0,0,-0.0154871111111111
2.63,-3.42054597729911,2.23832577143073,0.0329316881481481,0,0,-0.0151371111111111
2.64,-3.42054597729911,2.23832577143073,0.03278208,0,0,-0.014784
2.65,-3.42054597729911,2.23832577143073,0.0326360185185185,0,0,-0.0144277777777778
2.66,-3.42054597729911,2.23832577143073,0.0324935348148148,0,0,-0.0140684444444444
2.67,-3.42054597729911,2.23832577143073,0.03235466,0,0,-0.013706
2.68,-3.42054597729911,2.23832577143073,0.0322194251851852,0,0,-0.0133404444444444
2.69,-3.42054597729911,2.23832577143073,0.0320878614814815,0,0,-0.0129717777777778
2.7,-3.42054597729911,2.23832577143073,0.03196,0,0,-0.0126
2.71,-3.42054597729911,2.23832577143073,0.0318358718518519,0,0,-0.0122251111111111
2.72,-3.42054597729911,2.23832577143073,0.0317155081481482,0,0,-0.0118471111111111
2.73,-3.42054597729911,2.23832577143073,0.03159894,0,0,-0.011466
2.74,-3.42054597729911,2.23832577143073,0.0314861985185186,0,0,-0.0110817777777778
2.75,-3.42054597729911,2.23832577143073,0.0313773148148148,0,0,-0.0106944444444444
2.76,-3.42054597729911,2.23832577143073,0.03127232,0,0,-0.010304
2.77,-3.42054597729911,2.23832577143073,0.0311712451851852,0,0,-0.00991044444444442
2.78,-3.42054597729911,2.23832577143073,0.0310741214814815,0,0,-0.00951377777777777
2.79,-3.42054597729911,2.23832577143073,0.03098098,0,0,-0.00911399999999998
2.8,-3.42054597729911,2.23832577143073,0.0308918518518519,0,0,-0.00871111111111109
2.81,-3.42054597729911,2.23832577143073,0.0308067681481482,0,0,-0.0083051111111111
2.82,-3.42054597729911,2.23832577143073,0.03072576,0,0,-0.00789599999999999
2.83,-3.42054597729911,2.23832577143073,0.0306488585185185,0,0,-0.00748377777777774
2.84,-3.42054597729911,2.23832577143073,0.0305760948148148,0,0,-0.00706844444444443
2.85,-3.42054597729911,2.23832577143073,0.0305075,0,0,-0.00664999999999996
2.86,-3.42054597729911,2.23832577143073,0.0304431051851852,0,0,-0.00622844444444445
2.87,-3.42054597729911,2.23832577143073,0.0303829414814815,0,0,-0.00580377777777777
2.88,-3.42054597729911,2.23832577143073,0.03032704,0,0,-0.00537599999999996
2.89,-3.42054597729911,2.23832577143073,0.0302754318518519,0,0,-0.00494511111111109
2.9,-3.42054597729911,2.23832577143073,0.0302281481481481,0,0,-0.00451111111111108
2.91,-3.42054597729911,2.23832577143073,0.03018522,0,0,-0.00407399999999997
2.92,-3.42054597729911,2.23832577143073,0.0301466785185185,0,0,-0.00363377777777779
2.93,-3.42054597729911,2.23832577143073,0.0301125548148148,0,0,-0.00319044444444441
2.94,-3.42054597729911,2.23832577143073,0.03008288,0,0,-0.002744
2.95,-3.42054597729911,2.23832577143073,0.0300576851851852,0,0,-0.00229444444444443
2.96,-3.42054597729911,2.23832577143073,0.0300370014814815,0,0,-0.00184177777777775
2.97,-3.42054597729911,2.23832577143073,0.03002086,0,0,-0.00138599999999997
2.98,-3.42054597729911,2.23832577143073,0.0300092918518519,0,0,-0.000927111111111101
2.99,-3.42054597729911,2.23832577143073,0.0300023281481482,0,0,-0.000465111111111083
3,-3.42054597729911,2.23832577143073,0.03,0,0,0
3.01,-3.42054597729911,2.23832577143073,0.03,0,0,0
3.02,-3.42054597729911,2.23832577143073,0.0300023281481481,0,0,0.000465111111111111
3.03,-3.42054597729911,2.23832577143073,0.0300092918518518,0,0,0.000927111111111111
3.04,-3.42054597729911,2.23832577143073,0.03002086,0,0,0.001386
3.05,-3.42054597729911,2.23832577143073,0.0300370014814815,0,0,0.00184177777777778
3.06,-3.42054597729911,2.23832577143073,0.0300576851851852,0,0,0.00229444444444444
3.07,-3.42054597729911,2.23832577143073,0.03008288,0,0,0.002744
3.08,-3.42054597729911,2.23832577143073,0.0301125548148148,0,0,0.00319044444444444
3.09,-3.42054597729911,2.23832577143073,0.0301466785185185,0,0,0.00363377777777778
3.1,-3.42054597729911,2.23832577143073,0.03018522,0,0,0.004074
3.11,-3.42054597729911,2.23832577143073,0.0302281481481481,0,0,0.00451111111111111
3.12,-3.42054597729911,2.23832577143073,0.0302754318518519,0,0,0.00494511111111111
3.13,-3.42054597729911,2.23832577143073,0.03032704,0,0,0.005376
3.14,-3.42054597729911,2.23832577143073,0.0303829414814815,0,0,0.00580377777777778
3.15,-3.42054597729911,2.23832577143073,0.0304431051851852,0,0,0.00622844444444445
3.16,-3.42054597729911,2.23832577143073,0.0305075,0,0,0.00665
3.17,-3.42054597729911,2.23832577143073,0.0305760948148148,0,0,0.00706844444444444
3.18,-3.42054597729911,2.23832577143073,0.0306488585185185,0,0,0.00748377777777778
3.19,-3.42054597729911,2.23832577143073,0.03072576,0,0,0.007896
3.2,-3.42054597729911,2.23832577143073,0.0308067681481481,0,0,0.00830511111111111
3.21,-3.42054597729911,2.23832577143073,0.0308918518518519,0,0,0.00871111111111111
3.22,-3.42054597729911,2.23832577143073,0.03098098,0,0,0.009114
3.23,-3.42054597729911,2.23832577143073,0.0310741214814815,0,0,0.00951377777777778
3.24,-3.42054597729911,2.23832577143073,0.0311712451851852,0,0,0.00991044444444445
3.25,-3.42054597729911,2.23832577143073,0.03127232,0,0,0.010304
3.26,-3.42054597729911,2.23832577143073,0.0313773148148148,0,0,0.0106944444444444
3.27,-3.42054597729911,2.23832577143073,0.0314861985185185,0,0,0.0110817777777778
3.28,-3.42054597729911,2.23832577143073,0.03159894,0,0,0.011466
3.29,-3.42054597729911,2.23832577143073,0.0317155081481481,0,0,0.0118471111111111
3.3,-3.42054597729911,2.23832577143073,0.0318358718518518,0,0,0.0122251111111111
3.31,-3.42054597729911,2.23832577143073,0.03196,0,0,0.0126
3.32,-3.42054597729911,2.23832577143073,0.0320878614814815,0,0,0.0129717777777778
3.33,-3.42054597729911,2.23832577143073,0.0322194251851852,0,0,0.0133404444444444
3.34,-3.42054597729911,2.23832577143073,0.03235466,0,0,0.013706
3.35,-3.42054597729911,2.23832577143073,0.0324935348148148,0,0,0.0140684444444444
3.36,-3.42054597729911,2.23832577143073,0.0326360185185185,0,0,0.0144277777777778
3.37,-3.42054597729911,2.23832577143073,0.03278208,0,0,0.014784
3.38,-3.42054597729911,2.23832577143073,0.0329316881481481,0,0,0.0151371111111111
3.39,-3.42054597729911,2.23832577143073,0.0330848118518519,0,0,0.0154871111111111
3.4,-3.42054597729911,2.23832577143073,0.03324142,0,0,0.015834
3.41,-3.42054597729911,2.23832577143073,0.0334014814814815,0,0,0.0161777777777778
3.42,-3.42054597729911,2.23832577143073,0.0335649651851852,0,0,0.0165184444444444
3.43,-3.42054597729911,2.23832577143073,0.03373184,0,0,0.016856
3.44,-3.42054597729911,2.23832577143073,0.0339020748148148,0,0,0.0171904444444444
3.45,-3.42054597729911,2.23832577143073,0.0340756385185185,0,0,0.0175217777777778
3.46,-3.42054597729911,2.23832577143073,0.0342525,0,0,0.01785
3.47,-3.42054597729911,2.23832577143073,0.0344326281481481,0,0,0.0181751111111111
3.48,-3.42054597729911,2.23832577143073,0.0346159918518519,0,0,0.0184971111111111
3.49,-3.42054597729911,2.23832577143073,0.03480256,0,0,0.018816
3.5,-3.42054597729911,2.23832577143073,0.0349923014814815,0,0,0.0191317777777778
3.51,-3.42054597729911,2.23832577143073,0.0351851851851852,0,0,0.0194444444444444
3.52,-3.42054597729911,2.23832577143073,0.03538118,0,0,0.019754
3.53,-3.42054597729911,2.23832577143073,0.0355802548148148,0,0,0.0200604444444444
3.54,-3.42054597729911,2.23832577143073,0.0357823785185185,0,0,0.0203637777777778
3.55,-3.42054597729911,2.23832577143073,0.03598752,0,0,0.020664
3.56,-3.42054597729911,2.23832577143073,0.0361956481481481,0,0,0.0209611111111111
3.57,-3.42054597729911,2.23832577143073,0.0364067318518519,0,0,0.0212551111111111
3.58,-3.42054597729911,2.23832577143073,0.03662074,0,0,0.021546
3.59,-3.42054597729911,2.23832577143073,0.0368376414814815,0,0,0.0218337777777778
3.6,-3.42054597729911,2.23832577143073,0.0370574051851852,0,0,0.0221184444444444
3.61,-3.42054597729911,2.23832577143073,0.03728,0,0,0.0224
3.62,-3.42054597729911,2.23832577143073,0.0375053948148148,0,0,0.0226784444444444
3.63,-3.42054597729911,2.23832577143073,0.0377335585185185,0,0,0.0229537777777778
3.64,-3.42054597729911,2.23832577143073,0.03796446,0,0,0.023226
3.65,-3.42054597729911,2.23832577143073,0.0381980681481481,0,0,0.0234951111111111
3.66,-3.42054597729911,2.23832577143073,0.0384343518518519,0,0,0.0237611111111111
3.67,-3.42054597729911,2.23832577143073,0.03867328,0,0,0.024024
3.68,-3.42054597729911,2.23832577143073,0.0389148214814815,0,0,0.0242837777777778
3.69,-3.42054597729911,2.23832577143073,0.0391589451851852,0,0,0.0245404444444444
3.7,-3.42054597729911,2.23832577143073,0.03940562,0,0,0.024794
3.71,-3.42054597729911,2.23832577143073,0.0396548148148148,0,0,0.0250444444444444
3.72,-3.42054597729911,2.23832577143073,0.0399064985185185,0,0,0.0252917777777778
3.73,-3.42054597729911,2.23832577143073,0.04016064,0,0,0.025536
3.74,-3.42054597729911,2.23832577143073,0.0404172081481481,0,0,0.0257771111111111
3.75,-3.42054597729911,2.23832577143073,0.0406761718518519,0,0,0.0260151111111111
3.76,-3.42054597729911,2.23832577143073,0.0409375,0,0,0.02625
3.77,-3.42054597729911,2.23832577143073,0.0412011614814815,0,0,0.0264817777777778
3.78,-3.42054597729911,2.23832577143073,0.0414671251851852,0,0,0.0267104444444444
3.79,-3.42054597729911,2.23832577143073,0.04173536,0,0,0.026936
3.8,-3.42054597729911,2.23832577143073,0.0420058348148148,0,0,0.0271584444444444
3.81,-3.42054597729911,2.23832577143073,0.0422785185185185,0,0,0.0273777777777778
3.82,-3.42054597729911,2.23832577143073,0.04255338,0,0,0.027594
3.83,-3.42054597729911,2.23832577143073,0.0428303881481481,0,0,0.0278071111111111
3.84,-3.42054597729911,2.23832577143073,0.0431095118518519,0,0,0.0280171111111111
3.85,-3.42054597729911,2.23832577143073,0.04339072,0,0,0.028224
3.86,-3.42054597729911,2.23832577143073,0.0436739814814815,0,0,0.0284277777777778
3.87,-3.42054597729911,2.23832577143073,0.0439592651851852,0,0,0.0286284444444444
3.88,-3.42054597729911,2.23832577143073,0.04424654,0,0,0.028826
3.89,-3.42054597729911,2.23832577143073,0.0445357748148148,0,0,0.0290204444444444
3.9,-3.42054597729911,2.23832577143073,0.0448269385185185,0,0,0.0292117777777778
3.91,-3.42054597729911,2.23832577143073,0.04512,0,0,0.0294
3.92,-3.42054597729911,2.23832577143073,0.0454149281481482,0,0,0.0295851111111111
3.93,-3.42054597729911,2.23832577143073,0.0457116918518519,0,0,0.0297671111111111
3.94,-3.42054597729911,2.23832577143073,0.04601026,0,0,0.029946
3.95,-3.42054597729911,2.23832577143073,0.0463106014814815,0,0,0.0301217777777778
3.96,-3.42054597729911,2.23832577143073,0.0466126851851852,0,0,0.0302944444444444
3.97,-3.42054597729911,2.23832577143073,0.04691648,0,0,0.030464
3.98,-3.42054597729911,2.23832577143073,0.0472219548148148,0,0,0.0306304444444444
3.99,-3.42054597729911,2.23832577143073,0.0475290785185185,0,0,0.0307937777777778
4,-3.42054597729911,2.23832577143073,0.04783782,0,0,0.030954
4.01,-3.42054597729911,2.23832577143073,0.0481481481481481,0,0,0.0311111111111111
4.02,-3.42054597729911,2.23832577143073,0.0484600318518519,0,0,0.0312651111111111
4.03,-3.42054597729911,2.23832577143073,0.04877344,0,0,0.031416
4.04,-3.42054597729911,2.23832577143073,0.0490883414814815,0,0,0.0315637777777778
4.05,-3.42054597729911,2.23832577143073,0.0494047051851852,0,0,0.0317084444444444
4.06,-3.42054597729911,2.23832577143073,0.0497225,0,0,0.03185
4.07,-3.42054597729911,2.23832577143073,0.0500416948148148,0,0,0.0319884444444444
4.08,-3.42054597729911,2.23832577143073,0.0503622585185185,0,0,0.0321237777777778
4.09,-3.42054597729911,2.23832577143073,0.05068416,0,0,0.032256
4.1,-3.42054597729911,2.23832577143073,0.0510073681481481,0,0,0.0323851111111111
4.11,-3.42054597729911,2.23832577143073,0.0513318518518519,0,0,0.0325111111111111
4.12,-3.42054597729911,2.23832577143073,0.05165758,0,0,0.032634
4.13,-3.42054597729911,2.23832577143073,0.0519845214814815,0,0,0.0327537777777778
4.14,-3.42054597729911,2.23832577143073,0.0523126451851852,0,0,0.0328704444444444
4.15,-3.42054597729911,2.23832577143073,0.05264192,0,0,0.032984
4.16,-3.42054597729911,2.23832577143073,0.0529723148148148,0,0,0.0330944444444444
4.17,-3.42054597729911,2.23832577143073,0.0533037985185185,0,0,0.0332017777777778
4.18,-3.42054597729911,2.23832577143073,0.05363634,0,0,0.033306
4.19,-3.42054597729911,2.23832577143073,0.0539699081481481,0,0,0.0334071111111111
4.2,-3.42054597729911,2.23832577143073,0.0543044718518519,0,0,0.0335051111111111
4.21,-3.42054597729911,2.23832577143073,0.05464,0,0,0.0336
4.22,-3.42054597729911,2.23832577143073,0.0549764614814815,0,0,0.0336917777777778
4.23,-3.42054597729911,2.23832577143073,0.0553138251851852,0,0,0.0337804444444444
4.24,-3.42054597729911,2.23832577143073,0.05565206,0,0,0.033866
4.25,-3.42054597729911,2.23832577143073,0.0559911348148148,0,0,0.0339484444444444
4.26,-3.42054597729911,2.23832577143073,0.0563310185185185,0,0,0.0340277777777778
4.27,-3.42054597729911,2.23832577143073,0.05667168,0,0,0.034104
4.28,-3.42054597729911,2.23832577143073,0.0570130881481481,0,0,0.0341771111111111
4.29,-3.42054597729911,2.23832577143073,0.0573552118518518,0,0,0.0342471111111111
4.3,-3.42054597729911,2.23832577143073,0.05769802,0,0,0.034314
4.31,-3.42054597729911,2.23832577143073,0.0580414814814815,0,0,0.0343777777777778
4.32,-3.42054597729911,2.23832577143073,0.0583855651851852,0,0,0.0344384444444444
4.33,-3.42054597729911,2.23832577143073,0.05873024,0,0,0.034496
4.34,-3.42054597729911,2.23832577143073,0.0590754748148148,0,0,0.0345504444444444
4.35,-3.42054597729911,2.23832577143073,0.0594212385185185,0,0,0.0346017777777778
4.36,-3.42054597729911,2.23832577143073,0.0597675,0,0,0.03465
4.37,-3.42054597729911,2.23832577143073,0.0601142281481482,0,0,0.0346951111111111
4.38,-3.42054597729911,2.23832577143073,0.0604613918518518,0,0,0.0347371111111111
4.39,-3.42054597729911,2.23832577143073,0.06080896,0,0,0.034776
4.4,-3.42054597729911,2.23832577143073,0.0611569014814815,0,0,0.0348117777777778
4.41,-3.42054597729911,2.23832577143073,0.0615051851851852,0,0,0.0348444444444444
4.42,-3.42054597729911,2.23832577143073,0.06185378,0,0,0.034874
4.43,-3.42054597729911,2.23832577143073,0.0622026548148148,0,0,0.0349004444444444
4.44,-3.42054597729911,2.23832577143073,0.0625517785185185,0,0,0.0349237777777778
4.45,-3.42054597729911,2.23832577143073,0.06290112,0,0,0.034944
4.46,-3.42054597729911,2.23832577143073,0.0632506481481482,0,0,0.0349611111111111
4.47,-3.42054597729911,2.23832577143073,0.0636003318518518,0,0,0.0349751111111111
4.48,-3.42054597729911,2.23832577143073,0.06395014,0,0,0.034986
4.49,-3.42054597729911,2.23832577143073,0.0643000414814815,0,0,0.0349937777777778
4.5,-3.42054597729911,2.23832577143073,0.0646500051851852,0,0,0.0349984444444444
4.51,-3.42054597729911,2.23832577143073,0.065,0,0,0.035
4.52,-3.42054597729911,2.23832577143073,0.0653499948148148,0,0,0.0349984444444444
4.53,-3.42054597729911,2.23832577143073,0.0656999585185185,0,0,0.0349937777777778
4.54,-3.42054597729911,2.23832577143073,0.06604986,0,0,0.034986
4.55,-3.42054597729911,2.23832577143073,0.0663996681481481,0,0,0.0349751111111111
4.56,-3.42054597729911,2.23832577143073,0.0667493518518519,0,0,0.0349611111111111
4.57,-3.42054597729911,2.23832577143073,0.06709888,0,0,0.034944
4.58,-3.42054597729911,2.23832577143073,0.0674482214814815,0,0,0.0349237777777778
4.59,-3.42054597729911,2.23832577143073,0.0677973451851852,0,0,0.0349004444444444
4.6,-3.42054597729911,2.23832577143073,0.06814622,0,0,0.034874
4.61,-3.42054597729911,2.23832577143073,0.0684948148148148,0,0,0.0348444444444444
4.62,-3.42054597729911,2.23832577143073,0.0688430985185185,0,0,0.0348117777777778
4.63,-3.42054597729911,2.23832577143073,0.06919104,0,0,0.034776
4.64,-3.42054597729911,2.23832577143073,0.0695386081481481,0,0,0.0347371111111111
4.65,-3.42054597729911,2.23832577143073,0.0698857718518519,0,0,0.0346951111111111
4.66,-3.42054597729911,2.23832577143073,0.0702325,0,0,0.03465
4.67,-3.42054597729911,2.23832577143073,0.0705787614814815,0,0,0.0346017777777778
4.68,-3.42054597729911,2.23832577143073,0.0709245251851852,0,0,0.0345504444444444
4.69,-3.42054597729911,2.23832577143073,0.07126976,0,0,0.034496
4.7,-3.42054597729911,2.23832577143073,0.0716144348148148,0,0,0.0344384444444444
4.71,-3.42054597729911,2.23832577143073,0.0719585185185185,0,0,0.0343777777777778
4.72,-3.42054597729911,2.23832577143073,0.07230198,0,0,0.034314
4.73,-3.42054597729911,2.23832577143073,0.0726447881481481,0,0,0.0342471111111111
4.74,-3.42054597729911,2.23832577143073,0.0729869118518519,0,0,0.0341771111111111
4.75,-3.42054597729911,2.23832577143073,0.07332832,0,0,0.034104
4.76,-3.42054597729911,2.23832577143073,0.0736689814814815,0,0,0.0340277777777778
4.77,-3.42054597729911,2.23832577143073,0.0740088651851852,0,0,0.0339484444444444
4.78,-3.42054597729911,2.23832577143073,0.07434794,0,0,0.033866
4.79,-3.42054597729911,2.23832577143073,0.0746861748148148,0,0,0.0337804444444444
4.8,-3.42054597729911,2.23832577143073,0.0750235385185185,0,0,0.0336917777777778
4.81,-3.42054597729911,2.23832577143073,0.07536,0,0,0.0336
4.82,-3.42054597729911,2.23832577143073,0.0756955281481481,0,0,0.0335051111111111
4.83,-3.42054597729911,2.23832577143073,0.0760300918518519,0,0,0.0334071111111111
4.84,-3.42054597729911,2.23832577143073,0.07636366,0,0,0.033306
4.85,-3.42054597729911,2.23832577143073,0.0766962014814815,0,0,0.0332017777777778
4.86,-3.42054597729911,2.23832577143073,0.0770276851851852,0,0,0.0330944444444444
4.87,-3.42054597729911,2.23832577143073,0.07735808,0,0,0.032984
4.88,-3.42054597729911,2.23832577143073,0.0776873548148148,0,0,0.0328704444444444
4.89,-3.42054597729911,2.23832577143073,0.0780154785185185,0,0,0.0327537777777778
4.9,-3.42054597729911,2.23832577143073,0.07834242,0,0,0.032634
4.91,-3.42054597729911,2.23832577143073,0.0786681481481482,0,0,0.0325111111111111
4.92,-3.42054597729911,2.23832577143073,0.0789926318518519,0,0,0.0323851111111111
4.93,-3.42054597729911,2.23832577143073,0.07931584,0,0,0.032256
4.94,-3.42054597729911,2.23832577143073,0.0796377414814815,0,0,0.0321237777777778
4.95,-3.42054597729911,2.23832577143073,0.0799583051851852,0,0,0.0319884444444444
4.96,-3.42054597729911,2.23832577143073,0.0802775,0,0,0.03185
4.97,-3.42054597729911,2.23832577143073,0.0805952948148148,0,0,0.0317084444444444
4.98,-3.42054597729911,2.23832577143073,0.0809116585185185,0,0,0.0315637777777778
4.99,-3.42054597729911,2.23832577143073,0.08122656,0,0,0.031416
5,-3.42054597729911,2.23832577143073,0.0815399681481482,0,0,0.0312651111111111
5.01,-3.42054597729911,2.23832577143073,0.0818518518518518,0,0,0.0311111111111111
5.02,-3.42054597729911,2.23832577143073,0.08216218,0,0,0.030954
5.03,-3.42054597729911,2.23832577143073,0.0824709214814815,0,0,0.0307937777777778
5.04,-3.42054597729911,2.23832577143073,0.0827780451851852,0,0,0.0306304444444444
5.05,-3.42054597729911,2.23832577143073,0.08308352,0,0,0.030464
5.06,-3.42054597729911,2.23832577143073,0.0833873148148148,0,0,0.0302944444444444
5.07,-3.42054597729911,2.23832577143073,0.0836893985185185,0,0,0.0301217777777778
5.08,-3.42054597729911,2.23832577143073,0.08398974,0,0,0.029946
5.09,-3.42054597729911,2.23832577143073,0.0842883081481482,0,0,0.0297671111111111
5.1,-3.42054597729911,2.23832577143073,0.0845850718518518,0,0,0.0295851111111111
5.11,-3.42054597729911,2.23832577143073,0.08488,0,0,0.0294
5.12,-3.42054597729911,2.23832577143073,0.0851730614814815,0,0,0.0292117777777778
5.13,-3.42054597729911,2.23832577143073,0.0854642251851852,0,0,0.0290204444444444
5.14,-3.42054597729911,2.23832577143073,0.08575346,0,0,0.028826
5.15,-3.42054597729911,2.23832577143073,0.0860407348148148,0,0,0.0286284444444444
5.16,-3.42054597729911,2.23832577143073,0.0863260185185185,0,0,0.0284277777777778
5.17,-3.42054597729911,2.23832577143073,0.08660928,0,0,0.028224
5.18,-3.42054597729911,2.23832577143073,0.0868904881481481,0,0,0.0280171111111111
5.19,-3.42054597729911,2.23832577143073,0.0871696118518518,0,0,0.0278071111111111
5.2,-3.42054597729911,2.23832577143073,0.08744662,0,0,0.027594
5.21,-3.42054597729911,2.23832577143073,0.0877214814814815,0,0,0.0273777777777778
5.22,-3.42054597729911,2.23832577143073,0.0879941651851852,0,0,0.0271584444444444
5.23,-3.42054597729911,2.23832577143073,0.08826464,0,0,0.026936
5.24,-3.42054597729911,2.23832577143073,0.0885328748148148,0,0,0.0267104444444444
5.25,-3.42054597729911,2.23832577143073,0.0887988385185185,0,0,0.0264817777777778
5.26,-3.42054597729911,2.23832577143073,0.0890625,0,0,0.02625
5.27,-3.42054597729911,2.23832577143073,0.0893238281481482,0,0,0.0260151111111111
5.28,-3.42054597729911,2.23832577143073,0.0895827918518518,0,0,0.0257771111111111
5.29,-3.42054597729911,2.23832577143073,0.08983936,0,0,0.025536
5.3,-3.42054597729911,2.23832577143073,0.0900935014814815,0,0,0.0252917777777778
5.31,-3.42054597729911,2.23832577143073,0.0903451851851852,0,0,0.0250444444444444
5.32,-3.42054597729911,2.23832577143073,0.09059438,0,0,0.024794
5.33,-3.42054597729911,2.23832577143073,0.0908410548148148,0,0,0.0245404444444444
5.34,-3.42054597729911,2.23832577143073,0.0910851785185185,0,0,0.0242837777777778
5.35,-3.42054597729911,2.23832577143073,0.09132672,0,0,0.024024
5.36,-3.42054597729911,2.23832577143073,0.0915656481481481,0,0,0.0237611111111111
5.37,-3.42054597729911,2.23832577143073,0.0918019318518518,0,0,0.0234951111111111
5.38,-3.42054597729911,2.23832577143073,0.09203554,0,0,0.023226
5.39,-3.42054597729911,2.23832577143073,0.0922664414814815,0,0,0.0229537777777778
5.4,-3.42054597729911,2.23832577143073,0.0924946051851852,0,0,0.0226784444444444
5.41,-3.42054597729911,2.23832577143073,0.09272,0,0,0.0224
5.42,-3.42054597729911,2.23832577143073,0.0929425948148148,0,0,0.0221184444444444
5.43,-3.42054597729911,2.23832577143073,0.0931623585185185,0,0,0.0218337777777778
5.44,-3.42054597729911,2.23832577143073,0.09337926,0,0,0.021546
5.45,-3.42054597729911,2.23832577143073,0.0935932681481481,0,0,0.0212551111111111
5.46,-3.42054597729911,2.23832577143073,0.0938043518518519,0,0,0.0209611111111111
5.47,-3.42054597729911,2.23832577143073,0.09401248,0,0,0.020664
5.48,-3.42054597729911,2.23832577143073,0.0942176214814815,0,0,0.0203637777777778
5.49,-3.42054597729911,2.23832577143073,0.0944197451851852,0,0,0.0200604444444444
5.5,-3.42054597729911,2.23832577143073,0.09461882,0,0,0.019754
5.51,-3.42054597729911,2.23832577143073,0.0948148148148148,0,0,0.0194444444444444
5.52,-3.42054597729911,2.23832577143073,0.0950076985185185,0,0,0.0191317777777778
5.53,-3.42054597729911,2.23832577143073,0.09519744,0,0,0.018816
5.54,-3.42054597729911,2.23832577143073,0.0953840081481481,0,0,0.0184971111111111
5.55,-3.42054597729911,2.23832577143073,0.0955673718518518,0,0,0.0181751111111111
5.56,-3.42054597729911,2.23832577143073,0.0957475,0,0,0.01785
5.57,-3.42054597729911,2.23832577143073,0.0959243614814815,0,0,0.0175217777777778
5.58,-3.42054597729911,2.23832577143073,0.0960979251851852,0,0,0.0171904444444444
5.59,-3.42054597729911,2.23832577143073,0.09626816,0,0,0.016856
5.6,-3.42054597729911,2.23832577143073,0.0964350348148148,0,0,0.0165184444444444
5.61,-3.42054597729911,2.23832577143073,0.0965985185185185,0,0,0.0161777777777778
5.62,-3.42054597729911,2.23832577143073,0.09675858,0,0,0.015834
5.63,-3.42054597729911,2.23832577143073,0.0969151881481481,0,0,0.0154871111111111
5.64,-3.42054597729911,2.23832577143073,0.0970683118518519,0,0,0.0151371111111111
5.65,-3.42054597729911,2.23832577143073,0.09721792,0,0,0.014784
5.66,-3.42054597729911,2.23832577143073,0.0973639814814815,0,0,0.0144277777777778
5.67,-3.42054597729911,2.23832577143073,0.0975064651851852,0,0,0.0140684444444444
5.68,-3.42054597729911,2.23832577143073,0.09764534,0,0,0.013706
5.69,-3.42054597729911,2.23832577143073,0.0977805748148148,0,0,0.0133404444444444
5.7,-3.42054597729911,2.23832577143073,0.0979121385185185,0,0,0.0129717777777778
5.71,-3.42054597729911,2.23832577143073,0.09804,0,0,0.0126
5.72,-3.42054597729911,2.23832577143073,0.0981641281481481,0,0,0.0122251111111111
5.73,-3.42054597729911,2.23832577143073,0.0982844918518518,0,0,0.0118471111111111
5.74,-3.42054597729911,2.23832577143073,0.09840106,0,0,0.011466
5.75,-3.42054597729911,2.23832577143073,0.0985138014814814,0,0,0.0110817777777778
5.76,-3.42054597729911,2.23832577143073,0.0986226851851852,0,0,0.0106944444444444
5.77,-3.42054597729911,2.23832577143073,0.09872768,0,0,0.010304
5.78,-3.42054597729911,2.23832577143073,0.0988287548148148,0,0,0.00991044444444442
5.79,-3.42054597729911,2.23832577143073,0.0989258785185185,0,0,0.00951377777777777
5.8,-3.42054597729911,2.23832577143073,0.09901902,0,0,0.00911399999999998
5.81,-3.42054597729911,2.23832577143073,0.0991081481481481,0,0,0.00871111111111109
5.82,-3.42054597729911,2.23832577143073,0.0991932318518518,0,0,0.0083051111111111
5.83,-3.42054597729911,2.23832577143073,0.09927424,0,0,0.00789599999999999
5.84,-3.42054597729911,2.23832577143073,0.0993511414814815,0,0,0.00748377777777774
5.85,-3.42054597729911,2.23832577143073,0.0994239051851852,0,0,0.00706844444444443
5.86,-3.42054597729911,2.23832577143073,0.0994925,0,0,0.00664999999999996
5.87,-3.42054597729911,2.23832577143073,0.0995568948148148,0,0,0.00622844444444445
5.88,-3.42054597729911,2.23832577143073,0.0996170585185185,0,0,0.00580377777777777
5.89,-3.42054597729911,2.23832577143073,0.09967296,0,0,0.00537599999999996
5.9,-3.42054597729911,2.23832577143073,0.0997245681481481,0,0,0.00494511111111109
5.91,-3.42054597729911,2.23832577143073,0.0997718518518519,0,0,0.00451111111111108
5.92,-3.42054597729911,2.23832577143073,0.09981478,0,0,0.00407399999999997
5.93,-3.42054597729911,2.23832577143073,0.0998533214814815,0,0,0.00363377777777779
5.94,-3.42054597729911,2.23832577143073,0.0998874451851852,0,0,0.00319044444444441
5.95,-3.42054597729911,2.23832577143073,0.09991712,0,0,0.002744
5.96,-3.42054597729911,2.23832577143073,0.0999423148148148,0,0,0.00229444444444443
5.97,-3.42054597729911,2.23832577143073,0.0999629985185185,0,0,0.00184177777777775
5.98,-3.42054597729911,2.23832577143073,0.09997914,0,0,0.00138599999999997
5.99,-3.42054597729911,2.23832577143073,0.0999907081481481,0,0,0.000927111111111101
6,-3.42054597729911,2.23832577143073,0.0999976718518518,0,0,0.000465111111111083
6.01,-3.42054597729911,2.23832577143073,0.1,0,0,0
6.02,-3.42054597729911,2.23832577143073,0.1,0,0,0
6.03,-3.4205210494803,2.23831059934521,0.1,0.00498001190983507,-0.00303103802080635,0
6.04,-3.42044648809797,2.23826521825199,0.1,0.0099267127032164,-0.00604180153980128,0
6.05,-3.42032262626329,2.23818983089608,0.1,0.014840102380144,-0.0090322905569848,0
6.06,-3.42014979708742,2.23808464002252,0.1,0.0197201809406178,-0.0120025050723569,0
6.07,-3.41992833368153,2.23794984837631,0.1,0.0245669483846379,-0.0149524450859176,0
6.08,-3.41965856915678,2.23778565870247,0.1,0.0293804047122042,-0.0178821105976669,0
6.09,-3.41934083662434,2.23759227374603,0.1,0.0341605499233168,-0.0207915016076047,0
6.1,-3.41897546919537,2.23736989625199,0.1,0.0389073840179757,-0.0236806181157312,0
6.11,-3.41856279998104,2.23711872896539,0.1,0.0436209069961808,-0.0265494601220462,0
6.12,-3.4181031620925,2.23683897463123,0.1,0.0483011188579321,-0.0293980276265498,0
6.13,-3.41759688864093,2.23653083599453,0.1,0.0529480196032297,-0.0322263206292421,0
6.14,-3.41704431273749,2.23619451580031,0.1,0.0575616092320736,-0.0350343391301228,0
6.15,-3.41644576749335,2.2358302167936,0.1,0.0621418877444637,-0.0378220831291922,0
6.16,-3.41580158601966,2.2354381417194,0.1,0.0666888551404001,-0.0405895526264502,0
6.17,-3.41511210142759,2.23501849332274,0.1,0.0712025114198827,-0.0433367476218968,0
6.18,-3.41437764682831,2.23457147434864,0.1,0.0756828565829116,-0.0460636681155319,0
6.19,-3.41359855533299,2.2340972875421,0.1,0.0801298906294867,-0.0487703141073556,0
6.2,-3.41277516005278,2.23359613564816,0.1,0.0845436135596081,-0.0514566855973679,0
6.21,-3.41190779409885,2.23306822141183,0.1,0.0889240253732757,-0.0541227825855688,0
6.22,-3.41099679058237,2.23251374757812,0.1,0.0932711260704896,-0.0567686050719583,0
6.23,-3.4100424826145,2.23193291689206,0.1,0.0975849156512498,-0.0593941530565364,0
6.24,-3.4090452033064,2.23132593209867,0.1,0.101865394115556,-0.061999426539303,0
6.25,-3.40800528576924,2.23069299594295,0.1,0.106112561463409,-0.0645844255202583,0
6.26,-3.40692306311419,2.23003431116993,0.1,0.110326417694808,-0.0671491499994021,0
6.27,-3.4057988684524,2.22935008052464,0.1,0.114506962809753,-0.0696935999767345,0
6.28,-3.40463303489505,2.22864050675207,0.1,0.118654196808244,-0.0722177754522555,0
6.29,-3.40342589555329,2.22790579259726,0.1,0.122768119690282,-0.0747216764259651,0
6.3,-3.40217778353829,2.22714614080523,0.1,0.126848731455866,-0.0772053028978633,0
6.31,-3.40088903196123,2.22636175412098,0.1,0.130896032104996,-0.0796686548679501,0
6.32,-3.39955997393325,2.22555283528954,0.1,0.134910021637672,-0.0821117323362254,0
6.33,-3.39819094256553,2.22471958705593,0.1,0.138890700053895,-0.0845345353026894,0
6.34,-3.39678227096923,2.22386221216516,0.1,0.142838067353664,-0.0869370637673419,0
6.35,-3.39533429225551,2.22298091336225,0.1,0.146752123536979,-0.089319317730183,0
6.36,-3.39384733953554,2.22207589339223,0.1,0.150632868603841,-0.0916812971912127,0
6.37,-3.39232174592049,2.2211473550001,0.1,0.154480302554248,-0.094023002150431,0
6.38,-3.39075784452151,2.22019550093089,0.1,0.158294425388202,-0.0963444326078378,0
6.39,-3.38915596844978,2.21922053392962,0.1,0.162075237105703,-0.0986455885634333,0
6.4,-3.38751645081645,2.2182226567413,0.1,0.165822737706749,-0.100926470017217,0
6.41,-3.3858396247327,2.21720207211095,0.1,0.169536927191342,-0.10318707696919,0
6.42,-3.38412582330968,2.21615898278358,0.1,0.173217805559481,-0.105427409419351,0
6.43,-3.38237537965856,2.21509359150423,0.1,0.176865372811166,-0.107647467367701,0
6.44,-3.38058862689051,2.2140061010179,0.1,0.180479628946397,-0.109847250814239,0
6.45,-3.37876589811669,2.21289671406962,0.1,0.184060573965175,-0.112026759758966,0
6.46,-3.37690752644826,2.2117656334044,0.1,0.187608207867499,-0.114185994201882,0
6.47,-3.3750138449964,2.21061306176725,0.1,0.191122530653369,-0.116324954142986,0
6.48,-3.37308518687225,2.20943920190321,0.1,0.194603542322786,-0.118443639582279,0
6.49,-3.37112188518699,2.20824425655728,0.1,0.198051242875749,-0.12054205051976,0
6.5,-3.36912427305179,2.20702842847449,0.1,0.201465632312258,-0.12262018695543,0
6.51,-3.3670926835778,2.20579192039984,0.1,0.204846710632313,-0.124678048889288,0
6.52,-3.3650274498762,2.20453493507837,0.1,0.208194477835914,-0.126715636321336,0
6.53,-3.36292890505814,2.20325767525509,0.1,0.211508933923062,-0.128732949251571,0
6.54,-3.36079738223479,2.20196034367501,0.1,0.214790078893756,-0.130729987679995,0
6.55,-3.35863321451732,2.20064314308316,0.1,0.218037912747996,-0.132706751606608,0
6.56,-3.35643673501689,2.19930627622456,0.1,0.221252435485783,-0.13466324103141,0
6.57,-3.35420827684466,2.19794994584421,0.1,0.224433647107116,-0.1365994559544,0
6.58,-3.3519481731118,2.19657435468714,0.1,0.227581547611995,-0.138515396375578,0
6.59,-3.34965675692947,2.19517970549837,0.1,0.23069613700042,-0.140411062294945,0
6.6,-3.34733436140885,2.19376620102291,0.1,0.233777415272391,-0.142286453712501,0
6.61,-3.34498131966108,2.19233404400579,0.1,0.236825382427909,-0.144141570628246,0
6.62,-3.34259796479734,2.19088343719202,0.1,0.239840038466973,-0.145976413042179,0
6.63,-3.3401846299288,2.18941458332662,0.1,0.242821383389584,-0.1477909809543,0
6.64,-3.33774164816661,2.18792768515461,0.1,0.24576941719574,-0.14958527436461,0
6.65,-3.33526935262194,2.186422945421,0.1,0.248684139885443,-0.151359293273109,0
6.66,-3.33276807640595,2.18490056687082,0.1,0.251565551458692,-0.153113037679796,0
6.67,-3.33023815262982,2.18336075224908,0.1,0.254413651915487,-0.154846507584672,0
6.68,-3.3276799144047,2.1818037043008,0.1,0.257228441255829,-0.156559702987736,0
6.69,-3.32509369484176,2.180229625771,0.1,0.260009919479717,-0.15825262388899,0
6.7,-3.32247982705216,2.17863871940469,0.1,0.262758086587151,-0.159925270288431,0
6.71,-3.31983864414707,2.1770311879469,0.1,0.265472942578131,-0.161577642186061,0
6.72,-3.31717047923765,2.17540723414264,0.1,0.268154487452658,-0.16320973958188,0
6.73,-3.31447566543507,2.17376706073694,0.1,0.270802721210731,-0.164821562475888,0
6.74,-3.31175453585049,2.1721108704748,0.1,0.27341764385235,-0.166413110868084,0
6.75,-3.30900742359508,2.17043886610125,0.1,0.275999255377515,-0.167984384758468,0
6.76,-3.30623466178,2.1687512503613,0.1,0.278547555786226,-0.169535384147041,0
6.77,-3.30343658351641,2.16704822599998,0.1,0.281062545078484,-0.171066109033803,0
6.78,-3.30061352191548,2.1653299957623,0.1,0.283544223254288,-0.172576559418753,0
6.79,-3.29776581008838,2.16359676239328,0.1,0.285992590313639,-0.174066735301892,0
6.8,-3.29489378114626,2.16184872863793,0.1,0.288407646256535,-0.17553663668322,0
6.81,-3.2919977682003,2.16008609724128,0.1,0.290789391082978,-0.176986263562736,0
6.82,-3.28907810436166,2.15830907094835,0.1,0.293137824792967,-0.17841561594044,0
6.83,-3.2861351227415,2.15651785250415,0.1,0.295452947386503,-0.179824693816334,0
6.84,-3.28316915645098,2.1547126446537,0.1,0.297734758863584,-0.181213497190416,0
6.85,-3.28018053860128,2.15289365014201,0.1,0.299983259224212,-0.182582026062686,0
6.86,-3.27716960230355,2.15106107171411,0.1,0.302198448468386,-0.183930280433145,0
6.87,-3.27413668066897,2.14921511211502,0.1,0.304380326596107,-0.185258260301793,0
6.88,-3.27108210680869,2.14735597408975,0.1,0.306528893607373,-0.186565965668629,0
6.89,-3.26800621383387,2.14548386038332,0.1,0.308644149502186,-0.187853396533653,0
6.9,-3.2649093348557,2.14359897374075,0.1,0.310726094280545,-0.189120552896867,0
6.91,-3.26179180298532,2.14170151690706,0.1,0.312774727942451,-0.190367434758269,0
6.92,-3.2586539513339,2.13979169262726,0.1,0.314790050487902,-0.191594042117859,0
6.93,-3.25549611301262,2.13786970364637,0.1,0.3167720619169,-0.192800374975638,0
6.94,-3.25231862113262,2.13593575270942,0.1,0.318720762229445,-0.193986433331606,0
6.95,-3.24912180880508,2.13399004256141,0.1,0.320636151425535,-0.195152217185762,0
6.96,-3.24590600914116,2.13203277594738,0.1,0.322518229505172,-0.196297726538107,0
6.97,-3.24267155525203,2.13006415561232,0.1,0.324366996468355,-0.197422961388641,0
6.98,-3.23941878024885,2.12808438430128,0.1,0.326182452315084,-0.198527921737363,0
6.99,-3.23614801724279,2.12609366475925,0.1,0.327964597045359,-0.199612607584273,0
7,-3.232859599345,2.12409219973126,0.1,0.329713430659181,-0.200677018929373,0
7.01,-3.22955385966666,2.12208019196234,0.1,0.331428953156549,-0.20172115577266,0
7.02,-3.22623113131892,2.12005784419748,0.1,0.333111164537463,-0.202745018114137,0
7.03,-3.22289174741296,2.11802535918173,0.1,0.334760064801923,-0.203748605953802,0
7.04,-3.21953604105994,2.11598293966008,0.1,0.33637565394993,-0.204731919291655,0
7.05,-3.21616434537102,2.11393078837756,0.1,0.337957931981483,-0.205694958127698,0
7.06,-3.21277699345736,2.1118691080792,0.1,0.339506898896582,-0.206637722461928,0
7.07,-3.20937431843014,2.10979810151,0.1,0.341022554695228,-0.207560212294348,0
7.08,-3.20595665340051,2.10771797141498,0.1,0.342504899377419,-0.208462427624956,0
7.09,-3.20252433147965,2.10562892053917,0.1,0.343953932943157,-0.209344368453752,0
7.1,-3.19907768577871,2.10353115162758,0.1,0.345369655392442,-0.210206034780737,0
7.11,-3.19561704940885,2.10142486742523,0.1,0.346752066725272,-0.211047426605911,0
7.12,-3.19214275548126,2.09931027067714,0.1,0.348101166941649,-0.211868543929273,0
7.13,-3.18865513710708,2.09718756412832,0.1,0.349416956041572,-0.212669386750824,0
7.14,-3.18515452739748,2.09505695052379,0.1,0.350699434025041,-0.213449955070563,0
7.15,-3.18164125946363,2.09291863260858,0.1,0.351948600892056,-0.214210248888491,0
7.16,-3.17811566641669,2.0907728131277,0.1,0.353164456642618,-0.214950268204608,0
7.17,-3.17457808136783,2.08861969482616,0.1,0.354347001276726,-0.215670013018913,0
7.18,-3.17102883742821,2.08645948044899,0.1,0.35549623479438,-0.216369483331407,0
7.19,-3.167468267709,2.0842923727412,0.1,0.356612157195581,-0.217048679142089,0
7.2,-3.16389670532136,2.08211857444782,0.1,0.357694768480328,-0.21770760045096,0
7.21,-3.16031448337645,2.07993828831386,0.1,0.358744068648621,-0.21834624725802,0
7.22,-3.15672193498544,2.07775171708433,0.1,0.35976005770046,-0.218964619563268,0
7.23,-3.15311939325949,2.07555906350427,0.1,0.360742735635846,-0.219562717366704,0
7.24,-3.14950719130978,2.07336053031867,0.1,0.361692102454777,-0.22014054066833,0
7.25,-3.14588566224745,2.07115632027257,0.1,0.362608158157255,-0.220698089468144,0
7.26,-3.14225513918369,2.06894663611098,0.1,0.36349090274328,-0.221235363766146,0
7.27,-3.13861595522964,2.06673168057892,0.1,0.36434033621285,-0.221752363562337,0
7.28,-3.13496844349648,2.06451165642141,0.1,0.365156458565967,-0.222249088856717,0
7.29,-3.13131293709538,2.06228676638346,0.1,0.36593926980263,-0.222725539649285,0
7.3,-3.12764976913749,2.06005721321009,0.1,0.366688769922839,-0.223181715940042,0
7.31,-3.12397927273398,2.05782319964633,0.1,0.367404958926595,-0.223617617728987,0
7.32,-3.12030178099601,2.05558492843719,0.1,0.368087836813897,-0.224033245016121,0
7.33,-3.11661762703475,2.05334260232768,0.1,0.368737403584745,-0.224428597801444,0
7.34,-3.11292714396137,2.05109642406283,0.1,0.369353659239139,-0.224803676084955,0
7.35,-3.10923066488703,2.04884659638766,0.1,0.369936603777079,-0.225158479866655,0
7.36,-3.10552852292288,2.04659332204717,0.1,0.370486237198566,-0.225493009146543,0
7.37,-3.10182105118011,2.0443368037864,0.1,0.371002559503599,-0.22580726392462,0
7.38,-3.09810858276987,2.04207724435035,0.1,0.371485570692179,-0.226101244200885,0
7.39,-3.09439145080332,2.03981484648405,0.1,0.371935270764304,-0.226374949975339,0
7.4,-3.09066998839163,2.03754981293252,0.1,0.372351659719976,-0.226628381247982,0
7.41,-3.08694452864598,2.03528234644077,0.1,0.372734737559194,-0.226861538018813,0
7.42,-3.08321540467751,2.03301264975381,0.1,0.373084504281958,-0.227074420287833,0
7.43,-3.07948294959739,2.03074092561668,0.1,0.373400959888269,-0.227267028055042,0
7.44,-3.0757474965168,2.02846737677439,0.1,0.373684104378126,-0.227439361320439,0
7.45,-3.07200937854688,2.02619220597195,0.1,0.373933937751529,-0.227591420084024,0
7.46,-3.06826892879882,2.02391561595438,0.1,0.374150460008478,-0.227723204345798,0
7.47,-3.06452648038377,2.0216378094667,0.1,0.374333671148974,-0.227834714105761,0
7.48,-3.06078236641289,2.01935898925394,0.1,0.374483571173016,-0.227925949363913,0
7.49,-3.05703691999736,2.0170793580611,0.1,0.374600160080604,-0.227996910120253,0
7.5,-3.05329047424834,2.0147991186332,0.1,0.374683437871738,-0.228047596374781,0
7.51,-3.04954336227698,2.01251847371527,0.1,0.374733404546419,-0.228078008127498,0
7.52,-3.04579591719446,2.01023762605233,0.1,0.374750060104646,-0.228088145378404,0
7.53,-3.04204847211194,2.00795677838938,0.1,0.374733404546419,-0.228078008127498,0
7.54,-3.03830136014059,2.00567613347145,0.1,0.374683437871738,-0.228047596374781,0
7.55,-3.03455491439157,2.00339589404356,0.1,0.374600160080604,-0.227996910120253,0
7.56,-3.03080946797603,2.00111626285072,0.1,0.374483571173016,-0.227925949363913,0
7.57,-3.02706535400516,1.99883744263795,0.1,0.374333671148974,-0.227834714105761,0
7.58,-3.02332290559011,1.99655963615027,0.1,0.374150460008478,-0.227723204345798,0
7.59,-3.01958245584204,1.99428304613271,0.1,0.373933937751529,-0.227591420084024,0
7.6,-3.01584433787213,1.99200787533027,0.1,0.373684104378126,-0.227439361320439,0
7.61,-3.01210888479154,1.98973432648797,0.1,0.373400959888269,-0.227267028055042,0
7.62,-3.00837642971142,1.98746260235084,0.1,0.373084504281958,-0.227074420287833,0
7.63,-3.00464730574295,1.98519290566389,0.1,0.372734737559194,-0.226861538018813,0
7.64,-3.00092184599729,1.98292543917213,0.1,0.372351659719976,-0.226628381247982,0
7.65,-2.99720038358561,1.9806604056206,0.1,0.371935270764304,-0.226374949975339,0
7.66,-2.99348325161906,1.9783980077543,0.1,0.371485570692179,-0.226101244200885,0
7.67,-2.98977078320882,1.97613844831825,0.1,0.371002559503599,-0.22580726392462,0
7.68,-2.98606331146605,1.97388193005748,0.1,0.370486237198566,-0.225493009146543,0
7.69,-2.9823611695019,1.971628655717,0.1,0.369936603777079,-0.225158479866655,0
7.7,-2.97866469042756,1.96937882804182,0.1,0.369353659239139,-0.224803676084955,0
7.71,-2.97497420735418,1.96713264977697,0.1,0.368737403584745,-0.224428597801444,0
7.72,-2.97129005339292,1.96489032366746,0.1,0.368087836813897,-0.224033245016121,0
7.73,-2.96761256165495,1.96265205245832,0.1,0.367404958926595,-0.223617617728987,0
7.74,-2.96394206525144,1.96041803889456,0.1,0.366688769922839,-0.223181715940042,0
7.75,-2.96027889729355,1.95818848572119,0.1,0.36593926980263,-0.222725539649285,0
7.76,-2.95662339089244,1.95596359568324,0.1,0.365156458565967,-0.222249088856717,0
7.77,-2.95297587915929,1.95374357152573,0.1,0.36434033621285,-0.221752363562337,0
7.78,-2.94933669520524,1.95152861599367,0.1,0.36349090274328,-0.221235363766146,0
7.79,-2.94570617214147,1.94931893183208,0.1,0.362608158157255,-0.220698089468144,0
7.8,-2.94208464307915,1.94711472178598,0.1,0.361692102454777,-0.22014054066833,0
7.81,-2.93847244112943,1.94491618860039,0.1,0.360742735635845,-0.219562717366705,0
7.82,-2.93486989940349,1.94272353502032,0.1,0.35976005770046,-0.218964619563268,0
7.83,-2.93127735101248,1.94053696379079,0.1,0.358744068648621,-0.21834624725802,0
7.84,-2.92769512906757,1.93835667765683,0.1,0.357694768480328,-0.21770760045096,0
7.85,-2.92412356667993,1.93618287936345,0.1,0.356612157195581,-0.217048679142089,0
7.86,-2.92056299696071,1.93401577165566,0.1,0.355496234794381,-0.216369483331407,0
7.87,-2.9170137530211,1.93185555727849,0.1,0.354347001276726,-0.215670013018913,0
7.88,-2.91347616797223,1.92970243897696,0.1,0.353164456642618,-0.214950268204608,0
7.89,-2.9099505749253,1.92755661949607,0.1,0.351948600892056,-0.214210248888491,0
7.9,-2.90643730699145,1.92541830158086,0.1,0.350699434025041,-0.213449955070563,0
7.91,-2.90293669728185,1.92328768797633,0.1,0.349416956041572,-0.212669386750824,0
7.92,-2.89944907890767,1.92116498142751,0.1,0.348101166941649,-0.211868543929273,0
7.93,-2.89597478498007,1.91905038467942,0.1,0.346752066725272,-0.211047426605911,0
7.94,-2.89251414861022,1.91694410047707,0.1,0.345369655392442,-0.210206034780737,0
7.95,-2.88906750290928,1.91484633156548,0.1,0.343953932943157,-0.209344368453752,0
7.96,-2.88563518098841,1.91275728068967,0.1,0.342504899377419,-0.208462427624956,0
7.97,-2.88221751595879,1.91067715059465,0.1,0.341022554695228,-0.207560212294348,0
7.98,-2.87881484093156,1.90860614402545,0.1,0.339506898896582,-0.206637722461928,0
7.99,-2.87542748901791,1.90654446372709,0.1,0.337957931981483,-0.205694958127697,0
8,-2.87205579332899,1.90449231244457,0.1,0.33637565394993,-0.204731919291655,0
8.01,-2.86870008697597,1.90244989292293,0.1,0.334760064801923,-0.203748605953802,0
8.02,-2.86536070307,1.90041740790717,0.1,0.333111164537463,-0.202745018114137,0
8.03,-2.86203797472227,1.89839506014232,0.1,0.331428953156549,-0.20172115577266,0
8.04,-2.85873223504393,1.89638305237339,0.1,0.329713430659181,-0.200677018929373,0
8.05,-2.85544381714614,1.8943815873454,0.1,0.327964597045359,-0.199612607584273,0
8.06,-2.85217305414008,1.89239086780337,0.1,0.326182452315084,-0.198527921737363,0
8.07,-2.8489202791369,1.89041109649233,0.1,0.324366996468354,-0.197422961388641,0
8.08,-2.84568582524776,1.88844247615727,0.1,0.322518229505172,-0.196297726538107,0
8.09,-2.84247002558385,1.88648520954324,0.1,0.320636151425535,-0.195152217185762,0
8.1,-2.83927321325631,1.88453949939523,0.1,0.318720762229444,-0.193986433331606,0
8.11,-2.83609572137631,1.88260554845828,0.1,0.316772061916901,-0.192800374975638,0
8.12,-2.83293788305503,1.88068355947739,0.1,0.314790050487902,-0.191594042117859,0
8.13,-2.82980003140361,1.87877373519759,0.1,0.312774727942451,-0.190367434758269,0
8.14,-2.82668249953323,1.8768762783639,0.1,0.310726094280545,-0.189120552896867,0
8.15,-2.82358562055505,1.87499139172133,0.1,0.308644149502186,-0.187853396533654,0
8.16,-2.82050972758024,1.8731192780149,0.1,0.306528893607374,-0.186565965668629,0
8.17,-2.81745515371996,1.87126013998963,0.1,0.304380326596107,-0.185258260301793,0
8.18,-2.81442223208537,1.86941418039054,0.1,0.302198448468386,-0.183930280433145,0
8.19,-2.81141129578765,1.86758160196264,0.1,0.299983259224212,-0.182582026062686,0
8.2,-2.80842267793795,1.86576260745096,0.1,0.297734758863584,-0.181213497190416,0
8.21,-2.80545671164743,1.8639573996005,0.1,0.295452947386503,-0.179824693816334,0
8.22,-2.80251373002727,1.8621661811563,0.1,0.293137824792967,-0.17841561594044,0
8.23,-2.79959406618863,1.86038915486337,0.1,0.290789391082978,-0.176986263562736,0
8.24,-2.79669805324267,1.85862652346672,0.1,0.288407646256535,-0.17553663668322,0
8.25,-2.79382602430055,1.85687848971138,0.1,0.285992590313639,-0.174066735301892,0
8.26,-2.79097831247345,1.85514525634235,0.1,0.283544223254288,-0.172576559418753,0
8.27,-2.78815525087252,1.85342702610467,0.1,0.281062545078484,-0.171066109033803,0
8.28,-2.78535717260893,1.85172400174335,0.1,0.278547555786226,-0.169535384147041,0
8.29,-2.78258441079385,1.8500363860034,0.1,0.275999255377515,-0.167984384758468,0
8.3,-2.77983729853844,1.84836438162985,0.1,0.27341764385235,-0.166413110868083,0
8.31,-2.77711616895386,1.84670819136772,0.1,0.27080272121073,-0.164821562475888,0
8.32,-2.77442135515128,1.84506801796201,0.1,0.268154487452658,-0.16320973958188,0
8.33,-2.77175319024186,1.84344406415775,0.1,0.265472942578131,-0.161577642186061,0
8.34,-2.76911200733677,1.84183653269996,0.1,0.262758086587151,-0.159925270288431,0
8.35,-2.76649813954717,1.84024562633366,0.1,0.260009919479717,-0.158252623888989,0
8.36,-2.76391191998423,1.83867154780385,0.1,0.257228441255829,-0.156559702987736,0
8.37,-2.76135368175911,1.83711449985557,0.1,0.254413651915487,-0.154846507584672,0
8.38,-2.75882375798298,1.83557468523383,0.1,0.251565551458692,-0.153113037679796,0
8.39,-2.75632248176699,1.83405230668365,0.1,0.248684139885443,-0.151359293273109,0
8.4,-2.75385018622232,1.83254756695004,0.1,0.24576941719574,-0.14958527436461,0
8.41,-2.75140720446013,1.83106066877803,0.1,0.242821383389584,-0.1477909809543,0
8.42,-2.74899386959158,1.82959181491263,0.1,0.239840038466973,-0.145976413042178,0
8.43,-2.74661051472785,1.82814120809886,0.1,0.236825382427909,-0.144141570628246,0
8.44,-2.74425747298008,1.82670905108174,0.1,0.233777415272392,-0.142286453712501,0
8.45,-2.74193507745945,1.82529554660628,0.1,0.23069613700042,-0.140411062294945,0
8.46,-2.73964366127713,1.82390089741751,0.1,0.227581547611995,-0.138515396375578,0
8.47,-2.73738355754427,1.82252530626044,0.1,0.224433647107115,-0.1365994559544,0
8.48,-2.73515509937204,1.8211689758801,0.1,0.221252435485783,-0.13466324103141,0
8.49,-2.73295861987161,1.81983210902149,0.1,0.218037912747996,-0.132706751606608,0
8.5,-2.73079445215413,1.81851490842964,0.1,0.214790078893756,-0.130729987679995,0
8.51,-2.72866292933079,1.81721757684956,0.1,0.211508933923062,-0.128732949251571,0
8.52,-2.72656438451273,1.81594031702628,0.1,0.208194477835914,-0.126715636321336,0
8.53,-2.72449915081112,1.81468333170481,0.1,0.204846710632313,-0.124678048889288,0
8.54,-2.72246756133714,1.81344682363016,0.1,0.201465632312257,-0.12262018695543,0
8.55,-2.72046994920193,1.81223099554737,0.1,0.198051242875749,-0.12054205051976,0
8.56,-2.71850664751668,1.81103605020144,0.1,0.194603542322786,-0.118443639582279,0
8.57,-2.71657798939253,1.8098621903374,0.1,0.191122530653369,-0.116324954142986,0
8.58,-2.71468430794066,1.80870961870026,0.1,0.187608207867499,-0.114185994201882,0
8.59,-2.71282593627224,1.80757853803503,0.1,0.184060573965175,-0.112026759758966,0
8.6,-2.71100320749842,1.80646915108675,0.1,0.180479628946397,-0.109847250814239,0
8.61,-2.70921645473036,1.80538166060042,0.1,0.176865372811166,-0.107647467367701,0
8.62,-2.70746601107925,1.80431626932107,0.1,0.173217805559481,-0.105427409419351,0
8.63,-2.70575220965623,1.80327317999371,0.1,0.169536927191342,-0.10318707696919,0
8.64,-2.70407538357248,1.80225259536336,0.1,0.165822737706749,-0.100926470017217,0
8.65,-2.70243586593915,1.80125471817503,0.1,0.162075237105703,-0.0986455885634332,0
8.66,-2.70083398986742,1.80027975117376,0.1,0.158294425388202,-0.0963444326078378,0
8.67,-2.69927008846844,1.79932789710455,0.1,0.154480302554248,-0.0940230021504309,0
8.68,-2.69774449485339,1.79839935871242,0.1,0.150632868603841,-0.0916812971912127,0
8.69,-2.69625754213342,1.7974943387424,0.1,0.146752123536979,-0.089319317730183,0
8.7,-2.6948095634197,1.79661303993949,0.1,0.142838067353664,-0.0869370637673418,0
8.71,-2.6934008918234,1.79575566504873,0.1,0.138890700053895,-0.0845345353026894,0
8.72,-2.69203186045568,1.79492241681511,0.1,0.134910021637672,-0.0821117323362254,0
8.73,-2.6907028024277,1.79411349798367,0.1,0.130896032104996,-0.0796686548679501,0
8.74,-2.68941405085063,1.79332911129943,0.1,0.126848731455866,-0.0772053028978633,0
8.75,-2.68816593883564,1.79256945950739,0.1,0.122768119690282,-0.0747216764259651,0
8.76,-2.68695879949388,1.79183474535258,0.1,0.118654196808244,-0.0722177754522554,0
8.77,-2.68579296593653,1.79112517158002,0.1,0.114506962809753,-0.0696935999767344,0
8.78,-2.68466877127474,1.79044094093472,0.1,0.110326417694808,-0.0671491499994021,0
8.79,-2.68358654861969,1.7897822561617,0.1,0.106112561463409,-0.0645844255202582,0
8.8,-2.68254663108253,1.78914932000598,0.1,0.101865394115556,-0.061999426539303,0
8.81,-2.68154935177443,1.78854233521259,0.1,0.0975849156512496,-0.0593941530565363,0
8.82,-2.68059504380656,1.78796150452653,0.1,0.0932711260704895,-0.0567686050719582,0
8.83,-2.67968404029008,1.78740703069282,0.1,0.0889240253732757,-0.0541227825855687,0
8.84,-2.67881667433615,1.78687911645649,0.1,0.084543613559608,-0.0514566855973678,0
8.85,-2.67799327905594,1.78637796456255,0.1,0.0801298906294865,-0.0487703141073556,0
8.86,-2.67721418756061,1.78590377775601,0.1,0.0756828565829115,-0.0460636681155319,0
8.87,-2.67647973296134,1.78545675878191,0.1,0.0712025114198827,-0.0433367476218967,0
8.88,-2.67579024836927,1.78503711038525,0.1,0.0666888551404001,-0.0405895526264503,0
8.89,-2.67514606689558,1.78464503531105,0.1,0.0621418877444635,-0.0378220831291922,0
8.9,-2.67454752165144,1.78428073630434,0.1,0.0575616092320737,-0.0350343391301228,0
8.91,-2.673994945748,1.78394441611012,0.1,0.0529480196032297,-0.032226320629242,0
8.92,-2.67348867229643,1.78363627747343,0.1,0.0483011188579319,-0.0293980276265497,0
8.93,-2.67302903440789,1.78335652313926,0.1,0.0436209069961806,-0.0265494601220461,0
8.94,-2.67261636519356,1.78310535585266,0.1,0.0389073840179757,-0.0236806181157312,0
8.95,-2.67225099776459,1.78288297835862,0.1,0.0341605499233166,-0.0207915016076046,0
8.96,-2.67193326523215,1.78268959340218,0.1,0.0293804047122042,-0.0178821105976669,0
8.97,-2.6716635007074,1.78252540372834,0.1,0.0245669483846378,-0.0149524450859174,0
8.98,-2.67144203730151,1.78239061208213,0.1,0.0197201809406178,-0.0120025050723568,0
8.99,-2.67126920812564,1.78228542120857,0.1,0.0148401023801437,-0.00903229055698451,0
9,-2.67114534629096,1.78221003385267,0.1,0.00992671270321632,-0.00604180153980116,0
9.01,-2.67107078490863,1.78216465275944,0.1,0.00498001190983488,-0.00303103802080629,0
9.02,-2.67104585708982,1.78214948067392,0.1,0,1.11022302462516e-16,0
9.03,-2.67104585708982,1.78214948067392,0.1,0,0,0
9.04,-2.67104585708982,1.78214948067392,0.0999990022222222,0,0,-0.000199333333333333
9.05,-2.67104585708982,1.78214948067392,0.0999960177777778,0,0,-0.000397333333333333
9.06,-2.67104585708982,1.78214948067392,0.09999106,0,0,-0.000594
9.07,-2.67104585708982,1.78214948067392,0.0999841422222222,0,0,-0.000789333333333333
9.08,-2.67104585708982,1.78214948067392,0.0999752777777778,0,0,-0.000983333333333333
9.09,-2.67104585708982,1.78214948067392,0.09996448,0,0,-0.001176
9.1,-2.67104585708982,1.78214948067392,0.0999517622222222,0,0,-0.00136733333333333
9.11,-2.67104585708982,1.78214948067392,0.0999371377777778,0,0,-0.00155733333333333
9.12,-2.67104585708982,1.78214948067392,0.09992062,0,0,-0.001746
9.13,-2.67104585708982,1.78214948067392,0.0999022222222222,0,0,-0.00193333333333333
9.14,-2.67104585708982,1.78214948067392,0.0998819577777778,0,0,-0.00211933333333333
9.15,-2.67104585708982,1.78214948067392,0.09985984,0,0,-0.002304
9.16,-2.67104585708982,1.78214948067392,0.0998358822222222,0,0,-0.00248733333333333
9.17,-2.67104585708982,1.78214948067392,0.0998100977777778,0,0,-0.00266933333333333
9.18,-2.67104585708982,1.78214948067392,0.0997825,0,0,-0.00285
9.19,-2.67104585708982,1.78214948067392,0.0997531022222222,0,0,-0.00302933333333333
9.2,-2.67104585708982,1.78214948067392,0.0997219177777778,0,0,-0.00320733333333333
9.21,-2.67104585708982,1.78214948067392,0.09968896,0,0,-0.003384
9.22,-2.67104585708982,1.78214948067392,0.0996542422222222,0,0,-0.00355933333333333
9.23,-2.67104585708982,1.78214948067392,0.0996177777777778,0,0,-0.00373333333333333
9.24,-2.67104585708982,1.78214948067392,0.09957958,0,0,-0.003906
9.25,-2.67104585708982,1.78214948067392,0.0995396622222222,0,0,-0.00407733333333333
9.26,-2.67104585708982,1.78214948067392,0.0994980377777778,0,0,-0.00424733333333333
9.27,-2.67104585708982,1.78214948067392,0.09945472,0,0,-0.004416
9.28,-2.67104585708982,1.78214948067392,0.0994097222222222,0,0,-0.00458333333333333
9.29,-2.67104585708982,1.78214948067392,0.0993630577777778,0,0,-0.00474933333333333
9.3,-2.67104585708982,1.78214948067392,0.09931474,0,0,-0.004914
9.31,-2.67104585708982,1.78214948067392,0.0992647822222222,0,0,-0.00507733333333333
9.32,-2.67104585708982,1.78214948067392,0.0992131977777778,0,0,-0.00523933333333333
9.33,-2.67104585708982,1.78214948067392,0.09916,0,0,-0.0054
9.34,-2.67104585708982,1.78214948067392,0.0991052022222222,0,0,-0.00555933333333333
9.35,-2.67104585708982,1.78214948067392,0.0990488177777778,0,0,-0.00571733333333333
9.36,-2.67104585708982,1.78214948067392,0.09899086,0,0,-0.005874
9.37,-2.67104585708982,1.78214948067392,0.0989313422222222,0,0,-0.00602933333333333
9.38,-2.67104585708982,1.78214948067392,0.0988702777777778,0,0,-0.00618333333333333
9.39,-2.67104585708982,1.78214948067392,0.09880768,0,0,-0.006336
9.4,-2.67104585708982,1.78214948067392,0.0987435622222222,0,0,-0.00648733333333333
9.41,-2.67104585708982,1.78214948067392,0.0986779377777778,0,0,-0.00663733333333333
9.42,-2.67104585708982,1.78214948067392,0.09861082,0,0,-0.006786
9.43,-2.67104585708982,1.78214948067392,0.0985422222222222,0,0,-0.00693333333333333
9.44,-2.67104585708982,1.78214948067392,0.0984721577777778,0,0,-0.00707933333333333
9.45,-2.67104585708982,1.78214948067392,0.09840064,0,0,-0.007224
9.46,-2.67104585708982,1.78214948067392,0.0983276822222222,0,0,-0.00736733333333333
9.47,-2.67104585708982,1.78214948067392,0.0982532977777778,0,0,-0.00750933333333333
9.48,-2.67104585708982,1.78214948067392,0.0981775,0,0,-0.00765
9.49,-2.67104585708982,1.78214948067392,0.0981003022222222,0,0,-0.00778933333333333
9.5,-2.67104585708982,1.78214948067392,0.0980217177777778,0,0,-0.00792733333333333
9.51,-2.67104585708982,1.78214948067392,0.09794176,0,0,-0.008064
9.52,-2.67104585708982,1.78214948067392,0.0978604422222222,0,0,-0.00819933333333333
9.53,-2.67104585708982,1.78214948067392,0.0977777777777778,0,0,-0.00833333333333333
9.54,-2.67104585708982,1.78214948067392,0.09769378,0,0,-0.008466
9.55,-2.67104585708982,1.78214948067392,0.0976084622222222,0,0,-0.00859733333333334
9.56,-2.67104585708982,1.78214948067392,0.0975218377777778,0,0,-0.00872733333333333
9.57,-2.67104585708982,1.78214948067392,0.09743392,0,0,-0.008856
9.58,-2.67104585708982,1.78214948067392,0.0973447222222222,0,0,-0.00898333333333333
9.59,-2.67104585708982,1.78214948067392,0.0972542577777778,0,0,-0.00910933333333333
9.6,-2.67104585708982,1.78214948067392,0.09716254,0,0,-0.009234
9.61,-2.67104585708982,1.78214948067392,0.0970695822222222,0,0,-0.00935733333333333
9.62,-2.67104585708982,1.78214948067392,0.0969753977777778,0,0,-0.00947933333333333
9.63,-2.67104585708982,1.78214948067392,0.09688,0,0,-0.0096
9.64,-2.67104585708982,1.78214948067392,0.0967834022222222,0,0,-0.00971933333333333
9.65,-2.67104585708982,1.78214948067392,0.0966856177777778,0,0,-0.00983733333333333
9.66,-2.67104585708982,1.78214948067392,0.09658666,0,0,-0.009954
9.67,-2.67104585708982,1.78214948067392,0.0964865422222222,0,0,-0.0100693333333333
9.68,-2.67104585708982,1.78214948067392,0.0963852777777778,0,0,-0.0101833333333333
9.69,-2.67104585708982,1.78214948067392,0.09628288,0,0,-0.010296
9.7,-2.67104585708982,1.78214948067392,0.0961793622222222,0,0,-0.0104073333333333
9.71,-2.67104585708982,1.78214948067392,0.0960747377777778,0,0,-0.0105173333333333
9.72,-2.67104585708982,1.78214948067392,0.09596902,0,0,-0.010626
9.73,-2.67104585708982,1.78214948067392,0.0958622222222222,0,0,-0.0107333333333333
9.74,-2.67104585708982,1.78214948067392,0.0957543577777778,0,0,-0.0108393333333333
9.75,-2.67104585708982,1.78214948067392,0.09564544,0,0,-0.010944
9.76,-2.67104585708982,1.78214948067392,0.0955354822222222,0,0,-0.0110473333333333
9.77,-2.67104585708982,1.78214948067392,0.0954244977777778,0,0,-0.0111493333333333
9.78,-2.67104585708982,1.78214948067392,0.0953125,0,0,-0.01125
9.79,-2.67104585708982,1.78214948067392,0.0951995022222222,0,0,-0.0113493333333333
9.8,-2.67104585708982,1.78214948067392,0.0950855177777778,0,0,-0.0114473333333333
9.81,-2.67104585708982,1.78214948067392,0.09497056,0,0,-0.011544
9.82,-2.67104585708982,1.78214948067392,0.0948546422222222,0,0,-0.0116393333333333
9.83,-2.67104585708982,1.78214948067392,0.0947377777777778,0,0,-0.0117333333333333
9.84,-2.67104585708982,1.78214948067392,0.09461998,0,0,-0.011826
9.85,-2.67104585708982,1.78214948067392,0.0945012622222222,0,0,-0.0119173333333333
9.86,-2.67104585708982,1.78214948067392,0.0943816377777778,0,0,-0.0120073333333333
9.87,-2.67104585708982,1.78214948067392,0.09426112,0,0,-0.012096
9.88,-2.67104585708982,1.78214948067392,0.0941397222222222,0,0,-0.0121833333333333
9.89,-2.67104585708982,1.78214948067392,0.0940174577777778,0,0,-0.0122693333333333
9.9,-2.67104585708982,1.78214948067392,0.09389434,0,0,-0.012354
9.91,-2.67104585708982,1.78214948067392,0.0937703822222222,0,0,-0.0124373333333333
9.92,-2.67104585708982,1.78214948067392,0.0936455977777778,0,0,-0.0125193333333333
9.93,-2.67104585708982,1.78214948067392,0.09352,0,0,-0.0126
9.94,-2.67104585708982,1.78214948067392,0.0933936022222222,0,0,-0.0126793333333333
9.95,-2.67104585708982,1.78214948067392,0.0932664177777778,0,0,-0.0127573333333333
9.96,-2.67104585708982,1.78214948067392,0.09313846,0,0,-0.012834
9.97,-2.67104585708982,1.78214948067392,0.0930097422222222,0,0,-0.0129093333333333
9.98,-2.67104585708982,1.78214948067392,0.0928802777777778,0,0,-0.0129833333333333
9.99,-2.67104585708982,1.78214948067392,0.09275008,0,0,-0.013056
10,-2.67104585708982,1.78214948067392,0.0926191622222222,0,0,-0.0131273333333333
10.01,-2.67104585708982,1.78214948067392,0.0924875377777778,0,0,-0.0131973333333333
10.02,-2.67104585708982,1.78214948067392,0.09235522,0,0,-0.013266
10.03,-2.67104585708982,1.78214948067392,0.0922222222222222,0,0,-0.0133333333333333
10.04,-2.67104585708982,1.78214948067392,0.0920885577777778,0,0,-0.0133993333333333
10.05,-2.67104585708982,1.78214948067392,0.09195424,0,0,-0.013464
10.06,-2.67104585708982,1.78214948067392,0.0918192822222222,0,0,-0.0135273333333333
10.07,-2.67104585708982,1.78214948067392,0.0916836977777778,0,0,-0.0135893333333333
10.08,-2.67104585708982,1.78214948067392,0.0915475,0,0,-0.01365
10.09,-2.67104585708982,1.78214948067392,0.0914107022222222,0,0,-0.0137093333333333
10.1,-2.67104585708982,1.78214948067392,0.0912733177777778,0,0,-0.0137673333333333
10.11,-2.67104585708982,1.78214948067392,0.09113536,0,0,-0.013824
10.12,-2.67104585708982,1.78214948067392,0.0909968422222222,0,0,-0.0138793333333333
10.13,-2.67104585708982,1.78214948067392,0.0908577777777778,0,0,-0.0139333333333333
10.14,-2.67104585708982,1.78214948067392,0.09071818,0,0,-0.013986
10.15,-2.67104585708982,1.78214948067392,0.0905780622222222,0,0,-0.0140373333333333
10.16,-2.67104585708982,1.78214948067392,0.0904374377777778,0,0,-0.0140873333333333
10.17,-2.67104585708982,1.78214948067392,0.09029632,0,0,-0.014136
10.18,-2.67104585708982,1.78214948067392,0.0901547222222222,0,0,-0.0141833333333333
10.19,-2.67104585708982,1.78214948067392,0.0900126577777778,0,0,-0.0142293333333333
10.2,-2.67104585708982,1.78214948067392,0.08987014,0,0,-0.014274
10.21,-2.67104585708982,1.78214948067392,0.0897271822222222,0,0,-0.0143173333333333
10.22,-2.67104585708982,1.78214948067392,0.0895837977777778,0,0,-0.0143593333333333
10.23,-2.67104585708982,1.78214948067392,0.08944,0,0,-0.0144
10.24,-2.67104585708982,1.78214948067392,0.0892958022222222,0,0,-0.0144393333333333
10.25,-2.67104585708982,1.78214948067392,0.0891512177777778,0,0,-0.0144773333333333
10.26,-2.67104585708982,1.78214948067392,0.08900626,0,0,-0.014514
10.27,-2.67104585708982,1.78214948067392,0.0888609422222222,0,0,-0.0145493333333333
10.28,-2.67104585708982,1.78214948067392,0.0887152777777778,0,0,-0.0145833333333333
10.29,-2.67104585708982,1.78214948067392,0.08856928,0,0,-0.014616
10.3,-2.67104585708982,1.78214948067392,0.0884229622222222,0,0,-0.0146473333333333
10.31,-2.67104585708982,1.78214948067392,0.0882763377777778,0,0,-0.0146773333333333
10.32,-2.67104585708982,1.78214948067392,0.08812942,0,0,-0.014706
10.33,-2.67104585708982,1.78214948067392,0.0879822222222222,0,0,-0.0147333333333333
10.34,-2.67104585708982,1.78214948067392,0.0878347577777778,0,0,-0.0147593333333333
10.35,-2.67104585708982,1.78214948067392,0.08768704,0,0,-0.014784
10.36,-2.67104585708982,1.78214948067392,0.0875390822222222,0,0,-0.0148073333333333
10.37,-2.67104585708982,1.78214948067392,0.0873908977777778,0,0,-0.0148293333333333
10.38,-2.67104585708982,1.78214948067392,0.0872425,0,0,-0.01485
10.39,-2.67104585708982,1.78214948067392,0.0870939022222222,0,0,-0.0148693333333333
10.4,-2.67104585708982,1.78214948067392,0.0869451177777778,0,0,-0.0148873333333333
10.41,-2.67104585708982,1.78214948067392,0.08679616,0,0,-0.014904
10.42,-2.67104585708982,1.78214948067392,0.0866470422222222,0,0,-0.0149193333333333
10.43,-2.67104585708982,1.78214948067392,0.0864977777777778,0,0,-0.0149333333333333
10.44,-2.67104585708982,1.78214948067392,0.08634838,0,0,-0.014946
10.45,-2.67104585708982,1.78214948067392,0.0861988622222222,0,0,-0.0149573333333333
10.46,-2.67104585708982,1.78214948067392,0.0860492377777778,0,0,-0.0149673333333333
10.47,-2.67104585708982,1.78214948067392,0.08589952,0,0,-0.014976
10.48,-2.67104585708982,1.78214948067392,0.0857497222222222,0,0,-0.0149833333333333
10.49,-2.67104585708982,1.78214948067392,0.0855998577777778,0,0,-0.0149893333333333
10.5,-2.67104585708982,1.78214948067392,0.08544994,0,0,-0.014994
10.51,-2.67104585708982,1.78214948067392,0.0852999822222222,0,0,-0.0149973333333333
10.52,-2.67104585708982,1.78214948067392,0.0851499977777778,0,0,-0.0149993333333333
10.53,-2.67104585708982,1.78214948067392,0.085,0,0,-0.015
10.54,-2.67104585708982,1.78214948067392,0.0848500022222222,0,0,-0.0149993333333333
10.55,-2.67104585708982,1.78214948067392,0.0847000177777778,0,0,-0.0149973333333333
10.56,-2.67104585708982,1.78214948067392,0.08455006,0,0,-0.014994
10.57,-2.67104585708982,1.78214948067392,0.0844001422222222,0,0,-0.0149893333333333
10.58,-2.67104585708982,1.78214948067392,0.0842502777777778,0,0,-0.0149833333333333
10.59,-2.67104585708982,1.78214948067392,0.08410048,0,0,-0.014976
10.6,-2.67104585708982,1.78214948067392,0.0839507622222222,0,0,-0.0149673333333333
10.61,-2.67104585708982,1.78214948067392,0.0838011377777778,0,0,-0.0149573333333333
10.62,-2.67104585708982,1.78214948067392,0.08365162,0,0,-0.014946
10.63,-2.67104585708982,1.78214948067392,0.0835022222222222,0,0,-0.0149333333333333
10.64,-2.67104585708982,1.78214948067392,0.0833529577777778,0,0,-0.0149193333333333
10.65,-2.67104585708982,1.78214948067392,0.08320384,0,0,-0.014904
10.66,-2.67104585708982,1.78214948067392,0.0830548822222222,0,0,-0.0148873333333333
10.67,-2.67104585708982,1.78214948067392,0.0829060977777778,0,0,-0.0148693333333333
10.68,-2.67104585708982,1.78214948067392,0.0827575,0,0,-0.01485
10.69,-2.67104585708982,1.78214948067392,0.0826091022222222,0,0,-0.0148293333333333
10.7,-2.67104585708982,1.78214948067392,0.0824609177777778,0,0,-0.0148073333333333
10.71,-2.67104585708982,1.78214948067392,0.08231296,0,0,-0.014784
10.72,-2.67104585708982,1.78214948067392,0.0821652422222222,0,0,-0.0147593333333333
10.73,-2.67104585708982,1.78214948067392,0.0820177777777778,0,0,-0.0147333333333333
10.74,-2.67104585708982,1.78214948067392,0.08187058,0,0,-0.014706
10.75,-2.67104585708982,1.78214948067392,0.0817236622222222,0,0,-0.0146773333333333
10.76,-2.67104585708982,1.78214948067392,0.0815770377777778,0,0,-0.0146473333333333
10.77,-2.67104585708982,1.78214948067392,0.08143072,0,0,-0.014616
10.78,-2.67104585708982,1.78214948067392,0.0812847222222222,0,0,-0.0145833333333333
10.79,-2.67104585708982,1.78214948067392,0.0811390577777778,0,0,-0.0145493333333333
10.8,-2.67104585708982,1.78214948067392,0.08099374,0,0,-0.014514
10.81,-2.67104585708982,1.78214948067392,0.0808487822222222,0,0,-0.0144773333333333
10.82,-2.67104585708982,1.78214948067392,0.0807041977777778,0,0,-0.0144393333333333
10.83,-2.67104585708982,1.78214948067392,0.08056,0,0,-0.0144
10.84,-2.67104585708982,1.78214948067392,0.0804162022222222,0,0,-0.0143593333333333
10.85,-2.67104585708982,1.78214948067392,0.0802728177777778,0,0,-0.0143173333333333
10.86,-2.67104585708982,1.78214948067392,0.08012986,0,0,-0.014274
10.87,-2.67104585708982,1.78214948067392,0.0799873422222222,0,0,-0.0142293333333333
10.88,-2.67104585708982,1.78214948067392,0.0798452777777778,0,0,-0.0141833333333333
10.89,-2.67104585708982,1.78214948067392,0.07970368,0,0,-0.014136
10.9,-2.67104585708982,1.78214948067392,0.0795625622222222,0,0,-0.0140873333333333
10.91,-2.67104585708982,1.78214948067392,0.0794219377777778,0,0,-0.0140373333333333
10.92,-2.67104585708982,1.78214948067392,0.07928182,0,0,-0.013986
10.93,-2.67104585708982,1.78214948067392,0.0791422222222222,0,0,-0.0139333333333333
10.94,-2.67104585708982,1.78214948067392,0.0790031577777778,0,0,-0.0138793333333333
10.95,-2.67104585708982,1.78214948067392,0.07886464,0,0,-0.013824
10.96,-2.67104585708982,1.78214948067392,0.0787266822222222,0,0,-0.0137673333333333
10.97,-2.67104585708982,1.78214948067392,0.0785892977777778,0,0,-0.0137093333333333
10.98,-2.67104585708982,1.78214948067392,0.0784525,0,0,-0.01365
10.99,-2.67104585708982,1.78214948067392,0.0783163022222222,0,0,-0.0135893333333333
11,-2.67104585708982,1.78214948067392,0.0781807177777778,0,0,-0.0135273333333333
11.01,-2.67104585708982,1.78214948067392,0.07804576,0,0,-0.013464
11.02,-2.67104585708982,1.78214948067392,0.0779114422222222,0,0,-0.0133993333333333
11.03,-2.67104585708982,1.78214948067392,0.0777777777777778,0,0,-0.0133333333333333
11.04,-2.67104585708982,1.78214948067392,0.07764478,0,0,-0.013266
11.05,-2.67104585708982,1.78214948067392,0.0775124622222222,0,0,-0.0131973333333333
11.06,-2.67104585708982,1.78214948067392,0.0773808377777778,0,0,-0.0131273333333333
11.07,-2.67104585708982,1.78214948067392,0.07724992,0,0,-0.013056
11.08,-2.67104585708982,1.78214948067392,0.0771197222222222,0,0,-0.0129833333333333
11.09,-2.67104585708982,1.78214948067392,0.0769902577777778,0,0,-0.0129093333333333
11.1,-2.67104585708982,1.78214948067392,0.07686154,0,0,-0.012834
11.11,-2.67104585708982,1.78214948067392,0.0767335822222222,0,0,-0.0127573333333333
11.12,-2.67104585708982,1.78214948067392,0.0766063977777778,0,0,-0.0126793333333333
11.13,-2.67104585708982,1.78214948067392,0.07648,0,0,-0.0126
11.14,-2.67104585708982,1.78214948067392,0.0763544022222222,0,0,-0.0125193333333333
11.15,-2.67104585708982,1.78214948067392,0.0762296177777778,0,0,-0.0124373333333333
11.16,-2.67104585708982,1.78214948067392,0.07610566,0,0,-0.012354
11.17,-2.67104585708982,1.78214948067392,0.0759825422222222,0,0,-0.0122693333333333
11.18,-2.67104585708982,1.78214948067392,0.0758602777777778,0,0,-0.0121833333333333
11.19,-2.67104585708982,1.78214948067392,0.07573888,0,0,-0.012096
11.2,-2.67104585708982,1.78214948067392,0.0756183622222222,0,0,-0.0120073333333333
11.21,-2.67104585708982,1.78214948067392,0.0754987377777778,0,0,-0.0119173333333333
11.22,-2.67104585708982,1.78214948067392,0.07538002,0,0,-0.011826
11.23,-2.67104585708982,1.78214948067392,0.0752622222222222,0,0,-0.0117333333333333
11.24,-2.67104585708982,1.78214948067392,0.0751453577777778,0,0,-0.0116393333333333
11.25,-2.67104585708982,1.78214948067392,0.07502944,0,0,-0.011544
11.26,-2.67104585708982,1.78214948067392,0.0749144822222222,0,0,-0.0114473333333333
11.27,-2.67104585708982,1.78214948067392,0.0748004977777778,0,0,-0.0113493333333333
11.28,-2.67104585708982,1.78214948067392,0.0746875,0,0,-0.01125
11.29,-2.67104585708982,1.78214948067392,0.0745755022222222,0,0,-0.0111493333333333
11.3,-2.67104585708982,1.78214948067392,0.0744645177777778,0,0,-0.0110473333333333
11.31,-2.67104585708982,1.78214948067392,0.07435456,0,0,-0.010944
11.32,-2.67104585708982,1.78214948067392,0.0742456422222222,0,0,-0.0108393333333333
11.33,-2.67104585708982,1.78214948067392,0.0741377777777778,0,0,-0.0107333333333333
11.34,-2.67104585708982,1.78214948067392,0.07403098,0,0,-0.010626
11.35,-2.67104585708982,1.78214948067392,0.0739252622222222,0,0,-0.0105173333333333
11.36,-2.67104585708982,1.78214948067392,0.0738206377777778,0,0,-0.0104073333333333
11.37,-2.67104585708982,1.78214948067392,0.07371712,0,0,-0.010296
11.38,-2.67104585708982,1.78214948067392,0.0736147222222222,0,0,-0.0101833333333333
11.39,-2.67104585708982,1.78214948067392,0.0735134577777778,0,0,-0.0100693333333333
11.4,-2.67104585708982,1.78214948067392,0.07341334,0,0,-0.009954
11.41,-2.67104585708982,1.78214948067392,0.0733143822222222,0,0,-0.00983733333333334
11.42,-2.67104585708982,1.78214948067392,0.0732165977777778,0,0,-0.00971933333333334
11.43,-2.67104585708982,1.78214948067392,0.07312,0,0,-0.0096
11.44,-2.67104585708982,1.78214948067392,0.0730246022222222,0,0,-0.00947933333333334
11.45,-2.67104585708982,1.78214948067392,0.0729304177777778,0,0,-0.00935733333333334
11.46,-2.67104585708982,1.78214948067392,0.07283746,0,0,-0.00923400000000001
11.47,-2.67104585708982,1.78214948067392,0.0727457422222222,0,0,-0.00910933333333334
11.48,-2.67104585708982,1.78214948067392,0.0726552777777778,0,0,-0.00898333333333333
11.49,-2.67104585708982,1.78214948067392,0.07256608,0,0,-0.008856
11.5,-2.67104585708982,1.78214948067392,0.0724781622222222,0,0,-0.00872733333333334
11.51,-2.67104585708982,1.78214948067392,0.0723915377777778,0,0,-0.00859733333333333
11.52,-2.67104585708982,1.78214948067392,0.07230622,0,0,-0.008466
11.53,-2.67104585708982,1.78214948067392,0.0722222222222222,0,0,-0.00833333333333334
11.54,-2.67104585708982,1.78214948067392,0.0721395577777778,0,0,-0.00819933333333334
11.55,-2.67104585708982,1.78214948067392,0.07205824,0,0,-0.008064
11.56,-2.67104585708982,1.78214948067392,0.0719782822222222,0,0,-0.00792733333333334
11.57,-2.67104585708982,1.78214948067392,0.0718996977777778,0,0,-0.00778933333333334
11.58,-2.67104585708982,1.78214948067392,0.0718225,0,0,-0.00765
11.59,-2.67104585708982,1.78214948067392,0.0717467022222222,0,0,-0.00750933333333333
11.6,-2.67104585708982,1.78214948067392,0.0716723177777778,0,0,-0.00736733333333334
11.61,-2.67104585708982,1.78214948067392,0.07159936,0,0,-0.007224
11.62,-2.67104585708982,1.78214948067392,0.0715278422222222,0,0,-0.00707933333333334
11.63,-2.67104585708982,1.78214948067392,0.0714577777777778,0,0,-0.00693333333333333
11.64,-2.67104585708982,1.78214948067392,0.07138918,0,0,-0.00678600000000001
11.65,-2.67104585708982,1.78214948067392,0.0713220622222222,0,0,-0.00663733333333334
11.66,-2.67104585708982,1.78214948067392,0.0712564377777778,0,0,-0.00648733333333334
11.67,-2.67104585708982,1.78214948067392,0.07119232,0,0,-0.00633600000000001
11.68,-2.67104585708982,1.78214948067392,0.0711297222222222,0,0,-0.00618333333333333
11.69,-2.67104585708982,1.78214948067392,0.0710686577777778,0,0,-0.00602933333333334
11.7,-2.67104585708982,1.78214948067392,0.07100914,0,0,-0.005874
11.71,-2.67104585708982,1.78214948067392,0.0709511822222222,0,0,-0.00571733333333333
11.72,-2.67104585708982,1.78214948067392,0.0708947977777778,0,0,-0.00555933333333334
11.73,-2.67104585708982,1.78214948067392,0.07084,0,0,-0.0054
11.74,-2.67104585708982,1.78214948067392,0.0707868022222222,0,0,-0.00523933333333333
11.75,-2.67104585708982,1.78214948067392,0.0707352177777778,0,0,-0.00507733333333334
11.76,-2.67104585708982,1.78214948067392,0.07068526,0,0,-0.00491400000000001
11.77,-2.67104585708982,1.78214948067392,0.0706369422222222,0,0,-0.00474933333333334
11.78,-2.67104585708982,1.78214948067392,0.0705902777777778,0,0,-0.00458333333333334
11.79,-2.67104585708982,1.78214948067392,0.07054528,0,0,-0.00441600000000001
11.8,-2.67104585708982,1.78214948067392,0.0705019622222222,0,0,-0.00424733333333334
11.81,-2.67104585708982,1.78214948067392,0.0704603377777778,0,0,-0.00407733333333334
11.82,-2.67104585708982,1.78214948067392,0.07042042,0,0,-0.003906
11.83,-2.67104585708982,1.78214948067392,0.0703822222222222,0,0,-0.00373333333333334
11.84,-2.67104585708982,1.78214948067392,0.0703457577777778,0,0,-0.00355933333333333
11.85,-2.67104585708982,1.78214948067392,0.07031104,0,0,-0.00338400000000001
11.86,-2.67104585708982,1.78214948067392,0.0702780822222222,0,0,-0.00320733333333334
11.87,-2.67104585708982,1.78214948067392,0.0702468977777778,0,0,-0.00302933333333334
11.88,-2.67104585708982,1.78214948067392,0.0702175,0,0,-0.00285000000000001
11.89,-2.67104585708982,1.78214948067392,0.0701899022222222,0,0,-0.00266933333333334
11.9,-2.67104585708982,1.78214948067392,0.0701641177777778,0,0,-0.00248733333333334
11.91,-2.67104585708982,1.78214948067392,0.07014016,0,0,-0.00230400000000001
11.92,-2.67104585708982,1.78214948067392,0.0701180422222222,0,0,-0.00211933333333334
11.93,-2.67104585708982,1.78214948067392,0.0700977777777778,0,0,-0.00193333333333334
11.94,-2.67104585708982,1.78214948067392,0.07007938,0,0,-0.001746
11.95,-2.67104585708982,1.78214948067392,0.0700628622222222,0,0,-0.00155733333333335
11.96,-2.67104585708982,1.78214948067392,0.0700482377777778,0,0,-0.00136733333333334
11.97,-2.67104585708982,1.78214948067392,0.07003552,0,0,-0.001176
11.98,-2.67104585708982,1.78214948067392,0.0700247222222222,0,0,-0.000983333333333336
11.99,-2.67104585708982,1.78214948067392,0.0700158577777778,0,0,-0.000789333333333343
12,-2.67104585708982,1.78214948067392,0.07000894,0,0,-0.000593999999999997
12.01,-2.67104585708982,1.78214948067392,0.0700039822222222,0,0,-0.00039733333333334
12.02,-2.67104585708982,1.78214948067392,0.0700009977777778,0,0,-0.000199333333333336
12.03,-2.67104585708982,1.78214948067392,0.07,0,0,0
12.04,-2.67104585708982,1.78214948067392,0.07,0,0,0
12.05,-2.67104585708982,1.78214948067392,0.0700009977777778,0,0,0.000199333333333333
12.06,-2.67104585708982,1.78214948067392,0.0700039822222222,0,0,0.000397333333333333
12.07,-2.67104585708982,1.78214948067392,0.07000894,0,0,0.000594
12.08,-2.67104585708982,1.78214948067392,0.0700158577777778,0,0,0.000789333333333333
12.09,-2.67104585708982,1.78214948067392,0.0700247222222222,0,0,0.000983333333333333
12.1,-2.67104585708982,1.78214948067392,0.07003552,0,0,0.001176
12.11,-2.67104585708982,1.78214948067392,0.0700482377777778,0,0,0.00136733333333333
12.12,-2.67104585708982,1.78214948067392,0.0700628622222222,0,0,0.00155733333333333
12.13,-2.67104585708982,1.78214948067392,0.07007938,0,0,0.001746
12.14,-2.67104585708982,1.78214948067392,0.0700977777777778,0,0,0.00193333333333333
12.15,-2.67104585708982,1.78214948067392,0.0701180422222222,0,0,0.00211933333333333
12.16,-2.67104585708982,1.78214948067392,0.07014016,0,0,0.002304
12.17,-2.67104585708982,1.78214948067392,0.0701641177777778,0,0,0.00248733333333333
12.18,-2.67104585708982,1.78214948067392,0.0701899022222222,0,0,0.00266933333333333
12.19,-2.67104585708982,1.78214948067392,0.0702175,0,0,0.00285
12.2,-2.67104585708982,1.78214948067392,0.0702468977777778,0,0,0.00302933333333333
12.21,-2.67104585708982,1.78214948067392,0.0702780822222222,0,0,0.00320733333333333
12.22,-2.67104585708982,1.78214948067392,0.07031104,0,0,0.003384
12.23,-2.67104585708982,1.78214948067392,0.0703457577777778,0,0,0.00355933333333333
12.24,-2.67104585708982,1.78214948067392,0.0703822222222222,0,0,0.00373333333333333
12.25,-2.67104585708982,1.78214948067392,0.07042042,0,0,0.003906
12.26,-2.67104585708982,1.78214948067392,0.0704603377777778,0,0,0.00407733333333333
12.27,-2.67104585708982,1.78214948067392,0.0705019622222222,0,0,0.00424733333333333
12.28,-2.67104585708982,1.78214948067392,0.07054528,0,0,0.004416
12.29,-2.67104585708982,1.78214948067392,0.0705902777777778,0,0,0.00458333333333333
12.3,-2.67104585708982,1.78214948067392,0.0706369422222222,0,0,0.00474933333333333
12.31,-2.67104585708982,1.78214948067392,0.07068526,0,0,0.004914
12.32,-2.67104585708982,1.78214948067392,0.0707352177777778,0,0,0.00507733333333333
12.33,-2.67104585708982,1.78214948067392,0.0707868022222222,0,0,0.00523933333333333
12.34,-2.67104585708982,1.78214948067392,0.07084,0,0,0.0054
12.35,-2.67104585708982,1.78214948067392,0.0708947977777778,0,0,0.00555933333333333
12.36,-2.67104585708982,1.78214948067392,0.0709511822222222,0,0,0.00571733333333333
12.37,-2.67104585708982,1.78214948067392,0.07100914,0,0,0.005874
12.38,-2.67104585708982,1.78214948067392,0.0710686577777778,0,0,0.00602933333333333
12.39,-2.67104585708982,1.78214948067392,0.0711297222222222,0,0,0.00618333333333333
12.4,-2.67104585708982,1.78214948067392,0.07119232,0,0,0.006336
12.41,-2.67104585708982,1.78214948067392,0.0712564377777778,0,0,0.00648733333333333
12.42,-2.67104585708982,1.78214948067392,0.0713220622222222,0,0,0.00663733333333333
12.43,-2.67104585708982,1.78214948067392,0.07138918,0,0,0.006786
12.44,-2.67104585708982,1.78214948067392,0.0714577777777778,0,0,0.00693333333333333
12.45,-2.67104585708982,1.78214948067392,0.0715278422222222,0,0,0.00707933333333333
12.46,-2.67104585708982,1.78214948067392,0.07159936,0,0,0.007224
12.47,-2.67104585708982,1.78214948067392,0.0716723177777778,0,0,0.00736733333333333
12.48,-2.67104585708982,1.78214948067392,0.0717467022222222,0,0,0.00750933333333333
12.49,-2.67104585708982,1.78214948067392,0.0718225,0,0,0.00765
12.5,-2.67104585708982,1.78214948067392,0.0718996977777778,0,0,0.00778933333333333
12.51,-2.67104585708982,1.78214948067392,0.0719782822222222,0,0,0.00792733333333333
12.52,-2.67104585708982,1.78214948067392,0.07205824,0,0,0.008064
12.53,-2.67104585708982,1.78214948067392,0.0721395577777778,0,0,0.00819933333333333
12.54,-2.67104585708982,1.78214948067392,0.0722222222222222,0,0,0.00833333333333333
12.55,-2.67104585708982,1.78214948067392,0.07230622,0,0,0.008466
12.56,-2.67104585708982,1.78214948067392,0.0723915377777778,0,0,0.00859733333333334
12.57,-2.67104585708982,1.78214948067392,0.0724781622222222,0,0,0.00872733333333333
12.58,-2.67104585708982,1.78214948067392,0.07256608,0,0,0.008856
12.59,-2.67104585708982,1.78214948067392,0.0726552777777778,0,0,0.00898333333333333
12.6,-2.67104585708982,1.78214948067392,0.0727457422222222,0,0,0.00910933333333333
12.61,-2.67104585708982,1.78214948067392,0.07283746,0,0,0.009234
12.62,-2.67104585708982,1.78214948067392,0.0729304177777778,0,0,0.00935733333333333
12.63,-2.67104585708982,1.78214948067392,0.0730246022222222,0,0,0.00947933333333333
12.64,-2.67104585708982,1.78214948067392,0.07312,0,0,0.0096
12.65,-2.67104585708982,1.78214948067392,0.0732165977777778,0,0,0.00971933333333333
12.66,-2.67104585708982,1.78214948067392,0.0733143822222222,0,0,0.00983733333333333
12.67,-2.67104585708982,1.78214948067392,0.07341334,0,0,0.009954
12.68,-2.67104585708982,1.78214948067392,0.0735134577777778,0,0,0.0100693333333333
12.69,-2.67104585708982,1.78214948067392,0.0736147222222222,0,0,0.0101833333333333
12.7,-2.67104585708982,1.78214948067392,0.07371712,0,0,0.010296
12.71,-2.67104585708982,1.78214948067392,0.0738206377777778,0,0,0.0104073333333333
12.72,-2.67104585708982,1.78214948067392,0.0739252622222222,0,0,0.0105173333333333
12.73,-2.67104585708982,1.78214948067392,0.07403098,0,0,0.010626
12.74,-2.67104585708982,1.78214948067392,0.0741377777777778,0,0,0.0107333333333333
12.75,-2.67104585708982,1.78214948067392,0.0742456422222222,0,0,0.0108393333333333
12.76,-2.67104585708982,1.78214948067392,0.07435456,0,0,0.010944
12.77,-2.67104585708982,1.78214948067392,0.0744645177777778,0,0,0.0110473333333333
12.78,-2.67104585708982,1.78214948067392,0.0745755022222222,0,0,0.0111493333333333
12.79,-2.67104585708982,1.78214948067392,0.0746875,0,0,0.01125
12.8,-2.67104585708982,1.78214948067392,0.0748004977777778,0,0,0.0113493333333333
12.81,-2.67104585708982,1.78214948067392,0.0749144822222222,0,0,0.0114473333333333
12.82,-2.67104585708982,1.78214948067392,0.07502944,0,0,0.011544
12.83,-2.67104585708982,1.78214948067392,0.0751453577777778,0,0,0.0116393333333333
12.84,-2.67104585708982,1.78214948067392,0.0752622222222222,0,0,0.0117333333333333
12.85,-2.67104585708982,1.78214948067392,0.07538002,0,0,0.011826
12.86,-2.67104585708982,1.78214948067392,0.0754987377777778,0,0,0.0119173333333333
12.87,-2.67104585708982,1.78214948067392,0.0756183622222222,0,0,0.0120073333333333
12.88,-2.67104585708982,1.78214948067392,0.07573888,0,0,0.012096
12.89,-2.67104585708982,1.78214948067392,0.0758602777777778,0,0,0.0121833333333333
12.9,-2.67104585708982,1.78214948067392,0.0759825422222222,0,0,0.0122693333333333
12.91,-2.67104585708982,1.78214948067392,0.07610566,0,0,0.012354
12.92,-2.67104585708982,1.78214948067392,0.0762296177777778,0,0,0.0124373333333333
12.93,-2.67104585708982,1.78214948067392,0.0763544022222222,0,0,0.0125193333333333
12.94,-2.67104585708982,1.78214948067392,0.07648,0,0,0.0126
12.95,-2.67104585708982,1.78214948067392,0.0766063977777778,0,0,0.0126793333333333
12.96,-2.67104585708982,1.78214948067392,0.0767335822222222,0,0,0.0127573333333333
12.97,-2.67104585708982,1.78214948067392,0.07686154,0,0,0.012834
12.98,-2.67104585708982,1.78214948067392,0.0769902577777778,0,0,0.0129093333333333
12.99,-2.67104585708982,1.78214948067392,0.0771197222222222,0,0,0.0129833333333333
13,-2.67104585708982,1.78214948067392,0.07724992,0,0,0.013056
13.01,-2.67104585708982,1.78214948067392,0.0773808377777778,0,0,0.0131273333333333
13.02,-2.67104585708982,1.78214948067392,0.0775124622222222,0,0,0.0131973333333333
13.03,-2.67104585708982,1.78214948067392,0.07764478,0,0,0.013266
13.04,-2.67104585708982,1.78214948067392,0.0777777777777778,0,0,0.0133333333333333
13.05,-2.67104585708982,1.78214948067392,0.0779114422222222,0,0,0.0133993333333333
13.06,-2.67104585708982,1.78214948067392,0.07804576,0,0,0.013464
13.07,-2.67104585708982,1.78214948067392,0.0781807177777778,0,0,0.0135273333333333
13.08,-2.67104585708982,1.78214948067392,0.0783163022222222,0,0,0.0135893333333333
13.09,-2.67104585708982,1.78214948067392,0.0784525,0,0,0.01365
13.1,-2.67104585708982,1.78214948067392,0.0785892977777778,0,0,0.0137093333333333
13.11,-2.67104585708982,1.78214948067392,0.0787266822222222,0,0,0.0137673333333333
13.12,-2.67104585708982,1.78214948067392,0.07886464,0,0,0.013824
13.13,-2.67104585708982,1.78214948067392,0.0790031577777778,0,0,0.0138793333333333
13.14,-2.67104585708982,1.78214948067392,0.0791422222222222,0,0,0.0139333333333333
13.15,-2.67104585708982,1.78214948067392,0.07928182,0,0,0.013986
13.16,-2.67104585708982,1.78214948067392,0.0794219377777778,0,0,0.0140373333333333
13.17,-2.67104585708982,1.78214948067392,0.0795625622222222,0,0,0.0140873333333333
13.18,-2.67104585708982,1.78214948067392,0.07970368,0,0,0.014136
13.19,-2.67104585708982,1.78214948067392,0.0798452777777778,0,0,0.0141833333333333
13.2,-2.67104585708982,1.78214948067392,0.0799873422222222,0,0,0.0142293333333333
13.21,-2.67104585708982,1.78214948067392,0.08012986,0,0,0.014274
13.22,-2.67104585708982,1.78214948067392,0.0802728177777778,0,0,0.0143173333333333
13.23,-2.67104585708982,1.78214948067392,0.0804162022222222,0,0,0.0143593333333333
13.24,-2.67104585708982,1.78214948067392,0.08056,0,0,0.0144
13.25,-2.67104585708982,1.78214948067392,0.0807041977777778,0,0,0.0144393333333333
13.26,-2.67104585708982,1.78214948067392,0.0808487822222222,0,0,0.0144773333333333
13.27,-2.67104585708982,1.78214948067392,0.08099374,0,0,0.014514
13.28,-2.67104585708982,1.78214948067392,0.0811390577777778,0,0,0.0145493333333333
13.29,-2.67104585708982,1.78214948067392,0.0812847222222222,0,0,0.0145833333333333
13.3,-2.67104585708982,1.78214948067392,0.08143072,0,0,0.014616
13.31,-2.67104585708982,1.78214948067392,0.0815770377777778,0,0,0.0146473333333333
13.32,-2.67104585708982,1.78214948067392,0.0817236622222222,0,0,0.0146773333333333
13.33,-2.67104585708982,1.78214948067392,0.08187058,0,0,0.014706
13.34,-2.67104585708982,1.78214948067392,0.0820177777777778,0,0,0.0147333333333333
13.35,-2.67104585708982,1.78214948067392,0.0821652422222222,0,0,0.0147593333333333
13.36,-2.67104585708982,1.78214948067392,0.08231296,0,0,0.014784
13.37,-2.67104585708982,1.78214948067392,0.0824609177777778,0,0,0.0148073333333333
13.38,-2.67104585708982,1.78214948067392,0.0826091022222222,0,0,0.0148293333333333
13.39,-2.67104585708982,1.78214948067392,0.0827575,0,0,0.01485
13.4,-2.67104585708982,1.78214948067392,0.0829060977777778,0,0,0.0148693333333333
13.41,-2.67104585708982,1.78214948067392,0.0830548822222222,0,0,0.0148873333333333
13.42,-2.67104585708982,1.78214948067392,0.08320384,0,0,0.014904
13.43,-2.67104585708982,1.78214948067392,0.0833529577777778,0,0,0.0149193333333333
13.44,-2.67104585708982,1.78214948067392,0.0835022222222222,0,0,0.0149333333333333
13.45,-2.67104585708982,1.78214948067392,0.08365162,0,0,0.014946
13.46,-2.67104585708982,1.78214948067392,0.0838011377777778,0,0,0.0149573333333333
13.47,-2.67104585708982,1.78214948067392,0.0839507622222222,0,0,0.0149673333333333
13.48,-2.67104585708982,1.78214948067392,0.08410048,0,0,0.014976
13.49,-2.67104585708982,1.78214948067392,0.0842502777777778,0,0,0.0149833333333333
13.5,-2.67104585708982,1.78214948067392,0.0844001422222222,0,0,0.0149893333333333
13.51,-2.67104585708982,1.78214948067392,0.08455006,0,0,0.014994
13.52,-2.67104585708982,1.78214948067392,0.0847000177777778,0,0,0.0149973333333333
13.53,-2.67104585708982,1.78214948067392,0.0848500022222222,0,0,0.0149993333333333
13.54,-2.67104585708982,1.78214948067392,0.085,0,0,0.015
13.55,-2.67104585708982,1.78214948067392,0.0851499977777778,0,0,0.0149993333333333
13.56,-2.67104585708982,1.78214948067392,0.0852999822222222,0,0,0.0149973333333333
13.57,-2.67104585708982,1.78214948067392,0.08544994,0,0,0.014994
13.58,-2.67104585708982,1.78214948067392,0.0855998577777778,0,0,0.0149893333333333
13.59,-2.67104585708982,1.78214948067392,0.0857497222222222,0,0,0.0149833333333333
13.6,-2.67104585708982,1.78214948067392,0.08589952,0,0,0.014976
13.61,-2.67104585708982,1.78214948067392,0.0860492377777778,0,0,0.0149673333333333
13.62,-2.67104585708982,1.78214948067392,0.0861988622222222,0,0,0.0149573333333333
13.63,-2.67104585708982,1.78214948067392,0.08634838,0,0,0.014946
13.64,-2.67104585708982,1.78214948067392,0.0864977777777778,0,0,0.0149333333333333
13.65,-2.67104585708982,1.78214948067392,0.0866470422222222,0,0,0.0149193333333333
13.66,-2.67104585708982,1.78214948067392,0.08679616,0,0,0.014904
13.67,-2.67104585708982,1.78214948067392,0.0869451177777778,0,0,0.0148873333333333
13.68,-2.67104585708982,1.78214948067392,0.0870939022222222,0,0,0.0148693333333333
13.69,-2.67104585708982,1.78214948067392,0.0872425,0,0,0.01485
13.7,-2.67104585708982,1.78214948067392,0.0873908977777778,0,0,0.0148293333333333
13.71,-2.67104585708982,1.78214948067392,0.0875390822222222,0,0,0.0148073333333333
13.72,-2.67104585708982,1.78214948067392,0.08768704,0,0,0.014784
13.73,-2.67104585708982,1.78214948067392,0.0878347577777778,0,0,0.0147593333333333
13.74,-2.67104585708982,1.78214948067392,0.0879822222222222,0,0,0.0147333333333333
13.75,-2.67104585708982,1.78214948067392,0.08812942,0,0,0.014706
13.76,-2.67104585708982,1.78214948067392,0.0882763377777778,0,0,0.0146773333333333
13.77,-2.67104585708982,1.78214948067392,0.0884229622222222,0,0,0.0146473333333333
13.78,-2.67104585708982,1.78214948067392,0.08856928,0,0,0.014616
13.79,-2.67104585708982,1.78214948067392,0.0887152777777778,0,0,0.0145833333333333
13.8,-2.67104585708982,1.78214948067392,0.0888609422222222,0,0,0.0145493333333333
13.81,-2.67104585708982,1.78214948067392,0.08900626,0,0,0.014514
13.82,-2.67104585708982,1.78214948067392,0.0891512177777778,0,0,0.0144773333333333
13.83,-2.67104585708982,1.78214948067392,0.0892958022222222,0,0,0.0144393333333333
13.84,-2.67104585708982,1.78214948067392,0.08944,0,0,0.0144
13.85,-2.67104585708982,1.78214948067392,0.0895837977777778,0,0,0.0143593333333333
13.86,-2.67104585708982,1.78214948067392,0.0897271822222222,0,0,0.0143173333333333
13.87,-2.67104585708982,1.78214948067392,0.08987014,0,0,0.014274
13.88,-2.67104585708982,1.78214948067392,0.0900126577777778,0,0,0.0142293333333333
13.89,-2.67104585708982,1.78214948067392,0.0901547222222222,0,0,0.0141833333333333
13.9,-2.67104585708982,1.78214948067392,0.09029632,0,0,0.014136
13.91,-2.67104585708982,1.78214948067392,0.0904374377777778,0,0,0.0140873333333333
13.92,-2.67104585708982,1.78214948067392,0.0905780622222222,0,0,0.0140373333333333
13.93,-2.67104585708982,1.78214948067392,0.09071818,0,0,0.013986
13.94,-2.67104585708982,1.78214948067392,0.0908577777777778,0,0,0.0139333333333333
13.95,-2.67104585708982,1.78214948067392,0.0909968422222222,0,0,0.0138793333333333
13.96,-2.67104585708982,1.78214948067392,0.09113536,0,0,0.013824
13.97,-2.67104585708982,1.78214948067392,0.0912733177777778,0,0,0.0137673333333333
13.98,-2.67104585708982,1.78214948067392,0.0914107022222222,0,0,0.0137093333333333
13.99,-2.67104585708982,1.78214948067392,0.0915475,0,0,0.01365
14,-2.67104585708982,1.78214948067392,0.0916836977777778,0,0,0.0135893333333333
14.01,-2.67104585708982,1.78214948067392,0.0918192822222222,0,0,0.0135273333333333
14.02,-2.67104585708982,1.78214948067392,0.09195424,0,0,0.013464
14.03,-2.67104585708982,1.78214948067392,0.0920885577777778,0,0,0.0133993333333333
14.04,-2.67104585708982,1.78214948067392,0.0922222222222222,0,0,0.0133333333333333
14.05,-2.67104585708982,1.78214948067392,0.09235522,0,0,0.013266
14.06,-2.67104585708982,1.78214948067392,0.0924875377777778,0,0,0.0131973333333333
14.07,-2.67104585708982,1.78214948067392,0.0926191622222222,0,0,0.0131273333333333
14.08,-2.67104585708982,1.78214948067392,0.09275008,0,0,0.013056
14.09,-2.67104585708982,1.78214948067392,0.0928802777777778,0,0,0.0129833333333333
14.1,-2.67104585708982,1.78214948067392,0.0930097422222222,0,0,0.0129093333333333
14.11,-2.67104585708982,1.78214948067392,0.09313846,0,0,0.012834
14.12,-2.67104585708982,1.78214948067392,0.0932664177777778,0,0,0.0127573333333333
14.13,-2.67104585708982,1.78214948067392,0.0933936022222222,0,0,0.0126793333333333
14.14,-2.67104585708982,1.78214948067392,0.09352,0,0,0.0126
14.15,-2.67104585708982,1.78214948067392,0.0936455977777778,0,0,0.0125193333333333
14.16,-2.67104585708982,1.78214948067392,0.0937703822222222,0,0,0.0124373333333333
14.17,-2.67104585708982,1.78214948067392,0.09389434,0,0,0.012354
14.18,-2.67104585708982,1.78214948067392,0.0940174577777778,0,0,0.0122693333333333
14.19,-2.67104585708982,1.78214948067392,0.0941397222222222,0,0,0.0121833333333333
14.2,-2.67104585708982,1.78214948067392,0.09426112,0,0,0.012096
14.21,-2.67104585708982,1.78214948067392,0.0943816377777778,0,0,0.0120073333333333
14.22,-2.67104585708982,1.78214948067392,0.0945012622222222,0,0,0.0119173333333333
14.23,-2.67104585708982,1.78214948067392,0.09461998,0,0,0.011826
14.24,-2.67104585708982,1.78214948067392,0.0947377777777778,0,0,0.0117333333333333
14.25,-2.67104585708982,1.78214948067392,0.0948546422222222,0,0,0.0116393333333333
14.26,-2.67104585708982,1.78214948067392,0.09497056,0,0,0.011544
14.27,-2.67104585708982,1.78214948067392,0.0950855177777778,0,0,0.0114473333333333
14.28,-2.67104585708982,1.78214948067392,0.0951995022222222,0,0,0.0113493333333333
14.29,-2.67104585708982,1.78214948067392,0.0953125,0,0,0.01125
14.3,-2.67104585708982,1.78214948067392,0.0954244977777778,0,0,0.0111493333333333
14.31,-2.67104585708982,1.78214948067392,0.0955354822222222,0,0,0.0110473333333333
14.32,-2.67104585708982,1.78214948067392,0.09564544,0,0,0.010944
14.33,-2.67104585708982,1.78214948067392,0.0957543577777778,0,0,0.0108393333333333
14.34,-2.67104585708982,1.78214948067392,0.0958622222222222,0,0,0.0107333333333333
14.35,-2.67104585708982,1.78214948067392,0.09596902,0,0,0.010626
14.36,-2.67104585708982,1.78214948067392,0.0960747377777778,0,0,0.0105173333333333
14.37,-2.67104585708982,1.78214948067392,0.0961793622222222,0,0,0.0104073333333333
14.38,-2.67104585708982,1.78214948067392,0.09628288,0,0,0.010296
14.39,-2.67104585708982,1.78214948067392,0.0963852777777778,0,0,0.0101833333333333
14.4,-2.67104585708982,1.78214948067392,0.0964865422222222,0,0,0.0100693333333333
14.41,-2.67104585708982,1.78214948067392,0.09658666,0,0,0.009954
14.42,-2.67104585708982,1.78214948067392,0.0966856177777778,0,0,0.00983733333333334
14.43,-2.67104585708982,1.78214948067392,0.0967834022222222,0,0,0.00971933333333334
14.44,-2.67104585708982,1.78214948067392,0.09688,0,0,0.0096
14.45,-2.67104585708982,1.78214948067392,0.0969753977777778,0,0,0.00947933333333334
14.46,-2.67104585708982,1.78214948067392,0.0970695822222222,0,0,0.00935733333333334
14.47,-2.67104585708982,1.78214948067392,0.09716254,0,0,0.00923400000000001
14.48,-2.67104585708982,1.78214948067392,0.0972542577777778,0,0,0.00910933333333334
14.49,-2.67104585708982,1.78214948067392,0.0973447222222222,0,0,0.00898333333333333
14.5,-2.67104585708982,1.78214948067392,0.09743392,0,0,0.008856
14.51,-2.67104585708982,1.78214948067392,0.0975218377777778,0,0,0.00872733333333334
14.52,-2.67104585708982,1.78214948067392,0.0976084622222222,0,0,0.00859733333333333
14.53,-2.67104585708982,1.78214948067392,0.09769378,0,0,0.008466
14.54,-2.67104585708982,1.78214948067392,0.0977777777777778,0,0,0.00833333333333334
14.55,-2.67104585708982,1.78214948067392,0.0978604422222222,0,0,0.00819933333333334
14.56,-2.67104585708982,1.78214948067392,0.09794176,0,0,0.008064
14.57,-2.67104585708982,1.78214948067392,0.0980217177777778,0,0,0.00792733333333334
14.58,-2.67104585708982,1.78214948067392,0.0981003022222222,0,0,0.00778933333333334
14.59,-2.67104585708982,1.78214948067392,0.0981775,0,0,0.00765
14.6,-2.67104585708982,1.78214948067392,0.0982532977777778,0,0,0.00750933333333333
14.61,-2.67104585708982,1.78214948067392,0.0983276822222222,0,0,0.00736733333333334
14.62,-2.67104585708982,1.78214948067392,0.09840064,0,0,0.007224
14.63,-2.67104585708982,1.78214948067392,0.0984721577777778,0,0,0.00707933333333334
14.64,-2.67104585708982,1.78214948067392,0.0985422222222222,0,0,0.00693333333333333
14.65,-2.67104585708982,1.78214948067392,0.09861082,0,0,0.00678600000000001
14.66,-2.67104585708982,1.78214948067392,0.0986779377777778,0,0,0.00663733333333334
14.67,-2.67104585708982,1.78214948067392,0.0987435622222222,0,0,0.00648733333333334
14.68,-2.67104585708982,1.78214948067392,0.09880768,0,0,0.00633600000000001
14.69,-2.67104585708982,1.78214948067392,0.0988702777777778,0,0,0.00618333333333333
14.7,-2.67104585708982,1.78214948067392,0.0989313422222222,0,0,0.00602933333333334
14.71,-2.67104585708982,1.78214948067392,0.09899086,0,0,0.005874
14.72,-2.67104585708982,1.78214948067392,0.0990488177777778,0,0,0.00571733333333333
14.73,-2.67104585708982,1.78214948067392,0.0991052022222222,0,0,0.00555933333333334
14.74,-2.67104585708982,1.78214948067392,0.09916,0,0,0.0054
14.75,-2.67104585708982,1.78214948067392,0.0992131977777778,0,0,0.00523933333333333
14.76,-2.67104585708982,1.78214948067392,0.0992647822222222,0,0,0.00507733333333334
14.77,-2.67104585708982,1.78214948067392,0.09931474,0,0,0.00491400000000001
14.78,-2.67104585708982,1.78214948067392,0.0993630577777778,0,0,0.00474933333333334
14.79,-2.67104585708982,1.78214948067392,0.0994097222222222,0,0,0.00458333333333334
14.8,-2.67104585708982,1.78214948067392,0.09945472,0,0,0.00441600000000001
14.81,-2.67104585708982,1.78214948067392,0.0994980377777778,0,0,0.00424733333333334
14.82,-2.67104585708982,1.78214948067392,0.0995396622222222,0,0,0.00407733333333334
14.83,-2.67104585708982,1.78214948067392,0.09957958,0,0,0.003906
14.84,-2.67104585708982,1.78214948067392,0.0996177777777778,0,0,0.00373333333333334
14.85,-2.67104585708982,1.78214948067392,0.0996542422222222,0,0,0.00355933333333333
14.86,-2.67104585708982,1.78214948067392,0.09968896,0,0,0.00338400000000001
14.87,-2.67104585708982,1.78214948067392,0.0997219177777778,0,0,0.00320733333333334
14.88,-2.67104585708982,1.78214948067392,0.0997531022222222,0,0,0.00302933333333334
14.89,-2.67104585708982,1.78214948067392,0.0997825,0,0,0.00285000000000001
14.9,-2.67104585708982,1.78214948067392,0.0998100977777778,0,0,0.00266933333333334
14.91,-2.67104585708982,1.78214948067392,0.0998358822222223,0,0,0.00248733333333334
14.92,-2.67104585708982,1.78214948067392,0.09985984,0,0,0.00230400000000001
14.93,-2.67104585708982,1.78214948067392,0.0998819577777778,0,0,0.00211933333333334
14.94,-2.67104585708982,1.78214948067392,0.0999022222222223,0,0,0.00193333333333334
14.95,-2.67104585708982,1.78214948067392,0.09992062,0,0,0.001746
14.96,-2.67104585708982,1.78214948067392,0.0999371377777778,0,0,0.00155733333333335
14.97,-2.67104585708982,1.78214948067392,0.0999517622222222,0,0,0.00136733333333334
14.98,-2.67104585708982,1.78214948067392,0.09996448,0,0,0.001176
14.99,-2.67104585708982,1.78214948067392,0.0999752777777778,0,0,0.000983333333333336
15,-2.67104585708982,1.78214948067392,0.0999841422222222,0,0,0.000789333333333343
15.01,-2.67104585708982,1.78214948067392,0.09999106,0,0,0.000593999999999997
15.02,-2.67104585708982,1.78214948067392,0.0999960177777778,0,0,0.00039733333333334
15.03,-2.67104585708982,1.78214948067392,0.0999990022222222,0,0,0.000199333333333336
15.04,-2.67104585708982,1.78214948067392,0.1,0,0,0
15.05,-3.42054597729911,2.23832577143073,0.1,0,0,0
15.06,-3.42054597729911,2.23832577143073,0.0999976718518519,0,0,-0.000465111111111111
15.07,-3.42054597729911,2.23832577143073,0.0999907081481482,0,0,-0.000927111111111111
15.08,-3.42054597729911,2.23832577143073,0.09997914,0,0,-0.001386
15.09,-3.42054597729911,2.23832577143073,0.0999629985185185,0,0,-0.00184177777777778
15.1,-3.42054597729911,2.23832577143073,0.0999423148148148,0,0,-0.00229444444444444
15.11,-3.42054597729911,2.23832577143073,0.09991712,0,0,-0.002744
15.12,-3.42054597729911,2.23832577143073,0.0998874451851852,0,0,-0.00319044444444444
15.13,-3.42054597729911,2.23832577143073,0.0998533214814815,0,0,-0.00363377777777778
15.14,-3.42054597729911,2.23832577143073,0.09981478,0,0,-0.004074
15.15,-3.42054597729911,2.23832577143073,0.0997718518518519,0,0,-0.00451111111111111
15.16,-3.42054597729911,2.23832577143073,0.0997245681481482,0,0,-0.00494511111111111
15.17,-3.42054597729911,2.23832577143073,0.09967296,0,0,-0.005376
15.18,-3.42054597729911,2.23832577143073,0.0996170585185185,0,0,-0.00580377777777778
15.19,-3.42054597729911,2.23832577143073,0.0995568948148148,0,0,-0.00622844444444445
15.2,-3.42054597729911,2.23832577143073,0.0994925,0,0,-0.00665
15.21,-3.42054597729911,2.23832577143073,0.0994239051851852,0,0,-0.00706844444444444
15.22,-3.42054597729911,2.23832577143073,0.0993511414814815,0,0,-0.00748377777777778
15.23,-3.42054597729911,2.23832577143073,0.09927424,0,0,-0.007896
15.24,-3.42054597729911,2.23832577143073,0.0991932318518519,0,0,-0.00830511111111111
15.25,-3.42054597729911,2.23832577143073,0.0991081481481482,0,0,-0.00871111111111111
15.26,-3.42054597729911,2.23832577143073,0.09901902,0,0,-0.009114
15.27,-3.42054597729911,2.23832577143073,0.0989258785185185,0,0,-0.00951377777777778
15.28,-3.42054597729911,2.23832577143073,0.0988287548148148,0,0,-0.00991044444444445
15.29,-3.42054597729911,2.23832577143073,0.09872768,0,0,-0.010304
15.3,-3.42054597729911,2.23832577143073,0.0986226851851852,0,0,-0.0106944444444444
15.31,-3.42054597729911,2.23832577143073,0.0985138014814815,0,0,-0.0110817777777778
15.32,-3.42054597729911,2.23832577143073,0.09840106,0,0,-0.011466
15.33,-3.42054597729911,2.23832577143073,0.0982844918518519,0,0,-0.0118471111111111
15.34,-3.42054597729911,2.23832577143073,0.0981641281481482,0,0,-0.0122251111111111
15.35,-3.42054597729911,2.23832577143073,0.09804,0,0,-0.0126
15.36,-3.42054597729911,2.23832577143073,0.0979121385185185,0,0,-0.0129717777777778
15.37,-3.42054597729911,2.23832577143073,0.0977805748148148,0,0,-0.0133404444444444
15.38,-3.42054597729911,2.23832577143073,0.09764534,0,0,-0.013706
15.39,-3.42054597729911,2.23832577143073,0.0975064651851852,0,0,-0.0140684444444444
15.4,-3.42054597729911,2.23832577143073,0.0973639814814815,0,0,-0.0144277777777778
15.41,-3.42054597729911,2.23832577143073,0.09721792,0,0,-0.014784
15.42,-3.42054597729911,2.23832577143073,0.0970683118518519,0,0,-0.0151371111111111
15.43,-3.42054597729911,2.23832577143073,0.0969151881481481,0,0,-0.0154871111111111
15.44,-3.42054597729911,2.23832577143073,0.09675858,0,0,-0.015834
15.45,-3.42054597729911,2.23832577143073,0.0965985185185185,0,0,-0.0161777777777778
15.46,-3.42054597729911,2.23832577143073,0.0964350348148148,0,0,-0.0165184444444444
15.47,-3.42054597729911,2.23832577143073,0.09626816,0,0,-0.016856
15.48,-3.42054597729911,2.23832577143073,0.0960979251851852,0,0,-0.0171904444444444
15.49,-3.42054597729911,2.23832577143073,0.0959243614814815,0,0,-0.0175217777777778
15.5,-3.42054597729911,2.23832577143073,0.0957475,0,0,-0.01785
15.51,-3.42054597729911,2.23832577143073,0.0955673718518519,0,0,-0.0181751111111111
15.52,-3.42054597729911,2.23832577143073,0.0953840081481482,0,0,-0.0184971111111111
15.53,-3.42054597729911,2.23832577143073,0.09519744,0,0,-0.018816
15.54,-3.42054597729911,2.23832577143073,0.0950076985185185,0,0,-0.0191317777777778
15.55,-3.42054597729911,2.23832577143073,0.0948148148148148,0,0,-0.0194444444444444
15.56,-3.42054597729911,2.23832577143073,0.09461882,0,0,-0.019754
15.57,-3.42054597729911,2.23832577143073,0.0944197451851852,0,0,-0.0200604444444444
15.58,-3.42054597729911,2.23832577143073,0.0942176214814815,0,0,-0.0203637777777778
15.59,-3.42054597729911,2.23832577143073,0.09401248,0,0,-0.020664
15.6,-3.42054597729911,2.23832577143073,0.0938043518518519,0,0,-0.0209611111111111
15.61,-3.42054597729911,2.23832577143073,0.0935932681481482,0,0,-0.0212551111111111
15.62,-3.42054597729911,2.23832577143073,0.09337926,0,0,-0.021546
15.63,-3.42054597729911,2.23832577143073,0.0931623585185185,0,0,-0.0218337777777778
15.64,-3.42054597729911,2.23832577143073,0.0929425948148148,0,0,-0.0221184444444444
15.65,-3.42054597729911,2.23832577143073,0.09272,0,0,-0.0224
15.66,-3.42054597729911,2.23832577143073,0.0924946051851852,0,0,-0.0226784444444444
15.67,-3.42054597729911,2.23832577143073,0.0922664414814815,0,0,-0.0229537777777778
15.68,-3.42054597729911,2.23832577143073,0.09203554,0,0,-0.023226
15.69,-3.42054597729911,2.23832577143073,0.0918019318518519,0,0,-0.0234951111111111
15.7,-3.42054597729911,2.23832577143073,0.0915656481481482,0,0,-0.0237611111111111
15.71,-3.42054597729911,2.23832577143073,0.09132672,0,0,-0.024024
15.72,-3.42054597729911,2.23832577143073,0.0910851785185185,0,0,-0.0242837777777778
15.73,-3.42054597729911,2.23832577143073,0.0908410548148148,0,0,-0.0245404444444444
15.74,-3.42054597729911,2.23832577143073,0.09059438,0,0,-0.024794
15.75,-3.42054597729911,2.23832577143073,0.0903451851851852,0,0,-0.0250444444444444
15.76,-3.42054597729911,2.23832577143073,0.0900935014814815,0,0,-0.0252917777777778
15.77,-3.42054597729911,2.23832577143073,0.08983936,0,0,-0.025536
15.78,-3.42054597729911,2.23832577143073,0.0895827918518519,0,0,-0.0257771111111111
15.79,-3.42054597729911,2.23832577143073,0.0893238281481482,0,0,-0.0260151111111111
15.8,-3.42054597729911,2.23832577143073,0.0890625,0,0,-0.02625
15.81,-3.42054597729911,2.23832577143073,0.0887988385185185,0,0,-0.0264817777777778
15.82,-3.42054597729911,2.23832577143073,0.0885328748148148,0,0,-0.0267104444444444
15.83,-3.42054597729911,2.23832577143073,0.08826464,0,0,-0.026936
15.84,-3.42054597729911,2.23832577143073,0.0879941651851852,0,0,-0.0271584444444444
15.85,-3.42054597729911,2.23832577143073,0.0877214814814815,0,0,-0.0273777777777778
15.86,-3.42054597729911,2.23832577143073,0.08744662,0,0,-0.027594
15.87,-3.42054597729911,2.23832577143073,0.0871696118518519,0,0,-0.0278071111111111
15.88,-3.42054597729911,2.23832577143073,0.0868904881481482,0,0,-0.0280171111111111
15.89,-3.42054597729911,2.23832577143073,0.08660928,0,0,-0.028224
15.9,-3.42054597729911,2.23832577143073,0.0863260185185185,0,0,-0.0284277777777778
15.91,-3.42054597729911,2.23832577143073,0.0860407348148148,0,0,-0.0286284444444444
15.92,-3.42054597729911,2.23832577143073,0.08575346,0,0,-0.028826
15.93,-3.42054597729911,2.23832577143073,0.0854642251851852,0,0,-0.0290204444444444
15.94,-3.42054597729911,2.23832577143073,0.0851730614814815,0,0,-0.0292117777777778
15.95,-3.42054597729911,2.23832577143073,0.08488,0,0,-0.0294
15.96,-3.42054597729911,2.23832577143073,0.0845850718518519,0,0,-0.0295851111111111
15.97,-3.42054597729911,2.23832577143073,0.0842883081481482,0,0,-0.0297671111111111
15.98,-3.42054597729911,2.23832577143073,0.08398974,0,0,-0.029946
15.99,-3.42054597729911,2.23832577143073,0.0836893985185185,0,0,-0.0301217777777778
16,-3.42054597729911,2.23832577143073,0.0833873148148148,0,0,-0.0302944444444444
16.01,-3.42054597729911,2.23832577143073,0.08308352,0,0,-0.030464
16.02,-3.42054597729911,2.23832577143073,0.0827780451851852,0,0,-0.0306304444444444
16.03,-3.42054597729911,2.23832577143073,0.0824709214814815,0,0,-0.0307937777777778
16.04,-3.42054597729911,2.23832577143073,0.08216218,0,0,-0.030954
16.05,-3.42054597729911,2.23832577143073,0.0818518518518519,0,0,-0.0311111111111111
16.06,-3.42054597729911,2.23832577143073,0.0815399681481482,0,0,-0.0312651111111111
16.07,-3.42054597729911,2.23832577143073,0.08122656,0,0,-0.031416
16.08,-3.42054597729911,2.23832577143073,0.0809116585185185,0,0,-0.0315637777777778
16.09,-3.42054597729911,2.23832577143073,0.0805952948148148,0,0,-0.0317084444444444
16.1,-3.42054597729911,2.23832577143073,0.0802775,0,0,-0.03185
16.11,-3.42054597729911,2.23832577143073,0.0799583051851852,0,0,-0.0319884444444444
16.12,-3.42054597729911,2.23832577143073,0.0796377414814815,0,0,-0.0321237777777778
16.13,-3.42054597729911,2.23832577143073,0.07931584,0,0,-0.032256
16.14,-3.42054597729911,2.23832577143073,0.0789926318518519,0,0,-0.0323851111111111
16.15,-3.42054597729911,2.23832577143073,0.0786681481481482,0,0,-0.0325111111111111
16.16,-3.42054597729911,2.23832577143073,0.07834242,0,0,-0.032634
16.17,-3.42054597729911,2.23832577143073,0.0780154785185185,0,0,-0.0327537777777778
16.18,-3.42054597729911,2.23832577143073,0.0776873548148148,0,0,-0.0328704444444444
16.19,-3.42054597729911,2.23832577143073,0.07735808,0,0,-0.032984
16.2,-3.42054597729911,2.23832577143073,0.0770276851851852,0,0,-0.0330944444444444
16.21,-3.42054597729911,2.23832577143073,0.0766962014814815,0,0,-0.0332017777777778
16.22,-3.42054597729911,2.23832577143073,0.07636366,0,0,-0.033306
16.23,-3.42054597729911,2.23832577143073,0.0760300918518519,0,0,-0.0334071111111111
16.24,-3.42054597729911,2.23832577143073,0.0756955281481481,0,0,-0.0335051111111111
16.25,-3.42054597729911,2.23832577143073,0.07536,0,0,-0.0336
16.26,-3.42054597729911,2.23832577143073,0.0750235385185185,0,0,-0.0336917777777778
16.27,-3.42054597729911,2.23832577143073,0.0746861748148148,0,0,-0.0337804444444444
16.28,-3.42054597729911,2.23832577143073,0.07434794,0,0,-0.033866
16.29,-3.42054597729911,2.23832577143073,0.0740088651851852,0,0,-0.0339484444444444
16.3,-3.42054597729911,2.23832577143073,0.0736689814814815,0,0,-0.0340277777777778
16.31,-3.42054597729911,2.23832577143073,0.07332832,0,0,-0.034104
16.32,-3.42054597729911,2.23832577143073,0.0729869118518519,0,0,-0.0341771111111111
16.33,-3.42054597729911,2.23832577143073,0.0726447881481481,0,0,-0.0342471111111111
16.34,-3.42054597729911,2.23832577143073,0.07230198,0,0,-0.034314
16.35,-3.42054597729911,2.23832577143073,0.0719585185185185,0,0,-0.0343777777777778
16.36,-3.42054597729911,2.23832577143073,0.0716144348148148,0,0,-0.0344384444444444
16.37,-3.42054597729911,2.23832577143073,0.07126976,0,0,-0.034496
16.38,-3.42054597729911,2.23832577143073,0.0709245251851852,0,0,-0.0345504444444444
16.39,-3.42054597729911,2.23832577143073,0.0705787614814815,0,0,-0.0346017777777778
16.4,-3.42054597729911,2.23832577143073,0.0702325,0,0,-0.03465
16.41,-3.42054597729911,2.23832577143073,0.0698857718518519,0,0,-0.0346951111111111
16.42,-3.42054597729911,2.23832577143073,0.0695386081481482,0,0,-0.0347371111111111
16.43,-3.42054597729911,2.23832577143073,0.06919104,0,0,-0.034776
16.44,-3.42054597729911,2.23832577143073,0.0688430985185185,0,0,-0.0348117777777778
16.45,-3.42054597729911,2.23832577143073,0.0684948148148148,0,0,-0.0348444444444444
16.46,-3.42054597729911,2.23832577143073,0.06814622,0,0,-0.034874
16.47,-3.42054597729911,2.23832577143073,0.0677973451851852,0,0,-0.0349004444444444
16.48,-3.42054597729911,2.23832577143073,0.0674482214814815,0,0,-0.0349237777777778
16.49,-3.42054597729911,2.23832577143073,0.06709888,0,0,-0.034944
16.5,-3.42054597729911,2.23832577143073,0.0667493518518519,0,0,-0.0349611111111111
16.51,-3.42054597729911,2.23832577143073,0.0663996681481482,0,0,-0.0349751111111111
16.52,-3.42054597729911,2.23832577143073,0.06604986,0,0,-0.034986
16.53,-3.42054597729911,2.23832577143073,0.0656999585185185,0,0,-0.0349937777777778
16.54,-3.42054597729911,2.23832577143073,0.0653499948148148,0,0,-0.0349984444444444
16.55,-3.42054597729911,2.23832577143073,0.065,0,0,-0.035
16.56,-3.42054597729911,2.23832577143073,0.0646500051851852,0,0,-0.0349984444444444
16.57,-3.42054597729911,2.23832577143073,0.0643000414814815,0,0,-0.0349937777777778
16.58,-3.42054597729911,2.23832577143073,0.06395014,0,0,-0.034986
16.59,-3.42054597729911,2.23832577143073,0.0636003318518519,0,0,-0.0349751111111111
16.6,-3.42054597729911,2.23832577143073,0.0632506481481482,0,0,-0.0349611111111111
16.61,-3.42054597729911,2.23832577143073,0.06290112,0,0,-0.034944
16.62,-3.42054597729911,2.23832577143073,0.0625517785185185,0,0,-0.0349237777777778
16.63,-3.42054597729911,2.23832577143073,0.0622026548148148,0,0,-0.0349004444444444
16.64,-3.42054597729911,2.23832577143073,0.06185378,0,0,-0.034874
16.65,-3.42054597729911,2.23832577143073,0.0615051851851852,0,0,-0.0348444444444444
16.66,-3.42054597729911,2.23832577143073,0.0611569014814815,0,0,-0.0348117777777778
16.67,-3.42054597729911,2.23832577143073,0.06080896,0,0,-0.034776
16.68,-3.42054597729911,2.23832577143073,0.0604613918518519,0,0,-0.0347371111111111
16.69,-3.42054597729911,2.23832577143073,0.0601142281481482,0,0,-0.0346951111111111
16.7,-3.42054597729911,2.23832577143073,0.0597675,0,0,-0.03465
16.71,-3.42054597729911,2.23832577143073,0.0594212385185185,0,0,-0.0346017777777778
16.72,-3.42054597729911,2.23832577143073,0.0590754748148148,0,0,-0.0345504444444444
16.73,-3.42054597729911,2.23832577143073,0.05873024,0,0,-0.034496
16.74,-3.42054597729911,2.23832577143073,0.0583855651851852,0,0,-0.0344384444444444
16.75,-3.42054597729911,2.23832577143073,0.0580414814814815,0,0,-0.0343777777777778
16.76,-3.42054597729911,2.23832577143073,0.05769802,0,0,-0.034314
16.77,-3.42054597729911,2.23832577143073,0.0573552118518519,0,0,-0.0342471111111111
16.78,-3.42054597729911,2.23832577143073,0.0570130881481481,0,0,-0.0341771111111111
16.79,-3.42054597729911,2.23832577143073,0.05667168,0,0,-0.034104
16.8,-3.42054597729911,2.23832577143073,0.0563310185185185,0,0,-0.0340277777777778
16.81,-3.42054597729911,2.23832577143073,0.0559911348148148,0,0,-0.0339484444444444
16.82,-3.42054597729911,2.23832577143073,0.05565206,0,0,-0.033866
16.83,-3.42054597729911,2.23832577143073,0.0553138251851852,0,0,-0.0337804444444444
16.84,-3.42054597729911,2.23832577143073,0.0549764614814815,0,0,-0.0336917777777778
16.85,-3.42054597729911,2.23832577143073,0.05464,0,0,-0.0336
16.86,-3.42054597729911,2.23832577143073,0.0543044718518519,0,0,-0.0335051111111111
16.87,-3.42054597729911,2.23832577143073,0.0539699081481481,0,0,-0.0334071111111111
16.88,-3.42054597729911,2.23832577143073,0.05363634,0,0,-0.033306
16.89,-3.42054597729911,2.23832577143073,0.0533037985185185,0,0,-0.0332017777777778
16.9,-3.42054597729911,2.23832577143073,0.0529723148148148,0,0,-0.0330944444444444
16.91,-3.42054597729911,2.23832577143073,0.05264192,0,0,-0.032984
16.92,-3.42054597729911,2.23832577143073,0.0523126451851852,0,0,-0.0328704444444444
16.93,-3.42054597729911,2.23832577143073,0.0519845214814815,0,0,-0.0327537777777778
16.94,-3.42054597729911,2.23832577143073,0.05165758,0,0,-0.032634
16.95,-3.42054597729911,2.23832577143073,0.0513318518518519,0,0,-0.0325111111111111
16.96,-3.42054597729911,2.23832577143073,0.0510073681481481,0,0,-0.0323851111111111
16.97,-3.42054597729911,2.23832577143073,0.05068416,0,0,-0.032256
16.98,-3.42054597729911,2.23832577143073,0.0503622585185185,0,0,-0.0321237777777778
16.99,-3.42054597729911,2.23832577143073,0.0500416948148148,0,0,-0.0319884444444444
17,-3.42054597729911,2.23832577143073,0.0497225,0,0,-0.03185
17.01,-3.42054597729911,2.23832577143073,0.0494047051851852,0,0,-0.0317084444444444
17.02,-3.42054597729911,2.23832577143073,0.0490883414814815,0,0,-0.0315637777777778
17.03,-3.42054597729911,2.23832577143073,0.04877344,0,0,-0.031416
17.04,-3.42054597729911,2.23832577143073,0.0484600318518519,0,0,-0.0312651111111111
17.05,-3.42054597729911,2.23832577143073,0.0481481481481482,0,0,-0.0311111111111111
17.06,-3.42054597729911,2.23832577143073,0.04783782,0,0,-0.030954
17.07,-3.42054597729911,2.23832577143073,0.0475290785185185,0,0,-0.0307937777777778
17.08,-3.42054597729911,2.23832577143073,0.0472219548148148,0,0,-0.0306304444444444
17.09,-3.42054597729911,2.23832577143073,0.04691648,0,0,-0.030464
17.1,-3.42054597729911,2.23832577143073,0.0466126851851852,0,0,-0.0302944444444444
17.11,-3.42054597729911,2.23832577143073,0.0463106014814815,0,0,-0.0301217777777778
17.12,-3.42054597729911,2.23832577143073,0.04601026,0,0,-0.029946
17.13,-3.42054597729911,2.23832577143073,0.0457116918518519,0,0,-0.0297671111111111
17.14,-3.42054597729911,2.23832577143073,0.0454149281481482,0,0,-0.0295851111111111
17.15,-3.42054597729911,2.23832577143073,0.04512,0,0,-0.0294
17.16,-3.42054597729911,2.23832577143073,0.0448269385185185,0,0,-0.0292117777777778
17.17,-3.42054597729911,2.23832577143073,0.0445357748148148,0,0,-0.0290204444444444
17.18,-3.42054597729911,2.23832577143073,0.04424654,0,0,-0.028826
17.19,-3.42054597729911,2.23832577143073,0.0439592651851852,0,0,-0.0286284444444444
17.2,-3.42054597729911,2.23832577143073,0.0436739814814815,0,0,-0.0284277777777778
17.21,-3.42054597729911,2.23832577143073,0.04339072,0,0,-0.028224
17.22,-3.42054597729911,2.23832577143073,0.0431095118518518,0,0,-0.0280171111111111
17.23,-3.42054597729911,2.23832577143073,0.0428303881481482,0,0,-0.0278071111111111
17.24,-3.42054597729911,2.23832577143073,0.04255338,0,0,-0.027594
17.25,-3.42054597729911,2.23832577143073,0.0422785185185185,0,0,-0.0273777777777778
17.26,-3.42054597729911,2.23832577143073,0.0420058348148148,0,0,-0.0271584444444444
17.27,-3.42054597729911,2.23832577143073,0.04173536,0,0,-0.026936
17.28,-3.42054597729911,2.23832577143073,0.0414671251851852,0,0,-0.0267104444444444
17.29,-3.42054597729911,2.23832577143073,0.0412011614814815,0,0,-0.0264817777777778
17.3,-3.42054597729911,2.23832577143073,0.0409375,0,0,-0.02625
17.31,-3.42054597729911,2.23832577143073,0.0406761718518519,0,0,-0.0260151111111111
17.32,-3.42054597729911,2.23832577143073,0.0404172081481482,0,0,-0.0257771111111111
17.33,-3.42054597729911,2.23832577143073,0.04016064,0,0,-0.025536
17.34,-3.42054597729911,2.23832577143073,0.0399064985185185,0,0,-0.0252917777777778
17.35,-3.42054597729911,2.23832577143073,0.0396548148148148,0,0,-0.0250444444444444
17.36,-3.42054597729911,2.23832577143073,0.03940562,0,0,-0.024794
17.37,-3.42054597729911,2.23832577143073,0.0391589451851852,0,0,-0.0245404444444444
17.38,-3.42054597729911,2.23832577143073,0.0389148214814815,0,0,-0.0242837777777778
17.39,-3.42054597729911,2.23832577143073,0.03867328,0,0,-0.024024
17.4,-3.42054597729911,2.23832577143073,0.0384343518518519,0,0,-0.0237611111111111
17.41,-3.42054597729911,2.23832577143073,0.0381980681481482,0,0,-0.0234951111111111
17.42,-3.42054597729911,2.23832577143073,0.03796446,0,0,-0.023226
17.43,-3.42054597729911,2.23832577143073,0.0377335585185185,0,0,-0.0229537777777778
17.44,-3.42054597729911,2.23832577143073,0.0375053948148148,0,0,-0.0226784444444444
17.45,-3.42054597729911,2.23832577143073,0.03728,0,0,-0.0224
17.46,-3.42054597729911,2.23832577143073,0.0370574051851852,0,0,-0.0221184444444444
17.47,-3.42054597729911,2.23832577143073,0.0368376414814815,0,0,-0.0218337777777778
17.48,-3.42054597729911,2.23832577143073,0.03662074,0,0,-0.021546
17.49,-3.42054597729911,2.23832577143073,0.0364067318518519,0,0,-0.0212551111111111
17.5,-3.42054597729911,2.23832577143073,0.0361956481481481,0,0,-0.0209611111111111
17.51,-3.42054597729911,2.23832577143073,0.03598752,0,0,-0.020664
17.52,-3.42054597729911,2.23832577143073,0.0357823785185185,0,0,-0.0203637777777778
17.53,-3.42054597729911,2.23832577143073,0.0355802548148148,0,0,-0.0200604444444444
17.54,-3.42054597729911,2.23832577143073,0.03538118,0,0,-0.019754
17.55,-3.42054597729911,2.23832577143073,0.0351851851851852,0,0,-0.0194444444444444
17.56,-3.42054597729911,2.23832577143073,0.0349923014814815,0,0,-0.0191317777777778
17.57,-3.42054597729911,2.23832577143073,0.03480256,0,0,-0.018816
17.58,-3.42054597729911,2.23832577143073,0.0346159918518519,0,0,-0.0184971111111111
17.59,-3.42054597729911,2.23832577143073,0.0344326281481482,0,0,-0.0181751111111111
17.6,-3.42054597729911,2.23832577143073,0.0342525,0,0,-0.01785
17.61,-3.42054597729911,2.23832577143073,0.0340756385185185,0,0,-0.0175217777777778
17.62,-3.42054597729911,2.23832577143073,0.0339020748148148,0,0,-0.0171904444444444
17.63,-3.42054597729911,2.23832577143073,0.03373184,0,0,-0.016856
17.64,-3.42054597729911,2.23832577143073,0.0335649651851852,0,0,-0.0165184444444444
17.65,-3.42054597729911,2.23832577143073,0.0334014814814815,0,0,-0.0161777777777778
17.66,-3.42054597729911,2.23832577143073,0.03324142,0,0,-0.015834
17.67,-3.42054597729911,2.23832577143073,0.0330848118518519,0,0,-0.0154871111111111
17.68,-3.42054597729911,2.23832577143073,0.0329316881481481,0,0,-0.0151371111111111
17.69,-3.42054597729911,2.23832577143073,0.03278208,0,0,-0.014784
17.7,-3.42054597729911,2.23832577143073,0.0326360185185185,0,0,-0.0144277777777778
17.71,-3.42054597729911,2.23832577143073,0.0324935348148148,0,0,-0.0140684444444444
17.72,-3.42054597729911,2.23832577143073,0.03235466,0,0,-0.013706
17.73,-3.42054597729911,2.23832577143073,0.0322194251851852,0,0,-0.0133404444444444
17.74,-3.42054597729911,2.23832577143073,0.0320878614814815,0,0,-0.0129717777777778
17.75,-3.42054597729911,2.23832577143073,0.03196,0,0,-0.0126
17.76,-3.42054597729911,2.23832577143073,0.0318358718518519,0,0,-0.0122251111111111
17.77,-3.42054597729911,2.23832577143073,0.0317155081481482,0,0,-0.0118471111111111
17.78,-3.42054597729911,2.23832577143073,0.03159894,0,0,-0.011466
17.79,-3.42054597729911,2.23832577143073,0.0314861985185186,0,0,-0.0110817777777778
17.8,-3.42054597729911,2.23832577143073,0.0313773148148148,0,0,-0.0106944444444444
17.81,-3.42054597729911,2.23832577143073,0.03127232,0,0,-0.010304
17.82,-3.42054597729911,2.23832577143073,0.0311712451851852,0,0,-0.00991044444444442
17.83,-3.42054597729911,2.23832577143073,0.0310741214814815,0,0,-0.00951377777777777
17.84,-3.42054597729911,2.23832577143073,0.03098098,0,0,-0.00911399999999998
17.85,-3.42054597729911,2.23832577143073,0.0308918518518519,0,0,-0.00871111111111109
17.86,-3.42054597729911,2.23832577143073,0.0308067681481482,0,0,-0.0083051111111111
17.87,-3.42054597729911,2.23832577143073,0.03072576,0,0,-0.00789599999999999
17.88,-3.42054597729911,2.23832577143073,0.0306488585185185,0,0,-0.00748377777777774
17.89,-3.42054597729911,2.23832577143073,0.0305760948148148,0,0,-0.00706844444444443
17.9,-3.42054597729911,2.23832577143073,0.0305075,0,0,-0.00664999999999996
17.91,-3.42054597729911,2.23832577143073,0.0304431051851852,0,0,-0.00622844444444445
17.92,-3.42054597729911,2.23832577143073,0.0303829414814815,0,0,-0.00580377777777777
17.93,-3.42054597729911,2.23832577143073,0.03032704,0,0,-0.00537599999999996
17.94,-3.42054597729911,2.23832577143073,0.0302754318518519,0,0,-0.00494511111111109
17.95,-3.42054597729911,2.23832577143073,0.0302281481481481,0,0,-0.00451111111111108
17.96,-3.42054597729911,2.23832577143073,0.03018522,0,0,-0.00407399999999997
17.97,-3.42054597729911,2.23832577143073,0.0301466785185185,0,0,-0.00363377777777779
17.98,-3.42054597729911,2.23832577143073,0.0301125548148148,0,0,-0.00319044444444441
17.99,-3.42054597729911,2.23832577143073,0.03008288,0,0,-0.002744
18,-3.42054597729911,2.23832577143073,0.0300576851851852,0,0,-0.00229444444444443
18.01,-3.42054597729911,2.23832577143073,0.0300370014814815,0,0,-0.00184177777777775
18.02,-3.42054597729911,2.23832577143073,0.03002086,0,0,-0.00138599999999997
18.03,-3.42054597729911,2.23832577143073,0.0300092918518519,0,0,-0.000927111111111101
18.04,-3.42054597729911,2.23832577143073,0.0300023281481482,0,0,-0.000465111111111083
18.05,-3.42054597729911,2.23832577143073,0.03,0,0,0
18.06,-3.42054597729911,2.23832577143073,0.03,0,0,0
18.07,-3.42054597729911,2.23832577143073,0.0300023281481481,0,0,0.000465111111111111
18.08,-3.42054597729911,2.23832577143073,0.0300092918518518,0,0,0.000927111111111111
18.09,-3.42054597729911,2.23832577143073,0.03002086,0,0,0.001386
18.1,-3.42054597729911,2.23832577143073,0.0300370014814815,0,0,0.00184177777777778
18.11,-3.42054597729911,2.23832577143073,0.0300576851851852,0,0,0.00229444444444444
18.12,-3.42054597729911,2.23832577143073,0.03008288,0,0,0.002744
18.13,-3.42054597729911,2.23832577143073,0.0301125548148148,0,0,0.00319044444444444
18.14,-3.42054597729911,2.23832577143073,0.0301466785185185,0,0,0.00363377777777778
18.15,-3.42054597729911,2.23832577143073,0.03018522,0,0,0.004074
18.16,-3.42054597729911,2.23832577143073,0.0302281481481481,0,0,0.00451111111111111
18.17,-3.42054597729911,2.23832577143073,0.0302754318518519,0,0,0.00494511111111111
18.18,-3.42054597729911,2.23832577143073,0.03032704,0,0,0.005376
18.19,-3.42054597729911,2.23832577143073,0.0303829414814815,0,0,0.00580377777777778
18.2,-3.42054597729911,2.23832577143073,0.0304431051851852,0,0,0.00622844444444445
18.21,-3.42054597729911,2.23832577143073,0.0305075,0,0,0.00665
18.22,-3.42054597729911,2.23832577143073,0.0305760948148148,0,0,0.00706844444444444
18.23,-3.42054597729911,2.23832577143073,0.0306488585185185,0,0,0.00748377777777778
18.24,-3.42054597729911,2.23832577143073,0.03072576,0,0,0.007896
18.25,-3.42054597729911,2.23832577143073,0.0308067681481481,0,0,0.00830511111111111
18.26,-3.42054597729911,2.23832577143073,0.0308918518518519,0,0,0.00871111111111111
18.27,-3.42054597729911,2.23832577143073,0.03098098,0,0,0.009114
18.28,-3.42054597729911,2.23832577143073,0.0310741214814815,0,0,0.00951377777777778
18.29,-3.42054597729911,2.23832577143073,0.0311712451851852,0,0,0.00991044444444445
18.3,-3.42054597729911,2.23832577143073,0.03127232,0,0,0.010304
18.31,-3.42054597729911,2.23832577143073,0.0313773148148148,0,0,0.0106944444444444
18.32,-3.42054597729911,2.23832577143073,0.0314861985185185,0,0,0.0110817777777778
18.33,-3.42054597729911,2.23832577143073,0.03159894,0,0,0.011466
18.34,-3.42054597729911,2.23832577143073,0.0317155081481481,0,0,0.0118471111111111
18.35,-3.42054597729911,2.23832577143073,0.0318358718518518,0,0,0.0122251111111111
18.36,-3.42054597729911,2.23832577143073,0.03196,0,0,0.0126
18.37,-3.42054597729911,2.23832577143073,0.0320878614814815,0,0,0.0129717777777778
18.38,-3.42054597729911,2.23832577143073,0.0322194251851852,0,0,0.0133404444444444
18.39,-3.42054597729911,2.23832577143073,0.03235466,0,0,0.013706
18.4,-3.42054597729911,2.23832577143073,0.0324935348148148,0,0,0.0140684444444444
18.41,-3.42054597729911,2.23832577143073,0.0326360185185185,0,0,0.0144277777777778
18.42,-3.42054597729911,2.23832577143073,0.03278208,0,0,0.014784
18.43,-3.42054597729911,2.23832577143073,0.0329316881481481,0,0,0.0151371111111111
18.44,-3.42054597729911,2.23832577143073,0.0330848118518519,0,0,0.0154871111111111
18.45,-3.42054597729911,2.23832577143073,0.03324142,0,0,0.015834
18.46,-3.42054597729911,2.23832577143073,0.0334014814814815,0,0,0.0161777777777778
18.47,-3.42054597729911,2.23832577143073,0.0335649651851852,0,0,0.0165184444444444
18.48,-3.42054597729911,2.23832577143073,0.03373184,0,0,0.016856
18.49,-3.42054597729911,2.23832577143073,0.0339020748148148,0,0,0.0171904444444444
18.5,-3.42054597729911,2.23832577143073,0.0340756385185185,0,0,0.0175217777777778
18.51,-3.42054597729911,2.23832577143073,0.0342525,0,0,0.01785
18.52,-3.42054597729911,2.23832577143073,0.0344326281481481,0,0,0.0181751111111111
18.53,-3.42054597729911,2.23832577143073,0.0346159918518519,0,0,0.0184971111111111
18.54,-3.42054597729911,2.23832577143073,0.03480256,0,0,0.018816
18.55,-3.42054597729911,2.23832577143073,0.0349923014814815,0,0,0.0191317777777778
18.56,-3.42054597729911,2.23832577143073,0.0351851851851852,0,0,0.0194444444444444
18.57,-3.42054597729911,2.23832577143073,0.03538118,0,0,0.019754
18.58,-3.42054597729911,2.23832577143073,0.0355802548148148,0,0,0.0200604444444444
18.59,-3.42054597729911,2.23832577143073,0.0357823785185185,0,0,0.0203637777777778
18.6,-3.42054597729911,2.23832577143073,0.03598752,0,0,0.020664
18.61,-3.42054597729911,2.23832577143073,0.0361956481481481,0,0,0.0209611111111111
18.62,-3.42054597729911,2.23832577143073,0.0364067318518519,0,0,0.0212551111111111
18.63,-3.42054597729911,2.23832577143073,0.03662074,0,0,0.021546
18.64,-3.42054597729911,2.23832577143073,0.0368376414814815,0,0,0.0218337777777778
18.65,-3.42054597729911,2.23832577143073,0.0370574051851852,0,0,0.0221184444444444
18.66,-3.42054597729911,2.23832577143073,0.03728,0,0,0.0224
18.67,-3.42054597729911,2.23832577143073,0.0375053948148148,0,0,0.0226784444444444
18.68,-3.42054597729911,2.23832577143073,0.0377335585185185,0,0,0.0229537777777778
18.69,-3.42054597729911,2.23832577143073,0.03796446,0,0,0.023226
18.7,-3.42054597729911,2.23832577143073,0.0381980681481481,0,0,0.0234951111111111
18.71,-3.42054597729911,2.23832577143073,0.0384343518518519,0,0,0.0237611111111111
18.72,-3.42054597729911,2.23832577143073,0.03867328,0,0,0.024024
18.73,-3.42054597729911,2.23832577143073,0.0389148214814815,0,0,0.0242837777777778
18.74,-3.42054597729911,2.23832577143073,0.0391589451851852,0,0,0.0245404444444444
18.75,-3.42054597729911,2.23832577143073,0.03940562,0,0,0.024794
18.76,-3.42054597729911,2.23832577143073,0.0396548148148148,0,0,0.0250444444444444
18.77,-3.42054597729911,2.23832577143073,0.0399064985185185,0,0,0.0252917777777778
18.78,-3.42054597729911,2.23832577143073,0.04016064,0,0,0.025536
18.79,-3.42054597729911,2.23832577143073,0.0404172081481481,0,0,0.0257771111111111
18.8,-3.42054597729911,2.23832577143073,0.0406761718518519,0,0,0.0260151111111111
18.81,-3.42054597729911,2.23832577143073,0.0409375,0,0,0.02625
18.82,-3.42054597729911,2.23832577143073,0.0412011614814815,0,0,0.0264817777777778
18.83,-3.42054597729911,2.23832577143073,0.0414671251851852,0,0,0.0267104444444444
18.84,-3.42054597729911,2.23832577143073,0.04173536,0,0,0.026936
18.85,-3.42054597729911,2.23832577143073,0.0420058348148148,0,0,0.0271584444444444
18.86,-3.42054597729911,2.23832577143073,0.0422785185185185,0,0,0.0273777777777778
18.87,-3.42054597729911,2.23832577143073,0.04255338,0,0,0.027594
18.88,-3.42054597729911,2.23832577143073,0.0428303881481481,0,0,0.0278071111111111
18.89,-3.42054597729911,2.23832577143073,0.0431095118518519,0,0,0.0280171111111111
18.9,-3.42054597729911,2.23832577143073,0.04339072,0,0,0.028224
18.91,-3.42054597729911,2.23832577143073,0.0436739814814815,0,0,0.0284277777777778
18.92,-3.42054597729911,2.23832577143073,0.0439592651851852,0,0,0.0286284444444444
18.93,-3.42054597729911,2.23832577143073,0.04424654,0,0,0.028826
18.94,-3.42054597729911,2.23832577143073,0.0445357748148148,0,0,0.0290204444444444
18.95,-3.42054597729911,2.23832577143073,0.0448269385185185,0,0,0.0292117777777778
18.96,-3.42054597729911,2.23832577143073,0.04512,0,0,0.0294
18.97,-3.42054597729911,2.23832577143073,0.0454149281481482,0,0,0.0295851111111111
18.98,-3.42054597729911,2.23832577143073,0.0457116918518519,0,0,0.0297671111111111
18.99,-3.42054597729911,2.23832577143073,0.04601026,0,0,0.029946
19,-3.42054597729911,2.23832577143073,0.0463106014814815,0,0,0.0301217777777778
19.01,-3.42054597729911,2.23832577143073,0.0466126851851852,0,0,0.0302944444444444
19.02,-3.42054597729911,2.23832577143073,0.04691648,0,0,0.030464
19.03,-3.42054597729911,2.23832577143073,0.0472219548148148,0,0,0.0306304444444444
19.04,-3.42054597729911,2.23832577143073,0.0475290785185185,0,0,0.0307937777777778
19.05,-3.42054597729911,2.23832577143073,0.04783782,0,0,0.030954
19.06,-3.42054597729911,2.23832577143073,0.0481481481481481,0,0,0.0311111111111111
19.07,-3.42054597729911,2.23832577143073,0.0484600318518519,0,0,0.0312651111111111
19.08,-3.42054597729911,2.23832577143073,0.04877344,0,0,0.031416
19.09,-3.42054597729911,2.23832577143073,0.0490883414814815,0,0,0.0315637777777778
19.1,-3.42054597729911,2.23832577143073,0.0494047051851852,0,0,0.0317084444444444
19.11,-3.42054597729911,2.23832577143073,0.0497225,0,0,0.03185
19.12,-3.42054597729911,2.23832577143073,0.0500416948148148,0,0,0.0319884444444444
19.13,-3.42054597729911,2.23832577143073,0.0503622585185185,0,0,0.0321237777777778
19.14,-3.42054597729911,2.23832577143073,0.05068416,0,0,0.032256
19.15,-3.42054597729911,2.23832577143073,0.0510073681481481,0,0,0.0323851111111111
19.16,-3.42054597729911,2.23832577143073,0.0513318518518519,0,0,0.0325111111111111
19.17,-3.42054597729911,2.23832577143073,0.05165758,0,0,0.032634
19.18,-3.42054597729911,2.23832577143073,0.0519845214814815,0,0,0.0327537777777778
19.19,-3.42054597729911,2.23832577143073,0.0523126451851852,0,0,0.0328704444444444
19.2,-3.42054597729911,2.23832577143073,0.05264192,0,0,0.032984
19.21,-3.42054597729911,2.23832577143073,0.0529723148148148,0,0,0.0330944444444444
19.22,-3.42054597729911,2.23832577143073,0.0533037985185185,0,0,0.0332017777777778
19.23,-3.42054597729911,2.23832577143073,0.05363634,0,0,0.033306
19.24,-3.42054597729911,2.23832577143073,0.0539699081481481,0,0,0.0334071111111111
19.25,-3.42054597729911,2.23832577143073,0.0543044718518519,0,0,0.0335051111111111
19.26,-3.42054597729911,2.23832577143073,0.05464,0,0,0.0336
19.27,-3.42054597729911,2.23832577143073,0.0549764614814815,0,0,0.0336917777777778
19.28,-3.42054597729911,2.23832577143073,0.0553138251851852,0,0,0.0337804444444444
19.29,-3.42054597729911,2.23832577143073,0.05565206,0,0,0.033866
19.3,-3.42054597729911,2.23832577143073,0.0559911348148148,0,0,0.0339484444444444
19.31,-3.42054597729911,2.23832577143073,0.0563310185185185,0,0,0.0340277777777778
19.32,-3.42054597729911,2.23832577143073,0.05667168,0,0,0.034104
19.33,-3.42054597729911,2.23832577143073,0.0570130881481481,0,0,0.0341771111111111
19.34,-3.42054597729911,2.23832577143073,0.0573552118518518,0,0,0.0342471111111111
19.35,-3.42054597729911,2.23832577143073,0.05769802,0,0,0.034314
19.36,-3.42054597729911,2.23832577143073,0.0580414814814815,0,0,0.0343777777777778
19.37,-3.42054597729911,2.23832577143073,0.0583855651851852,0,0,0.0344384444444444
19.38,-3.42054597729911,2.23832577143073,0.05873024,0,0,0.034496
19.39,-3.42054597729911,2.23832577143073,0.0590754748148148,0,0,0.0345504444444444
19.4,-3.42054597729911,2.23832577143073,0.0594212385185185,0,0,0.0346017777777778
19.41,-3.42054597729911,2.23832577143073,0.0597675,0,0,0.03465
19.42,-3.42054597729911,2.23832577143073,0.0601142281481482,0,0,0.0346951111111111
19.43,-3.42054597729911,2.23832577143073,0.0604613918518518,0,0,0.0347371111111111
19.44,-3.42054597729911,2.23832577143073,0.06080896,0,0,0.034776
19.45,-3.42054597729911,2.23832577143073,0.0611569014814815,0,0,0.0348117777777778
19.46,-3.42054597729911,2.23832577143073,0.0615051851851852,0,0,0.0348444444444444
19.47,-3.42054597729911,2.23832577143073,0.06185378,0,0,0.034874
19.48,-3.42054597729911,2.23832577143073,0.0622026548148148,0,0,0.0349004444444444
19.49,-3.42054597729911,2.23832577143073,0.0625517785185185,0,0,0.0349237777777778
19.5,-3.42054597729911,2.23832577143073,0.06290112,0,0,0.034944
19.51,-3.42054597729911,2.23832577143073,0.0632506481481482,0,0,0.0349611111111111
19.52,-3.42054597729911,2.23832577143073,0.0636003318518518,0,0,0.0349751111111111
19.53,-3.42054597729911,2.23832577143073,0.06395014,0,0,0.034986
19.54,-3.42054597729911,2.23832577143073,0.0643000414814815,0,0,0.0349937777777778
19.55,-3.42054597729911,2.23832577143073,0.0646500051851852,0,0,0.0349984444444444
19.56,-3.42054597729911,2.23832577143073,0.065,0,0,0.035
19.57,-3.42054597729911,2.23832577143073,0.0653499948148148,0,0,0.0349984444444444
19.58,-3.42054597729911,2.23832577143073,0.0656999585185185,0,0,0.0349937777777778
19.59,-3.42054597729911,2.23832577143073,0.06604986,0,0,0.034986
19.6,-3.42054597729911,2.23832577143073,0.0663996681481481,0,0,0.0349751111111111
19.61,-3.42054597729911,2.23832577143073,0.0667493518518519,0,0,0.0349611111111111
19.62,-3.42054597729911,2.23832577143073,0.06709888,0,0,0.034944
19.63,-3.42054597729911,2.23832577143073,0.0674482214814815,0,0,0.0349237777777778
19.64,-3.42054597729911,2.23832577143073,0.0677973451851852,0,0,0.0349004444444444
19.65,-3.42054597729911,2.23832577143073,0.06814622,0,0,0.034874
19.66,-3.42054597729911,2.23832577143073,0.0684948148148148,0,0,0.0348444444444444
19.67,-3.42054597729911,2.23832577143073,0.0688430985185185,0,0,0.0348117777777778
19.68,-3.42054597729911,2.23832577143073,0.06919104,0,0,0.034776
19.69,-3.42054597729911,2.23832577143073,0.0695386081481481,0,0,0.0347371111111111
19.7,-3.42054597729911,2.23832577143073,0.0698857718518519,0,0,0.0346951111111111
19.71,-3.42054597729911,2.23832577143073,0.0702325,0,0,0.03465
19.72,-3.42054597729911,2.23832577143073,0.0705787614814815,0,0,0.0346017777777778
19.73,-3.42054597729911,2.23832577143073,0.0709245251851852,0,0,0.0345504444444444
19.74,-3.42054597729911,2.23832577143073,0.07126976,0,0,0.034496
19.75,-3.42054597729911,2.23832577143073,0.0716144348148148,0,0,0.0344384444444444
19.76,-3.42054597729911,2.23832577143073,0.0719585185185185,0,0,0.0343777777777778
19.77,-3.42054597729911,2.23832577143073,0.07230198,0,0,0.034314
19.78,-3.42054597729911,2.23832577143073,0.0726447881481481,0,0,0.0342471111111111
19.79,-3.42054597729911,2.23832577143073,0.0729869118518519,0,0,0.0341771111111111
19.8,-3.42054597729911,2.23832577143073,0.07332832,0,0,0.034104
19.81,-3.42054597729911,2.23832577143073,0.0736689814814815,0,0,0.0340277777777778
19.82,-3.42054597729911,2.23832577143073,0.0740088651851852,0,0,0.0339484444444444
19.83,-3.42054597729911,2.23832577143073,0.07434794,0,0,0.033866
19.84,-3.42054597729911,2.23832577143073,0.0746861748148148,0,0,0.0337804444444444
19.85,-3.42054597729911,2.23832577143073,0.0750235385185185,0,0,0.0336917777777778
19.86,-3.42054597729911,2.23832577143073,0.07536,0,0,0.0336
19.87,-3.42054597729911,2.23832577143073,0.0756955281481481,0,0,0.0335051111111111
19.88,-3.42054597729911,2.23832577143073,0.0760300918518519,0,0,0.0334071111111111
19.89,-3.42054597729911,2.23832577143073,0.07636366,0,0,0.033306
19.9,-3.42054597729911,2.23832577143073,0.0766962014814815,0,0,0.0332017777777778
19.91,-3.42054597729911,2.23832577143073,0.0770276851851852,0,0,0.0330944444444444
19.92,-3.42054597729911,2.23832577143073,0.07735808,0,0,0.032984
19.93,-3.42054597729911,2.23832577143073,0.0776873548148148,0,0,0.0328704444444444
19.94,-3.42054597729911,2.23832577143073,0.0780154785185185,0,0,0.0327537777777778
19.95,-3.42054597729911,2.23832577143073,0.07834242,0,0,0.032634
19.96,-3.42054597729911,2.23832577143073,0.0786681481481482,0,0,0.0325111111111111
19.97,-3.42054597729911,2.23832577143073,0.0789926318518519,0,0,0.0323851111111111
19.98,-3.42054597729911,2.23832577143073,0.07931584,0,0,0.032256
19.99,-3.42054597729911,2.23832577143073,0.0796377414814815,0,0,0.0321237777777778
20,-3.42054597729911,2.23832577143073,0.0799583051851852,0,0,0.0319884444444444
20.01,-3.42054597729911,2.23832577143073,0.0802775,0,0,0.03185
20.02,-3.42054597729911,2.23832577143073,0.0805952948148148,0,0,0.0317084444444444
20.03,-3.42054597729911,2.23832577143073,0.0809116585185185,0,0,0.0315637777777778
20.04,-3.42054597729911,2.23832577143073,0.08122656,0,0,0.031416
20.05,-3.42054597729911,2.23832577143073,0.0815399681481482,0,0,0.0312651111111111
20.06,-3.42054597729911,2.23832577143073,0.0818518518518518,0,0,0.0311111111111111
20.07,-3.42054597729911,2.23832577143073,0.08216218,0,0,0.030954
20.08,-3.42054597729911,2.23832577143073,0.0824709214814815,0,0,0.0307937777777778
20.09,-3.42054597729911,2.23832577143073,0.0827780451851852,0,0,0.0306304444444444
20.1,-3.42054597729911,2.23832577143073,0.08308352,0,0,0.030464
20.11,-3.42054597729911,2.23832577143073,0.0833873148148148,0,0,0.0302944444444444
20.12,-3.42054597729911,2.23832577143073,0.0836893985185185,0,0,0.0301217777777778
20.13,-3.42054597729911,2.23832577143073,0.08398974,0,0,0.029946
20.14,-3.42054597729911,2.23832577143073,0.0842883081481482,0,0,0.0297671111111111
20.15,-3.42054597729911,2.23832577143073,0.0845850718518518,0,0,0.0295851111111111
20.16,-3.42054597729911,2.23832577143073,0.08488,0,0,0.0294
20.17,-3.42054597729911,2.23832577143073,0.0851730614814815,0,0,0.0292117777777778
20.18,-3.42054597729911,2.23832577143073,0.0854642251851852,0,0,0.0290204444444444
20.19,-3.42054597729911,2.23832577143073,0.08575346,0,0,0.028826
20.2,-3.42054597729911,2.23832577143073,0.0860407348148148,0,0,0.0286284444444444
20.21,-3.42054597729911,2.23832577143073,0.0863260185185185,0,0,0.0284277777777778
20.22,-3.42054597729911,2.23832577143073,0.08660928,0,0,0.028224
20.23,-3.42054597729911,2.23832577143073,0.0868904881481481,0,0,0.0280171111111111
20.24,-3.42054597729911,2.23832577143073,0.0871696118518518,0,0,0.0278071111111111
20.25,-3.42054597729911,2.23832577143073,0.08744662,0,0,0.027594
20.26,-3.42054597729911,2.23832577143073,0.0877214814814815,0,0,0.0273777777777778
20.27,-3.42054597729911,2.23832577143073,0.0879941651851852,0,0,0.0271584444444444
20.28,-3.42054597729911,2.23832577143073,0.08826464,0,0,0.026936
20.29,-3.42054597729911,2.23832577143073,0.0885328748148148,0,0,0.0267104444444444
20.3,-3.42054597729911,2.23832577143073,0.0887988385185185,0,0,0.0264817777777778
20.31,-3.42054597729911,2.23832577143073,0.0890625,0,0,0.02625
20.32,-3.42054597729911,2.23832577143073,0.0893238281481482,0,0,0.0260151111111111
20.33,-3.42054597729911,2.23832577143073,0.0895827918518518,0,0,0.0257771111111111
20.34,-3.42054597729911,2.23832577143073,0.08983936,0,0,0.025536
20.35,-3.42054597729911,2.23832577143073,0.0900935014814815,0,0,0.0252917777777778
20.36,-3.42054597729911,2.23832577143073,0.0903451851851852,0,0,0.0250444444444444
20.37,-3.42054597729911,2.23832577143073,0.09059438,0,0,0.024794
20.38,-3.42054597729911,2.23832577143073,0.0908410548148148,0,0,0.0245404444444444
20.39,-3.42054597729911,2.23832577143073,0.0910851785185185,0,0,0.0242837777777778
20.4,-3.42054597729911,2.23832577143073,0.09132672,0,0,0.024024
20.41,-3.42054597729911,2.23832577143073,0.0915656481481481,0,0,0.0237611111111111
20.42,-3.42054597729911,2.23832577143073,0.0918019318518518,0,0,0.0234951111111111
20.43,-3.42054597729911,2.23832577143073,0.09203554,0,0,0.023226
20.44,-3.42054597729911,2.23832577143073,0.0922664414814815,0,0,0.0229537777777778
20.45,-3.42054597729911,2.23832577143073,0.0924946051851852,0,0,0.0226784444444444
20.46,-3.42054597729911,2.23832577143073,0.09272,0,0,0.0224
20.47,-3.42054597729911,2.23832577143073,0.0929425948148148,0,0,0.0221184444444444
20.48,-3.42054597729911,2.23832577143073,0.0931623585185185,0,0,0.0218337777777778
20.49,-3.42054597729911,2.23832577143073,0.09337926,0,0,0.021546
20.5,-3.42054597729911,2.23832577143073,0.0935932681481481,0,0,0.0212551111111111
20.51,-3.42054597729911,2.23832577143073,0.0938043518518519,0,0,0.0209611111111111
20.52,-3.42054597729911,2.23832577143073,0.09401248,0,0,0.020664
20.53,-3.42054597729911,2.23832577143073,0.0942176214814815,0,0,0.0203637777777778
20.54,-3.42054597729911,2.23832577143073,0.0944197451851852,0,0,0.0200604444444444
20.55,-3.42054597729911,2.23832577143073,0.09461882,0,0,0.019754
20.56,-3.42054597729911,2.23832577143073,0.0948148148148148,0,0,0.0194444444444444
20.57,-3.42054597729911,2.23832577143073,0.0950076985185185,0,0,0.0191317777777778
20.58,-3.42054597729911,2.23832577143073,0.09519744,0,0,0.018816
20.59,-3.42054597729911,2.23832577143073,0.0953840081481481,0,0,0.0184971111111111
20.6,-3.42054597729911,2.23832577143073,0.0955673718518518,0,0,0.0181751111111111
20.61,-3.42054597729911,2.23832577143073,0.0957475,0,0,0.01785
20.62,-3.42054597729911,2.23832577143073,0.0959243614814815,0,0,0.0175217777777778
20.63,-3.42054597729911,2.23832577143073,0.0960979251851852,0,0,0.0171904444444444
20.64,-3.42054597729911,2.23832577143073,0.09626816,0,0,0.016856
20.65,-3.42054597729911,2.23832577143073,0.0964350348148148,0,0,0.0165184444444444
20.66,-3.42054597729911,2.23832577143073,0.0965985185185185,0,0,0.0161777777777778
20.67,-3.42054597729911,2.23832577143073,0.09675858,0,0,0.015834
20.68,-3.42054597729911,2.23832577143073,0.0969151881481481,0,0,0.0154871111111111
20.69,-3.42054597729911,2.23832577143073,0.0970683118518519,0,0,0.0151371111111111
20.7,-3.42054597729911,2.23832577143073,0.09721792,0,0,0.014784
20.71,-3.42054597729911,2.23832577143073,0.0973639814814815,0,0,0.0144277777777778
20.72,-3.42054597729911,2.23832577143073,0.0975064651851852,0,0,0.0140684444444444
20.73,-3.42054597729911,2.23832577143073,0.09764534,0,0,0.013706
20.74,-3.42054597729911,2.23832577143073,0.0977805748148148,0,0,0.0133404444444444
20.75,-3.42054597729911,2.23832577143073,0.0979121385185185,0,0,0.0129717777777778
20.76,-3.42054597729911,2.23832577143073,0.09804,0,0,0.0126
20.77,-3.42054597729911,2.23832577143073,0.0981641281481481,0,0,0.0122251111111111
20.78,-3.42054597729911,2.23832577143073,0.0982844918518518,0,0,0.0118471111111111
20.79,-3.42054597729911,2.23832577143073,0.09840106,0,0,0.011466
20.8,-3.42054597729911,2.23832577143073,0.0985138014814814,0,0,0.0110817777777778
20.81,-3.42054597729911,2.23832577143073,0.0986226851851852,0,0,0.0106944444444444
20.82,-3.42054597729911,2.23832577143073,0.09872768,0,0,0.010304
20.83,-3.42054597729911,2.23832577143073,0.0988287548148148,0,0,0.00991044444444442
20.84,-3.42054597729911,2.23832577143073,0.0989258785185185,0,0,0.00951377777777777
20.85,-3.42054597729911,2.23832577143073,0.09901902,0,0,0.00911399999999998
20.86,-3.42054597729911,2.23832577143073,0.0991081481481481,0,0,0.00871111111111109
20.87,-3.42054597729911,2.23832577143073,0.0991932318518518,0,0,0.0083051111111111
20.88,-3.42054597729911,2.23832577143073,0.09927424,0,0,0.00789599999999999
20.89,-3.42054597729911,2.23832577143073,0.0993511414814815,0,0,0.00748377777777774
20.9,-3.42054597729911,2.23832577143073,0.0994239051851852,0,0,0.00706844444444443
20.91,-3.42054597729911,2.23832577143073,0.0994925,0,0,0.00664999999999996
20.92,-3.42054597729911,2.23832577143073,0.0995568948148148,0,0,0.00622844444444445
20.93,-3.42054597729911,2.23832577143073,0.0996170585185185,0,0,0.00580377777777777
20.94,-3.42054597729911,2.23832577143073,0.09967296,0,0,0.00537599999999996
20.95,-3.42054597729911,2.23832577143073,0.0997245681481481,0,0,0.00494511111111109
20.96,-3.42054597729911,2.23832577143073,0.0997718518518519,0,0,0.00451111111111108
20.97,-3.42054597729911,2.23832577143073,0.09981478,0,0,0.00407399999999997
20.98,-3.42054597729911,2.23832577143073,0.0998533214814815,0,0,0.00363377777777779
20.99,-3.42054597729911,2.23832577143073,0.0998874451851852,0,0,0.00319044444444441
21,-3.42054597729911,2.23832577143073,0.09991712,0,0,0.002744
21.01,-3.42054597729911,2.23832577143073,0.0999423148148148,0,0,0.00229444444444443
21.02,-3.42054597729911,2.23832577143073,0.0999629985185185,0,0,0.00184177777777775
21.03,-3.42054597729911,2.23832577143073,0.09997914,0,0,0.00138599999999997
21.04,-3.42054597729911,2.23832577143073,0.0999907081481481,0,0,0.000927111111111101
21.05,-3.42054597729911,2.23832577143073,0.0999976718518518,0,0,0.000465111111111083
21.06,-3.42054597729911,2.23832577143073,0.1,0,0,0
21.07,-3.42054597729911,2.23832577143073,0.1,0,0,0
21.08,-3.42050962219379,2.23830411887675,0.1,0.00726292415819591,-0.0043256884012722,0
21.09,-3.42040088075405,2.23823935411061,0.1,0.0144772668838955,-0.00862244243196733,0
21.1,-3.42022023879422,2.23813176647601,0.1,0.0216430281770988,-0.0128902620920854,0
21.11,-3.41996818212862,2.23798164531667,0.1,0.0287602080378059,-0.0171291473816264,0
21.12,-3.41964519657157,2.23778927997628,0.1,0.0358288064660166,-0.0213390983005903,0
21.13,-3.41925176793741,2.23755495979856,0.1,0.042848823461731,-0.0255201148489771,0
21.14,-3.41878838204045,2.2372789741272,0.1,0.0498202590249492,-0.0296721970267869,0
21.15,-3.41825552469502,2.23696161230592,0.1,0.056743113155671,-0.0337953448340196,0
21.16,-3.41765368171544,2.23660316367842,0.1,0.0636173858538966,-0.0378895582706752,0
21.17,-3.41698333891605,2.23620391758841,0.1,0.0704430771196258,-0.0419548373367538,0
21.18,-3.41624498211116,2.23576416337959,0.1,0.0772201869528588,-0.0459911820322553,0
21.19,-3.4154390971151,2.23528419039567,0.1,0.0839487153535955,-0.0499985923571797,0
21.2,-3.4145661697422,2.23476428798035,0.1,0.0906286623218359,-0.053977068311527,0
21.21,-3.41362668580677,2.23420474547734,0.1,0.09726002785758,-0.0579266098952973,0
21.22,-3.41262113112315,2.23360585223034,0.1,0.103842811960828,-0.0618472171084905,0
21.23,-3.41154999150566,2.23296789758307,0.1,0.110377014631579,-0.0657388899511066,0
21.24,-3.41041375276863,2.23229117087922,0.1,0.116862635869834,-0.0696016284231457,0
21.25,-3.40921290072637,2.23157596146251,0.1,0.123299675675593,-0.0734354325246076,0
21.26,-3.40794792119323,2.23082255867663,0.1,0.129688134048856,-0.0772403022554926,0
21.27,-3.40661929998351,2.2300312518653,0.1,0.136028010989622,-0.0810162376158004,0
21.28,-3.40522752291154,2.22920233037222,0.1,0.142319306497892,-0.0847632386055312,0
21.29,-3.40377307579166,2.22833608354109,0.1,0.148562020573666,-0.0884813052246849,0
21.3,-3.40225644443818,2.22743280071563,0.1,0.154756153216944,-0.0921704374732615,0
21.31,-3.40067811466543,2.22649277123953,0.1,0.160901704427725,-0.095830635351261,0
21.32,-3.39903857228773,2.22551628445651,0.1,0.16699867420601,-0.0994618988586835,0
21.33,-3.39733830311941,2.22450362971026,0.1,0.173047062551798,-0.103064227995529,0
21.34,-3.3955777929748,2.2234550963445,0.1,0.17904686946509,-0.106637622761797,0
21.35,-3.39375752766822,2.22237097370292,0.1,0.184998094945886,-0.110182083157489,0
21.36,-3.39187799301399,2.22125155112925,0.1,0.190900738994186,-0.113697609182603,0
21.37,-3.38993967482644,2.22009711796717,0.1,0.196754801609989,-0.11718420083714,0
21.38,-3.3879430589199,2.21890796356041,0.1,0.202560282793297,-0.1206418581211,0
21.39,-3.38588863110869,2.21768437725265,0.1,0.208317182544107,-0.124070581034483,0
21.4,-3.38377687720713,2.21642664838762,0.1,0.214025500862422,-0.127470369577289,0
21.41,-3.38160828302955,2.21513506630901,0.1,0.21968523774824,-0.130841223749518,0
21.42,-3.37938333439027,2.21380992036053,0.1,0.225296393201562,-0.134183143551169,0
21.43,-3.37710251710362,2.21245149988589,0.1,0.230858967222388,-0.137496128982244,0
21.44,-3.37476631698393,2.21106009422879,0.1,0.236372959810717,-0.140780180042742,0
21.45,-3.37237521984552,2.20963599273294,0.1,0.24183837096655,-0.144035296732662,0
21.46,-3.36992971150271,2.20817948474204,0.1,0.247255200689887,-0.147261479052006,0
21.47,-3.36743027776983,2.2066908595998,0.1,0.252623448980727,-0.150458727000772,0
21.48,-3.3648774044612,2.20517040664992,0.1,0.257943115839071,-0.153627040578962,0
21.49,-3.36227157739116,2.20361841523612,0.1,0.263214201264919,-0.156766419786574,0
21.5,-3.35961328237401,2.20203517470209,0.1,0.268436705258271,-0.159876864623609,0
21.51,-3.3569030052241,2.20042097439155,0.1,0.273610627819126,-0.162958375090067,0
21.52,-3.35414123175574,2.19877610364819,0.1,0.278735968947485,-0.166010951185948,0
21.53,-3.35132844778326,2.19710085181573,0.1,0.283812728643348,-0.169034592911252,0
21.54,-3.34846513912098,2.19539550823787,0.1,0.288840906906714,-0.172029300265979,0
21.55,-3.34555179158323,2.19366036225832,0.1,0.293820503737584,-0.174995073250129,0
21.56,-3.34258889098434,2.19189570322077,0.1,0.298751519135958,-0.177931911863702,0
21.57,-3.33957692313862,2.19010182046894,0.1,0.303633953101836,-0.180839816106697,0
21.58,-3.33651637386041,2.18827900334654,0.1,0.308467805635217,-0.183718785979116,0
21.59,-3.33340772896402,2.18642754119726,0.1,0.313253076736102,-0.186568821480958,0
21.6,-3.33025147426379,2.18454772336482,0.1,0.31798976640449,-0.189389922612222,0
21.61,-3.32704809557404,2.18263983919292,0.1,0.322677874640383,-0.192182089372909,0
21.62,-3.32379807870909,2.18070417802527,0.1,0.327317401443779,-0.19494532176302,0
21.63,-3.32050190948328,2.17874102920556,0.1,0.331908346814679,-0.197679619782553,0
21.64,-3.31716007371091,2.17675068207752,0.1,0.336450710753082,-0.200384983431509,0
21.65,-3.31377305720632,2.17473342598483,0.1,0.340944493258989,-0.203061412709888,0
21.66,-3.31034134578384,2.17268955027122,0.1,0.3453896943324,-0.20570890761769,0
21.67,-3.30686542525778,2.17061934428038,0.1,0.349786313973315,-0.208327468154915,0
21.68,-3.30334578144248,2.16852309735602,0.1,0.354134352181733,-0.210917094321563,0
21.69,-3.29978290015226,2.16640109884185,0.1,0.358433808957655,-0.213477786117634,0
21.7,-3.29617726720144,2.16425363808157,0.1,0.362684684301081,-0.216009543543128,0
21.71,-3.29252936840434,2.16208100441889,0.1,0.36688697821201,-0.218512366598045,0
21.72,-3.2888396895753,2.15988348719751,0.1,0.371040690690443,-0.220986255282384,0
21.73,-3.28510871652864,2.15766137576115,0.1,0.37514582173638,-0.223431209596147,0
21.74,-3.28133693507868,2.15541495945349,0.1,0.37920237134982,-0.225847229539332,0
21.75,-3.27752483103975,2.15314452761826,0.1,0.383210339530765,-0.228234315111941,0
21.76,-3.27367289022618,2.15085036959916,0.1,0.387169726279213,-0.230592466313972,0
21.77,-3.26978159845228,2.14853277473988,0.1,0.391080531595164,-0.232921683145426,0
21.78,-3.26585144153238,2.14619203238415,0.1,0.39494275547862,-0.235221965606303,0
21.79,-3.26188290528081,2.14382843187566,0.1,0.398756397929579,-0.237493313696603,0
21.8,-3.2578764755119,2.14144226255812,0.1,0.402521458948041,-0.239735727416327,0
21.81,-3.25383263803996,2.13903381377524,0.1,0.406237938534008,-0.241949206765473,0
21.82,-3.24975187867933,2.13660337487071,0.1,0.409905836687478,-0.244133751744041,0
21.83,-3.24563468324432,2.13415123518826,0.1,0.413525153408452,-0.246289362352033,0
21.84,-3.24148153754927,2.13167768407157,0.1,0.417095888696929,-0.248416038589448,0
21.85,-3.23729292740849,2.12918301086437,0.1,0.420618042552911,-0.250513780456286,0
21.86,-3.23306933863632,2.12666750491035,0.1,0.424091614976396,-0.252582587952546,0
21.87,-3.22881125704707,2.12413145555322,0.1,0.427516605967384,-0.25462246107823,0
21.88,-3.22451916845508,2.12157515213669,0.1,0.430893015525877,-0.256633399833336,0
21.89,-3.22019355867466,2.11899888400446,0.1,0.434220843651873,-0.258615404217866,0
21.9,-3.21583491352015,2.11640294050023,0.1,0.437500090345373,-0.260568474231818,0
21.91,-3.21144371880586,2.11378761096772,0.1,0.440730755606376,-0.262492609875193,0
21.92,-3.20702046034613,2.11115318475063,0.1,0.443912839434884,-0.264387811147991,0
21.93,-3.20256562395527,2.10849995119266,0.1,0.447046341830895,-0.266254078050213,0
21.94,-3.19807969544762,2.10582819963753,0.1,0.450131262794409,-0.268091410581857,0
21.95,-3.19356316063749,2.10313821942893,0.1,0.453167602325428,-0.269899808742924,0
21.96,-3.18901650533922,2.10043029991057,0.1,0.45615536042395,-0.271679272533414,0
21.97,-3.18444021536712,2.09770473042616,0.1,0.459094537089975,-0.273429801953326,0
21.98,-3.17983477653553,2.09496180031941,0.1,0.461985132323505,-0.275151397002662,0
21.99,-3.17520067465876,2.09220179893401,0.1,0.464827146124538,-0.276844057681421,0
22,-3.17053839555115,2.08942501561368,0.1,0.467620578493075,-0.278507783989602,0
22.01,-3.16584842502701,2.08663173970212,0.1,0.470365429429116,-0.280142575927207,0
22.02,-3.16113124890067,2.08382226054304,0.1,0.47306169893266,-0.281748433494234,0
22.03,-3.15638735298646,2.08099686748014,0.1,0.475709387003708,-0.283325356690685,0
22.04,-3.15161722309871,2.07815584985713,0.1,0.47830849364226,-0.284873345516558,0
22.05,-3.14682134505173,2.07529949701771,0.1,0.480859018848315,-0.286392399971855,0
22.06,-3.14200020465985,2.07242809830559,0.1,0.483360962621874,-0.287882520056574,0
22.07,-3.1371542877374,2.06954194306448,0.1,0.485814324962937,-0.289343705770716,0
22.08,-3.1322840800987,2.06664132063808,0.1,0.488219105871503,-0.290775957114281,0
22.09,-3.12739006755808,2.0637265203701,0.1,0.490575305347574,-0.292179274087269,0
22.1,-3.12247273592985,2.06079783160423,0.1,0.492882923391148,-0.29355365668968,0
22.11,-3.11753257102836,2.0578555436842,0.1,0.495141960002225,-0.294899104921513,0
22.12,-3.11257005866792,2.05489994595371,0.1,0.497352415180807,-0.29621561878277,0
22.13,-3.10758568466285,2.05193132775645,0.1,0.499514288926892,-0.29750319827345,0
22.14,-3.10257993482749,2.04894997843614,0.1,0.501627581240481,-0.298761843393553,0
22.15,-3.09755329497615,2.04595618733648,0.1,0.503692292121573,-0.299991554143078,0
22.16,-3.09250625092317,2.04295024380118,0.1,0.505708421570169,-0.301192330522027,0
22.17,-3.08743928848286,2.03993243717394,0.1,0.507675969586269,-0.302364172530398,0
22.18,-3.08235289346955,2.03690305679847,0.1,0.509594936169873,-0.303507080168192,0
22.19,-3.07724755169757,2.03386239201848,0.1,0.51146532132098,-0.30462105343541,0
22.2,-3.07212374898124,2.03081073217767,0.1,0.513287125039591,-0.30570609233205,0
22.21,-3.06698197113488,2.02774836661974,0.1,0.515060347325706,-0.306762196858113,0
22.22,-3.06182270397283,2.02467558468841,0.1,0.516784988179324,-0.307789367013599,0
22.23,-3.0566464333094,2.02159267572737,0.1,0.518461047600446,-0.308787602798508,0
22.24,-3.05145364495893,2.01849992908034,0.1,0.520088525589072,-0.30975690421284,0
22.25,-3.04624482473573,2.01539763409102,0.1,0.521667422145202,-0.310697271256595,0
22.26,-3.04102045845413,2.01228608010311,0.1,0.523197737268835,-0.311608703929772,0
22.27,-3.03578103192846,2.00916555646032,0.1,0.524679470959972,-0.312491202232373,0
22.28,-3.03052703097304,2.00603635250636,0.1,0.526112623218613,-0.313344766164397,0
22.29,-3.0252589414022,2.00289875758494,0.1,0.527497194044757,-0.314169395725843,0
22.3,-3.01997724903026,1.99975306103975,0.1,0.528833183438405,-0.314965090916713,0
22.31,-3.01468243967154,1.9965995522145,0.1,0.530120591399557,-0.315731851737005,0
22.32,-3.00937499914037,1.99343852045291,0.1,0.531359417928212,-0.31646967818672,0
22.33,-3.00405541325108,1.99027025509867,0.1,0.532549663024371,-0.317178570265859,0
22.34,-2.998724167818,1.98709504549549,0.1,0.533691326688034,-0.31785852797442,0
22.35,-2.99338174865543,1.98391318098709,0.1,0.534784408919201,-0.318509551312404,0
22.36,-2.98802864157772,1.98072495091715,0.1,0.535828909717871,-0.319131640279811,0
22.37,-2.98266533239918,1.97753064462939,0.1,0.536824829084045,-0.319724794876641,0
22.38,-2.97729230693415,1.97433055146752,0.1,0.537772167017723,-0.320289015102894,0
22.39,-2.97191005099694,1.97112496077524,0.1,0.538670923518904,-0.32082430095857,0
22.4,-2.96651905040188,1.96791416189625,0.1,0.53952109858759,-0.321330652443668,0
22.41,-2.96111979096329,1.96469844417426,0.1,0.540322692223778,-0.32180806955819,0
22.42,-2.95571275849551,1.96147809695299,0.1,0.541075704427471,-0.322256552302135,0
22.43,-2.95029843881285,1.95825340957612,0.1,0.541780135198667,-0.322676100675502,0
22.44,-2.94487731772964,1.95502467138738,0.1,0.542435984537367,-0.323066714678293,0
22.45,-2.93944988106021,1.95179217173046,0.1,0.543043252443571,-0.323428394310506,0
22.46,-2.93401661461888,1.94855619994907,0.1,0.543601938917278,-0.323761139572142,0
22.47,-2.92857800421998,1.94531704538692,0.1,0.544112043958489,-0.324064950463202,0
22.48,-2.92313453567782,1.94207499738771,0.1,0.544573567567204,-0.324339826983684,0
22.49,-2.91768669480674,1.93883034529515,0.1,0.544986509743423,-0.324585769133589,0
22.5,-2.91223496742106,1.93558337845294,0.1,0.545350870487145,-0.324802776912917,0
22.51,-2.90677983933511,1.93233438620479,0.1,0.545666649798371,-0.324990850321668,0
22.52,-2.9013217963632,1.92908365789441,0.1,0.5459338476771,-0.325149989359842,0
22.53,-2.89586132431967,1.92583148286549,0.1,0.546152464123334,-0.325280194027439,0
22.54,-2.89039890901884,1.92257815046176,0.1,0.546322499137071,-0.325381464324458,0
22.55,-2.88493503627504,1.91932395002691,0.1,0.546443952718311,-0.325453800250901,0
22.56,-2.87947019190258,1.91606917090464,0.1,0.546516824867056,-0.325497201806767,0
22.57,-2.87400486171581,1.91281410243867,0.1,0.546541115583304,-0.325511668992055,0
22.58,-2.86853953152903,1.9095590339727,0.1,0.546516824867056,-0.325497201806767,0
22.59,-2.86307468715657,1.90630425485044,0.1,0.546443952718311,-0.325453800250901,0
22.6,-2.85761081441277,1.90305005441559,0.1,0.546322499137071,-0.325381464324458,0
22.61,-2.85214839911194,1.89979672201185,0.1,0.546152464123334,-0.325280194027439,0
22.62,-2.84668792706841,1.89654454698294,0.1,0.5459338476771,-0.325149989359842,0
22.63,-2.84122988409651,1.89329381867256,0.1,0.545666649798371,-0.324990850321668,0
22.64,-2.83577475601055,1.89004482642441,0.1,0.545350870487145,-0.324802776912917,0
22.65,-2.83032302862487,1.8867978595822,0.1,0.544986509743423,-0.324585769133589,0
22.66,-2.82487518775379,1.88355320748964,0.1,0.544573567567204,-0.324339826983684,0
22.67,-2.81943171921164,1.88031115949043,0.1,0.544112043958489,-0.324064950463202,0
22.68,-2.81399310881273,1.87707200492828,0.1,0.543601938917278,-0.323761139572142,0
22.69,-2.8085598423714,1.87383603314689,0.1,0.543043252443571,-0.323428394310506,0
22.7,-2.80313240570197,1.87060353348997,0.1,0.542435984537367,-0.323066714678293,0
22.71,-2.79771128461876,1.86737479530123,0.1,0.541780135198667,-0.322676100675502,0
22.72,-2.7922969649361,1.86415010792436,0.1,0.541075704427471,-0.322256552302135,0
22.73,-2.78688993246832,1.86092976070309,0.1,0.540322692223778,-0.32180806955819,0
22.74,-2.78149067302973,1.8577140429811,0.1,0.53952109858759,-0.321330652443668,0
22.75,-2.77609967243468,1.85450324410211,0.1,0.538670923518905,-0.32082430095857,0
22.76,-2.77071741649746,1.85129765340983,0.1,0.537772167017723,-0.320289015102894,0
22.77,-2.76534439103243,1.84809756024796,0.1,0.536824829084045,-0.319724794876641,0
22.78,-2.75998108185389,1.8449032539602,0.1,0.535828909717871,-0.319131640279811,0
22.79,-2.75462797477618,1.84171502389026,0.1,0.534784408919201,-0.318509551312404,0
22.8,-2.74928555561362,1.83853315938185,0.1,0.533691326688034,-0.31785852797442,0
22.81,-2.74395431018053,1.83535794977868,0.1,0.532549663024372,-0.317178570265859,0
22.82,-2.73863472429124,1.83218968442444,0.1,0.531359417928212,-0.31646967818672,0
22.83,-2.73332728376007,1.82902865266284,0.1,0.530120591399557,-0.315731851737005,0
22.84,-2.72803247440135,1.8258751438376,0.1,0.528833183438405,-0.314965090916713,0
22.85,-2.72275078202941,1.82272944729241,0.1,0.527497194044757,-0.314169395725843,0
22.86,-2.71748269245857,1.81959185237099,0.1,0.526112623218613,-0.313344766164397,0
22.87,-2.71222869150315,1.81646264841703,0.1,0.524679470959972,-0.312491202232373,0
22.88,-2.70698926497748,1.81334212477424,0.1,0.523197737268835,-0.311608703929772,0
22.89,-2.70176489869588,1.81023057078633,0.1,0.521667422145202,-0.310697271256595,0
22.9,-2.69655607847268,1.80712827579701,0.1,0.520088525589072,-0.30975690421284,0
22.91,-2.69136329012221,1.80403552914998,0.1,0.518461047600446,-0.308787602798508,0
22.92,-2.68618701945878,1.80095262018894,0.1,0.516784988179324,-0.307789367013599,0
22.93,-2.68102775229673,1.79787983825761,0.1,0.515060347325706,-0.306762196858113,0
22.94,-2.67588597445037,1.79481747269968,0.1,0.513287125039591,-0.30570609233205,0
22.95,-2.67076217173404,1.79176581285887,0.1,0.51146532132098,-0.30462105343541,0
22.96,-2.66565682996206,1.78872514807888,0.1,0.509594936169873,-0.303507080168192,0
22.97,-2.66057043494876,1.78569576770341,0.1,0.507675969586269,-0.302364172530398,0
22.98,-2.65550347250845,1.78267796107617,0.1,0.505708421570169,-0.301192330522027,0
22.99,-2.65045642845546,1.77967201754087,0.1,0.503692292121573,-0.299991554143078,0
23,-2.64542978860412,1.77667822644121,0.1,0.501627581240481,-0.298761843393553,0
23.01,-2.64042403876876,1.7736968771209,0.1,0.499514288926892,-0.29750319827345,0
23.02,-2.63543966476369,1.77072825892364,0.1,0.497352415180807,-0.29621561878277,0
23.03,-2.63047715240325,1.76777266119315,0.1,0.495141960002225,-0.294899104921514,0
23.04,-2.62553698750176,1.76483037327311,0.1,0.492882923391148,-0.29355365668968,0
23.05,-2.62061965587354,1.76190168450725,0.1,0.490575305347574,-0.292179274087269,0
23.06,-2.61572564333291,1.75898688423927,0.1,0.488219105871503,-0.290775957114281,0
23.07,-2.61085543569421,1.75608626181287,0.1,0.485814324962937,-0.289343705770716,0
23.08,-2.60600951877176,1.75320010657176,0.1,0.483360962621874,-0.287882520056574,0
23.09,-2.60118837837989,1.75032870785964,0.1,0.480859018848315,-0.286392399971855,0
23.1,-2.59639250033291,1.74747235502022,0.1,0.47830849364226,-0.284873345516558,0
23.11,-2.59162237044515,1.74463133739721,0.1,0.475709387003708,-0.283325356690685,0
23.12,-2.58687847453094,1.74180594433431,0.1,0.47306169893266,-0.281748433494234,0
23.13,-2.5821612984046,1.73899646517523,0.1,0.470365429429116,-0.280142575927207,0
23.14,-2.57747132788047,1.73620318926367,0.1,0.467620578493075,-0.278507783989603,0
23.15,-2.57280904877285,1.73342640594334,0.1,0.464827146124538,-0.276844057681421,0
23.16,-2.56817494689608,1.73066640455794,0.1,0.461985132323505,-0.275151397002662,0
23.17,-2.56356950806449,1.72792347445119,0.1,0.459094537089975,-0.273429801953326,0
23.18,-2.55899321809239,1.72519790496678,0.1,0.45615536042395,-0.271679272533414,0
23.19,-2.55444656279412,1.72248998544842,0.1,0.453167602325428,-0.269899808742924,0
23.2,-2.54993002798399,1.71980000523982,0.1,0.450131262794409,-0.268091410581857,0
23.21,-2.54544409947634,1.71712825368469,0.1,0.447046341830895,-0.266254078050213,0
23.22,-2.54098926308548,1.71447502012672,0.1,0.443912839434884,-0.264387811147992,0
23.23,-2.53656600462575,1.71184059390963,0.1,0.440730755606376,-0.262492609875193,0
23.24,-2.53217480991146,1.70922526437712,0.1,0.437500090345373,-0.260568474231818,0
23.25,-2.52781616475695,1.70662932087289,0.1,0.434220843651873,-0.258615404217866,0
23.26,-2.52349055497653,1.70405305274066,0.1,0.430893015525877,-0.256633399833336,0
23.27,-2.51919846638454,1.70149674932413,0.1,0.427516605967384,-0.25462246107823,0
23.28,-2.51494038479529,1.698960699967,0.1,0.424091614976396,-0.252582587952546,0
23.29,-2.51071679602312,1.69644519401298,0.1,0.420618042552911,-0.250513780456286,0
23.3,-2.50652818588234,1.69395052080578,0.1,0.417095888696929,-0.248416038589448,0
23.31,-2.50237504018729,1.69147696968909,0.1,0.413525153408452,-0.246289362352033,0
23.32,-2.49825784475228,1.68902483000664,0.1,0.409905836687478,-0.244133751744041,0
23.33,-2.49417708539165,1.68659439110211,0.1,0.406237938534008,-0.241949206765473,0
23.34,-2.49013324791971,1.68418594231923,0.1,0.402521458948041,-0.239735727416327,0
23.35,-2.4861268181508,1.68179977300169,0.1,0.398756397929579,-0.237493313696603,0
23.36,-2.48215828189923,1.6794361724932,0.1,0.39494275547862,-0.235221965606303,0
23.37,-2.47822812497933,1.67709543013746,0.1,0.391080531595164,-0.232921683145426,0
23.38,-2.47433683320543,1.67477783527819,0.1,0.387169726279213,-0.230592466313972,0
23.39,-2.47048489239186,1.67248367725909,0.1,0.383210339530765,-0.228234315111941,0
23.4,-2.46667278835293,1.67021324542386,0.1,0.37920237134982,-0.225847229539332,0
23.41,-2.46290100690297,1.6679668291162,0.1,0.37514582173638,-0.223431209596147,0
23.42,-2.45917003385631,1.66574471767983,0.1,0.371040690690443,-0.220986255282384,0
23.43,-2.45548035502727,1.66354720045846,0.1,0.36688697821201,-0.218512366598045,0
23.44,-2.45183245623018,1.66137456679578,0.1,0.36268468430108,-0.216009543543128,0
23.45,-2.44822682327936,1.6592271060355,0.1,0.358433808957655,-0.213477786117634,0
23.46,-2.44466394198913,1.65710510752132,0.1,0.354134352181733,-0.210917094321563,0
23.47,-2.44114429817383,1.65500886059697,0.1,0.349786313973315,-0.208327468154915,0
23.48,-2.43766837764777,1.65293865460613,0.1,0.3453896943324,-0.20570890761769,0
23.49,-2.43423666622529,1.65089477889251,0.1,0.340944493258989,-0.203061412709888,0
23.5,-2.4308496497207,1.64887752279983,0.1,0.336450710753082,-0.200384983431509,0
23.51,-2.42750781394834,1.64688717567179,0.1,0.331908346814679,-0.197679619782553,0
23.52,-2.42421164472252,1.64492402685208,0.1,0.327317401443779,-0.19494532176302,0
23.53,-2.42096162785757,1.64298836568443,0.1,0.322677874640383,-0.192182089372909,0
23.54,-2.41775824916782,1.64108048151253,0.1,0.317989766404491,-0.189389922612222,0
23.55,-2.41460199446759,1.63920066368009,0.1,0.313253076736102,-0.186568821480958,0
23.56,-2.4114933495712,1.63734920153081,0.1,0.308467805635217,-0.183718785979116,0
23.57,-2.40843280029299,1.63552638440841,0.1,0.303633953101836,-0.180839816106697,0
23.58,-2.40542083244728,1.63373250165658,0.1,0.298751519135958,-0.177931911863702,0
23.59,-2.40245793184838,1.63196784261903,0.1,0.293820503737584,-0.174995073250129,0
23.6,-2.39954458431063,1.63023269663948,0.1,0.288840906906714,-0.172029300265979,0
23.61,-2.39668127564835,1.62852735306162,0.1,0.283812728643348,-0.169034592911252,0
23.62,-2.39386849167587,1.62685210122915,0.1,0.278735968947485,-0.166010951185948,0
23.63,-2.39110671820751,1.6252072304858,0.1,0.273610627819126,-0.162958375090067,0
23.64,-2.3883964410576,1.62359303017525,0.1,0.268436705258271,-0.159876864623609,0
23.65,-2.38573814604046,1.62200978964123,0.1,0.263214201264919,-0.156766419786574,0
23.66,-2.38313231897041,1.62045779822743,0.1,0.257943115839071,-0.153627040578962,0
23.67,-2.38057944566178,1.61893734527755,0.1,0.252623448980727,-0.150458727000772,0
23.68,-2.3780800119289,1.61744872013531,0.1,0.247255200689887,-0.147261479052006,0
23.69,-2.37563450358609,1.61599221214441,0.1,0.24183837096655,-0.144035296732662,0
23.7,-2.37324340644768,1.61456811064856,0.1,0.236372959810717,-0.140780180042742,0
23.71,-2.37090720632799,1.61317670499146,0.1,0.230858967222388,-0.137496128982244,0
23.72,-2.36862638904134,1.61181828451682,0.1,0.225296393201562,-0.134183143551169,0
23.73,-2.36640144040206,1.61049313856834,0.1,0.21968523774824,-0.130841223749518,0
23.74,-2.36423284622448,1.60920155648973,0.1,0.214025500862422,-0.127470369577289,0
23.75,-2.36212109232292,1.60794382762469,0.1,0.208317182544107,-0.124070581034483,0
23.76,-2.36006666451171,1.60672024131694,0.1,0.202560282793297,-0.1206418581211,0
23.77,-2.35807004860517,1.60553108691017,0.1,0.19675480160999,-0.11718420083714,0
23.78,-2.35613173041762,1.6043766537481,0.1,0.190900738994186,-0.113697609182603,0
23.79,-2.35425219576339,1.60325723117442,0.1,0.184998094945886,-0.110182083157489,0
23.8,-2.35243193045681,1.60217310853285,0.1,0.179046869465091,-0.106637622761798,0
23.81,-2.3506714203122,1.60112457516709,0.1,0.173047062551798,-0.103064227995529,0
23.82,-2.34897115114388,1.60011192042084,0.1,0.16699867420601,-0.0994618988586837,0
23.83,-2.34733160876619,1.59913543363782,0.1,0.160901704427725,-0.0958306353512612,0
23.84,-2.34575327899344,1.59819540416172,0.1,0.154756153216944,-0.0921704374732615,0
23.85,-2.34423664763996,1.59729212133626,0.1,0.148562020573666,-0.0884813052246851,0
23.86,-2.34278220052007,1.59642587450513,0.1,0.142319306497892,-0.084763238605531,0
23.87,-2.34139042344811,1.59559695301205,0.1,0.136028010989623,-0.0810162376158006,0
23.88,-2.34006180223839,1.59480564620071,0.1,0.129688134048856,-0.0772403022554926,0
23.89,-2.33879682270524,1.59405224341484,0.1,0.123299675675594,-0.0734354325246078,0
23.9,-2.33759597066298,1.59333703399812,0.1,0.116862635869835,-0.0696016284231458,0
23.91,-2.33645973192595,1.59266030729428,0.1,0.110377014631579,-0.0657388899511064,0
23.92,-2.33538859230846,1.592022352647,0.1,0.103842811960828,-0.0618472171084905,0
23.93,-2.33438303762484,1.59142345940001,0.1,0.0972600278575801,-0.0579266098952973,0
23.94,-2.33344355368942,1.590863916897,0.1,0.0906286623218362,-0.0539770683115273,0
23.95,-2.33257062631651,1.59034401448168,0.1,0.0839487153535954,-0.0499985923571797,0
23.96,-2.33176474132045,1.58986404149776,0.1,0.077220186952859,-0.0459911820322554,0
23.97,-2.33102638451556,1.58942428728894,0.1,0.0704430771196258,-0.0419548373367538,0
23.98,-2.33035604171617,1.58902504119893,0.1,0.0636173858538966,-0.0378895582706751,0
23.99,-2.32975419873659,1.58866659257143,0.1,0.0567431131556715,-0.0337953448340198,0
24,-2.32922134139116,1.58834923075015,0.1,0.049820259024949,-0.0296721970267868,0
24.01,-2.3287579554942,1.58807324507879,0.1,0.042848823461731,-0.0255201148489774,0
24.02,-2.32836452686004,1.58783892490107,0.1,0.0358288064660166,-0.0213390983005903,0
24.03,-2.32804154130299,1.58764655956068,0.1,0.0287602080378058,-0.0171291473816266,0
24.04,-2.32778948463739,1.58749643840134,0.1,0.0216430281770985,-0.0128902620920852,0
24.05,-2.32760884267756,1.58738885076674,0.1,0.0144772668838957,-0.00862244243196741,0
24.06,-2.32750010123782,1.5873240860006,0.1,0.00726292415819607,-0.00432568840127234,0
24.07,-2.3274637461325,1.58730243344662,0.1,0,0,0
24.08,-2.3274637461325,1.58730243344662,0.1,0,0,0
24.09,-2.3274637461325,1.58730243344662,0.0999990022222222,0,0,-0.000199333333333333
24.1,-2.3274637461325,1.58730243344662,0.0999960177777778,0,0,-0.000397333333333333
24.11,-2.3274637461325,1.58730243344662,0.09999106,0,0,-0.000594
24.12,-2.3274637461325,1.58730243344662,0.0999841422222222,0,0,-0.000789333333333333
24.13,-2.3274637461325,1.58730243344662,0.0999752777777778,0,0,-0.000983333333333333
24.14,-2.3274637461325,1.58730243344662,0.09996448,0,0,-0.001176
24.15,-2.3274637461325,1.58730243344662,0.0999517622222222,0,0,-0.00136733333333333
24.16,-2.3274637461325,1.58730243344662,0.0999371377777778,0,0,-0.00155733333333333
24.17,-2.3274637461325,1.58730243344662,0.09992062,0,0,-0.001746
24.18,-2.3274637461325,1.58730243344662,0.0999022222222222,0,0,-0.00193333333333333
24.19,-2.3274637461325,1.58730243344662,0.0998819577777778,0,0,-0.00211933333333333
24.2,-2.3274637461325,1.58730243344662,0.09985984,0,0,-0.002304
24.21,-2.3274637461325,1.58730243344662,0.0998358822222222,0,0,-0.00248733333333333
24.22,-2.3274637461325,1.58730243344662,0.0998100977777778,0,0,-0.00266933333333333
24.23,-2.3274637461325,1.58730243344662,0.0997825,0,0,-0.00285
24.24,-2.3274637461325,1.58730243344662,0.0997531022222222,0,0,-0.00302933333333333
24.25,-2.3274637461325,1.58730243344662,0.0997219177777778,0,0,-0.00320733333333333
24.26,-2.3274637461325,1.58730243344662,0.09968896,0,0,-0.003384
24.27,-2.3274637461325,1.58730243344662,0.0996542422222222,0,0,-0.00355933333333333
24.28,-2.3274637461325,1.58730243344662,0.0996177777777778,0,0,-0.00373333333333333
24.29,-2.3274637461325,1.58730243344662,0.09957958,0,0,-0.003906
24.3,-2.3274637461325,1.58730243344662,0.0995396622222222,0,0,-0.00407733333333333
24.31,-2.3274637461325,1.58730243344662,0.0994980377777778,0,0,-0.00424733333333333
24.32,-2.3274637461325,1.58730243344662,0.09945472,0,0,-0.004416
24.33,-2.3274637461325,1.58730243344662,0.0994097222222222,0,0,-0.00458333333333333
24.34,-2.3274637461325,1.58730243344662,0.0993630577777778,0,0,-0.00474933333333333
24.35,-2.3274637461325,1.58730243344662,0.09931474,0,0,-0.004914
24.36,-2.3274637461325,1.58730243344662,0.0992647822222222,0,0,-0.00507733333333333
24.37,-2.3274637461325,1.58730243344662,0.0992131977777778,0,0,-0.00523933333333333
24.38,-2.3274637461325,1.58730243344662,0.09916,0,0,-0.0054
24.39,-2.3274637461325,1.58730243344662,0.0991052022222222,0,0,-0.00555933333333333
24.4,-2.3274637461325,1.58730243344662,0.0990488177777778,0,0,-0.00571733333333333
24.41,-2.3274637461325,1.58730243344662,0.09899086,0,0,-0.005874
24.42,-2.3274637461325,1.58730243344662,0.0989313422222222,0,0,-0.00602933333333333
24.43,-2.3274637461325,1.58730243344662,0.0988702777777778,0,0,-0.00618333333333333
24.44,-2.3274637461325,1.58730243344662,0.09880768,0,0,-0.006336
24.45,-2.3274637461325,1.58730243344662,0.0987435622222222,0,0,-0.00648733333333333
24.46,-2.3274637461325,1.58730243344662,0.0986779377777778,0,0,-0.00663733333333333
24.47,-2.3274637461325,1.58730243344662,0.09861082,0,0,-0.006786
24.48,-2.3274637461325,1.58730243344662,0.0985422222222222,0,0,-0.00693333333333333
24.49,-2.3274637461325,1.58730243344662,0.0984721577777778,0,0,-0.00707933333333333
24.5,-2.3274637461325,1.58730243344662,0.09840064,0,0,-0.007224
24.51,-2.3274637461325,1.58730243344662,0.0983276822222222,0,0,-0.00736733333333333
24.52,-2.3274637461325,1.58730243344662,0.0982532977777778,0,0,-0.00750933333333333
24.53,-2.3274637461325,1.58730243344662,0.0981775,0,0,-0.00765
24.54,-2.3274637461325,1.58730243344662,0.0981003022222222,0,0,-0.00778933333333333
24.55,-2.3274637461325,1.58730243344662,0.0980217177777778,0,0,-0.00792733333333333
24.56,-2.3274637461325,1.58730243344662,0.09794176,0,0,-0.008064
24.57,-2.3274637461325,1.58730243344662,0.0978604422222222,0,0,-0.00819933333333333
24.58,-2.3274637461325,1.58730243344662,0.0977777777777778,0,0,-0.00833333333333333
24.59,-2.3274637461325,1.58730243344662,0.09769378,0,0,-0.008466
24.6,-2.3274637461325,1.58730243344662,0.0976084622222222,0,0,-0.00859733333333334
24.61,-2.3274637461325,1.58730243344662,0.0975218377777778,0,0,-0.00872733333333333
24.62,-2.3274637461325,1.58730243344662,0.09743392,0,0,-0.008856
24.63,-2.3274637461325,1.58730243344662,0.0973447222222222,0,0,-0.00898333333333333
24.64,-2.3274637461325,1.58730243344662,0.0972542577777778,0,0,-0.00910933333333333
24.65,-2.3274637461325,1.58730243344662,0.09716254,0,0,-0.009234
24.66,-2.3274637461325,1.58730243344662,0.0970695822222222,0,0,-0.00935733333333333
24.67,-2.3274637461325,1.58730243344662,0.0969753977777778,0,0,-0.00947933333333333
24.68,-2.3274637461325,1.58730243344662,0.09688,0,0,-0.0096
24.69,-2.3274637461325,1.58730243344662,0.0967834022222222,0,0,-0.00971933333333333
24.7,-2.3274637461325,1.58730243344662,0.0966856177777778,0,0,-0.00983733333333333
24.71,-2.3274637461325,1.58730243344662,0.09658666,0,0,-0.009954
24.72,-2.3274637461325,1.58730243344662,0.0964865422222222,0,0,-0.0100693333333333
24.73,-2.3274637461325,1.58730243344662,0.0963852777777778,0,0,-0.0101833333333333
24.74,-2.3274637461325,1.58730243344662,0.09628288,0,0,-0.010296
24.75,-2.3274637461325,1.58730243344662,0.0961793622222222,0,0,-0.0104073333333333
24.76,-2.3274637461325,1.58730243344662,0.0960747377777778,0,0,-0.0105173333333333
24.77,-2.3274637461325,1.58730243344662,0.09596902,0,0,-0.010626
24.78,-2.3274637461325,1.58730243344662,0.0958622222222222,0,0,-0.0107333333333333
24.79,-2.3274637461325,1.58730243344662,0.0957543577777778,0,0,-0.0108393333333333
24.8,-2.3274637461325,1.58730243344662,0.09564544,0,0,-0.010944
24.81,-2.3274637461325,1.58730243344662,0.0955354822222222,0,0,-0.0110473333333333
24.82,-2.3274637461325,1.58730243344662,0.0954244977777778,0,0,-0.0111493333333333
24.83,-2.3274637461325,1.58730243344662,0.0953125,0,0,-0.01125
24.84,-2.3274637461325,1.58730243344662,0.0951995022222222,0,0,-0.0113493333333333
24.85,-2.3274637461325,1.58730243344662,0.0950855177777778,0,0,-0.0114473333333333
24.86,-2.3274637461325,1.58730243344662,0.09497056,0,0,-0.011544
24.87,-2.3274637461325,1.58730243344662,0.0948546422222222,0,0,-0.0116393333333333
24.88,-2.3274637461325,1.58730243344662,0.0947377777777778,0,0,-0.0117333333333333
24.89,-2.3274637461325,1.58730243344662,0.09461998,0,0,-0.011826
24.9,-2.3274637461325,1.58730243344662,0.0945012622222222,0,0,-0.0119173333333333
24.91,-2.3274637461325,1.58730243344662,0.0943816377777778,0,0,-0.0120073333333333
24.92,-2.3274637461325,1.58730243344662,0.09426112,0,0,-0.012096
24.93,-2.3274637461325,1.58730243344662,0.0941397222222222,0,0,-0.0121833333333333
24.94,-2.3274637461325,1.58730243344662,0.0940174577777778,0,0,-0.0122693333333333
24.95,-2.3274637461325,1.58730243344662,0.09389434,0,0,-0.012354
24.96,-2.3274637461325,1.58730243344662,0.0937703822222222,0,0,-0.0124373333333333
24.97,-2.3274637461325,1.58730243344662,0.0936455977777778,0,0,-0.0125193333333333
24.98,-2.3274637461325,1.58730243344662,0.09352,0,0,-0.0126
24.99,-2.3274637461325,1.58730243344662,0.0933936022222222,0,0,-0.0126793333333333
25,-2.3274637461325,1.58730243344662,0.0932664177777778,0,0,-0.0127573333333333
25.01,-2.3274637461325,1.58730243344662,0.09313846,0,0,-0.012834
25.02,-2.3274637461325,1.58730243344662,0.0930097422222222,0,0,-0.0129093333333333
25.03,-2.3274637461325,1.58730243344662,0.0928802777777778,0,0,-0.0129833333333333
25.04,-2.3274637461325,1.58730243344662,0.09275008,0,0,-0.013056
25.05,-2.3274637461325,1.58730243344662,0.0926191622222222,0,0,-0.0131273333333333
25.06,-2.3274637461325,1.58730243344662,0.0924875377777778,0,0,-0.0131973333333333
25.07,-2.3274637461325,1.58730243344662,0.09235522,0,0,-0.013266
25.08,-2.3274637461325,1.58730243344662,0.0922222222222222,0,0,-0.0133333333333333
25.09,-2.3274637461325,1.58730243344662,0.0920885577777778,0,0,-0.0133993333333333
25.1,-2.3274637461325,1.58730243344662,0.09195424,0,0,-0.013464
25.11,-2.3274637461325,1.58730243344662,0.0918192822222222,0,0,-0.0135273333333333
25.12,-2.3274637461325,1.58730243344662,0.0916836977777778,0,0,-0.0135893333333333
25.13,-2.3274637461325,1.58730243344662,0.0915475,0,0,-0.01365
25.14,-2.3274637461325,1.58730243344662,0.0914107022222222,0,0,-0.0137093333333333
25.15,-2.3274637461325,1.58730243344662,0.0912733177777778,0,0,-0.0137673333333333
25.16,-2.3274637461325,1.58730243344662,0.09113536,0,0,-0.013824
25.17,-2.3274637461325,1.58730243344662,0.0909968422222222,0,0,-0.0138793333333333
25.18,-2.3274637461325,1.58730243344662,0.0908577777777778,0,0,-0.0139333333333333
25.19,-2.3274637461325,1.58730243344662,0.09071818,0,0,-0.013986
25.2,-2.3274637461325,1.58730243344662,0.0905780622222222,0,0,-0.0140373333333333
25.21,-2.3274637461325,1.58730243344662,0.0904374377777778,0,0,-0.0140873333333333
25.22,-2.3274637461325,1.58730243344662,0.09029632,0,0,-0.014136
25.23,-2.3274637461325,1.58730243344662,0.0901547222222222,0,0,-0.0141833333333333
25.24,-2.3274637461325,1.58730243344662,0.0900126577777778,0,0,-0.0142293333333333
25.25,-2.3274637461325,1.58730243344662,0.08987014,0,0,-0.014274
25.26,-2.3274637461325,1.58730243344662,0.0897271822222222,0,0,-0.0143173333333333
25.27,-2.3274637461325,1.58730243344662,0.0895837977777778,0,0,-0.0143593333333333
25.28,-2.3274637461325,1.58730243344662,0.08944,0,0,-0.0144
25.29,-2.3274637461325,1.58730243344662,0.0892958022222222,0,0,-0.0144393333333333
25.3,-2.3274637461325,1.58730243344662,0.0891512177777778,0,0,-0.0144773333333333
25.31,-2.3274637461325,1.58730243344662,0.08900626,0,0,-0.014514
25.32,-2.3274637461325,1.58730243344662,0.0888609422222222,0,0,-0.0145493333333333
25.33,-2.3274637461325,1.58730243344662,0.0887152777777778,0,0,-0.0145833333333333
25.34,-2.3274637461325,1.58730243344662,0.08856928,0,0,-0.014616
25.35,-2.3274637461325,1.58730243344662,0.0884229622222222,0,0,-0.0146473333333333
25.36,-2.3274637461325,1.58730243344662,0.0882763377777778,0,0,-0.0146773333333333
25.37,-2.3274637461325,1.58730243344662,0.08812942,0,0,-0.014706
25.38,-2.3274637461325,1.58730243344662,0.0879822222222222,0,0,-0.0147333333333333
25.39,-2.3274637461325,1.58730243344662,0.0878347577777778,0,0,-0.0147593333333333
25.4,-2.3274637461325,1.58730243344662,0.08768704,0,0,-0.014784
25.41,-2.3274637461325,1.58730243344662,0.0875390822222222,0,0,-0.0148073333333333
25.42,-2.3274637461325,1.58730243344662,0.0873908977777778,0,0,-0.0148293333333333
25.43,-2.3274637461325,1.58730243344662,0.0872425,0,0,-0.01485
25.44,-2.3274637461325,1.58730243344662,0.0870939022222222,0,0,-0.0148693333333333
25.45,-2.3274637461325,1.58730243344662,0.0869451177777778,0,0,-0.0148873333333333
25.46,-2.3274637461325,1.58730243344662,0.08679616,0,0,-0.014904
25.47,-2.3274637461325,1.58730243344662,0.0866470422222222,0,0,-0.0149193333333333
25.48,-2.3274637461325,1.58730243344662,0.0864977777777778,0,0,-0.0149333333333333
25.49,-2.3274637461325,1.58730243344662,0.08634838,0,0,-0.014946
25.5,-2.3274637461325,1.58730243344662,0.0861988622222222,0,0,-0.0149573333333333
25.51,-2.3274637461325,1.58730243344662,0.0860492377777778,0,0,-0.0149673333333333
25.52,-2.3274637461325,1.58730243344662,0.08589952,0,0,-0.014976
25.53,-2.3274637461325,1.58730243344662,0.0857497222222222,0,0,-0.0149833333333333
25.54,-2.3274637461325,1.58730243344662,0.0855998577777778,0,0,-0.0149893333333333
25.55,-2.3274637461325,1.58730243344662,0.08544994,0,0,-0.014994
25.56,-2.3274637461325,1.58730243344662,0.0852999822222222,0,0,-0.0149973333333333
25.57,-2.3274637461325,1.58730243344662,0.0851499977777778,0,0,-0.0149993333333333
25.58,-2.3274637461325,1.58730243344662,0.085,0,0,-0.015
25.59,-2.3274637461325,1.58730243344662,0.0848500022222222,0,0,-0.0149993333333333
25.6,-2.3274637461325,1.58730243344662,0.0847000177777778,0,0,-0.0149973333333333
25.61,-2.3274637461325,1.58730243344662,0.08455006,0,0,-0.014994
25.62,-2.3274637461325,1.58730243344662,0.0844001422222222,0,0,-0.0149893333333333
25.63,-2.3274637461325,1.58730243344662,0.0842502777777778,0,0,-0.0149833333333333
25.64,-2.3274637461325,1.58730243344662,0.08410048,0,0,-0.014976
25.65,-2.3274637461325,1.58730243344662,0.0839507622222222,0,0,-0.0149673333333333
25.66,-2.3274637461325,1.58730243344662,0.0838011377777778,0,0,-0.0149573333333333
25.67,-2.3274637461325,1.58730243344662,0.08365162,0,0,-0.014946
25.68,-2.3274637461325,1.58730243344662,0.0835022222222222,0,0,-0.0149333333333333
25.69,-2.3274637461325,1.58730243344662,0.0833529577777778,0,0,-0.0149193333333333
25.7,-2.3274637461325,1.58730243344662,0.08320384,0,0,-0.014904
25.71,-2.3274637461325,1.58730243344662,0.0830548822222222,0,0,-0.0148873333333333
25.72,-2.3274637461325,1.58730243344662,0.0829060977777778,0,0,-0.0148693333333333
25.73,-2.3274637461325,1.58730243344662,0.0827575,0,0,-0.01485
25.74,-2.3274637461325,1.58730243344662,0.0826091022222222,0,0,-0.0148293333333333
25.75,-2.3274637461325,1.58730243344662,0.0824609177777778,0,0,-0.0148073333333333
25.76,-2.3274637461325,1.58730243344662,0.08231296,0,0,-0.014784
25.77,-2.3274637461325,1.58730243344662,0.0821652422222222,0,0,-0.0147593333333333
25.78,-2.3274637461325,1.58730243344662,0.0820177777777778,0,0,-0.0147333333333333
25.79,-2.3274637461325,1.58730243344662,0.08187058,0,0,-0.014706
25.8,-2.3274637461325,1.58730243344662,0.0817236622222222,0,0,-0.0146773333333333
25.81,-2.3274637461325,1.58730243344662,0.0815770377777778,0,0,-0.0146473333333333
25.82,-2.3274637461325,1.58730243344662,0.08143072,0,0,-0.014616
25.83,-2.3274637461325,1.58730243344662,0.0812847222222222,0,0,-0.0145833333333333
25.84,-2.3274637461325,1.58730243344662,0.0811390577777778,0,0,-0.0145493333333333
25.85,-2.3274637461325,1.58730243344662,0.08099374,0,0,-0.014514
25.86,-2.3274637461325,1.58730243344662,0.0808487822222222,0,0,-0.0144773333333333
25.87,-2.3274637461325,1.58730243344662,0.0807041977777778,0,0,-0.0144393333333333
25.88,-2.3274637461325,1.58730243344662,0.08056,0,0,-0.0144
25.89,-2.3274637461325,1.58730243344662,0.0804162022222222,0,0,-0.0143593333333333
25.9,-2.3274637461325,1.58730243344662,0.0802728177777778,0,0,-0.0143173333333333
25.91,-2.3274637461325,1.58730243344662,0.08012986,0,0,-0.014274
25.92,-2.3274637461325,1.58730243344662,0.0799873422222222,0,0,-0.0142293333333333
25.93,-2.3274637461325,1.58730243344662,0.0798452777777778,0,0,-0.0141833333333333
25.94,-2.3274637461325,1.58730243344662,0.07970368,0,0,-0.014136
25.95,-2.3274637461325,1.58730243344662,0.0795625622222222,0,0,-0.0140873333333333
25.96,-2.3274637461325,1.58730243344662,0.0794219377777778,0,0,-0.0140373333333333
25.97,-2.3274637461325,1.58730243344662,0.07928182,0,0,-0.013986
25.98,-2.3274637461325,1.58730243344662,0.0791422222222222,0,0,-0.0139333333333333
25.99,-2.3274637461325,1.58730243344662,0.0790031577777778,0,0,-0.0138793333333333
26,-2.3274637461325,1.58730243344662,0.07886464,0,0,-0.013824
26.01,-2.3274637461325,1.58730243344662,0.0787266822222222,0,0,-0.0137673333333333
26.02,-2.3274637461325,1.58730243344662,0.0785892977777778,0,0,-0.0137093333333333
26.03,-2.3274637461325,1.58730243344662,0.0784525,0,0,-0.01365
26.04,-2.3274637461325,1.58730243344662,0.0783163022222222,0,0,-0.0135893333333333
26.05,-2.3274637461325,1.58730243344662,0.0781807177777778,0,0,-0.0135273333333333
26.06,-2.3274637461325,1.58730243344662,0.07804576,0,0,-0.013464
26.07,-2.3274637461325,1.58730243344662,0.0779114422222222,0,0,-0.0133993333333333
26.08,-2.3274637461325,1.58730243344662,0.0777777777777778,0,0,-0.0133333333333333
26.09,-2.3274637461325,1.58730243344662,0.07764478,0,0,-0.013266
26.1,-2.3274637461325,1.58730243344662,0.0775124622222222,0,0,-0.0131973333333333
26.11,-2.3274637461325,1.58730243344662,0.0773808377777778,0,0,-0.0131273333333333
26.12,-2.3274637461325,1.58730243344662,0.07724992,0,0,-0.013056
26.13,-2.3274637461325,1.58730243344662,0.0771197222222222,0,0,-0.0129833333333333
26.14,-2.3274637461325,1.58730243344662,0.0769902577777778,0,0,-0.0129093333333333
26.15,-2.3274637461325,1.58730243344662,0.07686154,0,0,-0.012834
26.16,-2.3274637461325,1.58730243344662,0.0767335822222222,0,0,-0.0127573333333333
26.17,-2.3274637461325,1.58730243344662,0.0766063977777778,0,0,-0.0126793333333333
26.18,-2.3274637461325,1.58730243344662,0.07648,0,0,-0.0126
26.19,-2.3274637461325,1.58730243344662,0.0763544022222222,0,0,-0.0125193333333333
26.2,-2.3274637461325,1.58730243344662,0.0762296177777778,0,0,-0.0124373333333333
26.21,-2.3274637461325,1.58730243344662,0.07610566,0,0,-0.012354
26.22,-2.3274637461325,1.58730243344662,0.0759825422222222,0,0,-0.0122693333333333
26.23,-2.3274637461325,1.58730243344662,0.0758602777777778,0,0,-0.0121833333333333
26.24,-2.3274637461325,1.58730243344662,0.07573888,0,0,-0.012096
26.25,-2.3274637461325,1.58730243344662,0.0756183622222222,0,0,-0.0120073333333333
26.26,-2.3274637461325,1.58730243344662,0.0754987377777778,0,0,-0.0119173333333333
26.27,-2.3274637461325,1.58730243344662,0.07538002,0,0,-0.011826
26.28,-2.3274637461325,1.58730243344662,0.0752622222222222,0,0,-0.0117333333333333
26.29,-2.3274637461325,1.58730243344662,0.0751453577777778,0,0,-0.0116393333333333
26.3,-2.3274637461325,1.58730243344662,0.07502944,0,0,-0.011544
26.31,-2.3274637461325,1.58730243344662,0.0749144822222222,0,0,-0.0114473333333333
26.32,-2.3274637461325,1.58730243344662,0.0748004977777778,0,0,-0.0113493333333333
26.33,-2.3274637461325,1.58730243344662,0.0746875,0,0,-0.01125
26.34,-2.3274637461325,1.58730243344662,0.0745755022222222,0,0,-0.0111493333333333
26.35,-2.3274637461325,1.58730243344662,0.0744645177777778,0,0,-0.0110473333333333
26.36,-2.3274637461325,1.58730243344662,0.07435456,0,0,-0.010944
26.37,-2.3274637461325,1.58730243344662,0.0742456422222222,0,0,-0.0108393333333333
26.38,-2.3274637461325,1.58730243344662,0.0741377777777778,0,0,-0.0107333333333333
26.39,-2.3274637461325,1.58730243344662,0.07403098,0,0,-0.010626
26.4,-2.3274637461325,1.58730243344662,0.0739252622222222,0,0,-0.0105173333333333
26.41,-2.3274637461325,1.58730243344662,0.0738206377777778,0,0,-0.0104073333333333
26.42,-2.3274637461325,1.58730243344662,0.07371712,0,0,-0.010296
26.43,-2.3274637461325,1.58730243344662,0.0736147222222222,0,0,-0.0101833333333333
26.44,-2.3274637461325,1.58730243344662,0.0735134577777778,0,0,-0.0100693333333333
26.45,-2.3274637461325,1.58730243344662,0.07341334,0,0,-0.009954
26.46,-2.3274637461325,1.58730243344662,0.0733143822222222,0,0,-0.00983733333333334
26.47,-2.3274637461325,1.58730243344662,0.0732165977777778,0,0,-0.00971933333333334
26.48,-2.3274637461325,1.58730243344662,0.07312,0,0,-0.0096
26.49,-2.3274637461325,1.58730243344662,0.0730246022222222,0,0,-0.00947933333333334
26.5,-2.3274637461325,1.58730243344662,0.0729304177777778,0,0,-0.00935733333333334
26.51,-2.3274637461325,1.58730243344662,0.07283746,0,0,-0.00923400000000001
26.52,-2.3274637461325,1.58730243344662,0.0727457422222222,0,0,-0.00910933333333334
26.53,-2.3274637461325,1.58730243344662,0.0726552777777778,0,0,-0.00898333333333333
26.54,-2.3274637461325,1.58730243344662,0.07256608,0,0,-0.008856
26.55,-2.3274637461325,1.58730243344662,0.0724781622222222,0,0,-0.00872733333333334
26.56,-2.3274637461325,1.58730243344662,0.0723915377777778,0,0,-0.00859733333333333
26.57,-2.3274637461325,1.58730243344662,0.07230622,0,0,-0.008466
26.58,-2.3274637461325,1.58730243344662,0.0722222222222222,0,0,-0.00833333333333334
26.59,-2.3274637461325,1.58730243344662,0.0721395577777778,0,0,-0.00819933333333334
26.6,-2.3274637461325,1.58730243344662,0.07205824,0,0,-0.008064
26.61,-2.3274637461325,1.58730243344662,0.0719782822222222,0,0,-0.00792733333333334
26.62,-2.3274637461325,1.58730243344662,0.0718996977777778,0,0,-0.00778933333333334
26.63,-2.3274637461325,1.58730243344662,0.0718225,0,0,-0.00765
26.64,-2.3274637461325,1.58730243344662,0.0717467022222222,0,0,-0.00750933333333333
26.65,-2.3274637461325,1.58730243344662,0.0716723177777778,0,0,-0.00736733333333334
26.66,-2.3274637461325,1.58730243344662,0.07159936,0,0,-0.007224
26.67,-2.3274637461325,1.58730243344662,0.0715278422222222,0,0,-0.00707933333333334
26.68,-2.3274637461325,1.58730243344662,0.0714577777777778,0,0,-0.00693333333333333
26.69,-2.3274637461325,1.58730243344662,0.07138918,0,0,-0.00678600000000001
26.7,-2.3274637461325,1.58730243344662,0.0713220622222222,0,0,-0.00663733333333334
26.71,-2.3274637461325,1.58730243344662,0.0712564377777778,0,0,-0.00648733333333334
26.72,-2.3274637461325,1.58730243344662,0.07119232,0,0,-0.00633600000000001
26.73,-2.3274637461325,1.58730243344662,0.0711297222222222,0,0,-0.00618333333333333
26.74,-2.3274637461325,1.58730243344662,0.0710686577777778,0,0,-0.00602933333333334
26.75,-2.3274637461325,1.58730243344662,0.07100914,0,0,-0.005874
26.76,-2.3274637461325,1.58730243344662,0.0709511822222222,0,0,-0.00571733333333333
26.77,-2.3274637461325,1.58730243344662,0.0708947977777778,0,0,-0.00555933333333334
26.78,-2.3274637461325,1.58730243344662,0.07084,0,0,-0.0054
26.79,-2.3274637461325,1.58730243344662,0.0707868022222222,0,0,-0.00523933333333333
26.8,-2.3274637461325,1.58730243344662,0.0707352177777778,0,0,-0.00507733333333334
26.81,-2.3274637461325,1.58730243344662,0.07068526,0,0,-0.00491400000000001
26.82,-2.3274637461325,1.58730243344662,0.0706369422222222,0,0,-0.00474933333333334
26.83,-2.3274637461325,1.58730243344662,0.0705902777777778,0,0,-0.00458333333333334
26.84,-2.3274637461325,1.58730243344662,0.07054528,0,0,-0.00441600000000001
26.85,-2.3274637461325,1.58730243344662,0.0705019622222222,0,0,-0.00424733333333334
26.86,-2.3274637461325,1.58730243344662,0.0704603377777778,0,0,-0.00407733333333334
26.87,-2.3274637461325,1.58730243344662,0.07042042,0,0,-0.003906
26.88,-2.3274637461325,1.58730243344662,0.0703822222222222,0,0,-0.00373333333333334
26.89,-2.3274637461325,1.58730243344662,0.0703457577777778,0,0,-0.00355933333333333
26.9,-2.3274637461325,1.58730243344662,0.07031104,0,0,-0.00338400000000001
26.91,-2.3274637461325,1.58730243344662,0.0702780822222222,0,0,-0.00320733333333334
26.92,-2.3274637461325,1.58730243344662,0.0702468977777778,0,0,-0.00302933333333334
26.93,-2.3274637461325,1.58730243344662,0.0702175,0,0,-0.00285000000000001
26.94,-2.3274637461325,1.58730243344662,0.0701899022222222,0,0,-0.00266933333333334
26.95,-2.3274637461325,1.58730243344662,0.0701641177777778,0,0,-0.00248733333333334
26.96,-2.3274637461325,1.58730243344662,0.07014016,0,0,-0.00230400000000001
26.97,-2.3274637461325,1.58730243344662,0.0701180422222222,0,0,-0.00211933333333334
26.98,-2.3274637461325,1.58730243344662,0.0700977777777778,0,0,-0.00193333333333334
26.99,-2.3274637461325,1.58730243344662,0.07007938,0,0,-0.001746
27,-2.3274637461325,1.58730243344662,0.0700628622222222,0,0,-0.00155733333333335
27.01,-2.3274637461325,1.58730243344662,0.0700482377777778,0,0,-0.00136733333333334
27.02,-2.3274637461325,1.58730243344662,0.07003552,0,0,-0.001176
27.03,-2.3274637461325,1.58730243344662,0.0700247222222222,0,0,-0.000983333333333336
27.04,-2.3274637461325,1.58730243344662,0.0700158577777778,0,0,-0.000789333333333343
27.05,-2.3274637461325,1.58730243344662,0.07000894,0,0,-0.000593999999999997
27.06,-2.3274637461325,1.58730243344662,0.0700039822222222,0,0,-0.00039733333333334
27.07,-2.3274637461325,1.58730243344662,0.0700009977777778,0,0,-0.000199333333333336
27.08,-2.3274637461325,1.58730243344662,0.07,0,0,0
27.09,-2.3274637461325,1.58730243344662,0.07,0,0,0
27.1,-2.3274637461325,1.58730243344662,0.0700009977777778,0,0,0.000199333333333333
27.11,-2.3274637461325,1.58730243344662,0.0700039822222222,0,0,0.000397333333333333
27.12,-2.3274637461325,1.58730243344662,0.07000894,0,0,0.000594
27.13,-2.3274637461325,1.58730243344662,0.0700158577777778,0,0,0.000789333333333333
27.14,-2.3274637461325,1.58730243344662,0.0700247222222222,0,0,0.000983333333333333
27.15,-2.3274637461325,1.58730243344662,0.07003552,0,0,0.001176
27.16,-2.3274637461325,1.58730243344662,0.0700482377777778,0,0,0.00136733333333333
27.17,-2.3274637461325,1.58730243344662,0.0700628622222222,0,0,0.00155733333333333
27.18,-2.3274637461325,1.58730243344662,0.07007938,0,0,0.001746
27.19,-2.3274637461325,1.58730243344662,0.0700977777777778,0,0,0.00193333333333333
27.2,-2.3274637461325,1.58730243344662,0.0701180422222222,0,0,0.00211933333333333
27.21,-2.3274637461325,1.58730243344662,0.07014016,0,0,0.002304
27.22,-2.3274637461325,1.58730243344662,0.0701641177777778,0,0,0.00248733333333333
27.23,-2.3274637461325,1.58730243344662,0.0701899022222222,0,0,0.00266933333333333
27.24,-2.3274637461325,1.58730243344662,0.0702175,0,0,0.00285
27.25,-2.3274637461325,1.58730243344662,0.0702468977777778,0,0,0.00302933333333333
27.26,-2.3274637461325,1.58730243344662,0.0702780822222222,0,0,0.00320733333333333
27.27,-2.3274637461325,1.58730243344662,0.07031104,0,0,0.003384
27.28,-2.3274637461325,1.58730243344662,0.0703457577777778,0,0,0.00355933333333333
27.29,-2.3274637461325,1.58730243344662,0.0703822222222222,0,0,0.00373333333333333
27.3,-2.3274637461325,1.58730243344662,0.07042042,0,0,0.003906
27.31,-2.3274637461325,1.58730243344662,0.0704603377777778,0,0,0.00407733333333333
27.32,-2.3274637461325,1.58730243344662,0.0705019622222222,0,0,0.00424733333333333
27.33,-2.3274637461325,1.58730243344662,0.07054528,0,0,0.004416
27.34,-2.3274637461325,1.58730243344662,0.0705902777777778,0,0,0.00458333333333333
27.35,-2.3274637461325,1.58730243344662,0.0706369422222222,0,0,0.00474933333333333
27.36,-2.3274637461325,1.58730243344662,0.07068526,0,0,0.004914
27.37,-2.3274637461325,1.58730243344662,0.0707352177777778,0,0,0.00507733333333333
27.38,-2.3274637461325,1.58730243344662,0.0707868022222222,0,0,0.00523933333333333
27.39,-2.3274637461325,1.58730243344662,0.07084,0,0,0.0054
27.4,-2.3274637461325,1.58730243344662,0.0708947977777778,0,0,0.00555933333333333
27.41,-2.3274637461325,1.58730243344662,0.0709511822222222,0,0,0.00571733333333333
27.42,-2.3274637461325,1.58730243344662,0.07100914,0,0,0.005874
27.43,-2.3274637461325,1.58730243344662,0.0710686577777778,0,0,0.00602933333333333
27.44,-2.3274637461325,1.58730243344662,0.0711297222222222,0,0,0.00618333333333333
27.45,-2.3274637461325,1.58730243344662,0.07119232,0,0,0.006336
27.46,-2.3274637461325,1.58730243344662,0.0712564377777778,0,0,0.00648733333333333
27.47,-2.3274637461325,1.58730243344662,0.0713220622222222,0,0,0.00663733333333333
27.48,-2.3274637461325,1.58730243344662,0.07138918,0,0,0.006786
27.49,-2.3274637461325,1.58730243344662,0.0714577777777778,0,0,0.00693333333333333
27.5,-2.3274637461325,1.58730243344662,0.0715278422222222,0,0,0.00707933333333333
27.51,-2.3274637461325,1.58730243344662,0.07159936,0,0,0.007224
27.52,-2.3274637461325,1.58730243344662,0.0716723177777778,0,0,0.00736733333333333
27.53,-2.3274637461325,1.58730243344662,0.0717467022222222,0,0,0.00750933333333333
27.54,-2.3274637461325,1.58730243344662,0.0718225,0,0,0.00765
27.55,-2.3274637461325,1.58730243344662,0.0718996977777778,0,0,0.00778933333333333
27.56,-2.3274637461325,1.58730243344662,0.0719782822222222,0,0,0.00792733333333333
27.57,-2.3274637461325,1.58730243344662,0.07205824,0,0,0.008064
27.58,-2.3274637461325,1.58730243344662,0.0721395577777778,0,0,0.00819933333333333
27.59,-2.3274637461325,1.58730243344662,0.0722222222222222,0,0,0.00833333333333333
27.6,-2.3274637461325,1.58730243344662,0.07230622,0,0,0.008466
27.61,-2.3274637461325,1.58730243344662,0.0723915377777778,0,0,0.00859733333333334
27.62,-2.3274637461325,1.58730243344662,0.0724781622222222,0,0,0.00872733333333333
27.63,-2.3274637461325,1.58730243344662,0.07256608,0,0,0.008856
27.64,-2.3274637461325,1.58730243344662,0.0726552777777778,0,0,0.00898333333333333
27.65,-2.3274637461325,1.58730243344662,0.0727457422222222,0,0,0.00910933333333333
27.66,-2.3274637461325,1.58730243344662,0.07283746,0,0,0.009234
27.67,-2.3274637461325,1.58730243344662,0.0729304177777778,0,0,0.00935733333333333
27.68,-2.3274637461325,1.58730243344662,0.0730246022222222,0,0,0.00947933333333333
27.69,-2.3274637461325,1.58730243344662,0.07312,0,0,0.0096
27.7,-2.3274637461325,1.58730243344662,0.0732165977777778,0,0,0.00971933333333333
27.71,-2.3274637461325,1.58730243344662,0.0733143822222222,0,0,0.00983733333333333
27.72,-2.3274637461325,1.58730243344662,0.07341334,0,0,0.009954
27.73,-2.3274637461325,1.58730243344662,0.0735134577777778,0,0,0.0100693333333333
27.74,-2.3274637461325,1.58730243344662,0.0736147222222222,0,0,0.0101833333333333
27.75,-2.3274637461325,1.58730243344662,0.07371712,0,0,0.010296
27.76,-2.3274637461325,1.58730243344662,0.0738206377777778,0,0,0.0104073333333333
27.77,-2.3274637461325,1.58730243344662,0.0739252622222222,0,0,0.0105173333333333
27.78,-2.3274637461325,1.58730243344662,0.07403098,0,0,0.010626
27.79,-2.3274637461325,1.58730243344662,0.0741377777777778,0,0,0.0107333333333333
27.8,-2.3274637461325,1.58730243344662,0.0742456422222222,0,0,0.0108393333333333
27.81,-2.3274637461325,1.58730243344662,0.07435456,0,0,0.010944
27.82,-2.3274637461325,1.58730243344662,0.0744645177777778,0,0,0.0110473333333333
27.83,-2.3274637461325,1.58730243344662,0.0745755022222222,0,0,0.0111493333333333
27.84,-2.3274637461325,1.58730243344662,0.0746875,0,0,0.01125
27.85,-2.3274637461325,1.58730243344662,0.0748004977777778,0,0,0.0113493333333333
27.86,-2.3274637461325,1.58730243344662,0.0749144822222222,0,0,0.0114473333333333
27.87,-2.3274637461325,1.58730243344662,0.07502944,0,0,0.011544
27.88,-2.3274637461325,1.58730243344662,0.0751453577777778,0,0,0.0116393333333333
27.89,-2.3274637461325,1.58730243344662,0.0752622222222222,0,0,0.0117333333333333
27.9,-2.3274637461325,1.58730243344662,0.07538002,0,0,0.011826
27.91,-2.3274637461325,1.58730243344662,0.0754987377777778,0,0,0.0119173333333333
27.92,-2.3274637461325,1.58730243344662,0.0756183622222222,0,0,0.0120073333333333
27.93,-2.3274637461325,1.58730243344662,0.07573888,0,0,0.012096
27.94,-2.3274637461325,1.58730243344662,0.0758602777777778,0,0,0.0121833333333333
27.95,-2.3274637461325,1.58730243344662,0.0759825422222222,0,0,0.0122693333333333
27.96,-2.3274637461325,1.58730243344662,0.07610566,0,0,0.012354
27.97,-2.3274637461325,1.58730243344662,0.0762296177777778,0,0,0.0124373333333333
27.98,-2.3274637461325,1.58730243344662,0.0763544022222222,0,0,0.0125193333333333
27.99,-2.3274637461325,1.58730243344662,0.07648,0,0,0.0126
28,-2.3274637461325,1.58730243344662,0.0766063977777778,0,0,0.0126793333333333
28.01,-2.3274637461325,1.58730243344662,0.0767335822222222,0,0,0.0127573333333333
28.02,-2.3274637461325,1.58730243344662,0.07686154,0,0,0.012834
28.03,-2.3274637461325,1.58730243344662,0.0769902577777778,0,0,0.0129093333333333
28.04,-2.3274637461325,1.58730243344662,0.0771197222222222,0,0,0.0129833333333333
28.05,-2.3274637461325,1.58730243344662,0.07724992,0,0,0.013056
28.06,-2.3274637461325,1.58730243344662,0.0773808377777778,0,0,0.0131273333333333
28.07,-2.3274637461325,1.58730243344662,0.0775124622222222,0,0,0.0131973333333333
28.08,-2.3274637461325,1.58730243344662,0.07764478,0,0,0.013266
28.09,-2.3274637461325,1.58730243344662,0.0777777777777778,0,0,0.0133333333333333
28.1,-2.3274637461325,1.58730243344662,0.0779114422222222,0,0,0.0133993333333333
28.11,-2.3274637461325,1.58730243344662,0.07804576,0,0,0.013464
28.12,-2.3274637461325,1.58730243344662,0.0781807177777778,0,0,0.0135273333333333
28.13,-2.3274637461325,1.58730243344662,0.0783163022222222,0,0,0.0135893333333333
28.14,-2.3274637461325,1.58730243344662,0.0784525,0,0,0.01365
28.15,-2.3274637461325,1.58730243344662,0.0785892977777778,0,0,0.0137093333333333
28.16,-2.3274637461325,1.58730243344662,0.0787266822222222,0,0,0.0137673333333333
28.17,-2.3274637461325,1.58730243344662,0.07886464,0,0,0.013824
28.18,-2.3274637461325,1.58730243344662,0.0790031577777778,0,0,0.0138793333333333
28.19,-2.3274637461325,1.58730243344662,0.0791422222222222,0,0,0.0139333333333333
28.2,-2.3274637461325,1.58730243344662,0.07928182,0,0,0.013986
28.21,-2.3274637461325,1.58730243344662,0.0794219377777778,0,0,0.0140373333333333
28.22,-2.3274637461325,1.58730243344662,0.0795625622222222,0,0,0.0140873333333333
28.23,-2.3274637461325,1.58730243344662,0.07970368,0,0,0.014136
28.24,-2.3274637461325,1.58730243344662,0.0798452777777778,0,0,0.0141833333333333
28.25,-2.3274637461325,1.58730243344662,0.0799873422222222,0,0,0.0142293333333333
28.26,-2.3274637461325,1.58730243344662,0.08012986,0,0,0.014274
28.27,-2.3274637461325,1.58730243344662,0.0802728177777778,0,0,0.0143173333333333
28.28,-2.3274637461325,1.58730243344662,0.0804162022222222,0,0,0.0143593333333333
28.29,-2.3274637461325,1.58730243344662,0.08056,0,0,0.0144
28.3,-2.3274637461325,1.58730243344662,0.0807041977777778,0,0,0.0144393333333333
28.31,-2.3274637461325,1.58730243344662,0.0808487822222222,0,0,0.0144773333333333
28.32,-2.3274637461325,1.58730243344662,0.08099374,0,0,0.014514
28.33,-2.3274637461325,1.58730243344662,0.0811390577777778,0,0,0.0145493333333333
28.34,-2.3274637461325,1.58730243344662,0.0812847222222222,0,0,0.0145833333333333
28.35,-2.3274637461325,1.58730243344662,0.08143072,0,0,0.014616
28.36,-2.3274637461325,1.58730243344662,0.0815770377777778,0,0,0.0146473333333333
28.37,-2.3274637461325,1.58730243344662,0.0817236622222222,0,0,0.0146773333333333
28.38,-2.3274637461325,1.58730243344662,0.08187058,0,0,0.014706
28.39,-2.3274637461325,1.58730243344662,0.0820177777777778,0,0,0.0147333333333333
28.4,-2.3274637461325,1.58730243344662,0.0821652422222222,0,0,0.0147593333333333
28.41,-2.3274637461325,1.58730243344662,0.08231296,0,0,0.014784
28.42,-2.3274637461325,1.58730243344662,0.0824609177777778,0,0,0.0148073333333333
28.43,-2.3274637461325,1.58730243344662,0.0826091022222222,0,0,0.0148293333333333
28.44,-2.3274637461325,1.58730243344662,0.0827575,0,0,0.01485
28.45,-2.3274637461325,1.58730243344662,0.0829060977777778,0,0,0.0148693333333333
28.46,-2.3274637461325,1.58730243344662,0.0830548822222222,0,0,0.0148873333333333
28.47,-2.3274637461325,1.58730243344662,0.08320384,0,0,0.014904
28.48,-2.3274637461325,1.58730243344662,0.0833529577777778,0,0,0.0149193333333333
28.49,-2.3274637461325,1.58730243344662,0.0835022222222222,0,0,0.0149333333333333
28.5,-2.3274637461325,1.58730243344662,0.08365162,0,0,0.014946
28.51,-2.3274637461325,1.58730243344662,0.0838011377777778,0,0,0.0149573333333333
28.52,-2.3274637461325,1.58730243344662,0.0839507622222222,0,0,0.0149673333333333
28.53,-2.3274637461325,1.58730243344662,0.08410048,0,0,0.014976
28.54,-2.3274637461325,1.58730243344662,0.0842502777777778,0,0,0.0149833333333333
28.55,-2.3274637461325,1.58730243344662,0.0844001422222222,0,0,0.0149893333333333
28.56,-2.3274637461325,1.58730243344662,0.08455006,0,0,0.014994
28.57,-2.3274637461325,1.58730243344662,0.0847000177777778,0,0,0.0149973333333333
28.58,-2.3274637461325,1.58730243344662,0.0848500022222222,0,0,0.0149993333333333
28.59,-2.3274637461325,1.58730243344662,0.085,0,0,0.015
28.6,-2.3274637461325,1.58730243344662,0.0851499977777778,0,0,0.0149993333333333
28.61,-2.3274637461325,1.58730243344662,0.0852999822222222,0,0,0.0149973333333333
28.62,-2.3274637461325,1.58730243344662,0.08544994,0,0,0.014994
28.63,-2.3274637461325,1.58730243344662,0.0855998577777778,0,0,0.0149893333333333
28.64,-2.3274637461325,1.58730243344662,0.0857497222222222,0,0,0.0149833333333333
28.65,-2.3274637461325,1.58730243344662,0.08589952,0,0,0.014976
28.66,-2.3274637461325,1.58730243344662,0.0860492377777778,0,0,0.0149673333333333
28.67,-2.3274637461325,1.58730243344662,0.0861988622222222,0,0,0.0149573333333333
28.68,-2.3274637461325,1.58730243344662,0.08634838,0,0,0.014946
28.69,-2.3274637461325,1.58730243344662,0.0864977777777778,0,0,0.0149333333333333
28.7,-2.3274637461325,1.58730243344662,0.0866470422222222,0,0,0.0149193333333333
28.71,-2.3274637461325,1.58730243344662,0.08679616,0,0,0.014904
28.72,-2.3274637461325,1.58730243344662,0.0869451177777778,0,0,0.0148873333333333
28.73,-2.3274637461325,1.58730243344662,0.0870939022222222,0,0,0.0148693333333333
28.74,-2.3274637461325,1.58730243344662,0.0872425,0,0,0.01485
28.75,-2.3274637461325,1.58730243344662,0.0873908977777778,0,0,0.0148293333333333
28.76,-2.3274637461325,1.58730243344662,0.0875390822222222,0,0,0.0148073333333333
28.77,-2.3274637461325,1.58730243344662,0.08768704,0,0,0.014784
28.78,-2.3274637461325,1.58730243344662,0.0878347577777778,0,0,0.0147593333333333
28.79,-2.3274637461325,1.58730243344662,0.0879822222222222,0,0,0.0147333333333333
28.8,-2.3274637461325,1.58730243344662,0.08812942,0,0,0.014706
28.81,-2.3274637461325,1.58730243344662,0.0882763377777778,0,0,0.0146773333333333
28.82,-2.3274637461325,1.58730243344662,0.0884229622222222,0,0,0.0146473333333333
28.83,-2.3274637461325,1.58730243344662,0.08856928,0,0,0.014616
28.84,-2.3274637461325,1.58730243344662,0.0887152777777778,0,0,0.0145833333333333
28.85,-2.3274637461325,1.58730243344662,0.0888609422222222,0,0,0.0145493333333333
28.86,-2.3274637461325,1.58730243344662,0.08900626,0,0,0.014514
28.87,-2.3274637461325,1.58730243344662,0.0891512177777778,0,0,0.0144773333333333
28.88,-2.3274637461325,1.58730243344662,0.0892958022222222,0,0,0.0144393333333333
28.89,-2.3274637461325,1.58730243344662,0.08944,0,0,0.0144
28.9,-2.3274637461325,1.58730243344662,0.0895837977777778,0,0,0.0143593333333333
28.91,-2.3274637461325,1.58730243344662,0.0897271822222222,0,0,0.0143173333333333
28.92,-2.3274637461325,1.58730243344662,0.08987014,0,0,0.014274
28.93,-2.3274637461325,1.58730243344662,0.0900126577777778,0,0,0.0142293333333333
28.94,-2.3274637461325,1.58730243344662,0.0901547222222222,0,0,0.0141833333333333
28.95,-2.3274637461325,1.58730243344662,0.09029632,0,0,0.014136
28.96,-2.3274637461325,1.58730243344662,0.0904374377777778,0,0,0.0140873333333333
28.97,-2.3274637461325,1.58730243344662,0.0905780622222222,0,0,0.0140373333333333
28.98,-2.3274637461325,1.58730243344662,0.09071818,0,0,0.013986
28.99,-2.3274637461325,1.58730243344662,0.0908577777777778,0,0,0.0139333333333333
29,-2.3274637461325,1.58730243344662,0.0909968422222222,0,0,0.0138793333333333
29.01,-2.3274637461325,1.58730243344662,0.09113536,0,0,0.013824
29.02,-2.3274637461325,1.58730243344662,0.0912733177777778,0,0,0.0137673333333333
29.03,-2.3274637461325,1.58730243344662,0.0914107022222222,0,0,0.0137093333333333
29.04,-2.3274637461325,1.58730243344662,0.0915475,0,0,0.01365
29.05,-2.3274637461325,1.58730243344662,0.0916836977777778,0,0,0.0135893333333333
29.06,-2.3274637461325,1.58730243344662,0.0918192822222222,0,0,0.0135273333333333
29.07,-2.3274637461325,1.58730243344662,0.09195424,0,0,0.013464
29.08,-2.3274637461325,1.58730243344662,0.0920885577777778,0,0,0.0133993333333333
29.09,-2.3274637461325,1.58730243344662,0.0922222222222222,0,0,0.0133333333333333
29.1,-2.3274637461325,1.58730243344662,0.09235522,0,0,0.013266
29.11,-2.3274637461325,1.58730243344662,0.0924875377777778,0,0,0.0131973333333333
29.12,-2.3274637461325,1.58730243344662,0.0926191622222222,0,0,0.0131273333333333
29.13,-2.3274637461325,1.58730243344662,0.09275008,0,0,0.013056
29.14,-2.3274637461325,1.58730243344662,0.0928802777777778,0,0,0.0129833333333333
29.15,-2.3274637461325,1.58730243344662,0.0930097422222222,0,0,0.0129093333333333
29.16,-2.3274637461325,1.58730243344662,0.09313846,0,0,0.012834
29.17,-2.3274637461325,1.58730243344662,0.0932664177777778,0,0,0.0127573333333333
29.18,-2.3274637461325,1.58730243344662,0.0933936022222222,0,0,0.0126793333333333
29.19,-2.3274637461325,1.58730243344662,0.09352,0,0,0.0126
29.2,-2.3274637461325,1.58730243344662,0.0936455977777778,0,0,0.0125193333333333
29.21,-2.3274637461325,1.58730243344662,0.0937703822222222,0,0,0.0124373333333333
29.22,-2.3274637461325,1.58730243344662,0.09389434,0,0,0.012354
29.23,-2.3274637461325,1.58730243344662,0.0940174577777778,0,0,0.0122693333333333
29.24,-2.3274637461325,1.58730243344662,0.0941397222222222,0,0,0.0121833333333333
29.25,-2.3274637461325,1.58730243344662,0.09426112,0,0,0.012096
29.26,-2.3274637461325,1.58730243344662,0.0943816377777778,0,0,0.0120073333333333
29.27,-2.3274637461325,1.58730243344662,0.0945012622222222,0,0,0.0119173333333333
29.28,-2.3274637461325,1.58730243344662,0.09461998,0,0,0.011826
29.29,-2.3274637461325,1.58730243344662,0.0947377777777778,0,0,0.0117333333333333
29.3,-2.3274637461325,1.58730243344662,0.0948546422222222,0,0,0.0116393333333333
29.31,-2.3274637461325,1.58730243344662,0.09497056,0,0,0.011544
29.32,-2.3274637461325,1.58730243344662,0.0950855177777778,0,0,0.0114473333333333
29.33,-2.3274637461325,1.58730243344662,0.0951995022222222,0,0,0.0113493333333333
29.34,-2.3274637461325,1.58730243344662,0.0953125,0,0,0.01125
29.35,-2.3274637461325,1.58730243344662,0.0954244977777778,0,0,0.0111493333333333
29.36,-2.3274637461325,1.58730243344662,0.0955354822222222,0,0,0.0110473333333333
29.37,-2.3274637461325,1.58730243344662,0.09564544,0,0,0.010944
29.38,-2.3274637461325,1.58730243344662,0.0957543577777778,0,0,0.0108393333333333
29.39,-2.3274637461325,1.58730243344662,0.0958622222222222,0,0,0.0107333333333333
29.4,-2.3274637461325,1.58730243344662,0.09596902,0,0,0.010626
29.41,-2.3274637461325,1.58730243344662,0.0960747377777778,0,0,0.0105173333333333
29.42,-2.3274637461325,1.58730243344662,0.0961793622222222,0,0,0.0104073333333333
29.43,-2.3274637461325,1.58730243344662,0.09628288,0,0,0.010296
29.44,-2.3274637461325,1.58730243344662,0.0963852777777778,0,0,0.0101833333333333
29.45,-2.3274637461325,1.58730243344662,0.0964865422222222,0,0,0.0100693333333333
29.46,-2.3274637461325,1.58730243344662,0.09658666,0,0,0.009954
29.47,-2.3274637461325,1.58730243344662,0.0966856177777778,0,0,0.00983733333333334
29.48,-2.3274637461325,1.58730243344662,0.0967834022222222,0,0,0.00971933333333334
29.49,-2.3274637461325,1.58730243344662,0.09688,0,0,0.0096
29.5,-2.3274637461325,1.58730243344662,0.0969753977777778,0,0,0.00947933333333334
29.51,-2.3274637461325,1.58730243344662,0.0970695822222222,0,0,0.00935733333333334
29.52,-2.3274637461325,1.58730243344662,0.09716254,0,0,0.00923400000000001
29.53,-2.3274637461325,1.58730243344662,0.0972542577777778,0,0,0.00910933333333334
29.54,-2.3274637461325,1.58730243344662,0.0973447222222222,0,0,0.00898333333333333
29.55,-2.3274637461325,1.58730243344662,0.09743392,0,0,0.008856
29.56,-2.3274637461325,1.58730243344662,0.0975218377777778,0,0,0.00872733333333334
29.57,-2.3274637461325,1.58730243344662,0.0976084622222222,0,0,0.00859733333333333
29.58,-2.3274637461325,1.58730243344662,0.09769378,0,0,0.008466
29.59,-2.3274637461325,1.58730243344662,0.0977777777777778,0,0,0.00833333333333334
29.6,-2.3274637461325,1.58730243344662,0.0978604422222222,0,0,0.00819933333333334
29.61,-2.3274637461325,1.58730243344662,0.09794176,0,0,0.008064
29.62,-2.3274637461325,1.58730243344662,0.0980217177777778,0,0,0.00792733333333334
29.63,-2.3274637461325,1.58730243344662,0.0981003022222222,0,0,0.00778933333333334
29.64,-2.3274637461325,1.58730243344662,0.0981775,0,0,0.00765
29.65,-2.3274637461325,1.58730243344662,0.0982532977777778,0,0,0.00750933333333333
29.66,-2.3274637461325,1.58730243344662,0.0983276822222222,0,0,0.00736733333333334
29.67,-2.3274637461325,1.58730243344662,0.09840064,0,0,0.007224
29.68,-2.3274637461325,1.58730243344662,0.0984721577777778,0,0,0.00707933333333334
29.69,-2.3274637461325,1.58730243344662,0.0985422222222222,0,0,0.00693333333333333
29.7,-2.3274637461325,1.58730243344662,0.09861082,0,0,0.00678600000000001
29.71,-2.3274637461325,1.58730243344662,0.0986779377777778,0,0,0.00663733333333334
29.72,-2.3274637461325,1.58730243344662,0.0987435622222222,0,0,0.00648733333333334
29.73,-2.3274637461325,1.58730243344662,0.09880768,0,0,0.00633600000000001
29.74,-2.3274637461325,1.58730243344662,0.0988702777777778,0,0,0.00618333333333333
29.75,-2.3274637461325,1.58730243344662,0.0989313422222222,0,0,0.00602933333333334
29.76,-2.3274637461325,1.58730243344662,0.09899086,0,0,0.005874
29.77,-2.3274637461325,1.58730243344662,0.0990488177777778,0,0,0.00571733333333333
29.78,-2.3274637461325,1.58730243344662,0.0991052022222222,0,0,0.00555933333333334
29.79,-2.3274637461325,1.58730243344662,0.09916,0,0,0.0054
29.8,-2.3274637461325,1.58730243344662,0.0992131977777778,0,0,0.00523933333333333
29.81,-2.3274637461325,1.58730243344662,0.0992647822222222,0,0,0.00507733333333334
29.82,-2.3274637461325,1.58730243344662,0.09931474,0,0,0.00491400000000001
29.83,-2.3274637461325,1.58730243344662,0.0993630577777778,0,0,0.00474933333333334
29.84,-2.3274637461325,1.58730243344662,0.0994097222222222,0,0,0.00458333333333334
29.85,-2.3274637461325,1.58730243344662,0.09945472,0,0,0.00441600000000001
29.86,-2.3274637461325,1.58730243344662,0.0994980377777778,0,0,0.00424733333333334
29.87,-2.3274637461325,1.58730243344662,0.0995396622222222,0,0,0.00407733333333334
29.88,-2.3274637461325,1.58730243344662,0.09957958,0,0,0.003906
29.89,-2.3274637461325,1.58730243344662,0.0996177777777778,0,0,0.00373333333333334
29.9,-2.3274637461325,1.58730243344662,0.0996542422222222,0,0,0.00355933333333333
29.91,-2.3274637461325,1.58730243344662,0.09968896,0,0,0.00338400000000001
29.92,-2.3274637461325,1.58730243344662,0.0997219177777778,0,0,0.00320733333333334
29.93,-2.3274637461325,1.58730243344662,0.0997531022222222,0,0,0.00302933333333334
29.94,-2.3274637461325,1.58730243344662,0.0997825,0,0,0.00285000000000001
29.95,-2.3274637461325,1.58730243344662,0.0998100977777778,0,0,0.00266933333333334
29.96,-2.3274637461325,1.58730243344662,0.0998358822222223,0,0,0.00248733333333334
29.97,-2.3274637461325,1.58730243344662,0.09985984,0,0,0.00230400000000001
29.98,-2.3274637461325,1.58730243344662,0.0998819577777778,0,0,0.00211933333333334
29.99,-2.3274637461325,1.58730243344662,0.0999022222222223,0,0,0.00193333333333334
30,-2.3274637461325,1.58730243344662,0.09992062,0,0,0.001746
30.01,-2.3274637461325,1.58730243344662,0.0999371377777778,0,0,0.00155733333333335
30.02,-2.3274637461325,1.58730243344662,0.0999517622222222,0,0,0.00136733333333334
30.03,-2.3274637461325,1.58730243344662,0.09996448,0,0,0.001176
30.04,-2.3274637461325,1.58730243344662,0.0999752777777778,0,0,0.000983333333333336
30.05,-2.3274637461325,1.58730243344662,0.0999841422222222,0,0,0.000789333333333343
30.06,-2.3274637461325,1.58730243344662,0.09999106,0,0,0.000593999999999997
30.07,-2.3274637461325,1.58730243344662,0.0999960177777778,0,0,0.00039733333333334
30.08,-2.3274637461325,1.58730243344662,0.0999990022222222,0,0,0.000199333333333336
30.09,-2.3274637461325,1.58730243344662,0.1,0,0,0
30.1,-3.42054597729911,2.23832577143073,0.1,0,0,0
30.11,-3.42054597729911,2.23832577143073,0.0999976718518519,0,0,-0.000465111111111111
30.12,-3.42054597729911,2.23832577143073,0.0999907081481482,0,0,-0.000927111111111111
30.13,-3.42054597729911,2.23832577143073,0.09997914,0,0,-0.001386
30.14,-3.42054597729911,2.23832577143073,0.0999629985185185,0,0,-0.00184177777777778
30.15,-3.42054597729911,2.23832577143073,0.0999423148148148,0,0,-0.00229444444444444
30.16,-3.42054597729911,2.23832577143073,0.09991712,0,0,-0.002744
30.17,-3.42054597729911,2.23832577143073,0.0998874451851852,0,0,-0.00319044444444444
30.18,-3.42054597729911,2.23832577143073,0.0998533214814815,0,0,-0.00363377777777778
30.19,-3.42054597729911,2.23832577143073,0.09981478,0,0,-0.004074
30.2,-3.42054597729911,2.23832577143073,0.0997718518518519,0,0,-0.00451111111111111
30.21,-3.42054597729911,2.23832577143073,0.0997245681481482,0,0,-0.00494511111111111
30.22,-3.42054597729911,2.23832577143073,0.09967296,0,0,-0.005376
30.23,-3.42054597729911,2.23832577143073,0.0996170585185185,0,0,-0.00580377777777778
30.24,-3.42054597729911,2.23832577143073,0.0995568948148148,0,0,-0.00622844444444445
30.25,-3.42054597729911,2.23832577143073,0.0994925,0,0,-0.00665
30.26,-3.42054597729911,2.23832577143073,0.0994239051851852,0,0,-0.00706844444444444
30.27,-3.42054597729911,2.23832577143073,0.0993511414814815,0,0,-0.00748377777777778
30.28,-3.42054597729911,2.23832577143073,0.09927424,0,0,-0.007896
30.29,-3.42054597729911,2.23832577143073,0.0991932318518519,0,0,-0.00830511111111111
30.3,-3.42054597729911,2.23832577143073,0.0991081481481482,0,0,-0.00871111111111111
30.31,-3.42054597729911,2.23832577143073,0.09901902,0,0,-0.009114
30.32,-3.42054597729911,2.23832577143073,0.0989258785185185,0,0,-0.00951377777777778
30.33,-3.42054597729911,2.23832577143073,0.0988287548148148,0,0,-0.00991044444444445
30.34,-3.42054597729911,2.23832577143073,0.09872768,0,0,-0.010304
30.35,-3.42054597729911,2.23832577143073,0.0986226851851852,0,0,-0.0106944444444444
30.36,-3.42054597729911,2.23832577143073,0.0985138014814815,0,0,-0.0110817777777778
30.37,-3.42054597729911,2.23832577143073,0.09840106,0,0,-0.011466
30.38,-3.42054597729911,2.23832577143073,0.0982844918518519,0,0,-0.0118471111111111
30.39,-3.42054597729911,2.23832577143073,0.0981641281481482,0,0,-0.0122251111111111
30.4,-3.42054597729911,2.23832577143073,0.09804,0,0,-0.0126
30.41,-3.42054597729911,2.23832577143073,0.0979121385185185,0,0,-0.0129717777777778
30.42,-3.42054597729911,2.23832577143073,0.0977805748148148,0,0,-0.0133404444444444
30.43,-3.42054597729911,2.23832577143073,0.09764534,0,0,-0.013706
30.44,-3.42054597729911,2.23832577143073,0.0975064651851852,0,0,-0.0140684444444444
30.45,-3.42054597729911,2.23832577143073,0.0973639814814815,0,0,-0.0144277777777778
30.46,-3.42054597729911,2.23832577143073,0.09721792,0,0,-0.014784
30.47,-3.42054597729911,2.23832577143073,0.0970683118518519,0,0,-0.0151371111111111
30.48,-3.42054597729911,2.23832577143073,0.0969151881481481,0,0,-0.0154871111111111
30.49,-3.42054597729911,2.23832577143073,0.09675858,0,0,-0.015834
30.5,-3.42054597729911,2.23832577143073,0.0965985185185185,0,0,-0.0161777777777778
30.51,-3.42054597729911,2.23832577143073,0.0964350348148148,0,0,-0.0165184444444444
30.52,-3.42054597729911,2.23832577143073,0.09626816,0,0,-0.016856
30.53,-3.42054597729911,2.23832577143073,0.0960979251851852,0,0,-0.0171904444444444
30.54,-3.42054597729911,2.23832577143073,0.0959243614814815,0,0,-0.0175217777777778
30.55,-3.42054597729911,2.23832577143073,0.0957475,0,0,-0.01785
30.56,-3.42054597729911,2.23832577143073,0.0955673718518519,0,0,-0.0181751111111111
30.57,-3.42054597729911,2.23832577143073,0.0953840081481482,0,0,-0.0184971111111111
30.58,-3.42054597729911,2.23832577143073,0.09519744,0,0,-0.018816
30.59,-3.42054597729911,2.23832577143073,0.0950076985185185,0,0,-0.0191317777777778
30.6,-3.42054597729911,2.23832577143073,0.0948148148148148,0,0,-0.0194444444444444
30.61,-3.42054597729911,2.23832577143073,0.09461882,0,0,-0.019754
30.62,-3.42054597729911,2.23832577143073,0.0944197451851852,0,0,-0.0200604444444444
30.63,-3.42054597729911,2.23832577143073,0.0942176214814815,0,0,-0.0203637777777778
30.64,-3.42054597729911,2.23832577143073,0.09401248,0,0,-0.020664
30.65,-3.42054597729911,2.23832577143073,0.0938043518518519,0,0,-0.0209611111111111
30.66,-3.42054597729911,2.23832577143073,0.0935932681481482,0,0,-0.0212551111111111
30.67,-3.42054597729911,2.23832577143073,0.09337926,0,0,-0.021546
30.68,-3.42054597729911,2.23832577143073,0.0931623585185185,0,0,-0.0218337777777778
30.69,-3.42054597729911,2.23832577143073,0.0929425948148148,0,0,-0.0221184444444444
30.7,-3.42054597729911,2.23832577143073,0.09272,0,0,-0.0224
30.71,-3.42054597729911,2.23832577143073,0.0924946051851852,0,0,-0.0226784444444444
30.72,-3.42054597729911,2.23832577143073,0.0922664414814815,0,0,-0.0229537777777778
30.73,-3.42054597729911,2.23832577143073,0.09203554,0,0,-0.023226
30.74,-3.42054597729911,2.23832577143073,0.0918019318518519,0,0,-0.0234951111111111
30.75,-3.42054597729911,2.23832577143073,0.0915656481481482,0,0,-0.0237611111111111
30.76,-3.42054597729911,2.23832577143073,0.09132672,0,0,-0.024024
30.77,-3.42054597729911,2.23832577143073,0.0910851785185185,0,0,-0.0242837777777778
30.78,-3.42054597729911,2.23832577143073,0.0908410548148148,0,0,-0.0245404444444444
30.79,-3.42054597729911,2.23832577143073,0.09059438,0,0,-0.024794
30.8,-3.42054597729911,2.23832577143073,0.0903451851851852,0,0,-0.0250444444444444
30.81,-3.42054597729911,2.23832577143073,0.0900935014814815,0,0,-0.0252917777777778
30.82,-3.42054597729911,2.23832577143073,0.08983936,0,0,-0.025536
30.83,-3.42054597729911,2.23832577143073,0.0895827918518519,0,0,-0.0257771111111111
30.84,-3.42054597729911,2.23832577143073,0.0893238281481482,0,0,-0.0260151111111111
30.85,-3.42054597729911,2.23832577143073,0.0890625,0,0,-0.02625
30.86,-3.42054597729911,2.23832577143073,0.0887988385185185,0,0,-0.0264817777777778
30.87,-3.42054597729911,2.23832577143073,0.0885328748148148,0,0,-0.0267104444444444
30.88,-3.42054597729911,2.23832577143073,0.08826464,0,0,-0.026936
30.89,-3.42054597729911,2.23832577143073,0.0879941651851852,0,0,-0.0271584444444444
30.9,-3.42054597729911,2.23832577143073,0.0877214814814815,0,0,-0.0273777777777778
30.91,-3.42054597729911,2.23832577143073,0.08744662,0,0,-0.027594
30.92,-3.42054597729911,2.23832577143073,0.0871696118518519,0,0,-0.0278071111111111
30.93,-3.42054597729911,2.23832577143073,0.0868904881481482,0,0,-0.0280171111111111
30.94,-3.42054597729911,2.23832577143073,0.08660928,0,0,-0.028224
30.95,-3.42054597729911,2.23832577143073,0.0863260185185185,0,0,-0.0284277777777778
30.96,-3.42054597729911,2.23832577143073,0.0860407348148148,0,0,-0.0286284444444444
30.97,-3.42054597729911,2.23832577143073,0.08575346,0,0,-0.028826
30.98,-3.42054597729911,2.23832577143073,0.0854642251851852,0,0,-0.0290204444444444
30.99,-3.42054597729911,2.23832577143073,0.0851730614814815,0,0,-0.0292117777777778
31,-3.42054597729911,2.23832577143073,0.08488,0,0,-0.0294
31.01,-3.42054597729911,2.23832577143073,0.0845850718518519,0,0,-0.0295851111111111
31.02,-3.42054597729911,2.23832577143073,0.0842883081481482,0,0,-0.0297671111111111
31.03,-3.42054597729911,2.23832577143073,0.08398974,0,0,-0.029946
31.04,-3.42054597729911,2.23832577143073,0.0836893985185185,0,0,-0.0301217777777778
31.05,-3.42054597729911,2.23832577143073,0.0833873148148148,0,0,-0.0302944444444444
31.06,-3.42054597729911,2.23832577143073,0.08308352,0,0,-0.030464
31.07,-3.42054597729911,2.23832577143073,0.0827780451851852,0,0,-0.0306304444444444
31.08,-3.42054597729911,2.23832577143073,0.0824709214814815,0,0,-0.0307937777777778
31.09,-3.42054597729911,2.23832577143073,0.08216218,0,0,-0.030954
31.1,-3.42054597729911,2.23832577143073,0.0818518518518519,0,0,-0.0311111111111111
31.11,-3.42054597729911,2.23832577143073,0.0815399681481482,0,0,-0.0312651111111111
31.12,-3.42054597729911,2.23832577143073,0.08122656,0,0,-0.031416
31.13,-3.42054597729911,2.23832577143073,0.0809116585185185,0,0,-0.0315637777777778
31.14,-3.42054597729911,2.23832577143073,0.0805952948148148,0,0,-0.0317084444444444
31.15,-3.42054597729911,2.23832577143073,0.0802775,0,0,-0.03185
31.16,-3.42054597729911,2.23832577143073,0.0799583051851852,0,0,-0.0319884444444444
31.17,-3.42054597729911,2.23832577143073,0.0796377414814815,0,0,-0.0321237777777778
31.18,-3.42054597729911,2.23832577143073,0.07931584,0,0,-0.032256
31.19,-3.42054597729911,2.23832577143073,0.0789926318518519,0,0,-0.0323851111111111
31.2,-3.42054597729911,2.23832577143073,0.0786681481481482,0,0,-0.0325111111111111
31.21,-3.42054597729911,2.23832577143073,0.07834242,0,0,-0.032634
31.22,-3.42054597729911,2.23832577143073,0.0780154785185185,0,0,-0.0327537777777778
31.23,-3.42054597729911,2.23832577143073,0.0776873548148148,0,0,-0.0328704444444444
31.24,-3.42054597729911,2.23832577143073,0.07735808,0,0,-0.032984
31.25,-3.42054597729911,2.23832577143073,0.0770276851851852,0,0,-0.0330944444444444
31.26,-3.42054597729911,2.23832577143073,0.0766962014814815,0,0,-0.0332017777777778
31.27,-3.42054597729911,2.23832577143073,0.07636366,0,0,-0.033306
31.28,-3.42054597729911,2.23832577143073,0.0760300918518519,0,0,-0.0334071111111111
31.29,-3.42054597729911,2.23832577143073,0.0756955281481481,0,0,-0.0335051111111111
31.3,-3.42054597729911,2.23832577143073,0.07536,0,0,-0.0336
31.31,-3.42054597729911,2.23832577143073,0.0750235385185185,0,0,-0.0336917777777778
31.32,-3.42054597729911,2.23832577143073,0.0746861748148148,0,0,-0.0337804444444444
31.33,-3.42054597729911,2.23832577143073,0.07434794,0,0,-0.033866
31.34,-3.42054597729911,2.23832577143073,0.0740088651851852,0,0,-0.0339484444444444
31.35,-3.42054597729911,2.23832577143073,0.0736689814814815,0,0,-0.0340277777777778
31.36,-3.42054597729911,2.23832577143073,0.07332832,0,0,-0.034104
31.37,-3.42054597729911,2.23832577143073,0.0729869118518519,0,0,-0.0341771111111111
31.38,-3.42054597729911,2.23832577143073,0.0726447881481481,0,0,-0.0342471111111111
31.39,-3.42054597729911,2.23832577143073,0.07230198,0,0,-0.034314
31.4,-3.42054597729911,2.23832577143073,0.0719585185185185,0,0,-0.0343777777777778
31.41,-3.42054597729911,2.23832577143073,0.0716144348148148,0,0,-0.0344384444444444
31.42,-3.42054597729911,2.23832577143073,0.07126976,0,0,-0.034496
31.43,-3.42054597729911,2.23832577143073,0.0709245251851852,0,0,-0.0345504444444444
31.44,-3.42054597729911,2.23832577143073,0.0705787614814815,0,0,-0.0346017777777778
31.45,-3.42054597729911,2.23832577143073,0.0702325,0,0,-0.03465
31.46,-3.42054597729911,2.23832577143073,0.0698857718518519,0,0,-0.0346951111111111
31.47,-3.42054597729911,2.23832577143073,0.0695386081481482,0,0,-0.0347371111111111
31.48,-3.42054597729911,2.23832577143073,0.06919104,0,0,-0.034776
31.49,-3.42054597729911,2.23832577143073,0.0688430985185185,0,0,-0.0348117777777778
31.5,-3.42054597729911,2.23832577143073,0.0684948148148148,0,0,-0.0348444444444444
31.51,-3.42054597729911,2.23832577143073,0.06814622,0,0,-0.034874
31.52,-3.42054597729911,2.23832577143073,0.0677973451851852,0,0,-0.0349004444444444
31.53,-3.42054597729911,2.23832577143073,0.0674482214814815,0,0,-0.0349237777777778
31.54,-3.42054597729911,2.23832577143073,0.06709888,0,0,-0.034944
31.55,-3.42054597729911,2.23832577143073,0.0667493518518519,0,0,-0.0349611111111111
31.56,-3.42054597729911,2.23832577143073,0.0663996681481482,0,0,-0.0349751111111111
31.57,-3.42054597729911,2.23832577143073,0.06604986,0,0,-0.034986
31.58,-3.42054597729911,2.23832577143073,0.0656999585185185,0,0,-0.0349937777777778
31.59,-3.42054597729911,2.23832577143073,0.0653499948148148,0,0,-0.0349984444444444
31.6,-3.42054597729911,2.23832577143073,0.065,0,0,-0.035
31.61,-3.42054597729911,2.23832577143073,0.0646500051851852,0,0,-0.0349984444444444
31.62,-3.42054597729911,2.23832577143073,0.0643000414814815,0,0,-0.0349937777777778
31.63,-3.42054597729911,2.23832577143073,0.06395014,0,0,-0.034986
31.64,-3.42054597729911,2.23832577143073,0.0636003318518519,0,0,-0.0349751111111111
31.65,-3.42054597729911,2.23832577143073,0.0632506481481482,0,0,-0.0349611111111111
31.66,-3.42054597729911,2.23832577143073,0.06290112,0,0,-0.034944
31.67,-3.42054597729911,2.23832577143073,0.0625517785185185,0,0,-0.0349237777777778
31.68,-3.42054597729911,2.23832577143073,0.0622026548148148,0,0,-0.0349004444444444
31.69,-3.42054597729911,2.23832577143073,0.06185378,0,0,-0.034874
31.7,-3.42054597729911,2.23832577143073,0.0615051851851852,0,0,-0.0348444444444444
31.71,-3.42054597729911,2.23832577143073,0.0611569014814815,0,0,-0.0348117777777778
31.72,-3.42054597729911,2.23832577143073,0.06080896,0,0,-0.034776
31.73,-3.42054597729911,2.23832577143073,0.0604613918518519,0,0,-0.0347371111111111
31.74,-3.42054597729911,2.23832577143073,0.0601142281481482,0,0,-0.0346951111111111
31.75,-3.42054597729911,2.23832577143073,0.0597675,0,0,-0.03465
31.76,-3.42054597729911,2.23832577143073,0.0594212385185185,0,0,-0.0346017777777778
31.77,-3.42054597729911,2.23832577143073,0.0590754748148148,0,0,-0.0345504444444444
31.78,-3.42054597729911,2.23832577143073,0.05873024,0,0,-0.034496
31.79,-3.42054597729911,2.23832577143073,0.0583855651851852,0,0,-0.0344384444444444
31.8,-3.42054597729911,2.23832577143073,0.0580414814814815,0,0,-0.0343777777777778
31.81,-3.42054597729911,2.23832577143073,0.05769802,0,0,-0.034314
31.82,-3.42054597729911,2.23832577143073,0.0573552118518519,0,0,-0.0342471111111111
31.83,-3.42054597729911,2.23832577143073,0.0570130881481481,0,0,-0.0341771111111111
31.84,-3.42054597729911,2.23832577143073,0.05667168,0,0,-0.034104
31.85,-3.42054597729911,2.23832577143073,0.0563310185185185,0,0,-0.0340277777777778
31.86,-3.42054597729911,2.23832577143073,0.0559911348148148,0,0,-0.0339484444444444
31.87,-3.42054597729911,2.23832577143073,0.05565206,0,0,-0.033866
31.88,-3.42054597729911,2.23832577143073,0.0553138251851852,0,0,-0.0337804444444444
31.89,-3.42054597729911,2.23832577143073,0.0549764614814815,0,0,-0.0336917777777778
31.9,-3.42054597729911,2.23832577143073,0.05464,0,0,-0.0336
31.91,-3.42054597729911,2.23832577143073,0.0543044718518519,0,0,-0.0335051111111111
31.92,-3.42054597729911,2.23832577143073,0.0539699081481481,0,0,-0.0334071111111111
31.93,-3.42054597729911,2.23832577143073,0.05363634,0,0,-0.033306
31.94,-3.42054597729911,2.23832577143073,0.0533037985185185,0,0,-0.0332017777777778
31.95,-3.42054597729911,2.23832577143073,0.0529723148148148,0,0,-0.0330944444444444
31.96,-3.42054597729911,2.23832577143073,0.05264192,0,0,-0.032984
31.97,-3.42054597729911,2.23832577143073,0.0523126451851852,0,0,-0.0328704444444444
31.98,-3.42054597729911,2.23832577143073,0.0519845214814815,0,0,-0.0327537777777778
31.99,-3.42054597729911,2.23832577143073,0.05165758,0,0,-0.032634
32,-3.42054597729911,2.23832577143073,0.0513318518518519,0,0,-0.0325111111111111
32.01,-3.42054597729911,2.23832577143073,0.0510073681481481,0,0,-0.0323851111111111
32.02,-3.42054597729911,2.23832577143073,0.05068416,0,0,-0.032256
32.03,-3.42054597729911,2.23832577143073,0.0503622585185185,0,0,-0.0321237777777778
32.04,-3.42054597729911,2.23832577143073,0.0500416948148148,0,0,-0.0319884444444444
32.05,-3.42054597729911,2.23832577143073,0.0497225,0,0,-0.03185
32.06,-3.42054597729911,2.23832577143073,0.0494047051851852,0,0,-0.0317084444444444
32.07,-3.42054597729911,2.23832577143073,0.0490883414814815,0,0,-0.0315637777777778
32.08,-3.42054597729911,2.23832577143073,0.04877344,0,0,-0.031416
32.09,-3.42054597729911,2.23832577143073,0.0484600318518519,0,0,-0.0312651111111111
32.1,-3.42054597729911,2.23832577143073,0.0481481481481482,0,0,-0.0311111111111111
32.11,-3.42054597729911,2.23832577143073,0.04783782,0,0,-0.030954
32.12,-3.42054597729911,2.23832577143073,0.0475290785185185,0,0,-0.0307937777777778
32.13,-3.42054597729911,2.23832577143073,0.0472219548148148,0,0,-0.0306304444444444
32.14,-3.42054597729911,2.23832577143073,0.04691648,0,0,-0.030464
32.15,-3.42054597729911,2.23832577143073,0.0466126851851852,0,0,-0.0302944444444444
32.16,-3.42054597729911,2.23832577143073,0.0463106014814815,0,0,-0.0301217777777778
32.17,-3.42054597729911,2.23832577143073,0.04601026,0,0,-0.029946
32.18,-3.42054597729911,2.23832577143073,0.0457116918518519,0,0,-0.0297671111111111
32.19,-3.42054597729911,2.23832577143073,0.0454149281481482,0,0,-0.0295851111111111
32.2,-3.42054597729911,2.23832577143073,0.04512,0,0,-0.0294
32.21,-3.42054597729911,2.23832577143073,0.0448269385185185,0,0,-0.0292117777777778
32.22,-3.42054597729911,2.23832577143073,0.0445357748148148,0,0,-0.0290204444444444
32.23,-3.42054597729911,2.23832577143073,0.04424654,0,0,-0.028826
32.24,-3.42054597729911,2.23832577143073,0.0439592651851852,0,0,-0.0286284444444444
32.25,-3.42054597729911,2.23832577143073,0.0436739814814815,0,0,-0.0284277777777778
32.26,-3.42054597729911,2.23832577143073,0.04339072,0,0,-0.028224
32.27,-3.42054597729911,2.23832577143073,0.0431095118518518,0,0,-0.0280171111111111
32.28,-3.42054597729911,2.23832577143073,0.0428303881481482,0,0,-0.0278071111111111
32.29,-3.42054597729911,2.23832577143073,0.04255338,0,0,-0.027594
32.3,-3.42054597729911,2.23832577143073,0.0422785185185185,0,0,-0.0273777777777778
32.31,-3.42054597729911,2.23832577143073,0.0420058348148148,0,0,-0.0271584444444444
32.32,-3.42054597729911,2.23832577143073,0.04173536,0,0,-0.026936
32.33,-3.42054597729911,2.23832577143073,0.0414671251851852,0,0,-0.0267104444444444
32.34,-3.42054597729911,2.23832577143073,0.0412011614814815,0,0,-0.0264817777777778
32.35,-3.42054597729911,2.23832577143073,0.0409375,0,0,-0.02625
32.36,-3.42054597729911,2.23832577143073,0.0406761718518519,0,0,-0.0260151111111111
32.37,-3.42054597729911,2.23832577143073,0.0404172081481482,0,0,-0.0257771111111111
32.38,-3.42054597729911,2.23832577143073,0.04016064,0,0,-0.025536
32.39,-3.42054597729911,2.23832577143073,0.0399064985185185,0,0,-0.0252917777777778
32.4,-3.42054597729911,2.23832577143073,0.0396548148148148,0,0,-0.0250444444444444
32.41,-3.42054597729911,2.23832577143073,0.03940562,0,0,-0.024794
32.42,-3.42054597729911,2.23832577143073,0.0391589451851852,0,0,-0.0245404444444444
32.43,-3.42054597729911,2.23832577143073,0.0389148214814815,0,0,-0.0242837777777778
32.44,-3.42054597729911,2.23832577143073,0.03867328,0,0,-0.024024
32.45,-3.42054597729911,2.23832577143073,0.0384343518518519,0,0,-0.0237611111111111
32.46,-3.42054597729911,2.23832577143073,0.0381980681481482,0,0,-0.0234951111111111
32.47,-3.42054597729911,2.23832577143073,0.03796446,0,0,-0.023226
32.48,-3.42054597729911,2.23832577143073,0.0377335585185185,0,0,-0.0229537777777778
32.49,-3.42054597729911,2.23832577143073,0.0375053948148148,0,0,-0.0226784444444444
32.5,-3.42054597729911,2.23832577143073,0.03728,0,0,-0.0224
32.51,-3.42054597729911,2.23832577143073,0.0370574051851852,0,0,-0.0221184444444444
32.52,-3.42054597729911,2.23832577143073,0.0368376414814815,0,0,-0.0218337777777778
32.53,-3.42054597729911,2.23832577143073,0.03662074,0,0,-0.021546
32.54,-3.42054597729911,2.23832577143073,0.0364067318518519,0,0,-0.0212551111111111
32.55,-3.42054597729911,2.23832577143073,0.0361956481481481,0,0,-0.0209611111111111
32.56,-3.42054597729911,2.23832577143073,0.03598752,0,0,-0.020664
32.57,-3.42054597729911,2.23832577143073,0.0357823785185185,0,0,-0.0203637777777778
32.58,-3.42054597729911,2.23832577143073,0.0355802548148148,0,0,-0.0200604444444444
32.59,-3.42054597729911,2.23832577143073,0.03538118,0,0,-0.019754
32.6,-3.42054597729911,2.23832577143073,0.0351851851851852,0,0,-0.0194444444444444
32.61,-3.42054597729911,2.23832577143073,0.0349923014814815,0,0,-0.0191317777777778
32.62,-3.42054597729911,2.23832577143073,0.03480256,0,0,-0.018816
32.63,-3.42054597729911,2.23832577143073,0.0346159918518519,0,0,-0.0184971111111111
32.64,-3.42054597729911,2.23832577143073,0.0344326281481482,0,0,-0.0181751111111111
32.65,-3.42054597729911,2.23832577143073,0.0342525,0,0,-0.01785
32.66,-3.42054597729911,2.23832577143073,0.0340756385185185,0,0,-0.0175217777777778
32.67,-3.42054597729911,2.23832577143073,0.0339020748148148,0,0,-0.0171904444444444
32.68,-3.42054597729911,2.23832577143073,0.03373184,0,0,-0.016856
32.69,-3.42054597729911,2.23832577143073,0.0335649651851852,0,0,-0.0165184444444444
32.7,-3.42054597729911,2.23832577143073,0.0334014814814815,0,0,-0.0161777777777778
32.71,-3.42054597729911,2.23832577143073,0.03324142,0,0,-0.015834
32.72,-3.42054597729911,2.23832577143073,0.0330848118518519,0,0,-0.0154871111111111
32.73,-3.42054597729911,2.23832577143073,0.0329316881481481,0,0,-0.0151371111111111
32.74,-3.42054597729911,2.23832577143073,0.03278208,0,0,-0.014784
32.75,-3.42054597729911,2.23832577143073,0.0326360185185185,0,0,-0.0144277777777778
32.76,-3.42054597729911,2.23832577143073,0.0324935348148148,0,0,-0.0140684444444444
32.77,-3.42054597729911,2.23832577143073,0.03235466,0,0,-0.013706
32.78,-3.42054597729911,2.23832577143073,0.0322194251851852,0,0,-0.0133404444444444
32.79,-3.42054597729911,2.23832577143073,0.0320878614814815,0,0,-0.0129717777777778
32.8,-3.42054597729911,2.23832577143073,0.03196,0,0,-0.0126
32.81,-3.42054597729911,2.23832577143073,0.0318358718518519,0,0,-0.0122251111111111
32.82,-3.42054597729911,2.23832577143073,0.0317155081481482,0,0,-0.0118471111111111
32.83,-3.42054597729911,2.23832577143073,0.03159894,0,0,-0.011466
32.84,-3.42054597729911,2.23832577143073,0.0314861985185186,0,0,-0.0110817777777778
32.85,-3.42054597729911,2.23832577143073,0.0313773148148148,0,0,-0.0106944444444444
32.86,-3.42054597729911,2.23832577143073,0.03127232,0,0,-0.010304
32.87,-3.42054597729911,2.23832577143073,0.0311712451851852,0,0,-0.00991044444444442
32.88,-3.42054597729911,2.23832577143073,0.0310741214814815,0,0,-0.00951377777777777
32.89,-3.42054597729911,2.23832577143073,0.03098098,0,0,-0.00911399999999998
32.9,-3.42054597729911,2.23832577143073,0.0308918518518519,0,0,-0.00871111111111109
32.91,-3.42054597729911,2.23832577143073,0.0308067681481482,0,0,-0.0083051111111111
32.92,-3.42054597729911,2.23832577143073,0.03072576,0,0,-0.00789599999999999
32.93,-3.42054597729911,2.23832577143073,0.0306488585185185,0,0,-0.00748377777777774
32.94,-3.42054597729911,2.23832577143073,0.0305760948148148,0,0,-0.00706844444444443
32.95,-3.42054597729911,2.23832577143073,0.0305075,0,0,-0.00664999999999996
32.96,-3.42054597729911,2.23832577143073,0.0304431051851852,0,0,-0.00622844444444445
32.97,-3.42054597729911,2.23832577143073,0.0303829414814815,0,0,-0.00580377777777777
32.98,-3.42054597729911,2.23832577143073,0.03032704,0,0,-0.00537599999999996
32.99,-3.42054597729911,2.23832577143073,0.0302754318518519,0,0,-0.00494511111111109
33,-3.42054597729911,2.23832577143073,0.0302281481481481,0,0,-0.00451111111111108
33.01,-3.42054597729911,2.23832577143073,0.03018522,0,0,-0.00407399999999997
33.02,-3.42054597729911,2.23832577143073,0.0301466785185185,0,0,-0.00363377777777779
33.03,-3.42054597729911,2.23832577143073,0.0301125548148148,0,0,-0.00319044444444441
33.04,-3.42054597729911,2.23832577143073,0.03008288,0,0,-0.002744
33.05,-3.42054597729911,2.23832577143073,0.0300576851851852,0,0,-0.00229444444444443
33.06,-3.42054597729911,2.23832577143073,0.0300370014814815,0,0,-0.00184177777777775
33.07,-3.42054597729911,2.23832577143073,0.03002086,0,0,-0.00138599999999997
33.08,-3.42054597729911,2.23832577143073,0.0300092918518519,0,0,-0.000927111111111101
33.09,-3.42054597729911,2.23832577143073,0.0300023281481482,0,0,-0.000465111111111083
33.1,-3.42054597729911,2.23832577143073,0.03,0,0,0
33.11,-3.42054597729911,2.23832577143073,0.03,0,0,0
33.12,-3.42054597729911,2.23832577143073,0.0300023281481481,0,0,0.000465111111111111
33.13,-3.42054597729911,2.23832577143073,0.0300092918518518,0,0,0.000927111111111111
33.14,-3.42054597729911,2.23832577143073,0.03002086,0,0,0.001386
33.15,-3.42054597729911,2.23832577143073,0.0300370014814815,0,0,0.00184177777777778
33.16,-3.42054597729911,2.23832577143073,0.0300576851851852,0,0,0.00229444444444444
33.17,-3.42054597729911,2.23832577143073,0.03008288,0,0,0.002744
33.18,-3.42054597729911,2.23832577143073,0.0301125548148148,0,0,0.00319044444444444
33.19,-3.42054597729911,2.23832577143073,0.0301466785185185,0,0,0.00363377777777778
33.2,-3.42054597729911,2.23832577143073,0.03018522,0,0,0.004074
33.21,-3.42054597729911,2.23832577143073,0.0302281481481481,0,0,0.00451111111111111
33.22,-3.42054597729911,2.23832577143073,0.0302754318518519,0,0,0.00494511111111111
33.23,-3.42054597729911,2.23832577143073,0.03032704,0,0,0.005376
33.24,-3.42054597729911,2.23832577143073,0.0303829414814815,0,0,0.00580377777777778
33.25,-3.42054597729911,2.23832577143073,0.0304431051851852,0,0,0.00622844444444445
33.26,-3.42054597729911,2.23832577143073,0.0305075,0,0,0.00665
33.27,-3.42054597729911,2.23832577143073,0.0305760948148148,0,0,0.00706844444444444
33.28,-3.42054597729911,2.23832577143073,0.0306488585185185,0,0,0.00748377777777778
33.29,-3.42054597729911,2.23832577143073,0.03072576,0,0,0.007896
33.3,-3.42054597729911,2.23832577143073,0.0308067681481481,0,0,0.00830511111111111
33.31,-3.42054597729911,2.23832577143073,0.0308918518518519,0,0,0.00871111111111111
33.32,-3.42054597729911,2.23832577143073,0.03098098,0,0,0.009114
33.33,-3.42054597729911,2.23832577143073,0.0310741214814815,0,0,0.00951377777777778
33.34,-3.42054597729911,2.23832577143073,0.0311712451851852,0,0,0.00991044444444445
33.35,-3.42054597729911,2.23832577143073,0.03127232,0,0,0.010304
33.36,-3.42054597729911,2.23832577143073,0.0313773148148148,0,0,0.0106944444444444
33.37,-3.42054597729911,2.23832577143073,0.0314861985185185,0,0,0.0110817777777778
33.38,-3.42054597729911,2.23832577143073,0.03159894,0,0,0.011466
33.39,-3.42054597729911,2.23832577143073,0.0317155081481481,0,0,0.0118471111111111
33.4,-3.42054597729911,2.23832577143073,0.0318358718518518,0,0,0.0122251111111111
33.41,-3.42054597729911,2.23832577143073,0.03196,0,0,0.0126
33.42,-3.42054597729911,2.23832577143073,0.0320878614814815,0,0,0.0129717777777778
33.43,-3.42054597729911,2.23832577143073,0.0322194251851852,0,0,0.0133404444444444
33.44,-3.42054597729911,2.23832577143073,0.03235466,0,0,0.013706
33.45,-3.42054597729911,2.23832577143073,0.0324935348148148,0,0,0.0140684444444444
33.46,-3.42054597729911,2.23832577143073,0.0326360185185185,0,0,0.0144277777777778
33.47,-3.42054597729911,2.23832577143073,0.03278208,0,0,0.014784
33.48,-3.42054597729911,2.23832577143073,0.0329316881481481,0,0,0.0151371111111111
33.49,-3.42054597729911,2.23832577143073,0.0330848118518519,0,0,0.0154871111111111
33.5,-3.42054597729911,2.23832577143073,0.03324142,0,0,0.015834
33.51,-3.42054597729911,2.23832577143073,0.0334014814814815,0,0,0.0161777777777778
33.52,-3.42054597729911,2.23832577143073,0.0335649651851852,0,0,0.0165184444444444
33.53,-3.42054597729911,2.23832577143073,0.03373184,0,0,0.016856
33.54,-3.42054597729911,2.23832577143073,0.0339020748148148,0,0,0.0171904444444444
33.55,-3.42054597729911,2.23832577143073,0.0340756385185185,0,0,0.0175217777777778
33.56,-3.42054597729911,2.23832577143073,0.0342525,0,0,0.01785
33.57,-3.42054597729911,2.23832577143073,0.0344326281481481,0,0,0.0181751111111111
33.58,-3.42054597729911,2.23832577143073,0.0346159918518519,0,0,0.0184971111111111
33.59,-3.42054597729911,2.23832577143073,0.03480256,0,0,0.018816
33.6,-3.42054597729911,2.23832577143073,0.0349923014814815,0,0,0.0191317777777778
33.61,-3.42054597729911,2.23832577143073,0.0351851851851852,0,0,0.0194444444444444
33.62,-3.42054597729911,2.23832577143073,0.03538118,0,0,0.019754
33.63,-3.42054597729911,2.23832577143073,0.0355802548148148,0,0,0.0200604444444444
33.64,-3.42054597729911,2.23832577143073,0.0357823785185185,0,0,0.0203637777777778
33.65,-3.42054597729911,2.23832577143073,0.03598752,0,0,0.020664
33.66,-3.42054597729911,2.23832577143073,0.0361956481481481,0,0,0.0209611111111111
33.67,-3.42054597729911,2.23832577143073,0.0364067318518519,0,0,0.0212551111111111
33.68,-3.42054597729911,2.23832577143073,0.03662074,0,0,0.021546
33.69,-3.42054597729911,2.23832577143073,0.0368376414814815,0,0,0.0218337777777778
33.7,-3.42054597729911,2.23832577143073,0.0370574051851852,0,0,0.0221184444444444
33.71,-3.42054597729911,2.23832577143073,0.03728,0,0,0.0224
33.72,-3.42054597729911,2.23832577143073,0.0375053948148148,0,0,0.0226784444444444
33.73,-3.42054597729911,2.23832577143073,0.0377335585185185,0,0,0.0229537777777778
33.74,-3.42054597729911,2.23832577143073,0.03796446,0,0,0.023226
33.75,-3.42054597729911,2.23832577143073,0.0381980681481481,0,0,0.0234951111111111
33.76,-3.42054597729911,2.23832577143073,0.0384343518518519,0,0,0.0237611111111111
33.77,-3.42054597729911,2.23832577143073,0.03867328,0,0,0.024024
33.78,-3.42054597729911,2.23832577143073,0.0389148214814815,0,0,0.0242837777777778
33.79,-3.42054597729911,2.23832577143073,0.0391589451851852,0,0,0.0245404444444444
33.8,-3.42054597729911,2.23832577143073,0.03940562,0,0,0.024794
33.81,-3.42054597729911,2.23832577143073,0.0396548148148148,0,0,0.0250444444444444
33.82,-3.42054597729911,2.23832577143073,0.0399064985185185,0,0,0.0252917777777778
33.83,-3.42054597729911,2.23832577143073,0.04016064,0,0,0.025536
33.84,-3.42054597729911,2.23832577143073,0.0404172081481481,0,0,0.0257771111111111
33.85,-3.42054597729911,2.23832577143073,0.0406761718518519,0,0,0.0260151111111111
33.86,-3.42054597729911,2.23832577143073,0.0409375,0,0,0.02625
33.87,-3.42054597729911,2.23832577143073,0.0412011614814815,0,0,0.0264817777777778
33.88,-3.42054597729911,2.23832577143073,0.0414671251851852,0,0,0.0267104444444444
33.89,-3.42054597729911,2.23832577143073,0.04173536,0,0,0.026936
33.9,-3.42054597729911,2.23832577143073,0.0420058348148148,0,0,0.0271584444444444
33.91,-3.42054597729911,2.23832577143073,0.0422785185185185,0,0,0.0273777777777778
33.92,-3.42054597729911,2.23832577143073,0.04255338,0,0,0.027594
33.93,-3.42054597729911,2.23832577143073,0.0428303881481481,0,0,0.0278071111111111
33.94,-3.42054597729911,2.23832577143073,0.0431095118518519,0,0,0.0280171111111111
33.95,-3.42054597729911,2.23832577143073,0.04339072,0,0,0.028224
33.96,-3.42054597729911,2.23832577143073,0.0436739814814815,0,0,0.0284277777777778
33.97,-3.42054597729911,2.23832577143073,0.0439592651851852,0,0,0.0286284444444444
33.98,-3.42054597729911,2.23832577143073,0.04424654,0,0,0.028826
33.99,-3.42054597729911,2.23832577143073,0.0445357748148148,0,0,0.0290204444444444
34,-3.42054597729911,2.23832577143073,0.0448269385185185,0,0,0.0292117777777778
34.01,-3.42054597729911,2.23832577143073,0.04512,0,0,0.0294
34.02,-3.42054597729911,2.23832577143073,0.0454149281481482,0,0,0.0295851111111111
34.03,-3.42054597729911,2.23832577143073,0.0457116918518519,0,0,0.0297671111111111
34.04,-3.42054597729911,2.23832577143073,0.04601026,0,0,0.029946
34.05,-3.42054597729911,2.23832577143073,0.0463106014814815,0,0,0.0301217777777778
34.06,-3.42054597729911,2.23832577143073,0.0466126851851852,0,0,0.0302944444444444
34.07,-3.42054597729911,2.23832577143073,0.04691648,0,0,0.030464
34.08,-3.42054597729911,2.23832577143073,0.0472219548148148,0,0,0.0306304444444444
34.09,-3.42054597729911,2.23832577143073,0.0475290785185185,0,0,0.0307937777777778
34.1,-3.42054597729911,2.23832577143073,0.04783782,0,0,0.030954
34.11,-3.42054597729911,2.23832577143073,0.0481481481481481,0,0,0.0311111111111111
34.12,-3.42054597729911,2.23832577143073,0.0484600318518519,0,0,0.0312651111111111
34.13,-3.42054597729911,2.23832577143073,0.04877344,0,0,0.031416
34.14,-3.42054597729911,2.23832577143073,0.0490883414814815,0,0,0.0315637777777778
34.15,-3.42054597729911,2.23832577143073,0.0494047051851852,0,0,0.0317084444444444
34.16,-3.42054597729911,2.23832577143073,0.0497225,0,0,0.03185
34.17,-3.42054597729911,2.23832577143073,0.0500416948148148,0,0,0.0319884444444444
34.18,-3.42054597729911,2.23832577143073,0.0503622585185185,0,0,0.0321237777777778
34.19,-3.42054597729911,2.23832577143073,0.05068416,0,0,0.032256
34.2,-3.42054597729911,2.23832577143073,0.0510073681481481,0,0,0.0323851111111111
34.21,-3.42054597729911,2.23832577143073,0.0513318518518519,0,0,0.0325111111111111
34.22,-3.42054597729911,2.23832577143073,0.05165758,0,0,0.032634
34.23,-3.42054597729911,2.23832577143073,0.0519845214814815,0,0,0.0327537777777778
34.24,-3.42054597729911,2.23832577143073,0.0523126451851852,0,0,0.0328704444444444
34.25,-3.42054597729911,2.23832577143073,0.05264192,0,0,0.032984
34.26,-3.42054597729911,2.23832577143073,0.0529723148148148,0,0,0.0330944444444444
34.27,-3.42054597729911,2.23832577143073,0.0533037985185185,0,0,0.0332017777777778
34.28,-3.42054597729911,2.23832577143073,0.05363634,0,0,0.033306
34.29,-3.42054597729911,2.23832577143073,0.0539699081481481,0,0,0.0334071111111111
34.3,-3.42054597729911,2.23832577143073,0.0543044718518519,0,0,0.0335051111111111
34.31,-3.42054597729911,2.23832577143073,0.05464,0,0,0.0336
34.32,-3.42054597729911,2.23832577143073,0.0549764614814815,0,0,0.0336917777777778
34.33,-3.42054597729911,2.23832577143073,0.0553138251851852,0,0,0.0337804444444444
34.34,-3.42054597729911,2.23832577143073,0.05565206,0,0,0.033866
34.35,-3.42054597729911,2.23832577143073,0.0559911348148148,0,0,0.0339484444444444
34.36,-3.42054597729911,2.23832577143073,0.0563310185185185,0,0,0.0340277777777778
34.37,-3.42054597729911,2.23832577143073,0.05667168,0,0,0.034104
34.38,-3.42054597729911,2.23832577143073,0.0570130881481481,0,0,0.0341771111111111
34.39,-3.42054597729911,2.23832577143073,0.0573552118518518,0,0,0.0342471111111111
34.4,-3.42054597729911,2.23832577143073,0.05769802,0,0,0.034314
34.41,-3.42054597729911,2.23832577143073,0.0580414814814815,0,0,0.0343777777777778
34.42,-3.42054597729911,2.23832577143073,0.0583855651851852,0,0,0.0344384444444444
34.43,-3.42054597729911,2.23832577143073,0.05873024,0,0,0.034496
34.44,-3.42054597729911,2.23832577143073,0.0590754748148148,0,0,0.0345504444444444
34.45,-3.42054597729911,2.23832577143073,0.0594212385185185,0,0,0.0346017777777778
34.46,-3.42054597729911,2.23832577143073,0.0597675,0,0,0.03465
34.47,-3.42054597729911,2.23832577143073,0.0601142281481482,0,0,0.0346951111111111
34.48,-3.42054597729911,2.23832577143073,0.0604613918518518,0,0,0.0347371111111111
34.49,-3.42054597729911,2.23832577143073,0.06080896,0,0,0.034776
34.5,-3.42054597729911,2.23832577143073,0.0611569014814815,0,0,0.0348117777777778
34.51,-3.42054597729911,2.23832577143073,0.0615051851851852,0,0,0.0348444444444444
34.52,-3.42054597729911,2.23832577143073,0.06185378,0,0,0.034874
34.53,-3.42054597729911,2.23832577143073,0.0622026548148148,0,0,0.0349004444444444
34.54,-3.42054597729911,2.23832577143073,0.0625517785185185,0,0,0.0349237777777778
34.55,-3.42054597729911,2.23832577143073,0.06290112,0,0,0.034944
34.56,-3.42054597729911,2.23832577143073,0.0632506481481482,0,0,0.0349611111111111
34.57,-3.42054597729911,2.23832577143073,0.0636003318518518,0,0,0.0349751111111111
34.58,-3.42054597729911,2.23832577143073,0.06395014,0,0,0.034986
34.59,-3.42054597729911,2.23832577143073,0.0643000414814815,0,0,0.0349937777777778
34.6,-3.42054597729911,2.23832577143073,0.0646500051851852,0,0,0.0349984444444444
34.61,-3.42054597729911,2.23832577143073,0.065,0,0,0.035
34.62,-3.42054597729911,2.23832577143073,0.0653499948148148,0,0,0.0349984444444444
34.63,-3.42054597729911,2.23832577143073,0.0656999585185185,0,0,0.0349937777777778
34.64,-3.42054597729911,2.23832577143073,0.06604986,0,0,0.034986
34.65,-3.42054597729911,2.23832577143073,0.0663996681481481,0,0,0.0349751111111111
34.66,-3.42054597729911,2.23832577143073,0.0667493518518519,0,0,0.0349611111111111
34.67,-3.42054597729911,2.23832577143073,0.06709888,0,0,0.034944
34.68,-3.42054597729911,2.23832577143073,0.0674482214814815,0,0,0.0349237777777778
34.69,-3.42054597729911,2.23832577143073,0.0677973451851852,0,0,0.0349004444444444
34.7,-3.42054597729911,2.23832577143073,0.06814622,0,0,0.034874
34.71,-3.42054597729911,2.23832577143073,0.0684948148148148,0,0,0.0348444444444444
34.72,-3.42054597729911,2.23832577143073,0.0688430985185185,0,0,0.0348117777777778
34.73,-3.42054597729911,2.23832577143073,0.06919104,0,0,0.034776
34.74,-3.42054597729911,2.23832577143073,0.0695386081481481,0,0,0.0347371111111111
34.75,-3.42054597729911,2.23832577143073,0.0698857718518519,0,0,0.0346951111111111
34.76,-3.42054597729911,2.23832577143073,0.0702325,0,0,0.03465
34.77,-3.42054597729911,2.23832577143073,0.0705787614814815,0,0,0.0346017777777778
34.78,-3.42054597729911,2.23832577143073,0.0709245251851852,0,0,0.0345504444444444
34.79,-3.42054597729911,2.23832577143073,0.07126976,0,0,0.034496
34.8,-3.42054597729911,2.23832577143073,0.0716144348148148,0,0,0.0344384444444444
34.81,-3.42054597729911,2.23832577143073,0.0719585185185185,0,0,0.0343777777777778
34.82,-3.42054597729911,2.23832577143073,0.07230198,0,0,0.034314
34.83,-3.42054597729911,2.23832577143073,0.0726447881481481,0,0,0.0342471111111111
34.84,-3.42054597729911,2.23832577143073,0.0729869118518519,0,0,0.0341771111111111
34.85,-3.42054597729911,2.23832577143073,0.07332832,0,0,0.034104
34.86,-3.42054597729911,2.23832577143073,0.0736689814814815,0,0,0.0340277777777778
34.87,-3.42054597729911,2.23832577143073,0.0740088651851852,0,0,0.0339484444444444
34.88,-3.42054597729911,2.23832577143073,0.07434794,0,0,0.033866
34.89,-3.42054597729911,2.23832577143073,0.0746861748148148,0,0,0.0337804444444444
34.9,-3.42054597729911,2.23832577143073,0.0750235385185185,0,0,0.0336917777777778
34.91,-3.42054597729911,2.23832577143073,0.07536,0,0,0.0336
34.92,-3.42054597729911,2.23832577143073,0.0756955281481481,0,0,0.0335051111111111
34.93,-3.42054597729911,2.23832577143073,0.0760300918518519,0,0,0.0334071111111111
34.94,-3.42054597729911,2.23832577143073,0.07636366,0,0,0.033306
34.95,-3.42054597729911,2.23832577143073,0.0766962014814815,0,0,0.0332017777777778
34.96,-3.42054597729911,2.23832577143073,0.0770276851851852,0,0,0.0330944444444444
34.97,-3.42054597729911,2.23832577143073,0.07735808,0,0,0.032984
34.98,-3.42054597729911,2.23832577143073,0.0776873548148148,0,0,0.0328704444444444
34.99,-3.42054597729911,2.23832577143073,0.0780154785185185,0,0,0.0327537777777778
35,-3.42054597729911,2.23832577143073,0.07834242,0,0,0.032634
35.01,-3.42054597729911,2.23832577143073,0.0786681481481482,0,0,0.0325111111111111
35.02,-3.42054597729911,2.23832577143073,0.0789926318518519,0,0,0.0323851111111111
35.03,-3.42054597729911,2.23832577143073,0.07931584,0,0,0.032256
35.04,-3.42054597729911,2.23832577143073,0.0796377414814815,0,0,0.0321237777777778
35.05,-3.42054597729911,2.23832577143073,0.0799583051851852,0,0,0.0319884444444444
35.06,-3.42054597729911,2.23832577143073,0.0802775,0,0,0.03185
35.07,-3.42054597729911,2.23832577143073,0.0805952948148148,0,0,0.0317084444444444
35.08,-3.42054597729911,2.23832577143073,0.0809116585185185,0,0,0.0315637777777778
35.09,-3.42054597729911,2.23832577143073,0.08122656,0,0,0.031416
35.1,-3.42054597729911,2.23832577143073,0.0815399681481482,0,0,0.0312651111111111
35.11,-3.42054597729911,2.23832577143073,0.0818518518518518,0,0,0.0311111111111111
35.12,-3.42054597729911,2.23832577143073,0.08216218,0,0,0.030954
35.13,-3.42054597729911,2.23832577143073,0.0824709214814815,0,0,0.0307937777777778
35.14,-3.42054597729911,2.23832577143073,0.0827780451851852,0,0,0.0306304444444444
35.15,-3.42054597729911,2.23832577143073,0.08308352,0,0,0.030464
35.16,-3.42054597729911,2.23832577143073,0.0833873148148148,0,0,0.0302944444444444
35.17,-3.42054597729911,2.23832577143073,0.0836893985185185,0,0,0.0301217777777778
35.18,-3.42054597729911,2.23832577143073,0.08398974,0,0,0.029946
35.19,-3.42054597729911,2.23832577143073,0.0842883081481482,0,0,0.0297671111111111
35.2,-3.42054597729911,2.23832577143073,0.0845850718518518,0,0,0.0295851111111111
35.21,-3.42054597729911,2.23832577143073,0.08488,0,0,0.0294
35.22,-3.42054597729911,2.23832577143073,0.0851730614814815,0,0,0.0292117777777778
35.23,-3.42054597729911,2.23832577143073,0.0854642251851852,0,0,0.0290204444444444
35.24,-3.42054597729911,2.23832577143073,0.08575346,0,0,0.028826
35.25,-3.42054597729911,2.23832577143073,0.0860407348148148,0,0,0.0286284444444444
35.26,-3.42054597729911,2.23832577143073,0.0863260185185185,0,0,0.0284277777777778
35.27,-3.42054597729911,2.23832577143073,0.08660928,0,0,0.028224
35.28,-3.42054597729911,2.23832577143073,0.0868904881481481,0,0,0.0280171111111111
35.29,-3.42054597729911,2.23832577143073,0.0871696118518518,0,0,0.0278071111111111
35.3,-3.42054597729911,2.23832577143073,0.08744662,0,0,0.027594
35.31,-3.42054597729911,2.23832577143073,0.0877214814814815,0,0,0.0273777777777778
35.32,-3.42054597729911,2.23832577143073,0.0879941651851852,0,0,0.0271584444444444
35.33,-3.42054597729911,2.23832577143073,0.08826464,0,0,0.026936
35.34,-3.42054597729911,2.23832577143073,0.0885328748148148,0,0,0.0267104444444444
35.35,-3.42054597729911,2.23832577143073,0.0887988385185185,0,0,0.0264817777777778
35.36,-3.42054597729911,2.23832577143073,0.0890625,0,0,0.02625
35.37,-3.42054597729911,2.23832577143073,0.0893238281481482,0,0,0.0260151111111111
35.38,-3.42054597729911,2.23832577143073,0.0895827918518518,0,0,0.0257771111111111
35.39,-3.42054597729911,2.23832577143073,0.08983936,0,0,0.025536
35.4,-3.42054597729911,2.23832577143073,0.0900935014814815,0,0,0.0252917777777778
35.41,-3.42054597729911,2.23832577143073,0.0903451851851852,0,0,0.0250444444444444
35.42,-3.42054597729911,2.23832577143073,0.09059438,0,0,0.024794
35.43,-3.42054597729911,2.23832577143073,0.0908410548148148,0,0,0.0245404444444444
35.44,-3.42054597729911,2.23832577143073,0.0910851785185185,0,0,0.0242837777777778
35.45,-3.42054597729911,2.23832577143073,0.09132672,0,0,0.024024
35.46,-3.42054597729911,2.23832577143073,0.0915656481481481,0,0,0.0237611111111111
35.47,-3.42054597729911,2.23832577143073,0.0918019318518518,0,0,0.0234951111111111
35.48,-3.42054597729911,2.23832577143073,0.09203554,0,0,0.023226
35.49,-3.42054597729911,2.23832577143073,0.0922664414814815,0,0,0.0229537777777778
35.5,-3.42054597729911,2.23832577143073,0.0924946051851852,0,0,0.0226784444444444
35.51,-3.42054597729911,2.23832577143073,0.09272,0,0,0.0224
35.52,-3.42054597729911,2.23832577143073,0.0929425948148148,0,0,0.0221184444444444
35.53,-3.42054597729911,2.23832577143073,0.0931623585185185,0,0,0.0218337777777778
35.54,-3.42054597729911,2.23832577143073,0.09337926,0,0,0.021546
35.55,-3.42054597729911,2.23832577143073,0.0935932681481481,0,0,0.0212551111111111
35.56,-3.42054597729911,2.23832577143073,0.0938043518518519,0,0,0.0209611111111111
35.57,-3.42054597729911,2.23832577143073,0.09401248,0,0,0.020664
35.58,-3.42054597729911,2.23832577143073,0.0942176214814815,0,0,0.0203637777777778
35.59,-3.42054597729911,2.23832577143073,0.0944197451851852,0,0,0.0200604444444444
35.6,-3.42054597729911,2.23832577143073,0.09461882,0,0,0.019754
35.61,-3.42054597729911,2.23832577143073,0.0948148148148148,0,0,0.0194444444444444
35.62,-3.42054597729911,2.23832577143073,0.0950076985185185,0,0,0.0191317777777778
35.63,-3.42054597729911,2.23832577143073,0.09519744,0,0,0.018816
35.64,-3.42054597729911,2.23832577143073,0.0953840081481481,0,0,0.0184971111111111
35.65,-3.42054597729911,2.23832577143073,0.0955673718518518,0,0,0.0181751111111111
35.66,-3.42054597729911,2.23832577143073,0.0957475,0,0,0.01785
35.67,-3.42054597729911,2.23832577143073,0.0959243614814815,0,0,0.0175217777777778
35.68,-3.42054597729911,2.23832577143073,0.0960979251851852,0,0,0.0171904444444444
35.69,-3.42054597729911,2.23832577143073,0.09626816,0,0,0.016856
35.7,-3.42054597729911,2.23832577143073,0.0964350348148148,0,0,0.0165184444444444
35.71,-3.42054597729911,2.23832577143073,0.0965985185185185,0,0,0.0161777777777778
35.72,-3.42054597729911,2.23832577143073,0.09675858,0,0,0.015834
35.73,-3.42054597729911,2.23832577143073,0.0969151881481481,0,0,0.0154871111111111
35.74,-3.42054597729911,2.23832577143073,0.0970683118518519,0,0,0.0151371111111111
35.75,-3.42054597729911,2.23832577143073,0.09721792,0,0,0.014784
35.76,-3.42054597729911,2.23832577143073,0.0973639814814815,0,0,0.0144277777777778
35.77,-3.42054597729911,2.23832577143073,0.0975064651851852,0,0,0.0140684444444444
35.78,-3.42054597729911,2.23832577143073,0.09764534,0,0,0.013706
35.79,-3.42054597729911,2.23832577143073,0.0977805748148148,0,0,0.0133404444444444
35.8,-3.42054597729911,2.23832577143073,0.0979121385185185,0,0,0.0129717777777778
35.81,-3.42054597729911,2.23832577143073,0.09804,0,0,0.0126
35.82,-3.42054597729911,2.23832577143073,0.0981641281481481,0,0,0.0122251111111111
35.83,-3.42054597729911,2.23832577143073,0.0982844918518518,0,0,0.0118471111111111
35.84,-3.42054597729911,2.23832577143073,0.09840106,0,0,0.011466
35.85,-3.42054597729911,2.23832577143073,0.0985138014814814,0,0,0.0110817777777778
35.86,-3.42054597729911,2.23832577143073,0.0986226851851852,0,0,0.0106944444444444
35.87,-3.42054597729911,2.23832577143073,0.09872768,0,0,0.010304
35.88,-3.42054597729911,2.23832577143073,0.0988287548148148,0,0,0.00991044444444442
35.89,-3.42054597729911,2.23832577143073,0.0989258785185185,0,0,0.00951377777777777
35.9,-3.42054597729911,2.23832577143073,0.09901902,0,0,0.00911399999999998
35.91,-3.42054597729911,2.23832577143073,0.0991081481481481,0,0,0.00871111111111109
35.92,-3.42054597729911,2.23832577143073,0.0991932318518518,0,0,0.0083051111111111
35.93,-3.42054597729911,2.23832577143073,0.09927424,0,0,0.00789599999999999
35.94,-3.42054597729911,2.23832577143073,0.0993511414814815,0,0,0.00748377777777774
35.95,-3.42054597729911,2.23832577143073,0.0994239051851852,0,0,0.00706844444444443
35.96,-3.42054597729911,2.23832577143073,0.0994925,0,0,0.00664999999999996
35.97,-3.42054597729911,2.23832577143073,0.0995568948148148,0,0,0.00622844444444445
35.98,-3.42054597729911,2.23832577143073,0.0996170585185185,0,0,0.00580377777777777
35.99,-3.42054597729911,2.23832577143073,0.09967296,0,0,0.00537599999999996
36,-3.42054597729911,2.23832577143073,0.0997245681481481,0,0,0.00494511111111109
36.01,-3.42054597729911,2.23832577143073,0.0997718518518519,0,0,0.00451111111111108
36.02,-3.42054597729911,2.23832577143073,0.09981478,0,0,0.00407399999999997
36.03,-3.42054597729911,2.23832577143073,0.0998533214814815,0,0,0.00363377777777779
36.04,-3.42054597729911,2.23832577143073,0.0998874451851852,0,0,0.00319044444444441
36.05,-3.42054597729911,2.23832577143073,0.09991712,0,0,0.002744
36.06,-3.42054597729911,2.23832577143073,0.0999423148148148,0,0,0.00229444444444443
36.07,-3.42054597729911,2.23832577143073,0.0999629985185185,0,0,0.00184177777777775
36.08,-3.42054597729911,2.23832577143073,0.09997914,0,0,0.00138599999999997
36.09,-3.42054597729911,2.23832577143073,0.0999907081481481,0,0,0.000927111111111101
36.1,-3.42054597729911,2.23832577143073,0.0999976718518518,0,0,0.000465111111111083
36.11,-3.42054597729911,2.23832577143073,0.1,0,0,0
36.12,-3.42054597729911,2.23832577143073,0.1,0,0,0
36.13,-3.42050977695493,2.23828929843426,0.1,0.00723200639796517,-0.00728647613207786,0
36.14,-3.4204014984199,2.23818020437132,0.1,0.0144156381711948,-0.0145242132933726,0
36.15,-3.42022162544026,2.23799897663163,0.1,0.0215508953196888,-0.0217132114838842,0
36.16,-3.41997064176226,2.23774610260488,0.1,0.0286377778434473,-0.0288534707036126,0
36.17,-3.41964903113214,2.23742206968079,0.1,0.0356762857424703,-0.035944990952558,0
36.18,-3.41925727729615,2.23702736524907,0.1,0.0426664190167577,-0.0429877722307202,0
36.19,-3.41879586400055,2.23656247669941,0.1,0.0496081776663096,-0.0499818145380993,0
36.2,-3.41826527499158,2.23602789142154,0.1,0.0565015616911258,-0.0569271178746952,0
36.21,-3.41766599401548,2.23542409680516,0.1,0.0633465710912066,-0.063823682240508,0
36.22,-3.4169985048185,2.23475158023997,0.1,0.0701432058665518,-0.0706715076355377,0
36.23,-3.4162632911469,2.23401082911568,0.1,0.0768914660171614,-0.0774705940597843,0
36.24,-3.41546083674691,2.23320233082201,0.1,0.0835913515430355,-0.0842209415132477,0
36.25,-3.41459162536478,2.23232657274865,0.1,0.090242862444174,-0.090922549995928,0
36.26,-3.41365614074677,2.23138404228532,0.1,0.096845998720577,-0.0975754195078252,0
36.27,-3.41265486663912,2.23037522682173,0.1,0.103400760372244,-0.104179550048939,0
36.28,-3.41158828678808,2.22930061374758,0.1,0.109907147399176,-0.11073494161927,0
36.29,-3.41045688493989,2.22816069045258,0.1,0.116365159801373,-0.117241594218818,0
36.3,-3.4092611448408,2.22695594432644,0.1,0.122774797578833,-0.123699507847583,0
36.31,-3.40800155023706,2.22568686275887,0.1,0.129136060731559,-0.130108682505564,0
36.32,-3.40667858487492,2.22435393313957,0.1,0.135448949259548,-0.136469118192763,0
36.33,-3.40529273250062,2.22295764285825,0.1,0.141713463162802,-0.142780814909178,0
36.34,-3.40384447686041,2.22149847930462,0.1,0.147929602441321,-0.14904377265481,0
36.35,-3.40233430170054,2.21997692986839,0.1,0.154097367095104,-0.155257991429659,0
36.36,-3.40076269076726,2.21839348193926,0.1,0.160216757124151,-0.161423471233725,0
36.37,-3.39913012780681,2.21674862290695,0.1,0.166287772528463,-0.167540212067008,0
36.38,-3.39743709656544,2.21504284016116,0.1,0.17231041330804,-0.173608213929507,0
36.39,-3.3956840807894,2.21327662109159,0.1,0.17828467946288,-0.179627476821224,0
36.4,-3.39387156422493,2.21145045308797,0.1,0.184210570992986,-0.185598000742157,0
36.41,-3.39200003061829,2.20956482353999,0.1,0.190088087898355,-0.191519785692307,0
36.42,-3.39006996371571,2.20762021983736,0.1,0.195917230178989,-0.197392831671674,0
36.43,-3.38808184726345,2.20561712936979,0.1,0.201697997834888,-0.203217138680258,0
36.44,-3.38603616500776,2.20355603952699,0.1,0.207430390866051,-0.208992706718059,0
36.45,-3.38393340069488,2.20143743769866,0.1,0.213114409272479,-0.214719535785077,0
36.46,-3.38177403807106,2.19926181127452,0.1,0.21875005305417,-0.220397625881311,0
36.47,-3.37955856088255,2.19702964764427,0.1,0.224337322211127,-0.226026977006763,0
36.48,-3.37728745287559,2.19474143419762,0.1,0.229876216743348,-0.231607589161431,0
36.49,-3.37496119779643,2.19239765832428,0.1,0.235366736650833,-0.237139462345316,0
36.5,-3.37258027939132,2.18999880741395,0.1,0.240808881933583,-0.242622596558419,0
36.51,-3.37014518140651,2.18754536885635,0.1,0.246202652591597,-0.248056991800737,0
36.52,-3.36765638758824,2.18503783004117,0.1,0.251548048624875,-0.253442648072273,0
36.53,-3.36511438168276,2.18247667835814,0.1,0.256845070033418,-0.258779565373026,0
36.54,-3.36251964743632,2.17986240119695,0.1,0.262093716817226,-0.264067743702995,0
36.55,-3.35987266859516,2.17719548594732,0.1,0.267293988976298,-0.269307183062182,0
36.56,-3.35717392890554,2.17447641999894,0.1,0.272445886510634,-0.274497883450585,0
36.57,-3.3544239121137,2.17170569074154,0.1,0.277549409420235,-0.279639844868205,0
36.58,-3.35162310196589,2.16888378556481,0.1,0.2826045577051,-0.284733067315042,0
36.59,-3.34877198220835,2.16601119185847,0.1,0.28761133136523,-0.289777550791096,0
36.6,-3.34587103658733,2.16308839701223,0.1,0.292569730400624,-0.294773295296367,0
36.61,-3.34292074884908,2.16011588841578,0.1,0.297479754811283,-0.299720300830855,0
36.62,-3.33992160273985,2.15709415345885,0.1,0.302341404597206,-0.304618567394559,0
36.63,-3.33687408200589,2.15402367953113,0.1,0.307154679758393,-0.309468094987481,0
36.64,-3.33377867039344,2.15090495402233,0.1,0.311919580294845,-0.314268883609619,0
36.65,-3.33063585164874,2.14773846432217,0.1,0.316636106206562,-0.319020933260974,0
36.66,-3.32744610951805,2.14452469782035,0.1,0.321304257493543,-0.323724243941546,0
36.67,-3.32420992774762,2.14126414190658,0.1,0.325924034155788,-0.328378815651335,0
36.68,-3.32092779008369,2.13795728397056,0.1,0.330495436193298,-0.332984648390341,0
36.69,-3.3176001802725,2.13460461140201,0.1,0.335018463606072,-0.337541742158563,0
36.7,-3.31422758206031,2.13120661159062,0.1,0.339493116394111,-0.342050096956003,0
36.71,-3.31081047919337,2.12776377192612,0.1,0.343919394557414,-0.346509712782659,0
36.72,-3.30734935541792,2.12427657979821,0.1,0.348297298095981,-0.350920589638532,0
36.73,-3.3038446944802,2.12074552259659,0.1,0.352626827009813,-0.355282727523622,0
36.74,-3.30029698012647,2.11717108771097,0.1,0.35690798129891,-0.359596126437929,0
36.75,-3.29670669610297,2.11355376253106,0.1,0.361140760963271,-0.363860786381453,0
36.76,-3.29307432615595,2.10989403444658,0.1,0.365325166002896,-0.368076707354194,0
36.77,-3.28940035403166,2.10619239084722,0.1,0.369461196417786,-0.372243889356151,0
36.78,-3.28568526347635,2.10244931912269,0.1,0.37354885220794,-0.376362332387326,0
36.79,-3.28192953823625,2.09866530666271,0.1,0.377588133373359,-0.380432036447717,0
36.8,-3.27813366205763,2.09484084085697,0.1,0.381579039914042,-0.384453001537325,0
36.81,-3.27429811868672,2.09097640909519,0.1,0.385521571829989,-0.38842522765615,0
36.82,-3.27042339186978,2.08707249876708,0.1,0.389415729121201,-0.392348714804192,0
36.83,-3.26650996535305,2.08312959726235,0.1,0.393261511787678,-0.396223462981451,0
36.84,-3.26255832288277,2.07914819197069,0.1,0.397058919829419,-0.400049472187927,0
36.85,-3.25856894820521,2.07512877028182,0.1,0.400807953246424,-0.403826742423619,0
36.86,-3.25454232506659,2.07107181958545,0.1,0.404508612038694,-0.407555273688529,0
36.87,-3.25047893721318,2.06697782727129,0.1,0.408160896206228,-0.411235065982655,0
36.88,-3.24637926839122,2.06284728072904,0.1,0.411764805749027,-0.414866119305998,0
36.89,-3.24224380234695,2.05868066734841,0.1,0.41532034066709,-0.418448433658558,0
36.9,-3.23807302282663,2.0544784745191,0.1,0.418827500960417,-0.421982009040335,0
36.91,-3.23386741357649,2.05024118963084,0.1,0.422286286629009,-0.425466845451329,0
36.92,-3.22962745834279,2.04596930007331,0.1,0.425696697672866,-0.428902942891539,0
36.93,-3.22535364087178,2.04166329323624,0.1,0.429058734091987,-0.432290301360967,0
36.94,-3.2210464449097,2.03732365650933,0.1,0.432372395886372,-0.435628920859611,0
36.95,-3.2167063542028,2.03295087728228,0.1,0.435637683056022,-0.438918801387472,0
36.96,-3.21233385249733,2.02854544294482,0.1,0.438854595600936,-0.442159942944551,0
36.97,-3.20792942353954,2.02410784088663,0.1,0.442023133521115,-0.445352345530846,0
36.98,-3.20349355107566,2.01963855849743,0.1,0.445143296816558,-0.448496009146357,0
36.99,-3.19902671885195,2.01513808316694,0.1,0.448215085487266,-0.451590933791086,0
37,-3.19452941061466,2.01060690228485,0.1,0.451238499533238,-0.454637119465032,0
37.01,-3.19000211011004,2.00604550324087,0.1,0.454213538954474,-0.457634566168194,0
37.02,-3.18544530108432,2.00145437342472,0.1,0.457140203750975,-0.460583273900573,0
37.03,-3.18085946728377,1.9968340002261,0.1,0.460018493922741,-0.46348324266217,0
37.04,-3.17624509245462,1.99218487103471,0.1,0.462848409469771,-0.466334472452983,0
37.05,-3.17160266034312,1.98750747324027,0.1,0.465629950392065,-0.469136963273013,0
37.06,-3.16693265469552,1.98280229423249,0.1,0.468363116689624,-0.471890715122259,0
37.07,-3.16223555925808,1.97806982140106,0.1,0.471047908362447,-0.474595728000723,0
37.08,-3.15751185777702,1.97331054213571,0.1,0.473684325410534,-0.477252001908404,0
37.09,-3.15276203399862,1.96852494382613,0.1,0.476272367833886,-0.479859536845301,0
37.1,-3.1479865716691,1.96371351386204,0.1,0.478812035632503,-0.482418332811415,0
37.11,-3.14318595453471,1.95887673963314,0.1,0.481303328806384,-0.484928389806747,0
37.12,-3.13836066634172,1.95401510852914,0.1,0.48374624735553,-0.487389707831295,0
37.13,-3.13351119083635,1.94912910793975,0.1,0.486140791279939,-0.48980228688506,0
37.14,-3.12863801176487,1.94421922525468,0.1,0.488486960579614,-0.492166126968041,0
37.15,-3.12374161287351,1.93928594786363,0.1,0.490784755254553,-0.49448122808024,0
37.16,-3.11882247790853,1.93432976315631,0.1,0.493034175304756,-0.496747590221655,0
37.17,-3.11388109061616,1.92935115852243,0.1,0.495235220730223,-0.498965213392288,0
37.18,-3.10891793474267,1.9243506213517,0.1,0.497387891530955,-0.501134097592137,0
37.19,-3.10393349403429,1.91932863903382,0.1,0.499492187706952,-0.503254242821203,0
37.2,-3.09892825223728,1.91428569895851,0.1,0.501548109258213,-0.505325649079486,0
37.21,-3.09390269309788,1.90922228851547,0.1,0.503555656184739,-0.507348316366986,0
37.22,-3.08885730036233,1.90413889509441,0.1,0.505514828486528,-0.509322244683703,0
37.23,-3.0837925577769,1.89903600608503,0.1,0.507425626163583,-0.511247434029637,0
37.24,-3.07870894908781,1.89391410887705,0.1,0.509288049215902,-0.513123884404787,0
37.25,-3.07360695804133,1.88877369086017,0.1,0.511102097643485,-0.514951595809154,0
37.26,-3.06848706838369,1.8836152394241,0.1,0.512867771446332,-0.516730568242739,0
37.27,-3.06334976386115,1.87843924195855,0.1,0.514585070624445,-0.51846080170554,0
37.28,-3.05819552821995,1.87324618585323,0.1,0.516253995177821,-0.520142296197558,0
37.29,-3.05302484520634,1.86803655849784,0.1,0.517874545106462,-0.521775051718792,0
37.3,-3.04783819856657,1.86281084728209,0.1,0.519446720410368,-0.523359068269244,0
37.31,-3.04263607204689,1.85756953959569,0.1,0.520970521089538,-0.524894345848913,0
37.32,-3.03741894939353,1.85231312282834,0.1,0.522445947143972,-0.526380884457798,0
37.33,-3.03218731435275,1.84704208436977,0.1,0.523872998573671,-0.5278186840959,0
37.34,-3.02694165067081,1.84175691160966,0.1,0.525251675378634,-0.52920774476322,0
37.35,-3.02168244209393,1.83645809193774,0.1,0.526581977558862,-0.530548066459756,0
37.36,-3.01641017236838,1.8311461127437,0.1,0.527863905114354,-0.531839649185509,0
37.37,-3.01112532524039,1.82582146141726,0.1,0.52909745804511,-0.533082492940478,0
37.38,-3.00582838445622,1.82048462534813,0.1,0.530282636351131,-0.534276597724665,0
37.39,-3.00051983376212,1.81513609192601,0.1,0.531419440032417,-0.535421963538069,0
37.4,-2.99520015690433,1.8097763485406,0.1,0.532507869088967,-0.536518590380689,0
37.41,-2.98986983762909,1.80440588258163,0.1,0.533547923520781,-0.537566478252526,0
37.42,-2.98452935968266,1.79902518143879,0.1,0.53453960332786,-0.538565627153581,0
37.43,-2.97917920681128,1.79363473250179,0.1,0.535482908510203,-0.539516037083852,0
37.44,-2.9738198627612,1.78823502316035,0.1,0.536377839067811,-0.540417708043339,0
37.45,-2.96845181127867,1.78282654080416,0.1,0.537224395000683,-0.541270640032044,0
37.46,-2.96307553610994,1.77740977282294,0.1,0.53802257630882,-0.542074833049966,0
37.47,-2.95769152100125,1.7719852066064,0.1,0.538772382992221,-0.542830287097104,0
37.48,-2.95230024969884,1.76655332954424,0.1,0.539473815050887,-0.54353700217346,0
37.49,-2.94690220594898,1.76111462902617,0.1,0.540126872484817,-0.544194978279032,0
37.5,-2.9414978734979,1.75566959244189,0.1,0.540731555294011,-0.544804215413821,0
37.51,-2.93608773609185,1.75021870718113,0.1,0.54128786347847,-0.545364713577827,0
37.52,-2.93067227747708,1.74476246063357,0.1,0.541795797038193,-0.54587647277105,0
37.53,-2.92525198139983,1.73930134018894,0.1,0.542255355973181,-0.54633949299349,0
37.54,-2.91982733160636,1.73383583323694,0.1,0.542666540283433,-0.546753774245146,0
37.55,-2.91439881184291,1.72836642716727,0.1,0.54302934996895,-0.54711931652602,0
37.56,-2.90896690585573,1.72289360936965,0.1,0.543343785029731,-0.54743611983611,0
37.57,-2.90353209739107,1.71741786723379,0.1,0.543609845465776,-0.547704184175417,0
37.58,-2.89809487019517,1.71193968814938,0.1,0.543827531277086,-0.547923509543942,0
37.59,-2.89265570801428,1.70645955950614,0.1,0.543996842463661,-0.548094095941682,0
37.6,-2.88721509459464,1.70097796869378,0.1,0.5441177790255,-0.54821594336864,0
37.61,-2.88177351368251,1.69549540310201,0.1,0.544190340962603,-0.548289051824815,0
37.62,-2.87633144902414,1.69001235012052,0.1,0.544214528274971,-0.548313421310207,0
37.63,-2.87088938436576,1.68452929713904,0.1,0.544190340962603,-0.548289051824815,0
37.64,-2.86544780345364,1.67904673154726,0.1,0.5441177790255,-0.54821594336864,0
37.65,-2.860007190034,1.6735651407349,0.1,0.543996842463661,-0.548094095941682,0
37.66,-2.85456802785311,1.66808501209167,0.1,0.543827531277086,-0.547923509543941,0
37.67,-2.84913080065721,1.66260683300726,0.1,0.543609845465776,-0.547704184175417,0
37.68,-2.84369599219255,1.65713109087139,0.1,0.543343785029731,-0.54743611983611,0
37.69,-2.83826408620537,1.65165827307377,0.1,0.54302934996895,-0.54711931652602,0
37.7,-2.83283556644192,1.64618886700411,0.1,0.542666540283433,-0.546753774245146,0
37.71,-2.82741091664845,1.64072336005211,0.1,0.542255355973181,-0.54633949299349,0
37.72,-2.8219906205712,1.63526223960747,0.1,0.541795797038193,-0.54587647277105,0
37.73,-2.81657516195643,1.62980599305992,0.1,0.54128786347847,-0.545364713577827,0
37.74,-2.81116502455038,1.62435510779915,0.1,0.540731555294011,-0.544804215413821,0
37.75,-2.8057606920993,1.61891007121488,0.1,0.540126872484816,-0.544194978279032,0
37.76,-2.80036264834943,1.61347137069681,0.1,0.539473815050887,-0.54353700217346,0
37.77,-2.79497137704703,1.60803949363465,0.1,0.538772382992221,-0.542830287097104,0
37.78,-2.78958736193834,1.6026149274181,0.1,0.53802257630882,-0.542074833049966,0
37.79,-2.7842110867696,1.59719815943688,0.1,0.537224395000683,-0.541270640032044,0
37.8,-2.77884303528707,1.5917896770807,0.1,0.536377839067811,-0.54041770804334,0
37.81,-2.773483691237,1.58638996773925,0.1,0.535482908510204,-0.539516037083852,0
37.82,-2.76813353836562,1.58099951880226,0.1,0.53453960332786,-0.538565627153581,0
37.83,-2.76279306041919,1.57561881765942,0.1,0.533547923520781,-0.537566478252526,0
37.84,-2.75746274114395,1.57024835170044,0.1,0.532507869088967,-0.536518590380689,0
37.85,-2.75214306428616,1.56488860831504,0.1,0.531419440032417,-0.535421963538069,0
37.86,-2.74683451359205,1.55954007489292,0.1,0.530282636351131,-0.534276597724665,0
37.87,-2.74153757280788,1.55420323882378,0.1,0.529097458045111,-0.533082492940478,0
37.88,-2.7362527256799,1.54887858749734,0.1,0.527863905114354,-0.531839649185509,0
37.89,-2.73098045595435,1.54356660830331,0.1,0.526581977558862,-0.530548066459756,0
37.9,-2.72572124737747,1.53826778863138,0.1,0.525251675378634,-0.52920774476322,0
37.91,-2.72047558369552,1.53298261587128,0.1,0.523872998573671,-0.527818684095901,0
37.92,-2.71524394865475,1.5277115774127,0.1,0.522445947143972,-0.526380884457798,0
37.93,-2.71002682600139,1.52245516064536,0.1,0.520970521089538,-0.524894345848913,0
37.94,-2.70482469948171,1.51721385295896,0.1,0.519446720410368,-0.523359068269244,0
37.95,-2.69963805284193,1.51198814174321,0.1,0.517874545106462,-0.521775051718792,0
37.96,-2.69446736982833,1.50677851438782,0.1,0.516253995177821,-0.520142296197558,0
37.97,-2.68931313418713,1.5015854582825,0.1,0.514585070624445,-0.51846080170554,0
37.98,-2.68417582966459,1.49640946081694,0.1,0.512867771446333,-0.516730568242739,0
37.99,-2.67905594000695,1.49125100938088,0.1,0.511102097643485,-0.514951595809154,0
38,-2.67395394896047,1.486110591364,0.1,0.509288049215902,-0.513123884404787,0
38.01,-2.66887034027138,1.48098869415602,0.1,0.507425626163583,-0.511247434029636,0
38.02,-2.66380559768594,1.47588580514664,0.1,0.505514828486528,-0.509322244683703,0
38.03,-2.6587602049504,1.47080241172558,0.1,0.503555656184739,-0.507348316366986,0
38.04,-2.653734645811,1.46573900128254,0.1,0.501548109258213,-0.505325649079486,0
38.05,-2.64872940401398,1.46069606120722,0.1,0.499492187706952,-0.503254242821203,0
38.06,-2.64374496330561,1.45567407888935,0.1,0.497387891530955,-0.501134097592137,0
38.07,-2.63878180743211,1.45067354171862,0.1,0.495235220730224,-0.498965213392288,0
38.08,-2.63384042013975,1.44569493708474,0.1,0.493034175304756,-0.496747590221655,0
38.09,-2.62892128517477,1.44073875237742,0.1,0.490784755254553,-0.49448122808024,0
38.1,-2.62402488628341,1.43580547498637,0.1,0.488486960579614,-0.492166126968041,0
38.11,-2.61915170721193,1.4308955923013,0.1,0.486140791279939,-0.489802286885059,0
38.12,-2.61430223170656,1.42600959171191,0.1,0.48374624735553,-0.487389707831295,0
38.13,-2.60947694351356,1.42114796060791,0.1,0.481303328806384,-0.484928389806747,0
38.14,-2.60467632637918,1.41631118637901,0.1,0.478812035632503,-0.482418332811415,0
38.15,-2.59990086404966,1.41149975641491,0.1,0.476272367833887,-0.479859536845301,0
38.16,-2.59515104027125,1.40671415810534,0.1,0.473684325410535,-0.477252001908404,0
38.17,-2.5904273387902,1.40195487883998,0.1,0.471047908362447,-0.474595728000723,0
38.18,-2.58573024335275,1.39722240600856,0.1,0.468363116689624,-0.471890715122259,0
38.19,-2.58106023770516,1.39251722700077,0.1,0.465629950392065,-0.469136963273012,0
38.2,-2.57641780559366,1.38783982920633,0.1,0.462848409469771,-0.466334472452983,0
38.21,-2.57180343076451,1.38319070001495,0.1,0.460018493922741,-0.46348324266217,0
38.22,-2.56721759696396,1.37857032681633,0.1,0.457140203750976,-0.460583273900573,0
38.23,-2.56266078793824,1.37397919700017,0.1,0.454213538954475,-0.457634566168194,0
38.24,-2.55813348743362,1.3694177979562,0.1,0.451238499533238,-0.454637119465031,0
38.25,-2.55363617919633,1.36488661707411,0.1,0.448215085487266,-0.451590933791086,0
38.26,-2.54916934697262,1.36038614174361,0.1,0.445143296816558,-0.448496009146357,0
38.27,-2.54473347450874,1.35591685935442,0.1,0.442023133521115,-0.445352345530845,0
38.28,-2.54032904555095,1.35147925729623,0.1,0.438854595600937,-0.44215994294455,0
38.29,-2.53595654384547,1.34707382295876,0.1,0.435637683056022,-0.438918801387472,0
38.3,-2.53161645313857,1.34270104373172,0.1,0.432372395886372,-0.435628920859611,0
38.31,-2.5273092571765,1.33836140700481,0.1,0.429058734091987,-0.432290301360966,0
38.32,-2.52303543970548,1.33405540016773,0.1,0.425696697672866,-0.428902942891539,0
38.33,-2.51879548447179,1.32978351061021,0.1,0.42228628662901,-0.425466845451328,0
38.34,-2.51458987522165,1.32554622572194,0.1,0.418827500960418,-0.421982009040335,0
38.35,-2.51041909570133,1.32134403289264,0.1,0.41532034066709,-0.418448433658558,0
38.36,-2.50628362965706,1.31717741951201,0.1,0.411764805749027,-0.414866119305998,0
38.37,-2.5021839608351,1.31304687296976,0.1,0.408160896206228,-0.411235065982655,0
38.38,-2.49812057298168,1.30895288065559,0.1,0.404508612038694,-0.407555273688528,0
38.39,-2.49409394984307,1.30489592995922,0.1,0.400807953246424,-0.403826742423619,0
38.4,-2.49010457516551,1.30087650827035,0.1,0.397058919829419,-0.400049472187926,0
38.41,-2.48615293269523,1.2968951029787,0.1,0.393261511787678,-0.396223462981451,0
38.42,-2.4822395061785,1.29295220147396,0.1,0.389415729121201,-0.392348714804192,0
38.43,-2.47836477936156,1.28904829114585,0.1,0.385521571829989,-0.38842522765615,0
38.44,-2.47452923599065,1.28518385938407,0.1,0.381579039914042,-0.384453001537325,0
38.45,-2.47073335981203,1.28135939357834,0.1,0.377588133373359,-0.380432036447717,0
38.46,-2.46697763457193,1.27757538111836,0.1,0.37354885220794,-0.376362332387326,0
38.47,-2.46326254401662,1.27383230939383,0.1,0.369461196417786,-0.372243889356151,0
38.48,-2.45958857189233,1.27013066579447,0.1,0.365325166002896,-0.368076707354194,0
38.49,-2.45595620194531,1.26647093770998,0.1,0.361140760963271,-0.363860786381453,0
38.5,-2.45236591792181,1.26285361253008,0.1,0.35690798129891,-0.359596126437929,0
38.51,-2.44881820356808,1.25927917764446,0.1,0.352626827009813,-0.355282727523622,0
38.52,-2.44531354263036,1.25574812044284,0.1,0.348297298095982,-0.350920589638532,0
38.53,-2.44185241885491,1.25226092831492,0.1,0.343919394557414,-0.346509712782659,0
38.54,-2.43843531598796,1.24881808865042,0.1,0.339493116394111,-0.342050096956002,0
38.55,-2.43506271777578,1.24542008883904,0.1,0.335018463606072,-0.337541742158563,0
38.56,-2.43173510796459,1.24206741627049,0.1,0.330495436193298,-0.33298464839034,0
38.57,-2.42845297030066,1.23876055833447,0.1,0.325924034155788,-0.328378815651334,0
38.58,-2.42521678853022,1.2355000024207,0.1,0.321304257493543,-0.323724243941546,0
38.59,-2.42202704639954,1.23228623591888,0.1,0.316636106206562,-0.319020933260974,0
38.6,-2.41888422765484,1.22911974621871,0.1,0.311919580294846,-0.314268883609618,0
38.61,-2.41578881604239,1.22600102070992,0.1,0.307154679758394,-0.30946809498748,0
38.62,-2.41274129530842,1.2229305467822,0.1,0.302341404597206,-0.304618567394559,0
38.63,-2.40974214919919,1.21990881182526,0.1,0.297479754811283,-0.299720300830855,0
38.64,-2.40679186146095,1.21693630322882,0.1,0.292569730400624,-0.294773295296367,0
38.65,-2.40389091583993,1.21401350838257,0.1,0.28761133136523,-0.289777550791096,0
38.66,-2.40103979608239,1.21114091467623,0.1,0.282604557705101,-0.284733067315042,0
38.67,-2.39823898593458,1.20831900949951,0.1,0.277549409420235,-0.279639844868205,0
38.68,-2.39548896914274,1.2055482802421,0.1,0.272445886510634,-0.274497883450585,0
38.69,-2.39279022945311,1.20282921429373,0.1,0.267293988976298,-0.269307183062182,0
38.7,-2.39014325061196,1.2001622990441,0.1,0.262093716817226,-0.264067743702995,0
38.71,-2.38754851636552,1.19754802188291,0.1,0.256845070033419,-0.258779565373026,0
38.72,-2.38500651046004,1.19498687019987,0.1,0.251548048624876,-0.253442648072273,0
38.73,-2.38251771664177,1.1924793313847,0.1,0.246202652591597,-0.248056991800737,0
38.74,-2.38008261865696,1.19002589282709,0.1,0.240808881933583,-0.242622596558418,0
38.75,-2.37770170025185,1.18762704191677,0.1,0.235366736650833,-0.237139462345316,0
38.76,-2.37537544517269,1.18528326604342,0.1,0.229876216743348,-0.231607589161431,0
38.77,-2.37310433716573,1.18299505259677,0.1,0.224337322211127,-0.226026977006763,0
38.78,-2.37088885997722,1.18076288896652,0.1,0.218750053054171,-0.220397625881311,0
38.79,-2.36872949735339,1.17858726254238,0.1,0.213114409272479,-0.214719535785077,0
38.8,-2.36662673304052,1.17646866071406,0.1,0.207430390866051,-0.208992706718059,0
38.81,-2.36458105078482,1.17440757087126,0.1,0.201697997834889,-0.203217138680258,0
38.82,-2.36259293433257,1.17240448040369,0.1,0.19591723017899,-0.197392831671674,0
38.83,-2.36066286742999,1.17045987670106,0.1,0.190088087898356,-0.191519785692307,0
38.84,-2.35879133382335,1.16857424715308,0.1,0.184210570992986,-0.185598000742157,0
38.85,-2.35697881725888,1.16674807914945,0.1,0.178284679462881,-0.179627476821224,0
38.86,-2.35522580148284,1.16498186007989,0.1,0.17231041330804,-0.173608213929507,0
38.87,-2.35353277024147,1.1632760773341,0.1,0.166287772528463,-0.167540212067007,0
38.88,-2.35190020728102,1.16163121830179,0.1,0.160216757124152,-0.161423471233725,0
38.89,-2.35032859634774,1.16004777037266,0.1,0.154097367095104,-0.155257991429659,0
38.9,-2.34881842118787,1.15852622093643,0.1,0.147929602441321,-0.14904377265481,0
38.91,-2.34737016554766,1.1570670573828,0.1,0.141713463162803,-0.142780814909178,0
38.92,-2.34598431317336,1.15567076710148,0.1,0.135448949259549,-0.136469118192762,0
38.93,-2.34466134781122,1.15433783748218,0.1,0.129136060731559,-0.130108682505564,0
38.94,-2.34340175320748,1.15306875591461,0.1,0.122774797578834,-0.123699507847582,0
38.95,-2.34220601310839,1.15186400978846,0.1,0.116365159801373,-0.117241594218818,0
38.96,-2.3410746112602,1.15072408649346,0.1,0.109907147399176,-0.11073494161927,0
38.97,-2.34000803140916,1.14964947341931,0.1,0.103400760372245,-0.104179550048939,0
38.98,-2.3390067573015,1.14864065795572,0.1,0.0968459987205774,-0.0975754195078251,0
38.99,-2.33807127268349,1.14769812749239,0.1,0.0902428624441742,-0.0909225499959279,0
39,-2.33720206130137,1.14682236941904,0.1,0.0835913515430362,-0.0842209415132475,0
39.01,-2.33639960690138,1.14601387112537,0.1,0.076891466017162,-0.077470594059784,0
39.02,-2.33566439322977,1.14527312000108,0.1,0.0701432058665521,-0.0706715076355371,0
39.03,-2.3349969040328,1.14460060343589,0.1,0.0633465710912064,-0.0638236822405074,0
39.04,-2.3343976230567,1.14399680881951,0.1,0.0565015616911264,-0.0569271178746953,0
39.05,-2.33386703404773,1.14346222354163,0.1,0.0496081776663098,-0.0499818145380986,0
39.06,-2.33340562075212,1.14299733499198,0.1,0.0426664190167578,-0.0429877722307199,0
39.07,-2.33301386691614,1.14260263056025,0.1,0.0356762857424706,-0.0359449909525575,0
39.08,-2.33269225628602,1.14227859763616,0.1,0.0286377778434477,-0.0288534707036123,0
39.09,-2.33244127260802,1.14202572360942,0.1,0.021550895319689,-0.0217132114838834,0
39.1,-2.33226139962838,1.14184449586972,0.1,0.0144156381711951,-0.0145242132933721,0
39.11,-2.33215312109335,1.14173540180679,0.1,0.0072320063979654,-0.00728647613207745,0
39.12,-2.33211692074917,1.14169892881032,0.1,0,0,0
39.13,-2.33211692074917,1.14169892881032,0.1,0,0,0
39.14,-2.33211692074917,1.14169892881032,0.0999990022222222,0,0,-0.000199333333333333
39.15,-2.33211692074917,1.14169892881032,0.0999960177777778,0,0,-0.000397333333333333
39.16,-2.33211692074917,1.14169892881032,0.09999106,0,0,-0.000594
39.17,-2.33211692074917,1.14169892881032,0.0999841422222222,0,0,-0.000789333333333333
39.18,-2.33211692074917,1.14169892881032,0.0999752777777778,0,0,-0.000983333333333333
39.19,-2.33211692074917,1.14169892881032,0.09996448,0,0,-0.001176
39.2,-2.33211692074917,1.14169892881032,0.0999517622222222,0,0,-0.00136733333333333
39.21,-2.33211692074917,1.14169892881032,0.0999371377777778,0,0,-0.00155733333333333
39.22,-2.33211692074917,1.14169892881032,0.09992062,0,0,-0.001746
39.23,-2.33211692074917,1.14169892881032,0.0999022222222222,0,0,-0.00193333333333333
39.24,-2.33211692074917,1.14169892881032,0.0998819577777778,0,0,-0.00211933333333333
39.25,-2.33211692074917,1.14169892881032,0.09985984,0,0,-0.002304
39.26,-2.33211692074917,1.14169892881032,0.0998358822222222,0,0,-0.00248733333333333
39.27,-2.33211692074917,1.14169892881032,0.0998100977777778,0,0,-0.00266933333333333
39.28,-2.33211692074917,1.14169892881032,0.0997825,0,0,-0.00285
39.29,-2.33211692074917,1.14169892881032,0.0997531022222222,0,0,-0.00302933333333333
39.3,-2.33211692074917,1.14169892881032,0.0997219177777778,0,0,-0.00320733333333333
39.31,-2.33211692074917,1.14169892881032,0.09968896,0,0,-0.003384
39.32,-2.33211692074917,1.14169892881032,0.0996542422222222,0,0,-0.00355933333333333
39.33,-2.33211692074917,1.14169892881032,0.0996177777777778,0,0,-0.00373333333333333
39.34,-2.33211692074917,1.14169892881032,0.09957958,0,0,-0.003906
39.35,-2.33211692074917,1.14169892881032,0.0995396622222222,0,0,-0.00407733333333333
39.36,-2.33211692074917,1.14169892881032,0.0994980377777778,0,0,-0.00424733333333333
39.37,-2.33211692074917,1.14169892881032,0.09945472,0,0,-0.004416
39.38,-2.33211692074917,1.14169892881032,0.0994097222222222,0,0,-0.00458333333333333
39.39,-2.33211692074917,1.14169892881032,0.0993630577777778,0,0,-0.00474933333333333
39.4,-2.33211692074917,1.14169892881032,0.09931474,0,0,-0.004914
39.41,-2.33211692074917,1.14169892881032,0.0992647822222222,0,0,-0.00507733333333333
39.42,-2.33211692074917,1.14169892881032,0.0992131977777778,0,0,-0.00523933333333333
39.43,-2.33211692074917,1.14169892881032,0.09916,0,0,-0.0054
39.44,-2.33211692074917,1.14169892881032,0.0991052022222222,0,0,-0.00555933333333333
39.45,-2.33211692074917,1.14169892881032,0.0990488177777778,0,0,-0.00571733333333333
39.46,-2.33211692074917,1.14169892881032,0.09899086,0,0,-0.005874
39.47,-2.33211692074917,1.14169892881032,0.0989313422222222,0,0,-0.00602933333333333
39.48,-2.33211692074917,1.14169892881032,0.0988702777777778,0,0,-0.00618333333333333
39.49,-2.33211692074917,1.14169892881032,0.09880768,0,0,-0.006336
39.5,-2.33211692074917,1.14169892881032,0.0987435622222222,0,0,-0.00648733333333333
39.51,-2.33211692074917,1.14169892881032,0.0986779377777778,0,0,-0.00663733333333333
39.52,-2.33211692074917,1.14169892881032,0.09861082,0,0,-0.006786
39.53,-2.33211692074917,1.14169892881032,0.0985422222222222,0,0,-0.00693333333333333
39.54,-2.33211692074917,1.14169892881032,0.0984721577777778,0,0,-0.00707933333333333
39.55,-2.33211692074917,1.14169892881032,0.09840064,0,0,-0.007224
39.56,-2.33211692074917,1.14169892881032,0.0983276822222222,0,0,-0.00736733333333333
39.57,-2.33211692074917,1.14169892881032,0.0982532977777778,0,0,-0.00750933333333333
39.58,-2.33211692074917,1.14169892881032,0.0981775,0,0,-0.00765
39.59,-2.33211692074917,1.14169892881032,0.0981003022222222,0,0,-0.00778933333333333
39.6,-2.33211692074917,1.14169892881032,0.0980217177777778,0,0,-0.00792733333333333
39.61,-2.33211692074917,1.14169892881032,0.09794176,0,0,-0.008064
39.62,-2.33211692074917,1.14169892881032,0.0978604422222222,0,0,-0.00819933333333333
39.63,-2.33211692074917,1.14169892881032,0.0977777777777778,0,0,-0.00833333333333333
39.64,-2.33211692074917,1.14169892881032,0.09769378,0,0,-0.008466
39.65,-2.33211692074917,1.14169892881032,0.0976084622222222,0,0,-0.00859733333333334
39.66,-2.33211692074917,1.14169892881032,0.0975218377777778,0,0,-0.00872733333333333
39.67,-2.33211692074917,1.14169892881032,0.09743392,0,0,-0.008856
39.68,-2.33211692074917,1.14169892881032,0.0973447222222222,0,0,-0.00898333333333333
39.69,-2.33211692074917,1.14169892881032,0.0972542577777778,0,0,-0.00910933333333333
39.7,-2.33211692074917,1.14169892881032,0.09716254,0,0,-0.009234
39.71,-2.33211692074917,1.14169892881032,0.0970695822222222,0,0,-0.00935733333333333
39.72,-2.33211692074917,1.14169892881032,0.0969753977777778,0,0,-0.00947933333333333
39.73,-2.33211692074917,1.14169892881032,0.09688,0,0,-0.0096
39.74,-2.33211692074917,1.14169892881032,0.0967834022222222,0,0,-0.00971933333333333
39.75,-2.33211692074917,1.14169892881032,0.0966856177777778,0,0,-0.00983733333333333
39.76,-2.33211692074917,1.14169892881032,0.09658666,0,0,-0.009954
39.77,-2.33211692074917,1.14169892881032,0.0964865422222222,0,0,-0.0100693333333333
39.78,-2.33211692074917,1.14169892881032,0.0963852777777778,0,0,-0.0101833333333333
39.79,-2.33211692074917,1.14169892881032,0.09628288,0,0,-0.010296
39.8,-2.33211692074917,1.14169892881032,0.0961793622222222,0,0,-0.0104073333333333
39.81,-2.33211692074917,1.14169892881032,0.0960747377777778,0,0,-0.0105173333333333
39.82,-2.33211692074917,1.14169892881032,0.09596902,0,0,-0.010626
39.83,-2.33211692074917,1.14169892881032,0.0958622222222222,0,0,-0.0107333333333333
39.84,-2.33211692074917,1.14169892881032,0.0957543577777778,0,0,-0.0108393333333333
39.85,-2.33211692074917,1.14169892881032,0.09564544,0,0,-0.010944
39.86,-2.33211692074917,1.14169892881032,0.0955354822222222,0,0,-0.0110473333333333
39.87,-2.33211692074917,1.14169892881032,0.0954244977777778,0,0,-0.0111493333333333
39.88,-2.33211692074917,1.14169892881032,0.0953125,0,0,-0.01125
39.89,-2.33211692074917,1.14169892881032,0.0951995022222222,0,0,-0.0113493333333333
39.9,-2.33211692074917,1.14169892881032,0.0950855177777778,0,0,-0.0114473333333333
39.91,-2.33211692074917,1.14169892881032,0.09497056,0,0,-0.011544
39.92,-2.33211692074917,1.14169892881032,0.0948546422222222,0,0,-0.0116393333333333
39.93,-2.33211692074917,1.14169892881032,0.0947377777777778,0,0,-0.0117333333333333
39.94,-2.33211692074917,1.14169892881032,0.09461998,0,0,-0.011826
39.95,-2.33211692074917,1.14169892881032,0.0945012622222222,0,0,-0.0119173333333333
39.96,-2.33211692074917,1.14169892881032,0.0943816377777778,0,0,-0.0120073333333333
39.97,-2.33211692074917,1.14169892881032,0.09426112,0,0,-0.012096
39.98,-2.33211692074917,1.14169892881032,0.0941397222222222,0,0,-0.0121833333333333
39.99,-2.33211692074917,1.14169892881032,0.0940174577777778,0,0,-0.0122693333333333
40,-2.33211692074917,1.14169892881032,0.09389434,0,0,-0.012354
40.01,-2.33211692074917,1.14169892881032,0.0937703822222222,0,0,-0.0124373333333333
40.02,-2.33211692074917,1.14169892881032,0.0936455977777778,0,0,-0.0125193333333333
40.03,-2.33211692074917,1.14169892881032,0.09352,0,0,-0.0126
40.04,-2.33211692074917,1.14169892881032,0.0933936022222222,0,0,-0.0126793333333333
40.05,-2.33211692074917,1.14169892881032,0.0932664177777778,0,0,-0.0127573333333333
40.06,-2.33211692074917,1.14169892881032,0.09313846,0,0,-0.012834
40.07,-2.33211692074917,1.14169892881032,0.0930097422222222,0,0,-0.0129093333333333
40.08,-2.33211692074917,1.14169892881032,0.0928802777777778,0,0,-0.0129833333333333
40.09,-2.33211692074917,1.14169892881032,0.09275008,0,0,-0.013056
40.1,-2.33211692074917,1.14169892881032,0.0926191622222222,0,0,-0.0131273333333333
40.11,-2.33211692074917,1.14169892881032,0.0924875377777778,0,0,-0.0131973333333333
40.12,-2.33211692074917,1.14169892881032,0.09235522,0,0,-0.013266
40.13,-2.33211692074917,1.14169892881032,0.0922222222222222,0,0,-0.0133333333333333
40.14,-2.33211692074917,1.14169892881032,0.0920885577777778,0,0,-0.0133993333333333
40.15,-2.33211692074917,1.14169892881032,0.09195424,0,0,-0.013464
40.16,-2.33211692074917,1.14169892881032,0.0918192822222222,0,0,-0.0135273333333333
40.17,-2.33211692074917,1.14169892881032,0.0916836977777778,0,0,-0.0135893333333333
40.18,-2.33211692074917,1.14169892881032,0.0915475,0,0,-0.01365
40.19,-2.33211692074917,1.14169892881032,0.0914107022222222,0,0,-0.0137093333333333
40.2,-2.33211692074917,1.14169892881032,0.0912733177777778,0,0,-0.0137673333333333
40.21,-2.33211692074917,1.14169892881032,0.09113536,0,0,-0.013824
40.22,-2.33211692074917,1.14169892881032,0.0909968422222222,0,0,-0.0138793333333333
40.23,-2.33211692074917,1.14169892881032,0.0908577777777778,0,0,-0.0139333333333333
40.24,-2.33211692074917,1.14169892881032,0.09071818,0,0,-0.013986
40.25,-2.33211692074917,1.14169892881032,0.0905780622222222,0,0,-0.0140373333333333
40.26,-2.33211692074917,1.14169892881032,0.0904374377777778,0,0,-0.0140873333333333
40.27,-2.33211692074917,1.14169892881032,0.09029632,0,0,-0.014136
40.28,-2.33211692074917,1.14169892881032,0.0901547222222222,0,0,-0.0141833333333333
40.29,-2.33211692074917,1.14169892881032,0.0900126577777778,0,0,-0.0142293333333333
40.3,-2.33211692074917,1.14169892881032,0.08987014,0,0,-0.014274
40.31,-2.33211692074917,1.14169892881032,0.0897271822222222,0,0,-0.0143173333333333
40.32,-2.33211692074917,1.14169892881032,0.0895837977777778,0,0,-0.0143593333333333
40.33,-2.33211692074917,1.14169892881032,0.08944,0,0,-0.0144
40.34,-2.33211692074917,1.14169892881032,0.0892958022222222,0,0,-0.0144393333333333
40.35,-2.33211692074917,1.14169892881032,0.0891512177777778,0,0,-0.0144773333333333
40.36,-2.33211692074917,1.14169892881032,0.08900626,0,0,-0.014514
40.37,-2.33211692074917,1.14169892881032,0.0888609422222222,0,0,-0.0145493333333333
40.38,-2.33211692074917,1.14169892881032,0.0887152777777778,0,0,-0.0145833333333333
40.39,-2.33211692074917,1.14169892881032,0.08856928,0,0,-0.014616
40.4,-2.33211692074917,1.14169892881032,0.0884229622222222,0,0,-0.0146473333333333
40.41,-2.33211692074917,1.14169892881032,0.0882763377777778,0,0,-0.0146773333333333
40.42,-2.33211692074917,1.14169892881032,0.08812942,0,0,-0.014706
40.43,-2.33211692074917,1.14169892881032,0.0879822222222222,0,0,-0.0147333333333333
40.44,-2.33211692074917,1.14169892881032,0.0878347577777778,0,0,-0.0147593333333333
40.45,-2.33211692074917,1.14169892881032,0.08768704,0,0,-0.014784
40.46,-2.33211692074917,1.14169892881032,0.0875390822222222,0,0,-0.0148073333333333
40.47,-2.33211692074917,1.14169892881032,0.0873908977777778,0,0,-0.0148293333333333
40.48,-2.33211692074917,1.14169892881032,0.0872425,0,0,-0.01485
40.49,-2.33211692074917,1.14169892881032,0.0870939022222222,0,0,-0.0148693333333333
40.5,-2.33211692074917,1.14169892881032,0.0869451177777778,0,0,-0.0148873333333333
40.51,-2.33211692074917,1.14169892881032,0.08679616,0,0,-0.014904
40.52,-2.33211692074917,1.14169892881032,0.0866470422222222,0,0,-0.0149193333333333
40.53,-2.33211692074917,1.14169892881032,0.0864977777777778,0,0,-0.0149333333333333
40.54,-2.33211692074917,1.14169892881032,0.08634838,0,0,-0.014946
40.55,-2.33211692074917,1.14169892881032,0.0861988622222222,0,0,-0.0149573333333333
40.56,-2.33211692074917,1.14169892881032,0.0860492377777778,0,0,-0.0149673333333333
40.57,-2.33211692074917,1.14169892881032,0.08589952,0,0,-0.014976
40.58,-2.33211692074917,1.14169892881032,0.0857497222222222,0,0,-0.0149833333333333
40.59,-2.33211692074917,1.14169892881032,0.0855998577777778,0,0,-0.0149893333333333
40.6,-2.33211692074917,1.14169892881032,0.08544994,0,0,-0.014994
40.61,-2.33211692074917,1.14169892881032,0.0852999822222222,0,0,-0.0149973333333333
40.62,-2.33211692074917,1.14169892881032,0.0851499977777778,0,0,-0.0149993333333333
40.63,-2.33211692074917,1.14169892881032,0.085,0,0,-0.015
40.64,-2.33211692074917,1.14169892881032,0.0848500022222222,0,0,-0.0149993333333333
40.65,-2.33211692074917,1.14169892881032,0.0847000177777778,0,0,-0.0149973333333333
40.66,-2.33211692074917,1.14169892881032,0.08455006,0,0,-0.014994
40.67,-2.33211692074917,1.14169892881032,0.0844001422222222,0,0,-0.0149893333333333
40.68,-2.33211692074917,1.14169892881032,0.0842502777777778,0,0,-0.0149833333333333
40.69,-2.33211692074917,1.14169892881032,0.08410048,0,0,-0.014976
40.7,-2.33211692074917,1.14169892881032,0.0839507622222222,0,0,-0.0149673333333333
40.71,-2.33211692074917,1.14169892881032,0.0838011377777778,0,0,-0.0149573333333333
40.72,-2.33211692074917,1.14169892881032,0.08365162,0,0,-0.014946
40.73,-2.33211692074917,1.14169892881032,0.0835022222222222,0,0,-0.0149333333333333
40.74,-2.33211692074917,1.14169892881032,0.0833529577777778,0,0,-0.0149193333333333
40.75,-2.33211692074917,1.14169892881032,0.08320384,0,0,-0.014904
40.76,-2.33211692074917,1.14169892881032,0.0830548822222222,0,0,-0.0148873333333333
40.77,-2.33211692074917,1.14169892881032,0.0829060977777778,0,0,-0.0148693333333333
40.78,-2.33211692074917,1.14169892881032,0.0827575,0,0,-0.01485
40.79,-2.33211692074917,1.14169892881032,0.0826091022222222,0,0,-0.0148293333333333
40.8,-2.33211692074917,1.14169892881032,0.0824609177777778,0,0,-0.0148073333333333
40.81,-2.33211692074917,1.14169892881032,0.08231296,0,0,-0.014784
40.82,-2.33211692074917,1.14169892881032,0.0821652422222222,0,0,-0.0147593333333333
40.83,-2.33211692074917,1.14169892881032,0.0820177777777778,0,0,-0.0147333333333333
40.84,-2.33211692074917,1.14169892881032,0.08187058,0,0,-0.014706
40.85,-2.33211692074917,1.14169892881032,0.0817236622222222,0,0,-0.0146773333333333
40.86,-2.33211692074917,1.14169892881032,0.0815770377777778,0,0,-0.0146473333333333
40.87,-2.33211692074917,1.14169892881032,0.08143072,0,0,-0.014616
40.88,-2.33211692074917,1.14169892881032,0.0812847222222222,0,0,-0.0145833333333333
40.89,-2.33211692074917,1.14169892881032,0.0811390577777778,0,0,-0.0145493333333333
40.9,-2.33211692074917,1.14169892881032,0.08099374,0,0,-0.014514
40.91,-2.33211692074917,1.14169892881032,0.0808487822222222,0,0,-0.0144773333333333
40.92,-2.33211692074917,1.14169892881032,0.0807041977777778,0,0,-0.0144393333333333
40.93,-2.33211692074917,1.14169892881032,0.08056,0,0,-0.0144
40.94,-2.33211692074917,1.14169892881032,0.0804162022222222,0,0,-0.0143593333333333
40.95,-2.33211692074917,1.14169892881032,0.0802728177777778,0,0,-0.0143173333333333
40.96,-2.33211692074917,1.14169892881032,0.08012986,0,0,-0.014274
40.97,-2.33211692074917,1.14169892881032,0.0799873422222222,0,0,-0.0142293333333333
40.98,-2.33211692074917,1.14169892881032,0.0798452777777778,0,0,-0.0141833333333333
40.99,-2.33211692074917,1.14169892881032,0.07970368,0,0,-0.014136
41,-2.33211692074917,1.14169892881032,0.0795625622222222,0,0,-0.0140873333333333
41.01,-2.33211692074917,1.14169892881032,0.0794219377777778,0,0,-0.0140373333333333
41.02,-2.33211692074917,1.14169892881032,0.07928182,0,0,-0.013986
41.03,-2.33211692074917,1.14169892881032,0.0791422222222222,0,0,-0.0139333333333333
41.04,-2.33211692074917,1.14169892881032,0.0790031577777778,0,0,-0.0138793333333333
41.05,-2.33211692074917,1.14169892881032,0.07886464,0,0,-0.013824
41.06,-2.33211692074917,1.14169892881032,0.0787266822222222,0,0,-0.0137673333333333
41.07,-2.33211692074917,1.14169892881032,0.0785892977777778,0,0,-0.0137093333333333
41.08,-2.33211692074917,1.14169892881032,0.0784525,0,0,-0.01365
41.09,-2.33211692074917,1.14169892881032,0.0783163022222222,0,0,-0.0135893333333333
41.1,-2.33211692074917,1.14169892881032,0.0781807177777778,0,0,-0.0135273333333333
41.11,-2.33211692074917,1.14169892881032,0.07804576,0,0,-0.013464
41.12,-2.33211692074917,1.14169892881032,0.0779114422222222,0,0,-0.0133993333333333
41.13,-2.33211692074917,1.14169892881032,0.0777777777777778,0,0,-0.0133333333333333
41.14,-2.33211692074917,1.14169892881032,0.07764478,0,0,-0.013266
41.15,-2.33211692074917,1.14169892881032,0.0775124622222222,0,0,-0.0131973333333333
41.16,-2.33211692074917,1.14169892881032,0.0773808377777778,0,0,-0.0131273333333333
41.17,-2.33211692074917,1.14169892881032,0.07724992,0,0,-0.013056
41.18,-2.33211692074917,1.14169892881032,0.0771197222222222,0,0,-0.0129833333333333
41.19,-2.33211692074917,1.14169892881032,0.0769902577777778,0,0,-0.0129093333333333
41.2,-2.33211692074917,1.14169892881032,0.07686154,0,0,-0.012834
41.21,-2.33211692074917,1.14169892881032,0.0767335822222222,0,0,-0.0127573333333333
41.22,-2.33211692074917,1.14169892881032,0.0766063977777778,0,0,-0.0126793333333333
41.23,-2.33211692074917,1.14169892881032,0.07648,0,0,-0.0126
41.24,-2.33211692074917,1.14169892881032,0.0763544022222222,0,0,-0.0125193333333333
41.25,-2.33211692074917,1.14169892881032,0.0762296177777778,0,0,-0.0124373333333333
41.26,-2.33211692074917,1.14169892881032,0.07610566,0,0,-0.012354
41.27,-2.33211692074917,1.14169892881032,0.0759825422222222,0,0,-0.0122693333333333
41.28,-2.33211692074917,1.14169892881032,0.0758602777777778,0,0,-0.0121833333333333
41.29,-2.33211692074917,1.14169892881032,0.07573888,0,0,-0.012096
41.3,-2.33211692074917,1.14169892881032,0.0756183622222222,0,0,-0.0120073333333333
41.31,-2.33211692074917,1.14169892881032,0.0754987377777778,0,0,-0.0119173333333333
41.32,-2.33211692074917,1.14169892881032,0.07538002,0,0,-0.011826
41.33,-2.33211692074917,1.14169892881032,0.0752622222222222,0,0,-0.0117333333333333
41.34,-2.33211692074917,1.14169892881032,0.0751453577777778,0,0,-0.0116393333333333
41.35,-2.33211692074917,1.14169892881032,0.07502944,0,0,-0.011544
41.36,-2.33211692074917,1.14169892881032,0.0749144822222222,0,0,-0.0114473333333333
41.37,-2.33211692074917,1.14169892881032,0.0748004977777778,0,0,-0.0113493333333333
41.38,-2.33211692074917,1.14169892881032,0.0746875,0,0,-0.01125
41.39,-2.33211692074917,1.14169892881032,0.0745755022222222,0,0,-0.0111493333333333
41.4,-2.33211692074917,1.14169892881032,0.0744645177777778,0,0,-0.0110473333333333
41.41,-2.33211692074917,1.14169892881032,0.07435456,0,0,-0.010944
41.42,-2.33211692074917,1.14169892881032,0.0742456422222222,0,0,-0.0108393333333333
41.43,-2.33211692074917,1.14169892881032,0.0741377777777778,0,0,-0.0107333333333333
41.44,-2.33211692074917,1.14169892881032,0.07403098,0,0,-0.010626
41.45,-2.33211692074917,1.14169892881032,0.0739252622222222,0,0,-0.0105173333333333
41.46,-2.33211692074917,1.14169892881032,0.0738206377777778,0,0,-0.0104073333333333
41.47,-2.33211692074917,1.14169892881032,0.07371712,0,0,-0.010296
41.48,-2.33211692074917,1.14169892881032,0.0736147222222222,0,0,-0.0101833333333333
41.49,-2.33211692074917,1.14169892881032,0.0735134577777778,0,0,-0.0100693333333333
41.5,-2.33211692074917,1.14169892881032,0.07341334,0,0,-0.009954
41.51,-2.33211692074917,1.14169892881032,0.0733143822222222,0,0,-0.00983733333333334
41.52,-2.33211692074917,1.14169892881032,0.0732165977777778,0,0,-0.00971933333333334
41.53,-2.33211692074917,1.14169892881032,0.07312,0,0,-0.0096
41.54,-2.33211692074917,1.14169892881032,0.0730246022222222,0,0,-0.00947933333333334
41.55,-2.33211692074917,1.14169892881032,0.0729304177777778,0,0,-0.00935733333333334
41.56,-2.33211692074917,1.14169892881032,0.07283746,0,0,-0.00923400000000001
41.57,-2.33211692074917,1.14169892881032,0.0727457422222222,0,0,-0.00910933333333334
41.58,-2.33211692074917,1.14169892881032,0.0726552777777778,0,0,-0.00898333333333333
41.59,-2.33211692074917,1.14169892881032,0.07256608,0,0,-0.008856
41.6,-2.33211692074917,1.14169892881032,0.0724781622222222,0,0,-0.00872733333333334
41.61,-2.33211692074917,1.14169892881032,0.0723915377777778,0,0,-0.00859733333333333
41.62,-2.33211692074917,1.14169892881032,0.07230622,0,0,-0.008466
41.63,-2.33211692074917,1.14169892881032,0.0722222222222222,0,0,-0.00833333333333334
41.64,-2.33211692074917,1.14169892881032,0.0721395577777778,0,0,-0.00819933333333334
41.65,-2.33211692074917,1.14169892881032,0.07205824,0,0,-0.008064
41.66,-2.33211692074917,1.14169892881032,0.0719782822222222,0,0,-0.00792733333333334
41.67,-2.33211692074917,1.14169892881032,0.0718996977777778,0,0,-0.00778933333333334
41.68,-2.33211692074917,1.14169892881032,0.0718225,0,0,-0.00765
41.69,-2.33211692074917,1.14169892881032,0.0717467022222222,0,0,-0.00750933333333333
41.7,-2.33211692074917,1.14169892881032,0.0716723177777778,0,0,-0.00736733333333334
41.71,-2.33211692074917,1.14169892881032,0.07159936,0,0,-0.007224
41.72,-2.33211692074917,1.14169892881032,0.0715278422222222,0,0,-0.00707933333333334
41.73,-2.33211692074917,1.14169892881032,0.0714577777777778,0,0,-0.00693333333333333
41.74,-2.33211692074917,1.14169892881032,0.07138918,0,0,-0.00678600000000001
41.75,-2.33211692074917,1.14169892881032,0.0713220622222222,0,0,-0.00663733333333334
41.76,-2.33211692074917,1.14169892881032,0.0712564377777778,0,0,-0.00648733333333334
41.77,-2.33211692074917,1.14169892881032,0.07119232,0,0,-0.00633600000000001
41.78,-2.33211692074917,1.14169892881032,0.0711297222222222,0,0,-0.00618333333333333
41.79,-2.33211692074917,1.14169892881032,0.0710686577777778,0,0,-0.00602933333333334
41.8,-2.33211692074917,1.14169892881032,0.07100914,0,0,-0.005874
41.81,-2.33211692074917,1.14169892881032,0.0709511822222222,0,0,-0.00571733333333333
41.82,-2.33211692074917,1.14169892881032,0.0708947977777778,0,0,-0.00555933333333334
41.83,-2.33211692074917,1.14169892881032,0.07084,0,0,-0.0054
41.84,-2.33211692074917,1.14169892881032,0.0707868022222222,0,0,-0.00523933333333333
41.85,-2.33211692074917,1.14169892881032,0.0707352177777778,0,0,-0.00507733333333334
41.86,-2.33211692074917,1.14169892881032,0.07068526,0,0,-0.00491400000000001
41.87,-2.33211692074917,1.14169892881032,0.0706369422222222,0,0,-0.00474933333333334
41.88,-2.33211692074917,1.14169892881032,0.0705902777777778,0,0,-0.00458333333333334
41.89,-2.33211692074917,1.14169892881032,0.07054528,0,0,-0.00441600000000001
41.9,-2.33211692074917,1.14169892881032,0.0705019622222222,0,0,-0.00424733333333334
41.91,-2.33211692074917,1.14169892881032,0.0704603377777778,0,0,-0.00407733333333334
41.92,-2.33211692074917,1.14169892881032,0.07042042,0,0,-0.003906
41.93,-2.33211692074917,1.14169892881032,0.0703822222222222,0,0,-0.00373333333333334
41.94,-2.33211692074917,1.14169892881032,0.0703457577777778,0,0,-0.00355933333333333
41.95,-2.33211692074917,1.14169892881032,0.07031104,0,0,-0.00338400000000001
41.96,-2.33211692074917,1.14169892881032,0.0702780822222222,0,0,-0.00320733333333334
41.97,-2.33211692074917,1.14169892881032,0.0702468977777778,0,0,-0.00302933333333334
41.98,-2.33211692074917,1.14169892881032,0.0702175,0,0,-0.00285000000000001
41.99,-2.33211692074917,1.14169892881032,0.0701899022222222,0,0,-0.00266933333333334
42,-2.33211692074917,1.14169892881032,0.0701641177777778,0,0,-0.00248733333333334
42.01,-2.33211692074917,1.14169892881032,0.07014016,0,0,-0.00230400000000001
42.02,-2.33211692074917,1.14169892881032,0.0701180422222222,0,0,-0.00211933333333334
42.03,-2.33211692074917,1.14169892881032,0.0700977777777778,0,0,-0.00193333333333334
42.04,-2.33211692074917,1.14169892881032,0.07007938,0,0,-0.001746
42.05,-2.33211692074917,1.14169892881032,0.0700628622222222,0,0,-0.00155733333333335
42.06,-2.33211692074917,1.14169892881032,0.0700482377777778,0,0,-0.00136733333333334
42.07,-2.33211692074917,1.14169892881032,0.07003552,0,0,-0.001176
42.08,-2.33211692074917,1.14169892881032,0.0700247222222222,0,0,-0.000983333333333336
42.09,-2.33211692074917,1.14169892881032,0.0700158577777778,0,0,-0.000789333333333343
42.1,-2.33211692074917,1.14169892881032,0.07000894,0,0,-0.000593999999999997
42.11,-2.33211692074917,1.14169892881032,0.0700039822222222,0,0,-0.00039733333333334
42.12,-2.33211692074917,1.14169892881032,0.0700009977777778,0,0,-0.000199333333333336
42.13,-2.33211692074917,1.14169892881032,0.07,0,0,0
42.14,-2.33211692074917,1.14169892881032,0.07,0,0,0
42.15,-2.33211692074917,1.14169892881032,0.0700009977777778,0,0,0.000199333333333333
42.16,-2.33211692074917,1.14169892881032,0.0700039822222222,0,0,0.000397333333333333
42.17,-2.33211692074917,1.14169892881032,0.07000894,0,0,0.000594
42.18,-2.33211692074917,1.14169892881032,0.0700158577777778,0,0,0.000789333333333333
42.19,-2.33211692074917,1.14169892881032,0.0700247222222222,0,0,0.000983333333333333
42.2,-2.33211692074917,1.14169892881032,0.07003552,0,0,0.001176
42.21,-2.33211692074917,1.14169892881032,0.0700482377777778,0,0,0.00136733333333333
42.22,-2.33211692074917,1.14169892881032,0.0700628622222222,0,0,0.00155733333333333
42.23,-2.33211692074917,1.14169892881032,0.07007938,0,0,0.001746
42.24,-2.33211692074917,1.14169892881032,0.0700977777777778,0,0,0.00193333333333333
42.25,-2.33211692074917,1.14169892881032,0.0701180422222222,0,0,0.00211933333333333
42.26,-2.33211692074917,1.14169892881032,0.07014016,0,0,0.002304
42.27,-2.33211692074917,1.14169892881032,0.0701641177777778,0,0,0.00248733333333333
42.28,-2.33211692074917,1.14169892881032,0.0701899022222222,0,0,0.00266933333333333
42.29,-2.33211692074917,1.14169892881032,0.0702175,0,0,0.00285
42.3,-2.33211692074917,1.14169892881032,0.0702468977777778,0,0,0.00302933333333333
42.31,-2.33211692074917,1.14169892881032,0.0702780822222222,0,0,0.00320733333333333
42.32,-2.33211692074917,1.14169892881032,0.07031104,0,0,0.003384
42.33,-2.33211692074917,1.14169892881032,0.0703457577777778,0,0,0.00355933333333333
42.34,-2.33211692074917,1.14169892881032,0.0703822222222222,0,0,0.00373333333333333
42.35,-2.33211692074917,1.14169892881032,0.07042042,0,0,0.003906
42.36,-2.33211692074917,1.14169892881032,0.0704603377777778,0,0,0.00407733333333333
42.37,-2.33211692074917,1.14169892881032,0.0705019622222222,0,0,0.00424733333333333
42.38,-2.33211692074917,1.14169892881032,0.07054528,0,0,0.004416
42.39,-2.33211692074917,1.14169892881032,0.0705902777777778,0,0,0.00458333333333333
42.4,-2.33211692074917,1.14169892881032,0.0706369422222222,0,0,0.00474933333333333
42.41,-2.33211692074917,1.14169892881032,0.07068526,0,0,0.004914
42.42,-2.33211692074917,1.14169892881032,0.0707352177777778,0,0,0.00507733333333333
42.43,-2.33211692074917,1.14169892881032,0.0707868022222222,0,0,0.00523933333333333
42.44,-2.33211692074917,1.14169892881032,0.07084,0,0,0.0054
42.45,-2.33211692074917,1.14169892881032,0.0708947977777778,0,0,0.00555933333333333
42.46,-2.33211692074917,1.14169892881032,0.0709511822222222,0,0,0.00571733333333333
42.47,-2.33211692074917,1.14169892881032,0.07100914,0,0,0.005874
42.48,-2.33211692074917,1.14169892881032,0.0710686577777778,0,0,0.00602933333333333
42.49,-2.33211692074917,1.14169892881032,0.0711297222222222,0,0,0.00618333333333333
42.5,-2.33211692074917,1.14169892881032,0.07119232,0,0,0.006336
42.51,-2.33211692074917,1.14169892881032,0.0712564377777778,0,0,0.00648733333333333
42.52,-2.33211692074917,1.14169892881032,0.0713220622222222,0,0,0.00663733333333333
42.53,-2.33211692074917,1.14169892881032,0.07138918,0,0,0.006786
42.54,-2.33211692074917,1.14169892881032,0.0714577777777778,0,0,0.00693333333333333
42.55,-2.33211692074917,1.14169892881032,0.0715278422222222,0,0,0.00707933333333333
42.56,-2.33211692074917,1.14169892881032,0.07159936,0,0,0.007224
42.57,-2.33211692074917,1.14169892881032,0.0716723177777778,0,0,0.00736733333333333
42.58,-2.33211692074917,1.14169892881032,0.0717467022222222,0,0,0.00750933333333333
42.59,-2.33211692074917,1.14169892881032,0.0718225,0,0,0.00765
42.6,-2.33211692074917,1.14169892881032,0.0718996977777778,0,0,0.00778933333333333
42.61,-2.33211692074917,1.14169892881032,0.0719782822222222,0,0,0.00792733333333333
42.62,-2.33211692074917,1.14169892881032,0.07205824,0,0,0.008064
42.63,-2.33211692074917,1.14169892881032,0.0721395577777778,0,0,0.00819933333333333
42.64,-2.33211692074917,1.14169892881032,0.0722222222222222,0,0,0.00833333333333333
42.65,-2.33211692074917,1.14169892881032,0.07230622,0,0,0.008466
42.66,-2.33211692074917,1.14169892881032,0.0723915377777778,0,0,0.00859733333333334
42.67,-2.33211692074917,1.14169892881032,0.0724781622222222,0,0,0.00872733333333333
42.68,-2.33211692074917,1.14169892881032,0.07256608,0,0,0.008856
42.69,-2.33211692074917,1.14169892881032,0.0726552777777778,0,0,0.00898333333333333
42.7,-2.33211692074917,1.14169892881032,0.0727457422222222,0,0,0.00910933333333333
42.71,-2.33211692074917,1.14169892881032,0.07283746,0,0,0.009234
42.72,-2.33211692074917,1.14169892881032,0.0729304177777778,0,0,0.00935733333333333
42.73,-2.33211692074917,1.14169892881032,0.0730246022222222,0,0,0.00947933333333333
42.74,-2.33211692074917,1.14169892881032,0.07312,0,0,0.0096
42.75,-2.33211692074917,1.14169892881032,0.0732165977777778,0,0,0.00971933333333333
42.76,-2.33211692074917,1.14169892881032,0.0733143822222222,0,0,0.00983733333333333
42.77,-2.33211692074917,1.14169892881032,0.07341334,0,0,0.009954
42.78,-2.33211692074917,1.14169892881032,0.0735134577777778,0,0,0.0100693333333333
42.79,-2.33211692074917,1.14169892881032,0.0736147222222222,0,0,0.0101833333333333
42.8,-2.33211692074917,1.14169892881032,0.07371712,0,0,0.010296
42.81,-2.33211692074917,1.14169892881032,0.0738206377777778,0,0,0.0104073333333333
42.82,-2.33211692074917,1.14169892881032,0.0739252622222222,0,0,0.0105173333333333
42.83,-2.33211692074917,1.14169892881032,0.07403098,0,0,0.010626
42.84,-2.33211692074917,1.14169892881032,0.0741377777777778,0,0,0.0107333333333333
42.85,-2.33211692074917,1.14169892881032,0.0742456422222222,0,0,0.0108393333333333
42.86,-2.33211692074917,1.14169892881032,0.07435456,0,0,0.010944
42.87,-2.33211692074917,1.14169892881032,0.0744645177777778,0,0,0.0110473333333333
42.88,-2.33211692074917,1.14169892881032,0.0745755022222222,0,0,0.0111493333333333
42.89,-2.33211692074917,1.14169892881032,0.0746875,0,0,0.01125
42.9,-2.33211692074917,1.14169892881032,0.0748004977777778,0,0,0.0113493333333333
42.91,-2.33211692074917,1.14169892881032,0.0749144822222222,0,0,0.0114473333333333
42.92,-2.33211692074917,1.14169892881032,0.07502944,0,0,0.011544
42.93,-2.33211692074917,1.14169892881032,0.0751453577777778,0,0,0.0116393333333333
42.94,-2.33211692074917,1.14169892881032,0.0752622222222222,0,0,0.0117333333333333
42.95,-2.33211692074917,1.14169892881032,0.07538002,0,0,0.011826
42.96,-2.33211692074917,1.14169892881032,0.0754987377777778,0,0,0.0119173333333333
42.97,-2.33211692074917,1.14169892881032,0.0756183622222222,0,0,0.0120073333333333
42.98,-2.33211692074917,1.14169892881032,0.07573888,0,0,0.012096
42.99,-2.33211692074917,1.14169892881032,0.0758602777777778,0,0,0.0121833333333333
43,-2.33211692074917,1.14169892881032,0.0759825422222222,0,0,0.0122693333333333
43.01,-2.33211692074917,1.14169892881032,0.07610566,0,0,0.012354
43.02,-2.33211692074917,1.14169892881032,0.0762296177777778,0,0,0.0124373333333333
43.03,-2.33211692074917,1.14169892881032,0.0763544022222222,0,0,0.0125193333333333
43.04,-2.33211692074917,1.14169892881032,0.07648,0,0,0.0126
43.05,-2.33211692074917,1.14169892881032,0.0766063977777778,0,0,0.0126793333333333
43.06,-2.33211692074917,1.14169892881032,0.0767335822222222,0,0,0.0127573333333333
43.07,-2.33211692074917,1.14169892881032,0.07686154,0,0,0.012834
43.08,-2.33211692074917,1.14169892881032,0.0769902577777778,0,0,0.0129093333333333
43.09,-2.33211692074917,1.14169892881032,0.0771197222222222,0,0,0.0129833333333333
43.1,-2.33211692074917,1.14169892881032,0.07724992,0,0,0.013056
43.11,-2.33211692074917,1.14169892881032,0.0773808377777778,0,0,0.0131273333333333
43.12,-2.33211692074917,1.14169892881032,0.0775124622222222,0,0,0.0131973333333333
43.13,-2.33211692074917,1.14169892881032,0.07764478,0,0,0.013266
43.14,-2.33211692074917,1.14169892881032,0.0777777777777778,0,0,0.0133333333333333
43.15,-2.33211692074917,1.14169892881032,0.0779114422222222,0,0,0.0133993333333333
43.16,-2.33211692074917,1.14169892881032,0.07804576,0,0,0.013464
43.17,-2.33211692074917,1.14169892881032,0.0781807177777778,0,0,0.0135273333333333
43.18,-2.33211692074917,1.14169892881032,0.0783163022222222,0,0,0.0135893333333333
43.19,-2.33211692074917,1.14169892881032,0.0784525,0,0,0.01365
43.2,-2.33211692074917,1.14169892881032,0.0785892977777778,0,0,0.0137093333333333
43.21,-2.33211692074917,1.14169892881032,0.0787266822222222,0,0,0.0137673333333333
43.22,-2.33211692074917,1.14169892881032,0.07886464,0,0,0.013824
43.23,-2.33211692074917,1.14169892881032,0.0790031577777778,0,0,0.0138793333333333
43.24,-2.33211692074917,1.14169892881032,0.0791422222222222,0,0,0.0139333333333333
43.25,-2.33211692074917,1.14169892881032,0.07928182,0,0,0.013986
43.26,-2.33211692074917,1.14169892881032,0.0794219377777778,0,0,0.0140373333333333
43.27,-2.33211692074917,1.14169892881032,0.0795625622222222,0,0,0.0140873333333333
43.28,-2.33211692074917,1.14169892881032,0.07970368,0,0,0.014136
43.29,-2.33211692074917,1.14169892881032,0.0798452777777778,0,0,0.0141833333333333
43.3,-2.33211692074917,1.14169892881032,0.0799873422222222,0,0,0.0142293333333333
43.31,-2.33211692074917,1.14169892881032,0.08012986,0,0,0.014274
43.32,-2.33211692074917,1.14169892881032,0.0802728177777778,0,0,0.0143173333333333
43.33,-2.33211692074917,1.14169892881032,0.0804162022222222,0,0,0.0143593333333333
43.34,-2.33211692074917,1.14169892881032,0.08056,0,0,0.0144
43.35,-2.33211692074917,1.14169892881032,0.0807041977777778,0,0,0.0144393333333333
43.36,-2.33211692074917,1.14169892881032,0.0808487822222222,0,0,0.0144773333333333
43.37,-2.33211692074917,1.14169892881032,0.08099374,0,0,0.014514
43.38,-2.33211692074917,1.14169892881032,0.0811390577777778,0,0,0.0145493333333333
43.39,-2.33211692074917,1.14169892881032,0.0812847222222222,0,0,0.0145833333333333
43.4,-2.33211692074917,1.14169892881032,0.08143072,0,0,0.014616
43.41,-2.33211692074917,1.14169892881032,0.0815770377777778,0,0,0.0146473333333333
43.42,-2.33211692074917,1.14169892881032,0.0817236622222222,0,0,0.0146773333333333
43.43,-2.33211692074917,1.14169892881032,0.08187058,0,0,0.014706
43.44,-2.33211692074917,1.14169892881032,0.0820177777777778,0,0,0.0147333333333333
43.45,-2.33211692074917,1.14169892881032,0.0821652422222222,0,0,0.0147593333333333
43.46,-2.33211692074917,1.14169892881032,0.08231296,0,0,0.014784
43.47,-2.33211692074917,1.14169892881032,0.0824609177777778,0,0,0.0148073333333333
43.48,-2.33211692074917,1.14169892881032,0.0826091022222222,0,0,0.0148293333333333
43.49,-2.33211692074917,1.14169892881032,0.0827575,0,0,0.01485
43.5,-2.33211692074917,1.14169892881032,0.0829060977777778,0,0,0.0148693333333333
43.51,-2.33211692074917,1.14169892881032,0.0830548822222222,0,0,0.0148873333333333
43.52,-2.33211692074917,1.14169892881032,0.08320384,0,0,0.014904
43.53,-2.33211692074917,1.14169892881032,0.0833529577777778,0,0,0.0149193333333333
43.54,-2.33211692074917,1.14169892881032,0.0835022222222222,0,0,0.0149333333333333
43.55,-2.33211692074917,1.14169892881032,0.08365162,0,0,0.014946
43.56,-2.33211692074917,1.14169892881032,0.0838011377777778,0,0,0.0149573333333333
43.57,-2.33211692074917,1.14169892881032,0.0839507622222222,0,0,0.0149673333333333
43.58,-2.33211692074917,1.14169892881032,0.08410048,0,0,0.014976
43.59,-2.33211692074917,1.14169892881032,0.0842502777777778,0,0,0.0149833333333333
43.6,-2.33211692074917,1.14169892881032,0.0844001422222222,0,0,0.0149893333333333
43.61,-2.33211692074917,1.14169892881032,0.08455006,0,0,0.014994
43.62,-2.33211692074917,1.14169892881032,0.0847000177777778,0,0,0.0149973333333333
43.63,-2.33211692074917,1.14169892881032,0.0848500022222222,0,0,0.0149993333333333
43.64,-2.33211692074917,1.14169892881032,0.085,0,0,0.015
43.65,-2.33211692074917,1.14169892881032,0.0851499977777778,0,0,0.0149993333333333
43.66,-2.33211692074917,1.14169892881032,0.0852999822222222,0,0,0.0149973333333333
43.67,-2.33211692074917,1.14169892881032,0.08544994,0,0,0.014994
43.68,-2.33211692074917,1.14169892881032,0.0855998577777778,0,0,0.0149893333333333
43.69,-2.33211692074917,1.14169892881032,0.0857497222222222,0,0,0.0149833333333333
43.7,-2.33211692074917,1.14169892881032,0.08589952,0,0,0.014976
43.71,-2.33211692074917,1.14169892881032,0.0860492377777778,0,0,0.0149673333333333
43.72,-2.33211692074917,1.14169892881032,0.0861988622222222,0,0,0.0149573333333333
43.73,-2.33211692074917,1.14169892881032,0.08634838,0,0,0.014946
43.74,-2.33211692074917,1.14169892881032,0.0864977777777778,0,0,0.0149333333333333
43.75,-2.33211692074917,1.14169892881032,0.0866470422222222,0,0,0.0149193333333333
43.76,-2.33211692074917,1.14169892881032,0.08679616,0,0,0.014904
43.77,-2.33211692074917,1.14169892881032,0.0869451177777778,0,0,0.0148873333333333
43.78,-2.33211692074917,1.14169892881032,0.0870939022222222,0,0,0.0148693333333333
43.79,-2.33211692074917,1.14169892881032,0.0872425,0,0,0.01485
43.8,-2.33211692074917,1.14169892881032,0.0873908977777778,0,0,0.0148293333333333
43.81,-2.33211692074917,1.14169892881032,0.0875390822222222,0,0,0.0148073333333333
43.82,-2.33211692074917,1.14169892881032,0.08768704,0,0,0.014784
43.83,-2.33211692074917,1.14169892881032,0.0878347577777778,0,0,0.0147593333333333
43.84,-2.33211692074917,1.14169892881032,0.0879822222222222,0,0,0.0147333333333333
43.85,-2.33211692074917,1.14169892881032,0.08812942,0,0,0.014706
43.86,-2.33211692074917,1.14169892881032,0.0882763377777778,0,0,0.0146773333333333
43.87,-2.33211692074917,1.14169892881032,0.0884229622222222,0,0,0.0146473333333333
43.88,-2.33211692074917,1.14169892881032,0.08856928,0,0,0.014616
43.89,-2.33211692074917,1.14169892881032,0.0887152777777778,0,0,0.0145833333333333
43.9,-2.33211692074917,1.14169892881032,0.0888609422222222,0,0,0.0145493333333333
43.91,-2.33211692074917,1.14169892881032,0.08900626,0,0,0.014514
43.92,-2.33211692074917,1.14169892881032,0.0891512177777778,0,0,0.0144773333333333
43.93,-2.33211692074917,1.14169892881032,0.0892958022222222,0,0,0.0144393333333333
43.94,-2.33211692074917,1.14169892881032,0.08944,0,0,0.0144
43.95,-2.33211692074917,1.14169892881032,0.0895837977777778,0,0,0.0143593333333333
43.96,-2.33211692074917,1.14169892881032,0.0897271822222222,0,0,0.0143173333333333
43.97,-2.33211692074917,1.14169892881032,0.08987014,0,0,0.014274
43.98,-2.33211692074917,1.14169892881032,0.0900126577777778,0,0,0.0142293333333333
43.99,-2.33211692074917,1.14169892881032,0.0901547222222222,0,0,0.0141833333333333
44,-2.33211692074917,1.14169892881032,0.09029632,0,0,0.014136
44.01,-2.33211692074917,1.14169892881032,0.0904374377777778,0,0,0.0140873333333333
44.02,-2.33211692074917,1.14169892881032,0.0905780622222222,0,0,0.0140373333333333
44.03,-2.33211692074917,1.14169892881032,0.09071818,0,0,0.013986
44.04,-2.33211692074917,1.14169892881032,0.0908577777777778,0,0,0.0139333333333333
44.05,-2.33211692074917,1.14169892881032,0.0909968422222222,0,0,0.0138793333333333
44.06,-2.33211692074917,1.14169892881032,0.09113536,0,0,0.013824
44.07,-2.33211692074917,1.14169892881032,0.0912733177777778,0,0,0.0137673333333333
44.08,-2.33211692074917,1.14169892881032,0.0914107022222222,0,0,0.0137093333333333
44.09,-2.33211692074917,1.14169892881032,0.0915475,0,0,0.01365
44.1,-2.33211692074917,1.14169892881032,0.0916836977777778,0,0,0.0135893333333333
44.11,-2.33211692074917,1.14169892881032,0.0918192822222222,0,0,0.0135273333333333
44.12,-2.33211692074917,1.14169892881032,0.09195424,0,0,0.013464
44.13,-2.33211692074917,1.14169892881032,0.0920885577777778,0,0,0.0133993333333333
44.14,-2.33211692074917,1.14169892881032,0.0922222222222222,0,0,0.0133333333333333
44.15,-2.33211692074917,1.14169892881032,0.09235522,0,0,0.013266
44.16,-2.33211692074917,1.14169892881032,0.0924875377777778,0,0,0.0131973333333333
44.17,-2.33211692074917,1.14169892881032,0.0926191622222222,0,0,0.0131273333333333
44.18,-2.33211692074917,1.14169892881032,0.09275008,0,0,0.013056
44.19,-2.33211692074917,1.14169892881032,0.0928802777777778,0,0,0.0129833333333333
44.2,-2.33211692074917,1.14169892881032,0.0930097422222222,0,0,0.0129093333333333
44.21,-2.33211692074917,1.14169892881032,0.09313846,0,0,0.012834
44.22,-2.33211692074917,1.14169892881032,0.0932664177777778,0,0,0.0127573333333333
44.23,-2.33211692074917,1.14169892881032,0.0933936022222222,0,0,0.0126793333333333
44.24,-2.33211692074917,1.14169892881032,0.09352,0,0,0.0126
44.25,-2.33211692074917,1.14169892881032,0.0936455977777778,0,0,0.0125193333333333
44.26,-2.33211692074917,1.14169892881032,0.0937703822222222,0,0,0.0124373333333333
44.27,-2.33211692074917,1.14169892881032,0.09389434,0,0,0.012354
44.28,-2.33211692074917,1.14169892881032,0.0940174577777778,0,0,0.0122693333333333
44.29,-2.33211692074917,1.14169892881032,0.0941397222222222,0,0,0.0121833333333333
44.3,-2.33211692074917,1.14169892881032,0.09426112,0,0,0.012096
44.31,-2.33211692074917,1.14169892881032,0.0943816377777778,0,0,0.0120073333333333
44.32,-2.33211692074917,1.14169892881032,0.0945012622222222,0,0,0.0119173333333333
44.33,-2.33211692074917,1.14169892881032,0.09461998,0,0,0.011826
44.34,-2.33211692074917,1.14169892881032,0.0947377777777778,0,0,0.0117333333333333
44.35,-2.33211692074917,1.14169892881032,0.0948546422222222,0,0,0.0116393333333333
44.36,-2.33211692074917,1.14169892881032,0.09497056,0,0,0.011544
44.37,-2.33211692074917,1.14169892881032,0.0950855177777778,0,0,0.0114473333333333
44.38,-2.33211692074917,1.14169892881032,0.0951995022222222,0,0,0.0113493333333333
44.39,-2.33211692074917,1.14169892881032,0.0953125,0,0,0.01125
44.4,-2.33211692074917,1.14169892881032,0.0954244977777778,0,0,0.0111493333333333
44.41,-2.33211692074917,1.14169892881032,0.0955354822222222,0,0,0.0110473333333333
44.42,-2.33211692074917,1.14169892881032,0.09564544,0,0,0.010944
44.43,-2.33211692074917,1.14169892881032,0.0957543577777778,0,0,0.0108393333333333
44.44,-2.33211692074917,1.14169892881032,0.0958622222222222,0,0,0.0107333333333333
44.45,-2.33211692074917,1.14169892881032,0.09596902,0,0,0.010626
44.46,-2.33211692074917,1.14169892881032,0.0960747377777778,0,0,0.0105173333333333
44.47,-2.33211692074917,1.14169892881032,0.0961793622222222,0,0,0.0104073333333333
44.48,-2.33211692074917,1.14169892881032,0.09628288,0,0,0.010296
44.49,-2.33211692074917,1.14169892881032,0.0963852777777778,0,0,0.0101833333333333
44.5,-2.33211692074917,1.14169892881032,0.0964865422222222,0,0,0.0100693333333333
44.51,-2.33211692074917,1.14169892881032,0.09658666,0,0,0.009954
44.52,-2.33211692074917,1.14169892881032,0.0966856177777778,0,0,0.00983733333333334
44.53,-2.33211692074917,1.14169892881032,0.0967834022222222,0,0,0.00971933333333334
44.54,-2.33211692074917,1.14169892881032,0.09688,0,0,0.0096
44.55,-2.33211692074917,1.14169892881032,0.0969753977777778,0,0,0.00947933333333334
44.56,-2.33211692074917,1.14169892881032,0.0970695822222222,0,0,0.00935733333333334
44.57,-2.33211692074917,1.14169892881032,0.09716254,0,0,0.00923400000000001
44.58,-2.33211692074917,1.14169892881032,0.0972542577777778,0,0,0.00910933333333334
44.59,-2.33211692074917,1.14169892881032,0.0973447222222222,0,0,0.00898333333333333
44.6,-2.33211692074917,1.14169892881032,0.09743392,0,0,0.008856
44.61,-2.33211692074917,1.14169892881032,0.0975218377777778,0,0,0.00872733333333334
44.62,-2.33211692074917,1.14169892881032,0.0976084622222222,0,0,0.00859733333333333
44.63,-2.33211692074917,1.14169892881032,0.09769378,0,0,0.008466
44.64,-2.33211692074917,1.14169892881032,0.0977777777777778,0,0,0.00833333333333334
44.65,-2.33211692074917,1.14169892881032,0.0978604422222222,0,0,0.00819933333333334
44.66,-2.33211692074917,1.14169892881032,0.09794176,0,0,0.008064
44.67,-2.33211692074917,1.14169892881032,0.0980217177777778,0,0,0.00792733333333334
44.68,-2.33211692074917,1.14169892881032,0.0981003022222222,0,0,0.00778933333333334
44.69,-2.33211692074917,1.14169892881032,0.0981775,0,0,0.00765
44.7,-2.33211692074917,1.14169892881032,0.0982532977777778,0,0,0.00750933333333333
44.71,-2.33211692074917,1.14169892881032,0.0983276822222222,0,0,0.00736733333333334
44.72,-2.33211692074917,1.14169892881032,0.09840064,0,0,0.007224
44.73,-2.33211692074917,1.14169892881032,0.0984721577777778,0,0,0.00707933333333334
44.74,-2.33211692074917,1.14169892881032,0.0985422222222222,0,0,0.00693333333333333
44.75,-2.33211692074917,1.14169892881032,0.09861082,0,0,0.00678600000000001
44.76,-2.33211692074917,1.14169892881032,0.0986779377777778,0,0,0.00663733333333334
44.77,-2.33211692074917,1.14169892881032,0.0987435622222222,0,0,0.00648733333333334
44.78,-2.33211692074917,1.14169892881032,0.09880768,0,0,0.00633600000000001
44.79,-2.33211692074917,1.14169892881032,0.0988702777777778,0,0,0.00618333333333333
44.8,-2.33211692074917,1.14169892881032,0.0989313422222222,0,0,0.00602933333333334
44.81,-2.33211692074917,1.14169892881032,0.09899086,0,0,0.005874
44.82,-2.33211692074917,1.14169892881032,0.0990488177777778,0,0,0.00571733333333333
44.83,-2.33211692074917,1.14169892881032,0.0991052022222222,0,0,0.00555933333333334
44.84,-2.33211692074917,1.14169892881032,0.09916,0,0,0.0054
44.85,-2.33211692074917,1.14169892881032,0.0992131977777778,0,0,0.00523933333333333
44.86,-2.33211692074917,1.14169892881032,0.0992647822222222,0,0,0.00507733333333334
44.87,-2.33211692074917,1.14169892881032,0.09931474,0,0,0.00491400000000001
44.88,-2.33211692074917,1.14169892881032,0.0993630577777778,0,0,0.00474933333333334
44.89,-2.33211692074917,1.14169892881032,0.0994097222222222,0,0,0.00458333333333334
44.9,-2.33211692074917,1.14169892881032,0.09945472,0,0,0.00441600000000001
44.91,-2.33211692074917,1.14169892881032,0.0994980377777778,0,0,0.00424733333333334
44.92,-2.33211692074917,1.14169892881032,0.0995396622222222,0,0,0.00407733333333334
44.93,-2.33211692074917,1.14169892881032,0.09957958,0,0,0.003906
44.94,-2.33211692074917,1.14169892881032,0.0996177777777778,0,0,0.00373333333333334
44.95,-2.33211692074917,1.14169892881032,0.0996542422222222,0,0,0.00355933333333333
44.96,-2.33211692074917,1.14169892881032,0.09968896,0,0,0.00338400000000001
44.97,-2.33211692074917,1.14169892881032,0.0997219177777778,0,0,0.00320733333333334
44.98,-2.33211692074917,1.14169892881032,0.0997531022222222,0,0,0.00302933333333334
44.99,-2.33211692074917,1.14169892881032,0.0997825,0,0,0.00285000000000001
45,-2.33211692074917,1.14169892881032,0.0998100977777778,0,0,0.00266933333333334
45.01,-2.33211692074917,1.14169892881032,0.0998358822222223,0,0,0.00248733333333334
45.02,-2.33211692074917,1.14169892881032,0.09985984,0,0,0.00230400000000001
45.03,-2.33211692074917,1.14169892881032,0.0998819577777778,0,0,0.00211933333333334
45.04,-2.33211692074917,1.14169892881032,0.0999022222222223,0,0,0.00193333333333334
45.05,-2.33211692074917,1.14169892881032,0.09992062,0,0,0.001746
45.06,-2.33211692074917,1.14169892881032,0.0999371377777778,0,0,0.00155733333333335
45.07,-2.33211692074917,1.14169892881032,0.0999517622222222,0,0,0.00136733333333334
45.08,-2.33211692074917,1.14169892881032,0.09996448,0,0,0.001176
45.09,-2.33211692074917,1.14169892881032,0.0999752777777778,0,0,0.000983333333333336
45.1,-2.33211692074917,1.14169892881032,0.0999841422222222,0,0,0.000789333333333343
45.11,-2.33211692074917,1.14169892881032,0.09999106,0,0,0.000593999999999997
45.12,-2.33211692074917,1.14169892881032,0.0999960177777778,0,0,0.00039733333333334
45.13,-2.33211692074917,1.14169892881032,0.0999990022222222,0,0,0.000199333333333336
45.14,-2.33211692074917,1.14169892881032,0.1,0,0,0
